{"type": "FeatureCollection", "features": [{"type": "Feature", "properties": {"fid": 1, "DN": 1, "Keterangan": "Rendah"}, "geometry": {"type": "Polygon", "coordinates": [[[109.64455040021129, -7.257358756337117], [109.64455040021129, -7.257897743042112], [109.64401141350629, -7.257897743042112], [109.64401141350629, -7.258167236394609], [109.64374192015379, -7.258167236394609], [109.64374192015379, -7.258436729747107], [109.64320293344879, -7.258436729747107], [109.64320293344879, -7.258706223099604], [109.6429334400963, -7.258706223099604], [109.6429334400963, -7.258975716452102], [109.6426639467438, -7.258975716452102], [109.6426639467438, -7.259245209804599], [109.6423944533913, -7.259245209804599], [109.6423944533913, -7.259514703157095], [109.64131647998131, -7.259514703157095], [109.64131647998131, -7.259784196509593], [109.64077749327632, -7.259784196509593], [109.64077749327632, -7.26005368986209], [109.64023850657132, -7.26005368986209], [109.64023850657132, -7.260592676567085], [109.64077749327632, -7.260592676567085], [109.64077749327632, -7.260323183214588], [109.6415859733338, -7.260323183214588], [109.6415859733338, -7.26005368986209], [109.6426639467438, -7.26005368986209], [109.6426639467438, -7.259784196509593], [109.6429334400963, -7.259784196509593], [109.6429334400963, -7.26005368986209], [109.64320293344879, -7.26005368986209], [109.64320293344879, -7.26113166327208], [109.6429334400963, -7.26113166327208], [109.6429334400963, -7.261401156624577], [109.6426639467438, -7.261401156624577], [109.6426639467438, -7.261670649977074], [109.6423944533913, -7.261670649977074], [109.6423944533913, -7.261940143329571], [109.6421249600388, -7.261940143329571], [109.6421249600388, -7.262209636682069], [109.6415859733338, -7.262209636682069], [109.6415859733338, -7.262479130034566], [109.6429334400963, -7.262479130034566], [109.6429334400963, -7.262209636682069], [109.6434724268013, -7.262209636682069], [109.6434724268013, -7.261940143329571], [109.64374192015379, -7.261940143329571], [109.64374192015379, -7.261401156624577], [109.64401141350629, -7.261401156624577], [109.64401141350629, -7.260862169919582], [109.64428090685878, -7.260862169919582], [109.64428090685878, -7.26005368986209], [109.64455040021129, -7.26005368986209], [109.64455040021129, -7.259784196509593], [109.64481989356378, -7.259784196509593], [109.64481989356378, -7.259514703157095], [109.64508938691628, -7.259514703157095], [109.64508938691628, -7.259245209804599], [109.64535888026877, -7.259245209804599], [109.64535888026877, -7.258975716452102], [109.64562837362126, -7.258975716452102], [109.64562837362126, -7.257897743042112], [109.64535888026877, -7.257897743042112], [109.64535888026877, -7.257628249689614], [109.64481989356378, -7.257628249689614], [109.64481989356378, -7.257358756337117], [109.64455040021129, -7.257358756337117]]]}}, {"type": "Feature", "properties": {"fid": 2, "DN": 1, "Keterangan": "Rendah"}, "geometry": {"type": "Polygon", "coordinates": [[[109.64131647998131, -7.262479130034566], [109.64131647998131, -7.262748623387063], [109.6415859733338, -7.262748623387063], [109.6415859733338, -7.262479130034566], [109.64131647998131, -7.262479130034566]]]}}, {"type": "Feature", "properties": {"fid": 3, "DN": 1, "Keterangan": "Rendah"}, "geometry": {"type": "Polygon", "coordinates": [[[109.64077749327632, -7.262748623387063], [109.64077749327632, -7.263018116739561], [109.64104698662882, -7.263018116739561], [109.64104698662882, -7.262748623387063], [109.64077749327632, -7.262748623387063]]]}}, {"type": "Feature", "properties": {"fid": 4, "DN": 1, "Keterangan": "Rendah"}, "geometry": {"type": "Polygon", "coordinates": [[[109.64050799992383, -7.263018116739561], [109.64050799992383, -7.263287610092058], [109.64077749327632, -7.263287610092058], [109.64077749327632, -7.263018116739561], [109.64050799992383, -7.263018116739561]]]}}, {"type": "Feature", "properties": {"fid": 5, "DN": 2, "Keterangan": "Sedang"}, "geometry": {"type": "Polygon", "coordinates": [[[109.6426639467438, -7.259784196509593], [109.6426639467438, -7.26005368986209], [109.6415859733338, -7.26005368986209], [109.6415859733338, -7.260323183214588], [109.64077749327632, -7.260323183214588], [109.64077749327632, -7.260592676567085], [109.63996901321883, -7.260592676567085], [109.63996901321883, -7.260862169919582], [109.63969951986633, -7.260862169919582], [109.63969951986633, -7.26113166327208], [109.63943002651384, -7.26113166327208], [109.63943002651384, -7.261401156624577], [109.63916053316133, -7.261401156624577], [109.63916053316133, -7.261670649977074], [109.63889103980884, -7.261670649977074], [109.63889103980884, -7.261940143329571], [109.63862154645633, -7.261940143329571], [109.63862154645633, -7.262209636682069], [109.63835205310384, -7.262209636682069], [109.63835205310384, -7.262479130034566], [109.63808255975134, -7.262479130034566], [109.63808255975134, -7.263018116739561], [109.63781306639885, -7.263018116739561], [109.63781306639885, -7.263826596797053], [109.63969951986633, -7.263826596797053], [109.63969951986633, -7.263557103444556], [109.63996901321883, -7.263557103444556], [109.63996901321883, -7.263287610092058], [109.64050799992383, -7.263287610092058], [109.64050799992383, -7.263018116739561], [109.64077749327632, -7.263018116739561], [109.64077749327632, -7.262748623387063], [109.64131647998131, -7.262748623387063], [109.64131647998131, -7.262479130034566], [109.6415859733338, -7.262479130034566], [109.6415859733338, -7.262209636682069], [109.6421249600388, -7.262209636682069], [109.6421249600388, -7.261940143329571], [109.6423944533913, -7.261940143329571], [109.6423944533913, -7.261670649977074], [109.6426639467438, -7.261670649977074], [109.6426639467438, -7.261401156624577], [109.6429334400963, -7.261401156624577], [109.6429334400963, -7.26113166327208], [109.64320293344879, -7.26113166327208], [109.64320293344879, -7.26005368986209], [109.6429334400963, -7.26005368986209], [109.6429334400963, -7.259784196509593], [109.6426639467438, -7.259784196509593]]]}}, {"type": "Feature", "properties": {"fid": 6, "DN": 2, "Keterangan": "Sedang"}, "geometry": {"type": "Polygon", "coordinates": [[[109.64805381379375, -7.307484519901616], [109.64805381379375, -7.307754013254113], [109.64778432044125, -7.307754013254113], [109.64778432044125, -7.30802350660661], [109.64751482708876, -7.30802350660661], [109.64751482708876, -7.308292999959108], [109.64724533373625, -7.308292999959108], [109.64724533373625, -7.308831986664103], [109.64697584038376, -7.308831986664103], [109.64697584038376, -7.3091014800166], [109.64670634703126, -7.3091014800166], [109.64670634703126, -7.309640466721595], [109.64643685367876, -7.309640466721595], [109.64643685367876, -7.309909960074092], [109.64589786697377, -7.309909960074092], [109.64589786697377, -7.310179453426589], [109.64320293344879, -7.310179453426589], [109.64320293344879, -7.310718440131584], [109.6429334400963, -7.310718440131584], [109.6429334400963, -7.311526920189076], [109.64320293344879, -7.311526920189076], [109.64320293344879, -7.312604893599065], [109.6434724268013, -7.312604893599065], [109.6434724268013, -7.313413373656557], [109.64374192015379, -7.313413373656557], [109.64374192015379, -7.313952360361552], [109.64401141350629, -7.313952360361552], [109.64401141350629, -7.314491347066546], [109.64428090685878, -7.314491347066546], [109.64428090685878, -7.314760840419043], [109.64455040021129, -7.314760840419043], [109.64455040021129, -7.31503033377154], [109.64535888026877, -7.31503033377154], [109.64535888026877, -7.314760840419043], [109.64562837362126, -7.314760840419043], [109.64562837362126, -7.313952360361552], [109.64589786697377, -7.313952360361552], [109.64589786697377, -7.313682867009054], [109.64616736032626, -7.313682867009054], [109.64616736032626, -7.313413373656557], [109.64643685367876, -7.313413373656557], [109.64643685367876, -7.313143880304059], [109.64670634703126, -7.313143880304059], [109.64670634703126, -7.312874386951562], [109.64697584038376, -7.312874386951562], [109.64697584038376, -7.312604893599065], [109.64805381379375, -7.312604893599065], [109.64805381379375, -7.312335400246567], [109.64832330714624, -7.312335400246567], [109.64832330714624, -7.312065906894071], [109.64859280049875, -7.312065906894071], [109.64859280049875, -7.311526920189076], [109.64886229385124, -7.311526920189076], [109.64886229385124, -7.311257426836578], [109.64913178720373, -7.311257426836578], [109.64913178720373, -7.30802350660661], [109.64940128055623, -7.30802350660661], [109.64940128055623, -7.307754013254113], [109.64886229385124, -7.307754013254113], [109.64886229385124, -7.307484519901616], [109.64805381379375, -7.307484519901616]]]}}, {"type": "Feature", "properties": {"fid": 7, "DN": 1, "Keterangan": "Rendah"}, "geometry": {"type": "Polygon", "coordinates": [[[109.64535888026877, -7.314760840419043], [109.64535888026877, -7.31503033377154], [109.64562837362126, -7.31503033377154], [109.64562837362126, -7.314760840419043], [109.64535888026877, -7.314760840419043]]]}}, {"type": "Feature", "properties": {"fid": 8, "DN": 1, "Keterangan": "Rendah"}, "geometry": {"type": "Polygon", "coordinates": [[[109.72701536607546, -7.320420200821487], [109.72701536607546, -7.320689694173984], [109.72836283283795, -7.320689694173984], [109.72836283283795, -7.320420200821487], [109.72701536607546, -7.320420200821487]]]}}, {"type": "Feature", "properties": {"fid": 9, "DN": 1, "Keterangan": "Rendah"}, "geometry": {"type": "Polygon", "coordinates": [[[109.72647637937047, -7.320689694173984], [109.72647637937047, -7.320959187526482], [109.72701536607546, -7.320959187526482], [109.72701536607546, -7.320689694173984], [109.72647637937047, -7.320689694173984]]]}}, {"type": "Feature", "properties": {"fid": 10, "DN": 1, "Keterangan": "Rendah"}, "geometry": {"type": "Polygon", "coordinates": [[[109.72890181954294, -7.320959187526482], [109.72890181954294, -7.321228680878979], [109.72917131289543, -7.321228680878979], [109.72917131289543, -7.320959187526482], [109.72890181954294, -7.320959187526482]]]}}, {"type": "Feature", "properties": {"fid": 11, "DN": 1, "Keterangan": "Rendah"}, "geometry": {"type": "Polygon", "coordinates": [[[109.72917131289543, -7.321228680878979], [109.72917131289543, -7.321498174231476], [109.72944080624794, -7.321498174231476], [109.72944080624794, -7.321228680878979], [109.72917131289543, -7.321228680878979]]]}}, {"type": "Feature", "properties": {"fid": 12, "DN": 1, "Keterangan": "Rendah"}, "geometry": {"type": "Polygon", "coordinates": [[[109.72944080624794, -7.321498174231476], [109.72944080624794, -7.321767667583973], [109.72971029960043, -7.321767667583973], [109.72971029960043, -7.321498174231476], [109.72944080624794, -7.321498174231476]]]}}, {"type": "Feature", "properties": {"fid": 13, "DN": 2, "Keterangan": "Sedang"}, "geometry": {"type": "Polygon", "coordinates": [[[109.72620688601796, -7.319611720763994], [109.72620688601796, -7.319881214116492], [109.72539840596048, -7.319881214116492], [109.72539840596048, -7.320150707468989], [109.72485941925548, -7.320150707468989], [109.72485941925548, -7.320420200821487], [109.72458992590298, -7.320420200821487], [109.72458992590298, -7.321228680878979], [109.72566789931297, -7.321228680878979], [109.72566789931297, -7.320959187526482], [109.72647637937047, -7.320959187526482], [109.72647637937047, -7.320689694173984], [109.72701536607546, -7.320689694173984], [109.72701536607546, -7.320420200821487], [109.72836283283795, -7.320420200821487], [109.72836283283795, -7.320689694173984], [109.72863232619044, -7.320689694173984], [109.72863232619044, -7.320959187526482], [109.72917131289543, -7.320959187526482], [109.72917131289543, -7.321228680878979], [109.72944080624794, -7.321228680878979], [109.72944080624794, -7.321498174231476], [109.72971029960043, -7.321498174231476], [109.72971029960043, -7.321767667583973], [109.73024928630542, -7.321767667583973], [109.73024928630542, -7.32203716093647], [109.73051877965793, -7.32203716093647], [109.73051877965793, -7.321498174231476], [109.73024928630542, -7.321498174231476], [109.73024928630542, -7.321228680878979], [109.72997979295293, -7.321228680878979], [109.72997979295293, -7.320689694173984], [109.72917131289543, -7.320689694173984], [109.72917131289543, -7.320420200821487], [109.72863232619044, -7.320420200821487], [109.72863232619044, -7.319881214116492], [109.72782384613295, -7.319881214116492], [109.72782384613295, -7.319611720763994], [109.72620688601796, -7.319611720763994]]]}}, {"type": "Feature", "properties": {"fid": 14, "DN": 1, "Keterangan": "Rendah"}, "geometry": {"type": "Polygon", "coordinates": [[[109.87739265676895, -7.192949845090261], [109.87739265676895, -7.193219338442759], [109.87712316341646, -7.193219338442759], [109.87712316341646, -7.193488831795256], [109.87577569665397, -7.193488831795256], [109.87577569665397, -7.193758325147753], [109.87550620330147, -7.193758325147753], [109.87550620330147, -7.194027818500251], [109.87335025648149, -7.194027818500251], [109.87335025648149, -7.194297311852748], [109.873080763129, -7.194297311852748], [109.873080763129, -7.194836298557743], [109.87038582960402, -7.194836298557743], [109.87038582960402, -7.194566805205246], [109.86849937613654, -7.194566805205246], [109.86849937613654, -7.194836298557743], [109.86822988278405, -7.194836298557743], [109.86822988278405, -7.195105791910239], [109.86769089607905, -7.195105791910239], [109.86769089607905, -7.195375285262737], [109.86742140272655, -7.195375285262737], [109.86742140272655, -7.195644778615234], [109.86634342931656, -7.195644778615234], [109.86634342931656, -7.195914271967732], [109.86607393596407, -7.195914271967732], [109.86607393596407, -7.196183765320229], [109.86499596255408, -7.196183765320229], [109.86499596255408, -7.196453258672727], [109.86472646920159, -7.196453258672727], [109.86472646920159, -7.196722752025224], [109.86445697584908, -7.196722752025224], [109.86445697584908, -7.196992245377721], [109.86418748249659, -7.196992245377721], [109.86418748249659, -7.197531232082715], [109.86391798914408, -7.197531232082715], [109.86391798914408, -7.197800725435213], [109.8636484957916, -7.197800725435213], [109.8636484957916, -7.19807021878771], [109.8625705223816, -7.19807021878771], [109.8625705223816, -7.197800725435213], [109.86176204232412, -7.197800725435213], [109.86176204232412, -7.19807021878771], [109.86149254897161, -7.19807021878771], [109.86149254897161, -7.198339712140208], [109.86095356226662, -7.198339712140208], [109.86095356226662, -7.198609205492705], [109.86014508220913, -7.198609205492705], [109.86014508220913, -7.1991481921977], [109.85987558885662, -7.1991481921977], [109.85987558885662, -7.199687178902694], [109.85960609550413, -7.199687178902694], [109.85960609550413, -7.200226165607689], [109.85879761544663, -7.200226165607689], [109.85879761544663, -7.201843125722672], [109.85852812209414, -7.201843125722672], [109.85852812209414, -7.202112619075169], [109.85825862874164, -7.202112619075169], [109.85825862874164, -7.202921099132662], [109.85798913538915, -7.202921099132662], [109.85798913538915, -7.203729579190154], [109.85771964203666, -7.203729579190154], [109.85771964203666, -7.203999072542651], [109.85745014868415, -7.203999072542651], [109.85745014868415, -7.206694006067624], [109.85771964203666, -7.206694006067624], [109.85771964203666, -7.206963499420121], [109.85798913538915, -7.206963499420121], [109.85798913538915, -7.209658432945094], [109.85771964203666, -7.209658432945094], [109.85771964203666, -7.210197419650089], [109.85745014868415, -7.210197419650089], [109.85745014868415, -7.210466913002587], [109.85718065533166, -7.210466913002587], [109.85718065533166, -7.210736406355084], [109.85691116197916, -7.210736406355084], [109.85691116197916, -7.211814379765073], [109.85664166862666, -7.211814379765073], [109.85664166862666, -7.21208387311757], [109.85637217527416, -7.21208387311757], [109.85637217527416, -7.214239819937548], [109.85610268192167, -7.214239819937548], [109.85610268192167, -7.214509313290046], [109.85583318856916, -7.214509313290046], [109.85583318856916, -7.214778806642543], [109.85556369521667, -7.214778806642543], [109.85556369521667, -7.216126273405029], [109.85529420186417, -7.216126273405029], [109.85529420186417, -7.216395766757527], [109.85502470851168, -7.216395766757527], [109.85502470851168, -7.216665260110024], [109.85475521515917, -7.216665260110024], [109.85475521515917, -7.218282220225008], [109.85448572180668, -7.218282220225008], [109.85448572180668, -7.218551713577505], [109.85421622845419, -7.218551713577505], [109.85421622845419, -7.219360193634997], [109.85394673510169, -7.219360193634997], [109.85394673510169, -7.219899180339992], [109.8536772417492, -7.219899180339992], [109.8536772417492, -7.220168673692489], [109.85340774839669, -7.220168673692489], [109.85340774839669, -7.220438167044986], [109.8531382550442, -7.220438167044986], [109.8531382550442, -7.221516140454976], [109.8528687616917, -7.221516140454976], [109.8528687616917, -7.221785633807473], [109.8525992683392, -7.221785633807473], [109.8525992683392, -7.222055127159971], [109.85206028163421, -7.222055127159971], [109.85206028163421, -7.222324620512468], [109.8517907882817, -7.222324620512468], [109.8517907882817, -7.222594113864965], [109.85152129492921, -7.222594113864965], [109.85152129492921, -7.22501955403744], [109.85125180157671, -7.22501955403744], [109.85125180157671, -7.225289047389938], [109.85071281487171, -7.225289047389938], [109.85071281487171, -7.225558540742435], [109.84990433481423, -7.225558540742435], [109.84990433481423, -7.225828034094933], [109.84963484146174, -7.225828034094933], [109.84963484146174, -7.226367020799927], [109.84936534810923, -7.226367020799927], [109.84936534810923, -7.226906007504922], [109.84909585475674, -7.226906007504922], [109.84909585475674, -7.227983980914911], [109.84882636140424, -7.227983980914911], [109.84882636140424, -7.228522967619906], [109.84855686805174, -7.228522967619906], [109.84855686805174, -7.229331447677398], [109.84801788134675, -7.229331447677398], [109.84801788134675, -7.230948407792382], [109.84774838799424, -7.230948407792382], [109.84774838799424, -7.231756887849873], [109.84720940128925, -7.231756887849873], [109.84720940128925, -7.233912834669852], [109.84693990793676, -7.233912834669852], [109.84693990793676, -7.234182328022349], [109.84667041458427, -7.234182328022349], [109.84667041458427, -7.234721314727344], [109.84532294782177, -7.234721314727344], [109.84532294782177, -7.234990808079841], [109.84478396111678, -7.234990808079841], [109.84478396111678, -7.235529794784836], [109.84397548105929, -7.235529794784836], [109.84397548105929, -7.235799288137333], [109.84370598770678, -7.235799288137333], [109.84370598770678, -7.236338274842328], [109.8434364943543, -7.236338274842328], [109.8434364943543, -7.236607768194824], [109.8428975076493, -7.236607768194824], [109.8428975076493, -7.237146754899819], [109.8426280142968, -7.237146754899819], [109.8426280142968, -7.237416248252317], [109.8418195342393, -7.237416248252317], [109.8418195342393, -7.237955234957312], [109.84101105418182, -7.237955234957312], [109.84101105418182, -7.238224728309809], [109.84020257412432, -7.238224728309809], [109.84020257412432, -7.238494221662306], [109.83966358741932, -7.238494221662306], [109.83966358741932, -7.238763715014803], [109.83939409406683, -7.238763715014803], [109.83939409406683, -7.238494221662306], [109.83912460071434, -7.238494221662306], [109.83912460071434, -7.238224728309809], [109.83831612065684, -7.238224728309809], [109.83831612065684, -7.238494221662306], [109.83804662730435, -7.238494221662306], [109.83804662730435, -7.2390332083673], [109.83750764059936, -7.2390332083673], [109.83750764059936, -7.239572195072295], [109.83723814724685, -7.239572195072295], [109.83723814724685, -7.24011118177729], [109.83696865389436, -7.24011118177729], [109.83696865389436, -7.240380675129787], [109.83669916054185, -7.240380675129787], [109.83669916054185, -7.240650168482285], [109.83616017383686, -7.240650168482285], [109.83616017383686, -7.240919661834782], [109.83589068048437, -7.240919661834782], [109.83589068048437, -7.241189155187279], [109.83508220042688, -7.241189155187279], [109.83508220042688, -7.241728141892274], [109.83481270707438, -7.241728141892274], [109.83481270707438, -7.241997635244771], [109.83427372036938, -7.241997635244771], [109.83427372036938, -7.242536621949766], [109.83400422701689, -7.242536621949766], [109.83400422701689, -7.243075608654761], [109.83373473366439, -7.243075608654761], [109.83373473366439, -7.243345102007257], [109.8334652403119, -7.243345102007257], [109.8334652403119, -7.243614595359754], [109.83319574695939, -7.243614595359754], [109.83319574695939, -7.244153582064749], [109.8329262536069, -7.244153582064749], [109.8329262536069, -7.24604003553223], [109.83319574695939, -7.24604003553223], [109.83319574695939, -7.247387502294717], [109.8329262536069, -7.247387502294717], [109.8329262536069, -7.247656995647215], [109.8326567602544, -7.247656995647215], [109.8326567602544, -7.248465475704706], [109.83184828019691, -7.248465475704706], [109.83184828019691, -7.249273955762198], [109.8326567602544, -7.249273955762198], [109.8326567602544, -7.249543449114696], [109.8329262536069, -7.249543449114696], [109.8329262536069, -7.249812942467193], [109.83319574695939, -7.249812942467193], [109.83319574695939, -7.251160409229679], [109.8334652403119, -7.251160409229679], [109.8334652403119, -7.251699395934674], [109.83373473366439, -7.251699395934674], [109.83373473366439, -7.252238382639669], [109.83400422701689, -7.252238382639669], [109.83400422701689, -7.256550276279626], [109.83373473366439, -7.256550276279626], [109.83373473366439, -7.257628249689614], [109.8334652403119, -7.257628249689614], [109.8334652403119, -7.257897743042112], [109.83319574695939, -7.257897743042112], [109.83319574695939, -7.259784196509593], [109.8329262536069, -7.259784196509593], [109.8329262536069, -7.26005368986209], [109.8326567602544, -7.26005368986209], [109.8326567602544, -7.260323183214588], [109.83157878684442, -7.260323183214588], [109.83157878684442, -7.260592676567085], [109.83130929349191, -7.260592676567085], [109.83130929349191, -7.26113166327208], [109.83023132008192, -7.26113166327208], [109.83023132008192, -7.261401156624577], [109.82996182672943, -7.261401156624577], [109.82996182672943, -7.261670649977074], [109.82969233337693, -7.261670649977074], [109.82969233337693, -7.261940143329571], [109.82942284002444, -7.261940143329571], [109.82942284002444, -7.262479130034566], [109.82915334667193, -7.262479130034566], [109.82915334667193, -7.262748623387063], [109.82888385331944, -7.262748623387063], [109.82888385331944, -7.263018116739561], [109.82861435996693, -7.263018116739561], [109.82861435996693, -7.263287610092058], [109.82834486661444, -7.263287610092058], [109.82834486661444, -7.263557103444556], [109.82807537326195, -7.263557103444556], [109.82807537326195, -7.263826596797053], [109.82753638655696, -7.263826596797053], [109.82753638655696, -7.264365583502047], [109.82726689320445, -7.264365583502047], [109.82726689320445, -7.264904570207042], [109.82699739985196, -7.264904570207042], [109.82699739985196, -7.265174063559539], [109.82672790649946, -7.265174063559539], [109.82672790649946, -7.265443556912037], [109.82645841314697, -7.265443556912037], [109.82645841314697, -7.266791023674523], [109.82591942644197, -7.266791023674523], [109.82591942644197, -7.26706051702702], [109.82538043973697, -7.26706051702702], [109.82538043973697, -7.268946970494501], [109.82618891979446, -7.268946970494501], [109.82618891979446, -7.269485957199496], [109.82591942644197, -7.269485957199496], [109.82591942644197, -7.269755450551993], [109.82564993308947, -7.269755450551993], [109.82564993308947, -7.270294437256988], [109.82538043973697, -7.270294437256988], [109.82538043973697, -7.270563930609486], [109.82511094638447, -7.270563930609486], [109.82511094638447, -7.270833423961983], [109.82457195967947, -7.270833423961983], [109.82457195967947, -7.27110291731448], [109.82430246632698, -7.27110291731448], [109.82430246632698, -7.272719877429464], [109.82484145303198, -7.272719877429464], [109.82484145303198, -7.272989370781961], [109.82564993308947, -7.272989370781961], [109.82564993308947, -7.273258864134458], [109.82538043973697, -7.273258864134458], [109.82538043973697, -7.273528357486955], [109.82511094638447, -7.273528357486955], [109.82511094638447, -7.273797850839453], [109.82484145303198, -7.273797850839453], [109.82484145303198, -7.274606330896945], [109.82457195967947, -7.274606330896945], [109.82457195967947, -7.274875824249442], [109.82430246632698, -7.274875824249442], [109.82430246632698, -7.275953797659431], [109.82457195967947, -7.275953797659431], [109.82457195967947, -7.276223291011929], [109.82511094638447, -7.276223291011929], [109.82511094638447, -7.276492784364426], [109.82538043973697, -7.276492784364426], [109.82538043973697, -7.277031771069421], [109.82618891979446, -7.277031771069421], [109.82618891979446, -7.277301264421918], [109.82645841314697, -7.277301264421918], [109.82645841314697, -7.277570757774416], [109.82672790649946, -7.277570757774416], [109.82672790649946, -7.279996197946891], [109.82699739985196, -7.279996197946891], [109.82699739985196, -7.280265691299388], [109.82753638655696, -7.280265691299388], [109.82753638655696, -7.280804678004383], [109.82780587990945, -7.280804678004383], [109.82780587990945, -7.281613158061875], [109.82807537326195, -7.281613158061875], [109.82807537326195, -7.281882651414372], [109.82861435996693, -7.281882651414372], [109.82861435996693, -7.28215214476687], [109.82915334667193, -7.28215214476687], [109.82915334667193, -7.282960624824361], [109.82888385331944, -7.282960624824361], [109.82888385331944, -7.283230118176858], [109.82861435996693, -7.283230118176858], [109.82861435996693, -7.283499611529356], [109.82834486661444, -7.283499611529356], [109.82834486661444, -7.283769104881853], [109.82780587990945, -7.283769104881853], [109.82780587990945, -7.284038598234351], [109.82753638655696, -7.284038598234351], [109.82753638655696, -7.284577584939345], [109.82699739985196, -7.284577584939345], [109.82699739985196, -7.284847078291842], [109.82672790649946, -7.284847078291842], [109.82672790649946, -7.285655558349334], [109.82645841314697, -7.285655558349334], [109.82645841314697, -7.287003025111821], [109.82618891979446, -7.287003025111821], [109.82618891979446, -7.287272518464318], [109.82591942644197, -7.287272518464318], [109.82591942644197, -7.287542011816815], [109.82564993308947, -7.287542011816815], [109.82564993308947, -7.2891589719318], [109.82538043973697, -7.2891589719318], [109.82538043973697, -7.289428465284296], [109.82511094638447, -7.289428465284296], [109.82511094638447, -7.289697958636794], [109.82484145303198, -7.289697958636794], [109.82484145303198, -7.290236945341788], [109.82403297297449, -7.290236945341788], [109.82403297297449, -7.290506438694286], [109.822146519507, -7.290506438694286], [109.822146519507, -7.290775932046783], [109.82187702615451, -7.290775932046783], [109.82187702615451, -7.292662385514264], [109.821607532802, -7.292662385514264], [109.821607532802, -7.292931878866762], [109.82106854609701, -7.292931878866762], [109.82106854609701, -7.293470865571757], [109.82052955939203, -7.293470865571757], [109.82052955939203, -7.29400985227675], [109.82026006603952, -7.29400985227675], [109.82026006603952, -7.294548838981745], [109.81999057268703, -7.294548838981745], [109.81999057268703, -7.294818332334243], [109.81972107933453, -7.294818332334243], [109.81972107933453, -7.297782759211713], [109.81945158598204, -7.297782759211713], [109.81945158598204, -7.298052252564211], [109.81810411921954, -7.298052252564211], [109.81810411921954, -7.297782759211713], [109.81729563916205, -7.297782759211713], [109.81729563916205, -7.298052252564211], [109.81702614580955, -7.298052252564211], [109.81702614580955, -7.298321745916708], [109.81648715910457, -7.298321745916708], [109.81648715910457, -7.298591239269205], [109.81621766575206, -7.298591239269205], [109.81621766575206, -7.299938706031692], [109.81567867904707, -7.299938706031692], [109.81567867904707, -7.301555666146675], [109.81540918569458, -7.301555666146675], [109.81540918569458, -7.301825159499173], [109.81487019898958, -7.301825159499173], [109.81487019898958, -7.302364146204167], [109.81460070563708, -7.302364146204167], [109.81460070563708, -7.303442119614156], [109.81487019898958, -7.303442119614156], [109.81487019898958, -7.303711612966654], [109.81540918569458, -7.303711612966654], [109.81540918569458, -7.304250599671648], [109.81594817239957, -7.304250599671648], [109.81594817239957, -7.304520093024146], [109.81621766575206, -7.304520093024146], [109.81621766575206, -7.305059079729141], [109.81675665245706, -7.305059079729141], [109.81675665245706, -7.305328573081638], [109.81702614580955, -7.305328573081638], [109.81702614580955, -7.305598066434135], [109.81756513251455, -7.305598066434135], [109.81756513251455, -7.306406546491627], [109.81702614580955, -7.306406546491627], [109.81702614580955, -7.306676039844124], [109.81675665245706, -7.306676039844124], [109.81675665245706, -7.30802350660661], [109.81648715910457, -7.30802350660661], [109.81648715910457, -7.308292999959108], [109.81594817239957, -7.308292999959108], [109.81594817239957, -7.308562493311605], [109.81567867904707, -7.308562493311605], [109.81567867904707, -7.309370973369097], [109.81540918569458, -7.309370973369097], [109.81540918569458, -7.309640466721595], [109.81513969234207, -7.309640466721595], [109.81513969234207, -7.309909960074092], [109.81460070563708, -7.309909960074092], [109.81460070563708, -7.312604893599065], [109.81433121228459, -7.312604893599065], [109.81433121228459, -7.313143880304059], [109.81352273222709, -7.313143880304059], [109.81352273222709, -7.313413373656557], [109.8129837455221, -7.313413373656557], [109.8129837455221, -7.313682867009054], [109.8127142521696, -7.313682867009054], [109.8127142521696, -7.314221853714049], [109.81244475881711, -7.314221853714049], [109.81244475881711, -7.313952360361552], [109.81163627875961, -7.313952360361552], [109.81163627875961, -7.314221853714049], [109.81082779870212, -7.314221853714049], [109.81082779870212, -7.314491347066546], [109.81001931864462, -7.314491347066546], [109.81001931864462, -7.315299827124038], [109.80948033193964, -7.315299827124038], [109.80948033193964, -7.316916787239022], [109.80921083858713, -7.316916787239022], [109.80921083858713, -7.317186280591519], [109.80894134523464, -7.317186280591519], [109.80894134523464, -7.317455773944016], [109.80867185188214, -7.317455773944016], [109.80867185188214, -7.318264254001508], [109.80840235852965, -7.318264254001508], [109.80840235852965, -7.318803240706503], [109.80813286517714, -7.318803240706503], [109.80813286517714, -7.319611720763994], [109.80840235852965, -7.319611720763994], [109.80840235852965, -7.320150707468989], [109.80813286517714, -7.320150707468989], [109.80813286517714, -7.320959187526482], [109.80786337182465, -7.320959187526482], [109.80786337182465, -7.321228680878979], [109.80732438511966, -7.321228680878979], [109.80732438511966, -7.321767667583973], [109.80705489176715, -7.321767667583973], [109.80705489176715, -7.32203716093647], [109.80678539841466, -7.32203716093647], [109.80678539841466, -7.322306654288968], [109.80651590506216, -7.322306654288968], [109.80651590506216, -7.322576147641465], [109.80570742500467, -7.322576147641465], [109.80570742500467, -7.322845640993963], [109.80543793165218, -7.322845640993963], [109.80543793165218, -7.32311513434646], [109.80516843829967, -7.32311513434646], [109.80516843829967, -7.323384627698957], [109.80409046488968, -7.323384627698957], [109.80409046488968, -7.323654121051455], [109.80355147818469, -7.323654121051455], [109.80355147818469, -7.324193107756449], [109.80139553136472, -7.324193107756449], [109.80139553136472, -7.323923614403951], [109.80031755795473, -7.323923614403951], [109.80031755795473, -7.323654121051455], [109.79870059783974, -7.323654121051455], [109.79870059783974, -7.323923614403951], [109.79843110448724, -7.323923614403951], [109.79843110448724, -7.324462601108946], [109.79816161113474, -7.324462601108946], [109.79816161113474, -7.324732094461444], [109.79789211778225, -7.324732094461444], [109.79789211778225, -7.325001587813941], [109.79762262442975, -7.325001587813941], [109.79762262442975, -7.325540574518936], [109.79735313107726, -7.325540574518936], [109.79735313107726, -7.325810067871433], [109.79708363772475, -7.325810067871433], [109.79708363772475, -7.32607956122393], [109.79681414437226, -7.32607956122393], [109.79681414437226, -7.326888041281422], [109.79627515766727, -7.326888041281422], [109.79627515766727, -7.327157534633919], [109.79600566431476, -7.327157534633919], [109.79600566431476, -7.327427027986417], [109.79573617096227, -7.327427027986417], [109.79573617096227, -7.327966014691412], [109.79546667760977, -7.327966014691412], [109.79546667760977, -7.3290439881014], [109.79519718425728, -7.3290439881014], [109.79519718425728, -7.329852468158893], [109.79492769090477, -7.329852468158893], [109.79492769090477, -7.330391454863887], [109.79465819755228, -7.330391454863887], [109.79465819755228, -7.330660948216384], [109.79438870419979, -7.330660948216384], [109.79438870419979, -7.330930441568881], [109.79411921084728, -7.330930441568881], [109.79411921084728, -7.331199934921379], [109.79358022414229, -7.331199934921379], [109.79358022414229, -7.331469428273876], [109.7933107307898, -7.331469428273876], [109.7933107307898, -7.331738921626373], [109.7930412374373, -7.331738921626373], [109.7930412374373, -7.332008414978871], [109.79169377067481, -7.332008414978871], [109.79169377067481, -7.332277908331368], [109.79115478396982, -7.332277908331368], [109.79115478396982, -7.333894868446352], [109.7914242773223, -7.333894868446352], [109.7914242773223, -7.334433855151347], [109.79115478396982, -7.334433855151347], [109.79115478396982, -7.334703348503844], [109.79034630391233, -7.334703348503844], [109.79034630391233, -7.335242335208839], [109.79007681055982, -7.335242335208839], [109.79007681055982, -7.336589801971325], [109.79034630391233, -7.336589801971325], [109.79034630391233, -7.336859295323823], [109.79061579726482, -7.336859295323823], [109.79061579726482, -7.33712878867632], [109.79088529061731, -7.33712878867632], [109.79088529061731, -7.338206762086309], [109.79061579726482, -7.338206762086309], [109.79061579726482, -7.338476255438806], [109.79034630391233, -7.338476255438806], [109.79034630391233, -7.338745748791303], [109.79007681055982, -7.338745748791303], [109.79007681055982, -7.339015242143801], [109.78980731720733, -7.339015242143801], [109.78980731720733, -7.339284735496298], [109.78953782385483, -7.339284735496298], [109.78953782385483, -7.339554228848796], [109.78899883714983, -7.339554228848796], [109.78899883714983, -7.339823722201293], [109.78845985044484, -7.339823722201293], [109.78845985044484, -7.34009321555379], [109.78765137038735, -7.34009321555379], [109.78765137038735, -7.340362708906287], [109.78738187703485, -7.340362708906287], [109.78738187703485, -7.340632202258784], [109.78684289032986, -7.340632202258784], [109.78684289032986, -7.341440682316277], [109.78657339697736, -7.341440682316277], [109.78657339697736, -7.342249162373768], [109.78630390362487, -7.342249162373768], [109.78630390362487, -7.343596629136255], [109.78603441027236, -7.343596629136255], [109.78603441027236, -7.346291562661228], [109.78576491691987, -7.346291562661228], [109.78576491691987, -7.346830549366222], [109.78549542356737, -7.346830549366222], [109.78549542356737, -7.34710004271872], [109.78522593021488, -7.34710004271872], [109.78522593021488, -7.348717002833704], [109.78549542356737, -7.348717002833704], [109.78549542356737, -7.349794976243693], [109.78576491691987, -7.349794976243693], [109.78576491691987, -7.349255989538698], [109.78603441027236, -7.349255989538698], [109.78603441027236, -7.348717002833704], [109.78630390362487, -7.348717002833704], [109.78630390362487, -7.346561056013726], [109.78657339697736, -7.346561056013726], [109.78657339697736, -7.346022069308731], [109.78684289032986, -7.346022069308731], [109.78684289032986, -7.345213589251239], [109.78711238368236, -7.345213589251239], [109.78711238368236, -7.34305764243126], [109.78738187703485, -7.34305764243126], [109.78738187703485, -7.341440682316277], [109.78765137038735, -7.341440682316277], [109.78765137038735, -7.341171188963779], [109.78792086373984, -7.341171188963779], [109.78792086373984, -7.340901695611282], [109.78819035709235, -7.340901695611282], [109.78819035709235, -7.340632202258784], [109.78899883714983, -7.340632202258784], [109.78899883714983, -7.340362708906287], [109.78980731720733, -7.340362708906287], [109.78980731720733, -7.34009321555379], [109.79007681055982, -7.34009321555379], [109.79007681055982, -7.339823722201293], [109.79034630391233, -7.339823722201293], [109.79034630391233, -7.339554228848796], [109.79088529061731, -7.339554228848796], [109.79088529061731, -7.339284735496298], [109.79115478396982, -7.339284735496298], [109.79115478396982, -7.339015242143801], [109.7914242773223, -7.339015242143801], [109.7914242773223, -7.338745748791303], [109.79169377067481, -7.338745748791303], [109.79169377067481, -7.338206762086309], [109.7919632640273, -7.338206762086309], [109.7919632640273, -7.337937268733811], [109.7925022507323, -7.337937268733811], [109.7925022507323, -7.33712878867632], [109.79223275737981, -7.33712878867632], [109.79223275737981, -7.336589801971325], [109.7919632640273, -7.336589801971325], [109.7919632640273, -7.335511828561335], [109.79223275737981, -7.335511828561335], [109.79223275737981, -7.334972841856342], [109.7925022507323, -7.334972841856342], [109.7925022507323, -7.334164361798849], [109.7927717440848, -7.334164361798849], [109.7927717440848, -7.333625375093854], [109.7930412374373, -7.333625375093854], [109.7930412374373, -7.33308638838886], [109.7933107307898, -7.33308638838886], [109.7933107307898, -7.332816895036363], [109.79358022414229, -7.332816895036363], [109.79358022414229, -7.332547401683866], [109.79411921084728, -7.332547401683866], [109.79411921084728, -7.332277908331368], [109.79438870419979, -7.332277908331368], [109.79438870419979, -7.332008414978871], [109.79465819755228, -7.332008414978871], [109.79465819755228, -7.331738921626373], [109.79492769090477, -7.331738921626373], [109.79492769090477, -7.331199934921379], [109.79519718425728, -7.331199934921379], [109.79519718425728, -7.330660948216384], [109.79546667760977, -7.330660948216384], [109.79546667760977, -7.329582974806395], [109.79573617096227, -7.329582974806395], [109.79573617096227, -7.3290439881014], [109.79600566431476, -7.3290439881014], [109.79600566431476, -7.328505001396405], [109.79627515766727, -7.328505001396405], [109.79627515766727, -7.327966014691412], [109.79654465101976, -7.327966014691412], [109.79654465101976, -7.327427027986417], [109.79681414437226, -7.327427027986417], [109.79681414437226, -7.327157534633919], [109.79708363772475, -7.327157534633919], [109.79708363772475, -7.326888041281422], [109.79735313107726, -7.326888041281422], [109.79735313107726, -7.326618547928924], [109.79762262442975, -7.326618547928924], [109.79762262442975, -7.326349054576427], [109.79789211778225, -7.326349054576427], [109.79789211778225, -7.32607956122393], [109.79816161113474, -7.32607956122393], [109.79816161113474, -7.325271081166438], [109.79870059783974, -7.325271081166438], [109.79870059783974, -7.325001587813941], [109.79923958454474, -7.325001587813941], [109.79923958454474, -7.324732094461444], [109.80085654465972, -7.324732094461444], [109.80085654465972, -7.325001587813941], [109.80139553136472, -7.325001587813941], [109.80139553136472, -7.325271081166438], [109.8027429981272, -7.325271081166438], [109.8027429981272, -7.325001587813941], [109.80355147818469, -7.325001587813941], [109.80355147818469, -7.324732094461444], [109.80516843829967, -7.324732094461444], [109.80516843829967, -7.324462601108946], [109.80543793165218, -7.324462601108946], [109.80543793165218, -7.324193107756449], [109.80570742500467, -7.324193107756449], [109.80570742500467, -7.323923614403951], [109.80624641170967, -7.323923614403951], [109.80624641170967, -7.323654121051455], [109.80678539841466, -7.323654121051455], [109.80678539841466, -7.323384627698957], [109.80732438511966, -7.323384627698957], [109.80732438511966, -7.322845640993963], [109.80759387847215, -7.322845640993963], [109.80759387847215, -7.322576147641465], [109.80786337182465, -7.322576147641465], [109.80786337182465, -7.322306654288968], [109.80813286517714, -7.322306654288968], [109.80813286517714, -7.321767667583973], [109.80840235852965, -7.321767667583973], [109.80840235852965, -7.321498174231476], [109.80867185188214, -7.321498174231476], [109.80867185188214, -7.318533747354006], [109.80894134523464, -7.318533747354006], [109.80894134523464, -7.317994760649011], [109.80921083858713, -7.317994760649011], [109.80921083858713, -7.317725267296514], [109.80948033193964, -7.317725267296514], [109.80948033193964, -7.317455773944016], [109.80974982529213, -7.317455773944016], [109.80974982529213, -7.316377800534027], [109.81001931864462, -7.316377800534027], [109.81001931864462, -7.315569320476535], [109.81136678540712, -7.315569320476535], [109.81136678540712, -7.315299827124038], [109.8121752654646, -7.315299827124038], [109.8121752654646, -7.31503033377154], [109.8127142521696, -7.31503033377154], [109.8127142521696, -7.314760840419043], [109.8129837455221, -7.314760840419043], [109.8129837455221, -7.314491347066546], [109.8132532388746, -7.314491347066546], [109.8132532388746, -7.314221853714049], [109.81379222557959, -7.314221853714049], [109.81379222557959, -7.313952360361552], [109.81433121228459, -7.313952360361552], [109.81433121228459, -7.313682867009054], [109.81487019898958, -7.313682867009054], [109.81487019898958, -7.313413373656557], [109.81513969234207, -7.313413373656557], [109.81513969234207, -7.312604893599065], [109.81540918569458, -7.312604893599065], [109.81540918569458, -7.310718440131584], [109.81567867904707, -7.310718440131584], [109.81567867904707, -7.310179453426589], [109.81594817239957, -7.310179453426589], [109.81594817239957, -7.309370973369097], [109.81621766575206, -7.309370973369097], [109.81621766575206, -7.3091014800166], [109.81648715910457, -7.3091014800166], [109.81648715910457, -7.308562493311605], [109.81675665245706, -7.308562493311605], [109.81675665245706, -7.308292999959108], [109.81702614580955, -7.308292999959108], [109.81702614580955, -7.30802350660661], [109.81729563916205, -7.30802350660661], [109.81729563916205, -7.307754013254113], [109.81756513251455, -7.307754013254113], [109.81756513251455, -7.307484519901616], [109.81783462586705, -7.307484519901616], [109.81783462586705, -7.307215026549119], [109.81810411921954, -7.307215026549119], [109.81810411921954, -7.306676039844124], [109.81837361257205, -7.306676039844124], [109.81837361257205, -7.306406546491627], [109.81891259927704, -7.306406546491627], [109.81891259927704, -7.306137053139129], [109.81918209262953, -7.306137053139129], [109.81918209262953, -7.305867559786632], [109.81864310592454, -7.305867559786632], [109.81864310592454, -7.305328573081638], [109.81837361257205, -7.305328573081638], [109.81837361257205, -7.305059079729141], [109.81810411921954, -7.305059079729141], [109.81810411921954, -7.304789586376643], [109.81756513251455, -7.304789586376643], [109.81756513251455, -7.304520093024146], [109.81729563916205, -7.304520093024146], [109.81729563916205, -7.303442119614156], [109.81648715910457, -7.303442119614156], [109.81648715910457, -7.302633639556665], [109.81594817239957, -7.302633639556665], [109.81594817239957, -7.302364146204167], [109.81621766575206, -7.302364146204167], [109.81621766575206, -7.30209465285167], [109.81648715910457, -7.30209465285167], [109.81648715910457, -7.300747186089183], [109.81675665245706, -7.300747186089183], [109.81675665245706, -7.300477692736687], [109.81702614580955, -7.300477692736687], [109.81702614580955, -7.300208199384189], [109.81729563916205, -7.300208199384189], [109.81729563916205, -7.299938706031692], [109.81756513251455, -7.299938706031692], [109.81756513251455, -7.299669212679194], [109.81783462586705, -7.299669212679194], [109.81783462586705, -7.299399719326697], [109.81837361257205, -7.299399719326697], [109.81837361257205, -7.299130225974199], [109.81864310592454, -7.299130225974199], [109.81864310592454, -7.298860732621702], [109.81999057268703, -7.298860732621702], [109.81999057268703, -7.298591239269205], [109.82026006603952, -7.298591239269205], [109.82026006603952, -7.298321745916708], [109.82052955939203, -7.298321745916708], [109.82052955939203, -7.296165799096729], [109.82079905274452, -7.296165799096729], [109.82079905274452, -7.295896305744232], [109.82106854609701, -7.295896305744232], [109.82106854609701, -7.295357319039237], [109.82133803944951, -7.295357319039237], [109.82133803944951, -7.294548838981745], [109.82187702615451, -7.294548838981745], [109.82187702615451, -7.294279345629248], [109.822146519507, -7.294279345629248], [109.822146519507, -7.293470865571757], [109.8224160128595, -7.293470865571757], [109.8224160128595, -7.293201372219259], [109.8229549995645, -7.293201372219259], [109.8229549995645, -7.292662385514264], [109.82322449291699, -7.292662385514264], [109.82322449291699, -7.291853905456772], [109.8234939862695, -7.291853905456772], [109.8234939862695, -7.291584412104275], [109.82511094638447, -7.291584412104275], [109.82511094638447, -7.291314918751778], [109.82538043973697, -7.291314918751778], [109.82538043973697, -7.290775932046783], [109.82564993308947, -7.290775932046783], [109.82564993308947, -7.290236945341788], [109.82591942644197, -7.290236945341788], [109.82591942644197, -7.289967451989291], [109.82618891979446, -7.289967451989291], [109.82618891979446, -7.289697958636794], [109.82645841314697, -7.289697958636794], [109.82645841314697, -7.288350491874308], [109.82672790649946, -7.288350491874308], [109.82672790649946, -7.28808099852181], [109.82699739985196, -7.28808099852181], [109.82699739985196, -7.287542011816815], [109.82726689320445, -7.287542011816815], [109.82726689320445, -7.286733531759324], [109.82780587990945, -7.286733531759324], [109.82780587990945, -7.286464038406827], [109.82807537326195, -7.286464038406827], [109.82807537326195, -7.285925051701832], [109.82861435996693, -7.285925051701832], [109.82861435996693, -7.285655558349334], [109.82888385331944, -7.285655558349334], [109.82888385331944, -7.285386064996837], [109.82915334667193, -7.285386064996837], [109.82915334667193, -7.285116571644339], [109.82942284002444, -7.285116571644339], [109.82942284002444, -7.284847078291842], [109.82996182672943, -7.284847078291842], [109.82996182672943, -7.283769104881853], [109.83023132008192, -7.283769104881853], [109.83023132008192, -7.283230118176858], [109.83050081343443, -7.283230118176858], [109.83050081343443, -7.28215214476687], [109.83023132008192, -7.28215214476687], [109.83023132008192, -7.281882651414372], [109.82996182672943, -7.281882651414372], [109.82996182672943, -7.281613158061875], [109.82969233337693, -7.281613158061875], [109.82969233337693, -7.281343664709378], [109.82915334667193, -7.281343664709378], [109.82915334667193, -7.28107417135688], [109.82888385331944, -7.28107417135688], [109.82888385331944, -7.279996197946891], [109.82861435996693, -7.279996197946891], [109.82861435996693, -7.279726704594394], [109.82834486661444, -7.279726704594394], [109.82834486661444, -7.278918224536902], [109.82807537326195, -7.278918224536902], [109.82807537326195, -7.278109744479409], [109.82780587990945, -7.278109744479409], [109.82780587990945, -7.277301264421918], [109.82753638655696, -7.277301264421918], [109.82753638655696, -7.277031771069421], [109.82726689320445, -7.277031771069421], [109.82726689320445, -7.276762277716923], [109.82699739985196, -7.276762277716923], [109.82699739985196, -7.276223291011929], [109.82645841314697, -7.276223291011929], [109.82645841314697, -7.275953797659431], [109.82618891979446, -7.275953797659431], [109.82618891979446, -7.275684304306934], [109.82564993308947, -7.275684304306934], [109.82564993308947, -7.274336837544448], [109.82618891979446, -7.274336837544448], [109.82618891979446, -7.273797850839453], [109.82645841314697, -7.273797850839453], [109.82645841314697, -7.272450384076967], [109.82618891979446, -7.272450384076967], [109.82618891979446, -7.271372410666977], [109.82645841314697, -7.271372410666977], [109.82645841314697, -7.270833423961983], [109.82672790649946, -7.270833423961983], [109.82672790649946, -7.270294437256988], [109.82699739985196, -7.270294437256988], [109.82699739985196, -7.269755450551993], [109.82726689320445, -7.269755450551993], [109.82726689320445, -7.268946970494501], [109.82699739985196, -7.268946970494501], [109.82699739985196, -7.267868997084512], [109.82726689320445, -7.267868997084512], [109.82726689320445, -7.265982543617032], [109.82753638655696, -7.265982543617032], [109.82753638655696, -7.265713050264534], [109.82780587990945, -7.265713050264534], [109.82780587990945, -7.265443556912037], [109.82834486661444, -7.265443556912037], [109.82834486661444, -7.264635076854544], [109.82861435996693, -7.264635076854544], [109.82861435996693, -7.264365583502047], [109.82888385331944, -7.264365583502047], [109.82888385331944, -7.26409609014955], [109.82915334667193, -7.26409609014955], [109.82915334667193, -7.263826596797053], [109.82942284002444, -7.263826596797053], [109.82942284002444, -7.263557103444556], [109.82969233337693, -7.263557103444556], [109.82969233337693, -7.263287610092058], [109.82996182672943, -7.263287610092058], [109.82996182672943, -7.263018116739561], [109.83023132008192, -7.263018116739561], [109.83023132008192, -7.262479130034566], [109.83050081343443, -7.262479130034566], [109.83050081343443, -7.262209636682069], [109.83103980013942, -7.262209636682069], [109.83103980013942, -7.261940143329571], [109.83319574695939, -7.261940143329571], [109.83319574695939, -7.261670649977074], [109.8334652403119, -7.261670649977074], [109.8334652403119, -7.261401156624577], [109.83373473366439, -7.261401156624577], [109.83373473366439, -7.26113166327208], [109.83400422701689, -7.26113166327208], [109.83400422701689, -7.260862169919582], [109.83427372036938, -7.260862169919582], [109.83427372036938, -7.26005368986209], [109.83454321372189, -7.26005368986209], [109.83454321372189, -7.259784196509593], [109.83481270707438, -7.259784196509593], [109.83481270707438, -7.258975716452102], [109.83454321372189, -7.258975716452102], [109.83454321372189, -7.258706223099604], [109.83400422701689, -7.258706223099604], [109.83400422701689, -7.258436729747107], [109.83427372036938, -7.258436729747107], [109.83427372036938, -7.258167236394609], [109.83454321372189, -7.258167236394609], [109.83454321372189, -7.25708926298462], [109.83481270707438, -7.25708926298462], [109.83481270707438, -7.251699395934674], [109.83454321372189, -7.251699395934674], [109.83454321372189, -7.251160409229679], [109.83427372036938, -7.251160409229679], [109.83427372036938, -7.250621422524684], [109.83400422701689, -7.250621422524684], [109.83400422701689, -7.249004462409701], [109.83373473366439, -7.249004462409701], [109.83373473366439, -7.247926488999711], [109.83400422701689, -7.247926488999711], [109.83400422701689, -7.247387502294717], [109.83427372036938, -7.247387502294717], [109.83427372036938, -7.245501048827236], [109.83373473366439, -7.245501048827236], [109.83373473366439, -7.244692568769744], [109.83400422701689, -7.244692568769744], [109.83400422701689, -7.244153582064749], [109.83427372036938, -7.244153582064749], [109.83427372036938, -7.243884088712252], [109.83454321372189, -7.243884088712252], [109.83454321372189, -7.243614595359754], [109.83481270707438, -7.243614595359754], [109.83481270707438, -7.243075608654761], [109.83508220042688, -7.243075608654761], [109.83508220042688, -7.242806115302263], [109.83535169377937, -7.242806115302263], [109.83535169377937, -7.242536621949766], [109.83562118713188, -7.242536621949766], [109.83562118713188, -7.242267128597268], [109.83589068048437, -7.242267128597268], [109.83589068048437, -7.241997635244771], [109.83616017383686, -7.241997635244771], [109.83616017383686, -7.241728141892274], [109.83642966718936, -7.241728141892274], [109.83642966718936, -7.241458648539776], [109.83669916054185, -7.241458648539776], [109.83669916054185, -7.241189155187279], [109.83750764059936, -7.241189155187279], [109.83750764059936, -7.240919661834782], [109.83777713395185, -7.240919661834782], [109.83777713395185, -7.240650168482285], [109.83804662730435, -7.240650168482285], [109.83804662730435, -7.240380675129787], [109.83831612065684, -7.240380675129787], [109.83831612065684, -7.24011118177729], [109.83858561400935, -7.24011118177729], [109.83858561400935, -7.239841688424793], [109.83885510736184, -7.239841688424793], [109.83885510736184, -7.239572195072295], [109.84047206747682, -7.239572195072295], [109.84047206747682, -7.239302701719798], [109.84155004088682, -7.239302701719798], [109.84155004088682, -7.2390332083673], [109.8418195342393, -7.2390332083673], [109.8418195342393, -7.238763715014803], [109.8423585209443, -7.238763715014803], [109.8423585209443, -7.238494221662306], [109.84316700100179, -7.238494221662306], [109.84316700100179, -7.238224728309809], [109.8434364943543, -7.238224728309809], [109.8434364943543, -7.237685741604814], [109.84370598770678, -7.237685741604814], [109.84370598770678, -7.237416248252317], [109.84424497441178, -7.237416248252317], [109.84424497441178, -7.237146754899819], [109.84478396111678, -7.237146754899819], [109.84478396111678, -7.236877261547322], [109.84532294782177, -7.236877261547322], [109.84532294782177, -7.236607768194824], [109.84559244117428, -7.236607768194824], [109.84559244117428, -7.236338274842328], [109.84586193452677, -7.236338274842328], [109.84586193452677, -7.236068781489831], [109.84640092123176, -7.236068781489831], [109.84640092123176, -7.235799288137333], [109.84720940128925, -7.235799288137333], [109.84720940128925, -7.235260301432338], [109.84747889464175, -7.235260301432338], [109.84747889464175, -7.234990808079841], [109.84774838799424, -7.234990808079841], [109.84774838799424, -7.234721314727344], [109.84801788134675, -7.234721314727344], [109.84801788134675, -7.232565367907365], [109.84828737469924, -7.232565367907365], [109.84828737469924, -7.232295874554868], [109.84855686805174, -7.232295874554868], [109.84855686805174, -7.23202638120237], [109.84882636140424, -7.23202638120237], [109.84882636140424, -7.230948407792382], [109.84909585475674, -7.230948407792382], [109.84909585475674, -7.230678914439884], [109.84963484146174, -7.230678914439884], [109.84963484146174, -7.229061954324901], [109.84990433481423, -7.229061954324901], [109.84990433481423, -7.227714487562414], [109.85017382816673, -7.227714487562414], [109.85017382816673, -7.227175500857419], [109.85044332151922, -7.227175500857419], [109.85044332151922, -7.226367020799927], [109.85125180157671, -7.226367020799927], [109.85125180157671, -7.22609752744743], [109.8517907882817, -7.22609752744743], [109.8517907882817, -7.225828034094933], [109.85206028163421, -7.225828034094933], [109.85206028163421, -7.225558540742435], [109.8523297749867, -7.225558540742435], [109.8523297749867, -7.225289047389938], [109.8525992683392, -7.225289047389938], [109.8525992683392, -7.224480567332446], [109.8523297749867, -7.224480567332446], [109.8523297749867, -7.223672087274954], [109.8525992683392, -7.223672087274954], [109.8525992683392, -7.223133100569959], [109.8528687616917, -7.223133100569959], [109.8528687616917, -7.222863607217462], [109.8531382550442, -7.222863607217462], [109.8531382550442, -7.222594113864965], [109.85340774839669, -7.222594113864965], [109.85340774839669, -7.222324620512468], [109.8536772417492, -7.222324620512468], [109.8536772417492, -7.222055127159971], [109.85421622845419, -7.222055127159971], [109.85421622845419, -7.220707660397484], [109.85448572180668, -7.220707660397484], [109.85448572180668, -7.220438167044986], [109.85502470851168, -7.220438167044986], [109.85502470851168, -7.220168673692489], [109.85529420186417, -7.220168673692489], [109.85529420186417, -7.219629686987495], [109.85556369521667, -7.219629686987495], [109.85556369521667, -7.218551713577505], [109.85583318856916, -7.218551713577505], [109.85583318856916, -7.217473740167517], [109.85610268192167, -7.217473740167517], [109.85610268192167, -7.216934753462522], [109.85637217527416, -7.216934753462522], [109.85637217527416, -7.216395766757527], [109.85718065533166, -7.216395766757527], [109.85718065533166, -7.215587286700035], [109.85691116197916, -7.215587286700035], [109.85691116197916, -7.215317793347538], [109.85718065533166, -7.215317793347538], [109.85718065533166, -7.214778806642543], [109.85745014868415, -7.214778806642543], [109.85745014868415, -7.212892353175062], [109.85771964203666, -7.212892353175062], [109.85771964203666, -7.212353366470067], [109.85798913538915, -7.212353366470067], [109.85798913538915, -7.211814379765073], [109.85825862874164, -7.211814379765073], [109.85825862874164, -7.211005899707581], [109.85852812209414, -7.211005899707581], [109.85852812209414, -7.210197419650089], [109.85879761544663, -7.210197419650089], [109.85879761544663, -7.209658432945094], [109.85906710879914, -7.209658432945094], [109.85906710879914, -7.209119446240099], [109.85987558885662, -7.209119446240099], [109.85987558885662, -7.208310966182608], [109.85879761544663, -7.208310966182608], [109.85879761544663, -7.206424512715127], [109.85852812209414, -7.206424512715127], [109.85852812209414, -7.20615501936263], [109.85825862874164, -7.20615501936263], [109.85825862874164, -7.205616032657635], [109.85852812209414, -7.205616032657635], [109.85852812209414, -7.204268565895148], [109.85879761544663, -7.204268565895148], [109.85879761544663, -7.203460085837657], [109.85906710879914, -7.203460085837657], [109.85906710879914, -7.203190592485159], [109.86014508220913, -7.203190592485159], [109.86014508220913, -7.201034645665181], [109.86041457556162, -7.201034645665181], [109.86041457556162, -7.200226165607689], [109.86068406891413, -7.200226165607689], [109.86068406891413, -7.199956672255191], [109.86095356226662, -7.199956672255191], [109.86095356226662, -7.199687178902694], [109.86122305561912, -7.199687178902694], [109.86122305561912, -7.199417685550197], [109.86176204232412, -7.199417685550197], [109.86176204232412, -7.1991481921977], [109.8620315356766, -7.1991481921977], [109.8620315356766, -7.198878698845202], [109.86418748249659, -7.198878698845202], [109.86418748249659, -7.198609205492705], [109.86472646920159, -7.198609205492705], [109.86472646920159, -7.198339712140208], [109.86499596255408, -7.198339712140208], [109.86499596255408, -7.19807021878771], [109.86526545590658, -7.19807021878771], [109.86526545590658, -7.197800725435213], [109.86553494925907, -7.197800725435213], [109.86553494925907, -7.197261738730218], [109.86634342931656, -7.197261738730218], [109.86634342931656, -7.196992245377721], [109.86661292266906, -7.196992245377721], [109.86661292266906, -7.196722752025224], [109.86688241602155, -7.196722752025224], [109.86688241602155, -7.196453258672727], [109.86876886948905, -7.196453258672727], [109.86876886948905, -7.196183765320229], [109.87011633625153, -7.196183765320229], [109.87011633625153, -7.195914271967732], [109.87227228307151, -7.195914271967732], [109.87227228307151, -7.196183765320229], [109.87388924318648, -7.196183765320229], [109.87388924318648, -7.195644778615234], [109.87469772324398, -7.195644778615234], [109.87469772324398, -7.195375285262737], [109.87577569665397, -7.195375285262737], [109.87577569665397, -7.195105791910239], [109.87631468335897, -7.195105791910239], [109.87631468335897, -7.194836298557743], [109.87793164347394, -7.194836298557743], [109.87793164347394, -7.195105791910239], [109.87874012353144, -7.195105791910239], [109.87874012353144, -7.192949845090261], [109.87739265676895, -7.192949845090261]]]}}, {"type": "Feature", "properties": {"fid": 15, "DN": 2, "Keterangan": "Sedang"}, "geometry": {"type": "Polygon", "coordinates": [[[109.69925755076824, -7.354645856588644], [109.69925755076824, -7.354915349941142], [109.69898805741573, -7.354915349941142], [109.69898805741573, -7.355184843293639], [109.69871856406324, -7.355184843293639], [109.69871856406324, -7.355993323351131], [109.69898805741573, -7.355993323351131], [109.69898805741573, -7.355723829998634], [109.69979653747323, -7.355723829998634], [109.69979653747323, -7.354645856588644], [109.69925755076824, -7.354645856588644]]]}}, {"type": "Feature", "properties": {"fid": 16, "DN": 1, "Keterangan": "Rendah"}, "geometry": {"type": "Polygon", "coordinates": [[[109.78522593021488, -7.35006446959619], [109.78522593021488, -7.352759403121163], [109.78549542356737, -7.352759403121163], [109.78549542356737, -7.353298389826158], [109.78576491691987, -7.353298389826158], [109.78576491691987, -7.353567883178656], [109.78549542356737, -7.353567883178656], [109.78549542356737, -7.354376363236147], [109.78576491691987, -7.354376363236147], [109.78576491691987, -7.355723829998634], [109.78603441027236, -7.355723829998634], [109.78603441027236, -7.356801803408623], [109.78576491691987, -7.356801803408623], [109.78576491691987, -7.357610283466115], [109.78522593021488, -7.357610283466115], [109.78522593021488, -7.357879776818612], [109.78441745015738, -7.357879776818612], [109.78441745015738, -7.35814927017111], [109.78387846345238, -7.35814927017111], [109.78387846345238, -7.358418763523606], [109.78360897009989, -7.358418763523606], [109.78360897009989, -7.359766230286093], [109.78468694350988, -7.359766230286093], [109.78468694350988, -7.359496736933596], [109.78522593021488, -7.359496736933596], [109.78522593021488, -7.359227243581099], [109.78549542356737, -7.359227243581099], [109.78549542356737, -7.358957750228601], [109.78576491691987, -7.358957750228601], [109.78576491691987, -7.358418763523606], [109.78603441027236, -7.358418763523606], [109.78603441027236, -7.357879776818612], [109.78630390362487, -7.357879776818612], [109.78630390362487, -7.357340790113618], [109.78657339697736, -7.357340790113618], [109.78657339697736, -7.356801803408623], [109.78684289032986, -7.356801803408623], [109.78684289032986, -7.354645856588644], [109.78657339697736, -7.354645856588644], [109.78657339697736, -7.353837376531152], [109.78630390362487, -7.353837376531152], [109.78630390362487, -7.352759403121163], [109.78603441027236, -7.352759403121163], [109.78603441027236, -7.350872949653682], [109.78576491691987, -7.350872949653682], [109.78576491691987, -7.350333962948688], [109.78549542356737, -7.350333962948688], [109.78549542356737, -7.35006446959619], [109.78522593021488, -7.35006446959619]]]}}, {"type": "Feature", "properties": {"fid": 17, "DN": 1, "Keterangan": "Rendah"}, "geometry": {"type": "Polygon", "coordinates": [[[109.7833394767474, -7.359766230286093], [109.7833394767474, -7.360035723638591], [109.78360897009989, -7.360035723638591], [109.78360897009989, -7.359766230286093], [109.7833394767474, -7.359766230286093]]]}}, {"type": "Feature", "properties": {"fid": 18, "DN": 1, "Keterangan": "Rendah"}, "geometry": {"type": "Polygon", "coordinates": [[[109.7830699833949, -7.360035723638591], [109.7830699833949, -7.360305216991088], [109.7833394767474, -7.360305216991088], [109.7833394767474, -7.360035723638591], [109.7830699833949, -7.360035723638591]]]}}, {"type": "Feature", "properties": {"fid": 19, "DN": 2, "Keterangan": "Sedang"}, "geometry": {"type": "Polygon", "coordinates": [[[109.63134522593892, -7.360844203696082], [109.63134522593892, -7.361113697048579], [109.63080623923392, -7.361113697048579], [109.63080623923392, -7.361383190401077], [109.63053674588141, -7.361383190401077], [109.63053674588141, -7.361652683753574], [109.63026725252892, -7.361652683753574], [109.63026725252892, -7.361922177106072], [109.62999775917643, -7.361922177106072], [109.62999775917643, -7.362191670458569], [109.62972826582393, -7.362191670458569], [109.62972826582393, -7.362461163811067], [109.62945877247144, -7.362461163811067], [109.62945877247144, -7.362730657163564], [109.62918927911893, -7.362730657163564], [109.62918927911893, -7.36300015051606], [109.62891978576644, -7.36300015051606], [109.62891978576644, -7.363269643868558], [109.62865029241394, -7.363269643868558], [109.62865029241394, -7.363539137221055], [109.62838079906145, -7.363539137221055], [109.62838079906145, -7.36407812392605], [109.62811130570894, -7.36407812392605], [109.62811130570894, -7.364617110631045], [109.62945877247144, -7.364617110631045], [109.62945877247144, -7.364347617278548], [109.62999775917643, -7.364347617278548], [109.62999775917643, -7.36407812392605], [109.63026725252892, -7.36407812392605], [109.63026725252892, -7.363539137221055], [109.63053674588141, -7.363539137221055], [109.63053674588141, -7.363269643868558], [109.63080623923392, -7.363269643868558], [109.63080623923392, -7.36300015051606], [109.63107573258641, -7.36300015051606], [109.63107573258641, -7.362461163811067], [109.63134522593892, -7.362461163811067], [109.63134522593892, -7.361922177106072], [109.6316147192914, -7.361922177106072], [109.6316147192914, -7.360844203696082], [109.63134522593892, -7.360844203696082]]]}}, {"type": "Feature", "properties": {"fid": 20, "DN": 2, "Keterangan": "Sedang"}, "geometry": {"type": "Polygon", "coordinates": [[[109.61948751842903, -7.366503564098526], [109.61948751842903, -7.366773057451023], [109.61975701178153, -7.366773057451023], [109.61975701178153, -7.367042550803521], [109.62029599848653, -7.367042550803521], [109.62029599848653, -7.367312044156018], [109.62056549183902, -7.367312044156018], [109.62056549183902, -7.367042550803521], [109.62137397189652, -7.367042550803521], [109.62137397189652, -7.366773057451023], [109.62110447854401, -7.366773057451023], [109.62110447854401, -7.366503564098526], [109.61948751842903, -7.366503564098526]]]}}, {"type": "Feature", "properties": {"fid": 21, "DN": 1, "Keterangan": "Rendah"}, "geometry": {"type": "Polygon", "coordinates": [[[109.7828004900424, -7.360574710343585], [109.7828004900424, -7.360844203696082], [109.7825309966899, -7.360844203696082], [109.7825309966899, -7.361652683753574], [109.78226150333741, -7.361652683753574], [109.78226150333741, -7.362191670458569], [109.7819920099849, -7.362191670458569], [109.7819920099849, -7.362461163811067], [109.78145302327991, -7.362461163811067], [109.78145302327991, -7.362730657163564], [109.78118352992742, -7.362730657163564], [109.78118352992742, -7.36300015051606], [109.78091403657491, -7.36300015051606], [109.78091403657491, -7.363269643868558], [109.78037504986992, -7.363269643868558], [109.78037504986992, -7.363539137221055], [109.78010555651743, -7.363539137221055], [109.78010555651743, -7.363808630573553], [109.77956656981243, -7.363808630573553], [109.77956656981243, -7.36407812392605], [109.77902758310744, -7.36407812392605], [109.77902758310744, -7.363539137221055], [109.77848859640244, -7.363539137221055], [109.77848859640244, -7.363269643868558], [109.77768011634495, -7.363269643868558], [109.77768011634495, -7.363539137221055], [109.77606315622997, -7.363539137221055], [109.77606315622997, -7.363808630573553], [109.77579366287748, -7.363808630573553], [109.77579366287748, -7.363539137221055], [109.77498518281998, -7.363539137221055], [109.77498518281998, -7.363808630573553], [109.77444619611498, -7.363808630573553], [109.77444619611498, -7.36407812392605], [109.77417670276249, -7.36407812392605], [109.77417670276249, -7.364617110631045], [109.77390720940998, -7.364617110631045], [109.77390720940998, -7.364886603983542], [109.7736377160575, -7.364886603983542], [109.7736377160575, -7.365156097336039], [109.77336822270499, -7.365156097336039], [109.77336822270499, -7.365425590688536], [109.7725597426475, -7.365425590688536], [109.7725597426475, -7.365695084041034], [109.7720207559425, -7.365695084041034], [109.7720207559425, -7.368659510918504], [109.77175126259002, -7.368659510918504], [109.77175126259002, -7.368929004271002], [109.77148176923751, -7.368929004271002], [109.77148176923751, -7.369198497623499], [109.77121227588502, -7.369198497623499], [109.77121227588502, -7.369467990975997], [109.77067328918002, -7.369467990975997], [109.77067328918002, -7.369737484328494], [109.76905632906504, -7.369737484328494], [109.76905632906504, -7.370815457738483], [109.76959531577003, -7.370815457738483], [109.76959531577003, -7.370545964385985], [109.77121227588502, -7.370545964385985], [109.77121227588502, -7.370276471033488], [109.77175126259002, -7.370276471033488], [109.77175126259002, -7.37000697768099], [109.7720207559425, -7.37000697768099], [109.7720207559425, -7.369737484328494], [109.772290249295, -7.369737484328494], [109.772290249295, -7.369198497623499], [109.7725597426475, -7.369198497623499], [109.7725597426475, -7.366773057451023], [109.772829236, -7.366773057451023], [109.772829236, -7.366503564098526], [109.7730987293525, -7.366503564098526], [109.7730987293525, -7.366234070746028], [109.77336822270499, -7.366234070746028], [109.77336822270499, -7.365964577393531], [109.7736377160575, -7.365964577393531], [109.7736377160575, -7.365425590688536], [109.77390720940998, -7.365425590688536], [109.77390720940998, -7.365156097336039], [109.77417670276249, -7.365156097336039], [109.77417670276249, -7.364886603983542], [109.77444619611498, -7.364886603983542], [109.77444619611498, -7.364347617278548], [109.77498518281998, -7.364347617278548], [109.77498518281998, -7.36407812392605], [109.77606315622997, -7.36407812392605], [109.77606315622997, -7.364347617278548], [109.77741062299245, -7.364347617278548], [109.77741062299245, -7.364617110631045], [109.77794960969744, -7.364617110631045], [109.77794960969744, -7.364886603983542], [109.77848859640244, -7.364886603983542], [109.77848859640244, -7.365156097336039], [109.77956656981243, -7.365156097336039], [109.77956656981243, -7.364886603983542], [109.77983606316492, -7.364886603983542], [109.77983606316492, -7.364617110631045], [109.78037504986992, -7.364617110631045], [109.78037504986992, -7.364347617278548], [109.78064454322242, -7.364347617278548], [109.78064454322242, -7.36407812392605], [109.78118352992742, -7.36407812392605], [109.78118352992742, -7.363808630573553], [109.78172251663241, -7.363808630573553], [109.78172251663241, -7.363539137221055], [109.7819920099849, -7.363539137221055], [109.7819920099849, -7.363269643868558], [109.7825309966899, -7.363269643868558], [109.7825309966899, -7.36300015051606], [109.7828004900424, -7.36300015051606], [109.7828004900424, -7.362730657163564], [109.7830699833949, -7.362730657163564], [109.7830699833949, -7.362461163811067], [109.7833394767474, -7.362461163811067], [109.7833394767474, -7.361113697048579], [109.7830699833949, -7.361113697048579], [109.7830699833949, -7.360574710343585], [109.7828004900424, -7.360574710343585]]]}}, {"type": "Feature", "properties": {"fid": 22, "DN": 2, "Keterangan": "Sedang"}, "geometry": {"type": "Polygon", "coordinates": [[[109.65371317419618, -7.371893431148472], [109.65371317419618, -7.372162924500969], [109.65317418749119, -7.372162924500969], [109.65317418749119, -7.372432417853466], [109.6529046941387, -7.372432417853466], [109.6529046941387, -7.372701911205964], [109.65263520078621, -7.372701911205964], [109.65263520078621, -7.374049377968451], [109.65317418749119, -7.374049377968451], [109.65317418749119, -7.373779884615953], [109.65398266754869, -7.373779884615953], [109.65398266754869, -7.373510391263456], [109.65640810772116, -7.373510391263456], [109.65640810772116, -7.373779884615953], [109.65775557448364, -7.373779884615953], [109.65775557448364, -7.373510391263456], [109.65883354789364, -7.373510391263456], [109.65883354789364, -7.373240897910958], [109.65937253459863, -7.373240897910958], [109.65937253459863, -7.372701911205964], [109.65964202795114, -7.372701911205964], [109.65964202795114, -7.372432417853466], [109.65829456118864, -7.372432417853466], [109.65829456118864, -7.372701911205964], [109.65775557448364, -7.372701911205964], [109.65775557448364, -7.372971404558461], [109.65613861436867, -7.372971404558461], [109.65613861436867, -7.372701911205964], [109.65559962766368, -7.372701911205964], [109.65559962766368, -7.372432417853466], [109.65533013431117, -7.372432417853466], [109.65533013431117, -7.372162924500969], [109.65452165425368, -7.372162924500969], [109.65452165425368, -7.371893431148472], [109.65371317419618, -7.371893431148472]]]}}, {"type": "Feature", "properties": {"fid": 23, "DN": 1, "Keterangan": "Rendah"}, "geometry": {"type": "Polygon", "coordinates": [[[109.64374192015379, -7.378630764960905], [109.64374192015379, -7.378900258313402], [109.64401141350629, -7.378900258313402], [109.64401141350629, -7.379169751665899], [109.64481989356378, -7.379169751665899], [109.64481989356378, -7.379439245018396], [109.64616736032626, -7.379439245018396], [109.64616736032626, -7.379169751665899], [109.64562837362126, -7.379169751665899], [109.64562837362126, -7.378900258313402], [109.64428090685878, -7.378900258313402], [109.64428090685878, -7.378630764960905], [109.64374192015379, -7.378630764960905]]]}}, {"type": "Feature", "properties": {"fid": 24, "DN": 1, "Keterangan": "Rendah"}, "geometry": {"type": "Polygon", "coordinates": [[[109.76851734236004, -7.370815457738483], [109.76851734236004, -7.37108495109098], [109.76770886230256, -7.37108495109098], [109.76770886230256, -7.371354444443478], [109.76743936895005, -7.371354444443478], [109.76743936895005, -7.373240897910958], [109.76770886230256, -7.373240897910958], [109.76770886230256, -7.373510391263456], [109.76690038224505, -7.373510391263456], [109.76690038224505, -7.375666338083434], [109.76609190218757, -7.375666338083434], [109.76609190218757, -7.37701380484592], [109.76555291548257, -7.37701380484592], [109.76555291548257, -7.377283298198418], [109.76528342213007, -7.377283298198418], [109.76528342213007, -7.377552791550915], [109.76501392877758, -7.377552791550915], [109.76501392877758, -7.377822284903413], [109.76447494207258, -7.377822284903413], [109.76447494207258, -7.378361271608407], [109.76420544872009, -7.378361271608407], [109.76420544872009, -7.378900258313402], [109.76393595536759, -7.378900258313402], [109.76393595536759, -7.379708738370894], [109.76420544872009, -7.379708738370894], [109.76420544872009, -7.379978231723391], [109.76447494207258, -7.379978231723391], [109.76447494207258, -7.379439245018396], [109.76474443542507, -7.379439245018396], [109.76474443542507, -7.378900258313402], [109.76528342213007, -7.378900258313402], [109.76528342213007, -7.378630764960905], [109.76555291548257, -7.378630764960905], [109.76555291548257, -7.378361271608407], [109.76582240883506, -7.378361271608407], [109.76582240883506, -7.37809177825591], [109.76636139554006, -7.37809177825591], [109.76636139554006, -7.377822284903413], [109.76663088889256, -7.377822284903413], [109.76663088889256, -7.376744311493423], [109.76690038224505, -7.376744311493423], [109.76690038224505, -7.375935831435932], [109.76716987559756, -7.375935831435932], [109.76716987559756, -7.375396844730937], [109.76743936895005, -7.375396844730937], [109.76743936895005, -7.374857858025942], [109.76770886230256, -7.374857858025942], [109.76770886230256, -7.374049377968451], [109.76797835565505, -7.374049377968451], [109.76797835565505, -7.372432417853466], [109.76824784900755, -7.372432417853466], [109.76824784900755, -7.371623937795975], [109.76851734236004, -7.371623937795975], [109.76851734236004, -7.371354444443478], [109.76878683571253, -7.371354444443478], [109.76878683571253, -7.37108495109098], [109.76905632906504, -7.37108495109098], [109.76905632906504, -7.370815457738483], [109.76851734236004, -7.370815457738483]]]}}, {"type": "Feature", "properties": {"fid": 25, "DN": 3, "Keterangan": "Tinggi"}, "geometry": {"type": "Polygon", "coordinates": [[[109.6415859733338, -7.378630764960905], [109.6415859733338, -7.378900258313402], [109.64131647998131, -7.378900258313402], [109.64131647998131, -7.379169751665899], [109.64104698662882, -7.379169751665899], [109.64104698662882, -7.379978231723391], [109.6415859733338, -7.379978231723391], [109.6415859733338, -7.380247725075888], [109.6421249600388, -7.380247725075888], [109.6421249600388, -7.379978231723391], [109.6423944533913, -7.379978231723391], [109.6423944533913, -7.378900258313402], [109.6421249600388, -7.378900258313402], [109.6421249600388, -7.378630764960905], [109.6415859733338, -7.378630764960905]]]}}, {"type": "Feature", "properties": {"fid": 26, "DN": 1, "Keterangan": "Rendah"}, "geometry": {"type": "Polygon", "coordinates": [[[109.66045050800862, -7.350603456301185], [109.66045050800862, -7.350872949653682], [109.65775557448364, -7.350872949653682], [109.65775557448364, -7.35114244300618], [109.65748608113115, -7.35114244300618], [109.65748608113115, -7.351950923063671], [109.65802506783615, -7.351950923063671], [109.65802506783615, -7.352489909768666], [109.65829456118864, -7.352489909768666], [109.65829456118864, -7.352759403121163], [109.65856405454115, -7.352759403121163], [109.65856405454115, -7.353298389826158], [109.65883354789364, -7.353298389826158], [109.65883354789364, -7.354376363236147], [109.65856405454115, -7.354376363236147], [109.65856405454115, -7.355184843293639], [109.65829456118864, -7.355184843293639], [109.65829456118864, -7.355993323351131], [109.65856405454115, -7.355993323351131], [109.65856405454115, -7.356262816703628], [109.65910304124614, -7.356262816703628], [109.65910304124614, -7.356532310056125], [109.65937253459863, -7.356532310056125], [109.65937253459863, -7.356801803408623], [109.65964202795114, -7.356801803408623], [109.65964202795114, -7.35707129676112], [109.65398266754869, -7.35707129676112], [109.65398266754869, -7.357340790113618], [109.65371317419618, -7.357340790113618], [109.65371317419618, -7.357610283466115], [109.6534436808437, -7.357610283466115], [109.6534436808437, -7.357340790113618], [109.6523657074337, -7.357340790113618], [109.6523657074337, -7.357610283466115], [109.65155722737622, -7.357610283466115], [109.65155722737622, -7.35814927017111], [109.65101824067122, -7.35814927017111], [109.65101824067122, -7.358418763523606], [109.65047925396622, -7.358418763523606], [109.65047925396622, -7.360305216991088], [109.65020976061372, -7.360305216991088], [109.65020976061372, -7.361113697048579], [109.65047925396622, -7.361113697048579], [109.65047925396622, -7.361652683753574], [109.65020976061372, -7.361652683753574], [109.65020976061372, -7.362461163811067], [109.64994026726123, -7.362461163811067], [109.64994026726123, -7.36407812392605], [109.64967077390872, -7.36407812392605], [109.64967077390872, -7.364347617278548], [109.64940128055623, -7.364347617278548], [109.64940128055623, -7.364886603983542], [109.64913178720373, -7.364886603983542], [109.64913178720373, -7.365156097336039], [109.64886229385124, -7.365156097336039], [109.64886229385124, -7.365425590688536], [109.64778432044125, -7.365425590688536], [109.64778432044125, -7.365695084041034], [109.64616736032626, -7.365695084041034], [109.64616736032626, -7.367851030861012], [109.64643685367876, -7.367851030861012], [109.64643685367876, -7.368120524213509], [109.64616736032626, -7.368120524213509], [109.64616736032626, -7.368659510918504], [109.64589786697377, -7.368659510918504], [109.64589786697377, -7.368929004271002], [109.64535888026877, -7.368929004271002], [109.64535888026877, -7.369737484328494], [109.64455040021129, -7.369737484328494], [109.64455040021129, -7.370545964385985], [109.64374192015379, -7.370545964385985], [109.64374192015379, -7.371354444443478], [109.6421249600388, -7.371354444443478], [109.6421249600388, -7.373779884615953], [109.64131647998131, -7.373779884615953], [109.64131647998131, -7.375127351378439], [109.64104698662882, -7.375127351378439], [109.64104698662882, -7.375396844730937], [109.64050799992383, -7.375396844730937], [109.64050799992383, -7.37701380484592], [109.63969951986633, -7.37701380484592], [109.63969951986633, -7.378361271608407], [109.63916053316133, -7.378361271608407], [109.63916053316133, -7.378630764960905], [109.63889103980884, -7.378630764960905], [109.63889103980884, -7.378900258313402], [109.63835205310384, -7.378900258313402], [109.63835205310384, -7.379169751665899], [109.63781306639885, -7.379169751665899], [109.63781306639885, -7.378900258313402], [109.63754357304636, -7.378900258313402], [109.63754357304636, -7.378630764960905], [109.63673509298886, -7.378630764960905], [109.63673509298886, -7.378900258313402], [109.63619610628386, -7.378900258313402], [109.63619610628386, -7.379169751665899], [109.63511813287387, -7.379169751665899], [109.63511813287387, -7.379439245018396], [109.63457914616887, -7.379439245018396], [109.63457914616887, -7.380247725075888], [109.63377066611139, -7.380247725075888], [109.63377066611139, -7.380786711780883], [109.63484863952138, -7.380786711780883], [109.63484863952138, -7.380517218428386], [109.63538762622638, -7.380517218428386], [109.63538762622638, -7.380247725075888], [109.63592661293137, -7.380247725075888], [109.63592661293137, -7.379978231723391], [109.63646559963637, -7.379978231723391], [109.63646559963637, -7.379708738370894], [109.63727407969385, -7.379708738370894], [109.63727407969385, -7.379439245018396], [109.63889103980884, -7.379439245018396], [109.63889103980884, -7.379169751665899], [109.63943002651384, -7.379169751665899], [109.63943002651384, -7.378900258313402], [109.63969951986633, -7.378900258313402], [109.63969951986633, -7.378630764960905], [109.63996901321883, -7.378630764960905], [109.63996901321883, -7.378361271608407], [109.64023850657132, -7.378361271608407], [109.64023850657132, -7.37809177825591], [109.64050799992383, -7.37809177825591], [109.64050799992383, -7.377552791550915], [109.64077749327632, -7.377552791550915], [109.64077749327632, -7.376744311493423], [109.64104698662882, -7.376744311493423], [109.64104698662882, -7.376205324788429], [109.64131647998131, -7.376205324788429], [109.64131647998131, -7.375666338083434], [109.6415859733338, -7.375666338083434], [109.6415859733338, -7.375127351378439], [109.64185546668631, -7.375127351378439], [109.64185546668631, -7.374588364673445], [109.6421249600388, -7.374588364673445], [109.6421249600388, -7.374318871320948], [109.6423944533913, -7.374318871320948], [109.6423944533913, -7.373779884615953], [109.6426639467438, -7.373779884615953], [109.6426639467438, -7.372971404558461], [109.6429334400963, -7.372971404558461], [109.6429334400963, -7.372432417853466], [109.64320293344879, -7.372432417853466], [109.64320293344879, -7.372162924500969], [109.6434724268013, -7.372162924500969], [109.6434724268013, -7.371893431148472], [109.64374192015379, -7.371893431148472], [109.64374192015379, -7.371623937795975], [109.64428090685878, -7.371623937795975], [109.64428090685878, -7.371354444443478], [109.64481989356378, -7.371354444443478], [109.64481989356378, -7.37108495109098], [109.64535888026877, -7.37108495109098], [109.64535888026877, -7.370815457738483], [109.64589786697377, -7.370815457738483], [109.64589786697377, -7.370545964385985], [109.64616736032626, -7.370545964385985], [109.64616736032626, -7.370276471033488], [109.64643685367876, -7.370276471033488], [109.64643685367876, -7.369737484328494], [109.64670634703126, -7.369737484328494], [109.64670634703126, -7.367312044156018], [109.64697584038376, -7.367312044156018], [109.64697584038376, -7.366773057451023], [109.64724533373625, -7.366773057451023], [109.64724533373625, -7.366503564098526], [109.64751482708876, -7.366503564098526], [109.64751482708876, -7.366234070746028], [109.64805381379375, -7.366234070746028], [109.64805381379375, -7.365964577393531], [109.64913178720373, -7.365964577393531], [109.64913178720373, -7.367042550803521], [109.64886229385124, -7.367042550803521], [109.64886229385124, -7.367851030861012], [109.64859280049875, -7.367851030861012], [109.64859280049875, -7.368390017566007], [109.64832330714624, -7.368390017566007], [109.64832330714624, -7.368659510918504], [109.64805381379375, -7.368659510918504], [109.64805381379375, -7.369198497623499], [109.64778432044125, -7.369198497623499], [109.64778432044125, -7.369737484328494], [109.64751482708876, -7.369737484328494], [109.64751482708876, -7.370276471033488], [109.64724533373625, -7.370276471033488], [109.64724533373625, -7.370815457738483], [109.64697584038376, -7.370815457738483], [109.64697584038376, -7.371354444443478], [109.64670634703126, -7.371354444443478], [109.64670634703126, -7.371623937795975], [109.64643685367876, -7.371623937795975], [109.64643685367876, -7.371893431148472], [109.64616736032626, -7.371893431148472], [109.64616736032626, -7.372162924500969], [109.64589786697377, -7.372162924500969], [109.64589786697377, -7.372701911205964], [109.64562837362126, -7.372701911205964], [109.64562837362126, -7.372971404558461], [109.64535888026877, -7.372971404558461], [109.64535888026877, -7.373240897910958], [109.64508938691628, -7.373240897910958], [109.64508938691628, -7.373510391263456], [109.64481989356378, -7.373510391263456], [109.64481989356378, -7.374049377968451], [109.64455040021129, -7.374049377968451], [109.64455040021129, -7.374318871320948], [109.64428090685878, -7.374318871320948], [109.64428090685878, -7.374857858025942], [109.64401141350629, -7.374857858025942], [109.64401141350629, -7.375396844730937], [109.64374192015379, -7.375396844730937], [109.64374192015379, -7.375935831435932], [109.6434724268013, -7.375935831435932], [109.6434724268013, -7.376744311493423], [109.64320293344879, -7.376744311493423], [109.64320293344879, -7.378361271608407], [109.6434724268013, -7.378361271608407], [109.6434724268013, -7.378630764960905], [109.64374192015379, -7.378630764960905], [109.64374192015379, -7.37809177825591], [109.6434724268013, -7.37809177825591], [109.6434724268013, -7.377552791550915], [109.64374192015379, -7.377552791550915], [109.64374192015379, -7.376744311493423], [109.64401141350629, -7.376744311493423], [109.64401141350629, -7.375935831435932], [109.64428090685878, -7.375935831435932], [109.64428090685878, -7.375396844730937], [109.64455040021129, -7.375396844730937], [109.64455040021129, -7.375127351378439], [109.64508938691628, -7.375127351378439], [109.64508938691628, -7.374049377968451], [109.64535888026877, -7.374049377968451], [109.64535888026877, -7.373779884615953], [109.64562837362126, -7.373779884615953], [109.64562837362126, -7.373240897910958], [109.64589786697377, -7.373240897910958], [109.64589786697377, -7.372971404558461], [109.64643685367876, -7.372971404558461], [109.64643685367876, -7.372701911205964], [109.64670634703126, -7.372701911205964], [109.64670634703126, -7.372162924500969], [109.64724533373625, -7.372162924500969], [109.64724533373625, -7.371893431148472], [109.64751482708876, -7.371893431148472], [109.64751482708876, -7.371623937795975], [109.64778432044125, -7.371623937795975], [109.64778432044125, -7.371354444443478], [109.64805381379375, -7.371354444443478], [109.64805381379375, -7.370276471033488], [109.64832330714624, -7.370276471033488], [109.64832330714624, -7.37000697768099], [109.64859280049875, -7.37000697768099], [109.64859280049875, -7.369737484328494], [109.64886229385124, -7.369737484328494], [109.64886229385124, -7.369467990975997], [109.64913178720373, -7.369467990975997], [109.64913178720373, -7.367851030861012], [109.64940128055623, -7.367851030861012], [109.64940128055623, -7.367581537508515], [109.64994026726123, -7.367581537508515], [109.64994026726123, -7.367312044156018], [109.65047925396622, -7.367312044156018], [109.65047925396622, -7.367042550803521], [109.65074874731872, -7.367042550803521], [109.65074874731872, -7.366503564098526], [109.65101824067122, -7.366503564098526], [109.65101824067122, -7.365695084041034], [109.65074874731872, -7.365695084041034], [109.65074874731872, -7.365425590688536], [109.65101824067122, -7.365425590688536], [109.65101824067122, -7.365156097336039], [109.65128773402371, -7.365156097336039], [109.65128773402371, -7.364886603983542], [109.65155722737622, -7.364886603983542], [109.65155722737622, -7.363808630573553], [109.6518267207287, -7.363808630573553], [109.6518267207287, -7.361652683753574], [109.65155722737622, -7.361652683753574], [109.65155722737622, -7.361383190401077], [109.6529046941387, -7.361383190401077], [109.6529046941387, -7.360844203696082], [109.65317418749119, -7.360844203696082], [109.65317418749119, -7.360035723638591], [109.6529046941387, -7.360035723638591], [109.6529046941387, -7.359766230286093], [109.65398266754869, -7.359766230286093], [109.65398266754869, -7.358418763523606], [109.65425216090118, -7.358418763523606], [109.65425216090118, -7.35814927017111], [109.65533013431117, -7.35814927017111], [109.65533013431117, -7.358418763523606], [109.65640810772116, -7.358418763523606], [109.65640810772116, -7.35814927017111], [109.66018101465612, -7.35814927017111], [109.66018101465612, -7.357879776818612], [109.66072000136111, -7.357879776818612], [109.66072000136111, -7.357610283466115], [109.66098949471362, -7.357610283466115], [109.66098949471362, -7.357340790113618], [109.66125898806611, -7.357340790113618], [109.66125898806611, -7.356801803408623], [109.66152848141861, -7.356801803408623], [109.66152848141861, -7.355993323351131], [109.66098949471362, -7.355993323351131], [109.66098949471362, -7.355723829998634], [109.66045050800862, -7.355723829998634], [109.66045050800862, -7.355454336646137], [109.65991152130363, -7.355454336646137], [109.65991152130363, -7.355184843293639], [109.65964202795114, -7.355184843293639], [109.65964202795114, -7.352489909768666], [109.65991152130363, -7.352489909768666], [109.65991152130363, -7.351950923063671], [109.66125898806611, -7.351950923063671], [109.66125898806611, -7.350603456301185], [109.66045050800862, -7.350603456301185]]]}}, {"type": "Feature", "properties": {"fid": 27, "DN": 1, "Keterangan": "Rendah"}, "geometry": {"type": "Polygon", "coordinates": [[[109.58984324965432, -7.379439245018396], [109.58984324965432, -7.380247725075888], [109.58741780948185, -7.380247725075888], [109.58741780948185, -7.381595191838375], [109.58768730283435, -7.381595191838375], [109.58768730283435, -7.382403671895867], [109.58849578289184, -7.382403671895867], [109.58849578289184, -7.381864685190872], [109.58876527624435, -7.381864685190872], [109.58876527624435, -7.381595191838375], [109.58903476959684, -7.381595191838375], [109.58903476959684, -7.381325698485877], [109.58930426294933, -7.381325698485877], [109.58930426294933, -7.381056205133381], [109.58984324965432, -7.381056205133381], [109.58984324965432, -7.380786711780883], [109.59011274300683, -7.380786711780883], [109.59011274300683, -7.380517218428386], [109.59038223635932, -7.380517218428386], [109.59038223635932, -7.379978231723391], [109.59065172971182, -7.379978231723391], [109.59065172971182, -7.379439245018396], [109.58984324965432, -7.379439245018396]]]}}, {"type": "Feature", "properties": {"fid": 28, "DN": 2, "Keterangan": "Sedang"}, "geometry": {"type": "Polygon", "coordinates": [[[109.68443541638088, -7.380517218428386], [109.68443541638088, -7.380786711780883], [109.68389642967588, -7.380786711780883], [109.68389642967588, -7.381325698485877], [109.68362693632339, -7.381325698485877], [109.68362693632339, -7.381595191838375], [109.68335744297089, -7.381595191838375], [109.68335744297089, -7.382134178543369], [109.68362693632339, -7.382134178543369], [109.68362693632339, -7.382403671895867], [109.68443541638088, -7.382403671895867], [109.68443541638088, -7.382134178543369], [109.68470490973338, -7.382134178543369], [109.68470490973338, -7.381864685190872], [109.68497440308587, -7.381864685190872], [109.68497440308587, -7.381595191838375], [109.68524389643838, -7.381595191838375], [109.68524389643838, -7.380517218428386], [109.68443541638088, -7.380517218428386]]]}}, {"type": "Feature", "properties": {"fid": 29, "DN": 1, "Keterangan": "Rendah"}, "geometry": {"type": "Polygon", "coordinates": [[[109.62703333229895, -7.37000697768099], [109.62703333229895, -7.370815457738483], [109.62676383894646, -7.370815457738483], [109.62676383894646, -7.37108495109098], [109.62649434559395, -7.37108495109098], [109.62649434559395, -7.371354444443478], [109.62622485224146, -7.371354444443478], [109.62622485224146, -7.370545964385985], [109.62460789212648, -7.370545964385985], [109.62460789212648, -7.371354444443478], [109.62433839877399, -7.371354444443478], [109.62433839877399, -7.372162924500969], [109.62406890542148, -7.372162924500969], [109.62406890542148, -7.371354444443478], [109.62029599848653, -7.371354444443478], [109.62029599848653, -7.372162924500969], [109.61679258490406, -7.372162924500969], [109.61679258490406, -7.370545964385985], [109.61544511814157, -7.370545964385985], [109.61544511814157, -7.373510391263456], [109.61706207825655, -7.373510391263456], [109.61706207825655, -7.375935831435932], [109.61814005166654, -7.375935831435932], [109.61814005166654, -7.376205324788429], [109.61787055831405, -7.376205324788429], [109.61787055831405, -7.376474818140927], [109.61733157160906, -7.376474818140927], [109.61733157160906, -7.376205324788429], [109.61652309155156, -7.376205324788429], [109.61652309155156, -7.376474818140927], [109.61625359819907, -7.376474818140927], [109.61625359819907, -7.376744311493423], [109.61598410484656, -7.376744311493423], [109.61598410484656, -7.37701380484592], [109.61544511814157, -7.37701380484592], [109.61544511814157, -7.376744311493423], [109.61517562478907, -7.376744311493423], [109.61517562478907, -7.376205324788429], [109.61490613143658, -7.376205324788429], [109.61490613143658, -7.375666338083434], [109.61409765137908, -7.375666338083434], [109.61409765137908, -7.375396844730937], [109.61301967796909, -7.375396844730937], [109.61301967796909, -7.375666338083434], [109.6127501846166, -7.375666338083434], [109.6127501846166, -7.375396844730937], [109.61167221120661, -7.375396844730937], [109.61167221120661, -7.375666338083434], [109.61140271785412, -7.375666338083434], [109.61140271785412, -7.375935831435932], [109.61113322450161, -7.375935831435932], [109.61113322450161, -7.376474818140927], [109.61059423779662, -7.376474818140927], [109.61059423779662, -7.376744311493423], [109.61032474444413, -7.376744311493423], [109.61032474444413, -7.377283298198418], [109.60978575773913, -7.377283298198418], [109.60978575773913, -7.377552791550915], [109.60951626438663, -7.377552791550915], [109.60951626438663, -7.37809177825591], [109.60897727768163, -7.37809177825591], [109.60897727768163, -7.378361271608407], [109.60870778432914, -7.378361271608407], [109.60870778432914, -7.378900258313402], [109.60816879762415, -7.378900258313402], [109.60816879762415, -7.379169751665899], [109.60789930427164, -7.379169751665899], [109.60789930427164, -7.379708738370894], [109.60736031756666, -7.379708738370894], [109.60736031756666, -7.379978231723391], [109.60709082421415, -7.379978231723391], [109.60709082421415, -7.380517218428386], [109.60655183750916, -7.380517218428386], [109.60655183750916, -7.380786711780883], [109.60628234415667, -7.380786711780883], [109.60628234415667, -7.381595191838375], [109.60655183750916, -7.381595191838375], [109.60655183750916, -7.381864685190872], [109.60682133086166, -7.381864685190872], [109.60682133086166, -7.382403671895867], [109.60709082421415, -7.382403671895867], [109.60709082421415, -7.382673165248364], [109.60736031756666, -7.382673165248364], [109.60736031756666, -7.382942658600862], [109.60816879762415, -7.382942658600862], [109.60816879762415, -7.382673165248364], [109.60789930427164, -7.382673165248364], [109.60789930427164, -7.381056205133381], [109.60816879762415, -7.381056205133381], [109.60816879762415, -7.380517218428386], [109.60843829097664, -7.380517218428386], [109.60843829097664, -7.380247725075888], [109.60870778432914, -7.380247725075888], [109.60870778432914, -7.379978231723391], [109.60897727768163, -7.379978231723391], [109.60897727768163, -7.379708738370894], [109.60924677103414, -7.379708738370894], [109.60924677103414, -7.379439245018396], [109.60951626438663, -7.379439245018396], [109.60951626438663, -7.379169751665899], [109.60978575773913, -7.379169751665899], [109.60978575773913, -7.378900258313402], [109.61005525109162, -7.378900258313402], [109.61005525109162, -7.378630764960905], [109.61032474444413, -7.378630764960905], [109.61032474444413, -7.378361271608407], [109.61059423779662, -7.378361271608407], [109.61059423779662, -7.37809177825591], [109.61086373114912, -7.37809177825591], [109.61086373114912, -7.377822284903413], [109.61113322450161, -7.377822284903413], [109.61113322450161, -7.377552791550915], [109.61140271785412, -7.377552791550915], [109.61140271785412, -7.377283298198418], [109.6119417045591, -7.377283298198418], [109.6119417045591, -7.37701380484592], [109.6122111979116, -7.37701380484592], [109.6122111979116, -7.376744311493423], [109.61382815802659, -7.376744311493423], [109.61382815802659, -7.37701380484592], [109.61436714473159, -7.37701380484592], [109.61436714473159, -7.377283298198418], [109.61463663808408, -7.377283298198418], [109.61463663808408, -7.377822284903413], [109.61490613143658, -7.377822284903413], [109.61490613143658, -7.37809177825591], [109.61517562478907, -7.37809177825591], [109.61517562478907, -7.378900258313402], [109.61544511814157, -7.378900258313402], [109.61544511814157, -7.379169751665899], [109.61571461149407, -7.379169751665899], [109.61571461149407, -7.379439245018396], [109.61598410484656, -7.379439245018396], [109.61598410484656, -7.379708738370894], [109.61652309155156, -7.379708738370894], [109.61652309155156, -7.379978231723391], [109.61679258490406, -7.379978231723391], [109.61679258490406, -7.380247725075888], [109.61733157160906, -7.380247725075888], [109.61733157160906, -7.380517218428386], [109.61894853172404, -7.380517218428386], [109.61894853172404, -7.379978231723391], [109.61921802507653, -7.379978231723391], [109.61921802507653, -7.37809177825591], [109.61948751842903, -7.37809177825591], [109.61948751842903, -7.377552791550915], [109.61975701178153, -7.377552791550915], [109.61975701178153, -7.37701380484592], [109.62002650513402, -7.37701380484592], [109.62002650513402, -7.376205324788429], [109.61975701178153, -7.376205324788429], [109.61975701178153, -7.375666338083434], [109.61948751842903, -7.375666338083434], [109.61948751842903, -7.375396844730937], [109.61921802507653, -7.375396844730937], [109.61921802507653, -7.375127351378439], [109.61894853172404, -7.375127351378439], [109.61894853172404, -7.374318871320948], [109.61867903837154, -7.374318871320948], [109.61867903837154, -7.373510391263456], [109.61894853172404, -7.373510391263456], [109.61894853172404, -7.372971404558461], [109.61948751842903, -7.372971404558461], [109.61948751842903, -7.372701911205964], [109.62029599848653, -7.372701911205964], [109.62029599848653, -7.372432417853466], [109.622182451954, -7.372432417853466], [109.622182451954, -7.372162924500969], [109.62299093201149, -7.372162924500969], [109.62299093201149, -7.372432417853466], [109.62676383894646, -7.372432417853466], [109.62676383894646, -7.372701911205964], [109.62703333229895, -7.372701911205964], [109.62703333229895, -7.372971404558461], [109.62730282565146, -7.372971404558461], [109.62730282565146, -7.373240897910958], [109.62757231900395, -7.373240897910958], [109.62757231900395, -7.373510391263456], [109.62784181235645, -7.373510391263456], [109.62784181235645, -7.374049377968451], [109.62811130570894, -7.374049377968451], [109.62811130570894, -7.374318871320948], [109.62838079906145, -7.374318871320948], [109.62838079906145, -7.374588364673445], [109.62865029241394, -7.374588364673445], [109.62865029241394, -7.374857858025942], [109.62891978576644, -7.374857858025942], [109.62891978576644, -7.375396844730937], [109.62918927911893, -7.375396844730937], [109.62918927911893, -7.375666338083434], [109.62972826582393, -7.375666338083434], [109.62972826582393, -7.375935831435932], [109.6329621860539, -7.375935831435932], [109.6329621860539, -7.376205324788429], [109.6335011727589, -7.376205324788429], [109.6335011727589, -7.376474818140927], [109.63377066611139, -7.376474818140927], [109.63377066611139, -7.377552791550915], [109.6335011727589, -7.377552791550915], [109.6335011727589, -7.379439245018396], [109.63323167940639, -7.379439245018396], [109.63323167940639, -7.379708738370894], [109.6335011727589, -7.379708738370894], [109.6335011727589, -7.380247725075888], [109.63377066611139, -7.380247725075888], [109.63377066611139, -7.379708738370894], [109.63404015946388, -7.379708738370894], [109.63404015946388, -7.379439245018396], [109.63430965281638, -7.379439245018396], [109.63430965281638, -7.378361271608407], [109.63484863952138, -7.378361271608407], [109.63484863952138, -7.37809177825591], [109.63511813287387, -7.37809177825591], [109.63511813287387, -7.377822284903413], [109.63538762622638, -7.377822284903413], [109.63538762622638, -7.377552791550915], [109.63619610628386, -7.377552791550915], [109.63619610628386, -7.375396844730937], [109.63646559963637, -7.375396844730937], [109.63646559963637, -7.374857858025942], [109.63673509298886, -7.374857858025942], [109.63673509298886, -7.374588364673445], [109.63727407969385, -7.374588364673445], [109.63727407969385, -7.373779884615953], [109.63646559963637, -7.373779884615953], [109.63646559963637, -7.373510391263456], [109.63619610628386, -7.373510391263456], [109.63619610628386, -7.372162924500969], [109.63484863952138, -7.372162924500969], [109.63484863952138, -7.373779884615953], [109.63404015946388, -7.373779884615953], [109.63404015946388, -7.374857858025942], [109.63377066611139, -7.374857858025942], [109.63377066611139, -7.375127351378439], [109.6329621860539, -7.375127351378439], [109.6329621860539, -7.373779884615953], [109.63080623923392, -7.373779884615953], [109.63080623923392, -7.373240897910958], [109.63053674588141, -7.373240897910958], [109.63053674588141, -7.372701911205964], [109.63026725252892, -7.372701911205964], [109.63026725252892, -7.372432417853466], [109.62972826582393, -7.372432417853466], [109.62972826582393, -7.371893431148472], [109.62945877247144, -7.371893431148472], [109.62945877247144, -7.371354444443478], [109.62838079906145, -7.371354444443478], [109.62838079906145, -7.37108495109098], [109.62811130570894, -7.37108495109098], [109.62811130570894, -7.370815457738483], [109.62784181235645, -7.370815457738483], [109.62784181235645, -7.37000697768099], [109.62703333229895, -7.37000697768099]], [[109.61787055831405, -7.379978231723391], [109.61814005166654, -7.379978231723391], [109.61814005166654, -7.380247725075888], [109.61787055831405, -7.380247725075888], [109.61787055831405, -7.379978231723391]]]}}, {"type": "Feature", "properties": {"fid": 30, "DN": 1, "Keterangan": "Rendah"}, "geometry": {"type": "Polygon", "coordinates": [[[109.76420544872009, -7.380786711780883], [109.76420544872009, -7.381056205133381], [109.76393595536759, -7.381056205133381], [109.76393595536759, -7.381325698485877], [109.7636664620151, -7.381325698485877], [109.7636664620151, -7.381864685190872], [109.76124102184261, -7.381864685190872], [109.76124102184261, -7.382673165248364], [109.76151051519511, -7.382673165248364], [109.76151051519511, -7.382942658600862], [109.7623189952526, -7.382942658600862], [109.7623189952526, -7.383212151953359], [109.7636664620151, -7.383212151953359], [109.7636664620151, -7.382942658600862], [109.76393595536759, -7.382942658600862], [109.76393595536759, -7.382673165248364], [109.76447494207258, -7.382673165248364], [109.76447494207258, -7.380786711780883], [109.76420544872009, -7.380786711780883]]]}}, {"type": "Feature", "properties": {"fid": 31, "DN": 2, "Keterangan": "Sedang"}, "geometry": {"type": "Polygon", "coordinates": [[[109.61679258490406, -7.365156097336039], [109.61679258490406, -7.365425590688536], [109.61571461149407, -7.365425590688536], [109.61571461149407, -7.365695084041034], [109.61490613143658, -7.365695084041034], [109.61490613143658, -7.365964577393531], [109.61463663808408, -7.365964577393531], [109.61463663808408, -7.366234070746028], [109.61382815802659, -7.366234070746028], [109.61382815802659, -7.366503564098526], [109.61140271785412, -7.366503564098526], [109.61140271785412, -7.366773057451023], [109.61059423779662, -7.366773057451023], [109.61059423779662, -7.367042550803521], [109.61032474444413, -7.367042550803521], [109.61032474444413, -7.367312044156018], [109.60978575773913, -7.367312044156018], [109.60978575773913, -7.367581537508515], [109.60951626438663, -7.367581537508515], [109.60951626438663, -7.367851030861012], [109.60924677103414, -7.367851030861012], [109.60924677103414, -7.368120524213509], [109.60870778432914, -7.368120524213509], [109.60870778432914, -7.368390017566007], [109.60843829097664, -7.368390017566007], [109.60843829097664, -7.368659510918504], [109.60789930427164, -7.368659510918504], [109.60789930427164, -7.368929004271002], [109.60655183750916, -7.368929004271002], [109.60655183750916, -7.368659510918504], [109.60628234415667, -7.368659510918504], [109.60628234415667, -7.368390017566007], [109.60601285080416, -7.368390017566007], [109.60601285080416, -7.368120524213509], [109.60439589068918, -7.368120524213509], [109.60439589068918, -7.368390017566007], [109.60412639733669, -7.368390017566007], [109.60412639733669, -7.368659510918504], [109.6038569039842, -7.368659510918504], [109.6038569039842, -7.369467990975997], [109.60358741063169, -7.369467990975997], [109.60358741063169, -7.37000697768099], [109.6033179172792, -7.37000697768099], [109.6033179172792, -7.370545964385985], [109.6030484239267, -7.370545964385985], [109.6030484239267, -7.370815457738483], [109.6027789305742, -7.370815457738483], [109.6027789305742, -7.37108495109098], [109.6025094372217, -7.37108495109098], [109.6025094372217, -7.371354444443478], [109.60223994386921, -7.371354444443478], [109.60223994386921, -7.371623937795975], [109.6019704505167, -7.371623937795975], [109.6019704505167, -7.372162924500969], [109.60089247710671, -7.372162924500969], [109.60089247710671, -7.372432417853466], [109.60008399704923, -7.372432417853466], [109.60008399704923, -7.372701911205964], [109.59954501034423, -7.372701911205964], [109.59954501034423, -7.372971404558461], [109.59900602363923, -7.372971404558461], [109.59900602363923, -7.373240897910958], [109.59846703693424, -7.373240897910958], [109.59846703693424, -7.373510391263456], [109.59792805022924, -7.373510391263456], [109.59792805022924, -7.373779884615953], [109.59738906352425, -7.373779884615953], [109.59738906352425, -7.373510391263456], [109.59711957017176, -7.373510391263456], [109.59711957017176, -7.373240897910958], [109.59658058346676, -7.373240897910958], [109.59658058346676, -7.372971404558461], [109.59577210340927, -7.372971404558461], [109.59577210340927, -7.372701911205964], [109.59496362335177, -7.372701911205964], [109.59496362335177, -7.372971404558461], [109.59415514329429, -7.372971404558461], [109.59415514329429, -7.373240897910958], [109.59388564994178, -7.373240897910958], [109.59388564994178, -7.373510391263456], [109.59361615658929, -7.373510391263456], [109.59361615658929, -7.374049377968451], [109.59334666323679, -7.374049377968451], [109.59334666323679, -7.374857858025942], [109.5930771698843, -7.374857858025942], [109.5930771698843, -7.376205324788429], [109.5928076765318, -7.376205324788429], [109.5928076765318, -7.376744311493423], [109.5925381831793, -7.376744311493423], [109.5925381831793, -7.37701380484592], [109.59226868982681, -7.37701380484592], [109.59226868982681, -7.377283298198418], [109.5919991964743, -7.377283298198418], [109.5919991964743, -7.377552791550915], [109.59172970312181, -7.377552791550915], [109.59172970312181, -7.377822284903413], [109.59146020976931, -7.377822284903413], [109.59146020976931, -7.37809177825591], [109.59119071641682, -7.37809177825591], [109.59119071641682, -7.378630764960905], [109.59092122306431, -7.378630764960905], [109.59092122306431, -7.379169751665899], [109.59065172971182, -7.379169751665899], [109.59065172971182, -7.379978231723391], [109.59038223635932, -7.379978231723391], [109.59038223635932, -7.380517218428386], [109.59011274300683, -7.380517218428386], [109.59011274300683, -7.380786711780883], [109.58984324965432, -7.380786711780883], [109.58984324965432, -7.381056205133381], [109.58930426294933, -7.381056205133381], [109.58930426294933, -7.381325698485877], [109.58903476959684, -7.381325698485877], [109.58903476959684, -7.381595191838375], [109.58876527624435, -7.381595191838375], [109.58876527624435, -7.381864685190872], [109.58849578289184, -7.381864685190872], [109.58849578289184, -7.382403671895867], [109.58822628953935, -7.382403671895867], [109.58822628953935, -7.382942658600862], [109.58849578289184, -7.382942658600862], [109.58849578289184, -7.383212151953359], [109.58876527624435, -7.383212151953359], [109.58876527624435, -7.382942658600862], [109.58930426294933, -7.382942658600862], [109.58930426294933, -7.382673165248364], [109.58957375630183, -7.382673165248364], [109.58957375630183, -7.382403671895867], [109.58984324965432, -7.382403671895867], [109.58984324965432, -7.382134178543369], [109.59011274300683, -7.382134178543369], [109.59011274300683, -7.381864685190872], [109.59038223635932, -7.381864685190872], [109.59038223635932, -7.381595191838375], [109.59092122306431, -7.381595191838375], [109.59092122306431, -7.381325698485877], [109.59119071641682, -7.381325698485877], [109.59119071641682, -7.381056205133381], [109.59172970312181, -7.381056205133381], [109.59172970312181, -7.380786711780883], [109.5919991964743, -7.380786711780883], [109.5919991964743, -7.380517218428386], [109.59226868982681, -7.380517218428386], [109.59226868982681, -7.380247725075888], [109.5925381831793, -7.380247725075888], [109.5925381831793, -7.379978231723391], [109.5928076765318, -7.379978231723391], [109.5928076765318, -7.379708738370894], [109.5930771698843, -7.379708738370894], [109.5930771698843, -7.378900258313402], [109.59334666323679, -7.378900258313402], [109.59334666323679, -7.378361271608407], [109.59361615658929, -7.378361271608407], [109.59361615658929, -7.377822284903413], [109.59388564994178, -7.377822284903413], [109.59388564994178, -7.377552791550915], [109.59415514329429, -7.377552791550915], [109.59415514329429, -7.377283298198418], [109.59442463664678, -7.377283298198418], [109.59442463664678, -7.37701380484592], [109.59496362335177, -7.37701380484592], [109.59496362335177, -7.376744311493423], [109.59550261005677, -7.376744311493423], [109.59550261005677, -7.376474818140927], [109.59604159676176, -7.376474818140927], [109.59604159676176, -7.376205324788429], [109.59658058346676, -7.376205324788429], [109.59658058346676, -7.375935831435932], [109.59711957017176, -7.375935831435932], [109.59711957017176, -7.375666338083434], [109.59738906352425, -7.375666338083434], [109.59738906352425, -7.375396844730937], [109.59927551699174, -7.375396844730937], [109.59927551699174, -7.375127351378439], [109.59981450369673, -7.375127351378439], [109.59981450369673, -7.374857858025942], [109.60035349040172, -7.374857858025942], [109.60035349040172, -7.374588364673445], [109.60062298375422, -7.374588364673445], [109.60062298375422, -7.374318871320948], [109.60089247710671, -7.374318871320948], [109.60089247710671, -7.374049377968451], [109.60116197045922, -7.374049377968451], [109.60116197045922, -7.373510391263456], [109.6014314638117, -7.373510391263456], [109.6014314638117, -7.372971404558461], [109.60170095716421, -7.372971404558461], [109.60170095716421, -7.372701911205964], [109.6019704505167, -7.372701911205964], [109.6019704505167, -7.372432417853466], [109.6038569039842, -7.372432417853466], [109.6038569039842, -7.372162924500969], [109.60520437074668, -7.372162924500969], [109.60520437074668, -7.371893431148472], [109.60628234415667, -7.371893431148472], [109.60628234415667, -7.371623937795975], [109.60709082421415, -7.371623937795975], [109.60709082421415, -7.371354444443478], [109.60789930427164, -7.371354444443478], [109.60789930427164, -7.37108495109098], [109.60951626438663, -7.37108495109098], [109.60951626438663, -7.370815457738483], [109.61005525109162, -7.370815457738483], [109.61005525109162, -7.370545964385985], [109.61032474444413, -7.370545964385985], [109.61032474444413, -7.370276471033488], [109.61059423779662, -7.370276471033488], [109.61059423779662, -7.37000697768099], [109.61086373114912, -7.37000697768099], [109.61086373114912, -7.369737484328494], [109.61140271785412, -7.369737484328494], [109.61140271785412, -7.369467990975997], [109.6119417045591, -7.369467990975997], [109.6119417045591, -7.369198497623499], [109.61301967796909, -7.369198497623499], [109.61301967796909, -7.368929004271002], [109.61463663808408, -7.368929004271002], [109.61463663808408, -7.368659510918504], [109.61517562478907, -7.368659510918504], [109.61517562478907, -7.368390017566007], [109.61571461149407, -7.368390017566007], [109.61571461149407, -7.368120524213509], [109.61625359819907, -7.368120524213509], [109.61625359819907, -7.367851030861012], [109.61679258490406, -7.367851030861012], [109.61679258490406, -7.367581537508515], [109.61706207825655, -7.367581537508515], [109.61706207825655, -7.367312044156018], [109.61733157160906, -7.367312044156018], [109.61733157160906, -7.367042550803521], [109.61787055831405, -7.367042550803521], [109.61787055831405, -7.366773057451023], [109.61814005166654, -7.366773057451023], [109.61814005166654, -7.366503564098526], [109.61840954501905, -7.366503564098526], [109.61840954501905, -7.366234070746028], [109.61867903837154, -7.366234070746028], [109.61867903837154, -7.365695084041034], [109.61814005166654, -7.365695084041034], [109.61814005166654, -7.365425590688536], [109.61733157160906, -7.365425590688536], [109.61733157160906, -7.365156097336039], [109.61679258490406, -7.365156097336039]]]}}, {"type": "Feature", "properties": {"fid": 32, "DN": 3, "Keterangan": "Tinggi"}, "geometry": {"type": "Polygon", "coordinates": [[[109.6124806912641, -7.378630764960905], [109.6124806912641, -7.378900258313402], [109.6119417045591, -7.378900258313402], [109.6119417045591, -7.379169751665899], [109.61167221120661, -7.379169751665899], [109.61167221120661, -7.379439245018396], [109.61140271785412, -7.379439245018396], [109.61140271785412, -7.379708738370894], [109.61113322450161, -7.379708738370894], [109.61113322450161, -7.379978231723391], [109.61086373114912, -7.379978231723391], [109.61086373114912, -7.380247725075888], [109.61059423779662, -7.380247725075888], [109.61059423779662, -7.380517218428386], [109.61032474444413, -7.380517218428386], [109.61032474444413, -7.380786711780883], [109.61005525109162, -7.380786711780883], [109.61005525109162, -7.381056205133381], [109.60978575773913, -7.381056205133381], [109.60978575773913, -7.382134178543369], [109.61005525109162, -7.382134178543369], [109.61005525109162, -7.382673165248364], [109.61032474444413, -7.382673165248364], [109.61032474444413, -7.382942658600862], [109.61059423779662, -7.382942658600862], [109.61059423779662, -7.383212151953359], [109.61086373114912, -7.383212151953359], [109.61086373114912, -7.383481645305856], [109.61113322450161, -7.383481645305856], [109.61113322450161, -7.38402063201085], [109.6122111979116, -7.38402063201085], [109.6122111979116, -7.383751138658353], [109.6124806912641, -7.383751138658353], [109.6124806912641, -7.383481645305856], [109.61301967796909, -7.383481645305856], [109.61301967796909, -7.383212151953359], [109.61382815802659, -7.383212151953359], [109.61382815802659, -7.382942658600862], [109.61571461149407, -7.382942658600862], [109.61571461149407, -7.382673165248364], [109.61598410484656, -7.382673165248364], [109.61598410484656, -7.382403671895867], [109.61652309155156, -7.382403671895867], [109.61652309155156, -7.382134178543369], [109.61598410484656, -7.382134178543369], [109.61598410484656, -7.381864685190872], [109.61571461149407, -7.381864685190872], [109.61571461149407, -7.381325698485877], [109.61517562478907, -7.381325698485877], [109.61517562478907, -7.381056205133381], [109.61463663808408, -7.381056205133381], [109.61463663808408, -7.380786711780883], [109.61436714473159, -7.380786711780883], [109.61436714473159, -7.380517218428386], [109.61409765137908, -7.380517218428386], [109.61409765137908, -7.379978231723391], [109.61382815802659, -7.379978231723391], [109.61382815802659, -7.379439245018396], [109.61355866467409, -7.379439245018396], [109.61355866467409, -7.379169751665899], [109.6132891713216, -7.379169751665899], [109.6132891713216, -7.378900258313402], [109.61301967796909, -7.378900258313402], [109.61301967796909, -7.378630764960905], [109.6124806912641, -7.378630764960905]]]}}, {"type": "Feature", "properties": {"fid": 33, "DN": 1, "Keterangan": "Rendah"}, "geometry": {"type": "Polygon", "coordinates": [[[109.64535888026877, -7.382134178543369], [109.64535888026877, -7.383212151953359], [109.64616736032626, -7.383212151953359], [109.64616736032626, -7.38402063201085], [109.64643685367876, -7.38402063201085], [109.64643685367876, -7.384290125363348], [109.64724533373625, -7.384290125363348], [109.64724533373625, -7.38402063201085], [109.65425216090118, -7.38402063201085], [109.65425216090118, -7.383751138658353], [109.65371317419618, -7.383751138658353], [109.65371317419618, -7.383481645305856], [109.65209621408121, -7.383481645305856], [109.65209621408121, -7.383212151953359], [109.64940128055623, -7.383212151953359], [109.64940128055623, -7.383481645305856], [109.64751482708876, -7.383481645305856], [109.64751482708876, -7.383212151953359], [109.64697584038376, -7.383212151953359], [109.64697584038376, -7.382942658600862], [109.64670634703126, -7.382942658600862], [109.64670634703126, -7.382673165248364], [109.64616736032626, -7.382673165248364], [109.64616736032626, -7.382403671895867], [109.64589786697377, -7.382403671895867], [109.64589786697377, -7.382134178543369], [109.64535888026877, -7.382134178543369]]]}}, {"type": "Feature", "properties": {"fid": 34, "DN": 1, "Keterangan": "Rendah"}, "geometry": {"type": "Polygon", "coordinates": [[[109.65452165425368, -7.38402063201085], [109.65452165425368, -7.384829112068343], [109.65506064095868, -7.384829112068343], [109.65506064095868, -7.384290125363348], [109.65479114760618, -7.384290125363348], [109.65479114760618, -7.38402063201085], [109.65452165425368, -7.38402063201085]]]}}, {"type": "Feature", "properties": {"fid": 35, "DN": 1, "Keterangan": "Rendah"}, "geometry": {"type": "Polygon", "coordinates": [[[109.68227946956091, -7.338745748791303], [109.68227946956091, -7.340362708906287], [109.6820099762084, -7.340362708906287], [109.6820099762084, -7.341171188963779], [109.68147098950341, -7.341171188963779], [109.68147098950341, -7.342249162373768], [109.6820099762084, -7.342249162373768], [109.6820099762084, -7.343866122488752], [109.68147098950341, -7.343866122488752], [109.68147098950341, -7.344674602546244], [109.68120149615092, -7.344674602546244], [109.68120149615092, -7.346022069308731], [109.68093200279841, -7.346022069308731], [109.68093200279841, -7.346561056013726], [109.68066250944592, -7.346561056013726], [109.68066250944592, -7.347369536071217], [109.68039301609342, -7.347369536071217], [109.68039301609342, -7.347908522776212], [109.67958453603593, -7.347908522776212], [109.67958453603593, -7.348178016128709], [109.67877605597845, -7.348178016128709], [109.67877605597845, -7.348447509481207], [109.67823706927345, -7.348447509481207], [109.67823706927345, -7.348717002833704], [109.67796757592095, -7.348717002833704], [109.67796757592095, -7.349525482891195], [109.67769808256845, -7.349525482891195], [109.67769808256845, -7.35006446959619], [109.67742858921595, -7.35006446959619], [109.67742858921595, -7.350333962948688], [109.67715909586346, -7.350333962948688], [109.67715909586346, -7.350872949653682], [109.67688960251095, -7.350872949653682], [109.67688960251095, -7.35114244300618], [109.67662010915846, -7.35114244300618], [109.67662010915846, -7.351681429711174], [109.67635061580596, -7.351681429711174], [109.67635061580596, -7.352220416416169], [109.67608112245347, -7.352220416416169], [109.67608112245347, -7.352489909768666], [109.67581162910096, -7.352489909768666], [109.67581162910096, -7.354915349941142], [109.67500314904348, -7.354915349941142], [109.67500314904348, -7.355184843293639], [109.67473365569099, -7.355184843293639], [109.67473365569099, -7.355454336646137], [109.67392517563349, -7.355454336646137], [109.67392517563349, -7.355723829998634], [109.67338618892849, -7.355723829998634], [109.67338618892849, -7.356801803408623], [109.673116695576, -7.356801803408623], [109.673116695576, -7.357340790113618], [109.6728472022235, -7.357340790113618], [109.6728472022235, -7.358418763523606], [109.6723082155185, -7.358418763523606], [109.6723082155185, -7.357610283466115], [109.6717692288135, -7.357610283466115], [109.6717692288135, -7.357340790113618], [109.67123024210852, -7.357340790113618], [109.67123024210852, -7.35707129676112], [109.67096074875602, -7.35707129676112], [109.67096074875602, -7.356801803408623], [109.67069125540353, -7.356801803408623], [109.67069125540353, -7.356532310056125], [109.66961328199353, -7.356532310056125], [109.66961328199353, -7.35814927017111], [109.66853530858354, -7.35814927017111], [109.66853530858354, -7.358418763523606], [109.66826581523104, -7.358418763523606], [109.66826581523104, -7.359766230286093], [109.66799632187855, -7.359766230286093], [109.66799632187855, -7.360035723638591], [109.66772682852604, -7.360035723638591], [109.66772682852604, -7.360305216991088], [109.66745733517355, -7.360305216991088], [109.66745733517355, -7.360574710343585], [109.66718784182106, -7.360574710343585], [109.66718784182106, -7.361113697048579], [109.66691834846856, -7.361113697048579], [109.66691834846856, -7.361383190401077], [109.66664885511607, -7.361383190401077], [109.66664885511607, -7.361922177106072], [109.66637936176356, -7.361922177106072], [109.66637936176356, -7.362730657163564], [109.66664885511607, -7.362730657163564], [109.66664885511607, -7.36300015051606], [109.66610986841107, -7.36300015051606], [109.66610986841107, -7.363269643868558], [109.66584037505856, -7.363269643868558], [109.66584037505856, -7.363539137221055], [109.66557088170607, -7.363539137221055], [109.66557088170607, -7.363808630573553], [109.66503189500108, -7.363808630573553], [109.66503189500108, -7.365964577393531], [109.66449290829608, -7.365964577393531], [109.66449290829608, -7.366773057451023], [109.66422341494358, -7.366773057451023], [109.66422341494358, -7.367042550803521], [109.66395392159109, -7.367042550803521], [109.66395392159109, -7.367312044156018], [109.6636844282386, -7.367312044156018], [109.6636844282386, -7.367581537508515], [109.66341493488609, -7.367581537508515], [109.66341493488609, -7.367851030861012], [109.6626064548286, -7.367851030861012], [109.6626064548286, -7.368120524213509], [109.6623369614761, -7.368120524213509], [109.6623369614761, -7.368390017566007], [109.66206746812361, -7.368390017566007], [109.66206746812361, -7.368929004271002], [109.66125898806611, -7.368929004271002], [109.66125898806611, -7.369737484328494], [109.66098949471362, -7.369737484328494], [109.66098949471362, -7.370545964385985], [109.66072000136111, -7.370545964385985], [109.66072000136111, -7.371354444443478], [109.66045050800862, -7.371354444443478], [109.66045050800862, -7.371623937795975], [109.65829456118864, -7.371623937795975], [109.65829456118864, -7.371893431148472], [109.65694709442616, -7.371893431148472], [109.65694709442616, -7.372162924500969], [109.65667760107365, -7.372162924500969], [109.65667760107365, -7.372432417853466], [109.65640810772116, -7.372432417853466], [109.65640810772116, -7.372162924500969], [109.65613861436867, -7.372162924500969], [109.65613861436867, -7.371893431148472], [109.65586912101617, -7.371893431148472], [109.65586912101617, -7.371623937795975], [109.65506064095868, -7.371623937795975], [109.65506064095868, -7.371354444443478], [109.65559962766368, -7.371354444443478], [109.65559962766368, -7.370276471033488], [109.65398266754869, -7.370276471033488], [109.65398266754869, -7.370545964385985], [109.65371317419618, -7.370545964385985], [109.65371317419618, -7.37108495109098], [109.6534436808437, -7.37108495109098], [109.6534436808437, -7.371354444443478], [109.6529046941387, -7.371354444443478], [109.6529046941387, -7.371623937795975], [109.6523657074337, -7.371623937795975], [109.6523657074337, -7.371893431148472], [109.65155722737622, -7.371893431148472], [109.65155722737622, -7.372162924500969], [109.65128773402371, -7.372162924500969], [109.65128773402371, -7.374318871320948], [109.65101824067122, -7.374318871320948], [109.65101824067122, -7.374588364673445], [109.65074874731872, -7.374588364673445], [109.65074874731872, -7.374857858025942], [109.65047925396622, -7.374857858025942], [109.65047925396622, -7.375127351378439], [109.65020976061372, -7.375127351378439], [109.65020976061372, -7.375396844730937], [109.64994026726123, -7.375396844730937], [109.64994026726123, -7.375666338083434], [109.64940128055623, -7.375666338083434], [109.64940128055623, -7.375935831435932], [109.64913178720373, -7.375935831435932], [109.64913178720373, -7.376205324788429], [109.64886229385124, -7.376205324788429], [109.64886229385124, -7.376474818140927], [109.64832330714624, -7.376474818140927], [109.64832330714624, -7.376744311493423], [109.64805381379375, -7.376744311493423], [109.64805381379375, -7.37701380484592], [109.64778432044125, -7.37701380484592], [109.64778432044125, -7.377283298198418], [109.64751482708876, -7.377283298198418], [109.64751482708876, -7.377552791550915], [109.64724533373625, -7.377552791550915], [109.64724533373625, -7.377822284903413], [109.64670634703126, -7.377822284903413], [109.64670634703126, -7.37809177825591], [109.64643685367876, -7.37809177825591], [109.64643685367876, -7.378900258313402], [109.64670634703126, -7.378900258313402], [109.64670634703126, -7.379169751665899], [109.64724533373625, -7.379169751665899], [109.64724533373625, -7.378900258313402], [109.64751482708876, -7.378900258313402], [109.64751482708876, -7.378630764960905], [109.64778432044125, -7.378630764960905], [109.64778432044125, -7.378361271608407], [109.64805381379375, -7.378361271608407], [109.64805381379375, -7.37809177825591], [109.64832330714624, -7.37809177825591], [109.64832330714624, -7.377822284903413], [109.64859280049875, -7.377822284903413], [109.64859280049875, -7.377552791550915], [109.64886229385124, -7.377552791550915], [109.64886229385124, -7.377283298198418], [109.64913178720373, -7.377283298198418], [109.64913178720373, -7.37701380484592], [109.64940128055623, -7.37701380484592], [109.64940128055623, -7.377283298198418], [109.64994026726123, -7.377283298198418], [109.64994026726123, -7.377552791550915], [109.64967077390872, -7.377552791550915], [109.64967077390872, -7.378361271608407], [109.64940128055623, -7.378361271608407], [109.64940128055623, -7.378630764960905], [109.64913178720373, -7.378630764960905], [109.64913178720373, -7.378900258313402], [109.64886229385124, -7.378900258313402], [109.64886229385124, -7.379169751665899], [109.64859280049875, -7.379169751665899], [109.64859280049875, -7.379439245018396], [109.64832330714624, -7.379439245018396], [109.64832330714624, -7.380247725075888], [109.64859280049875, -7.380247725075888], [109.64859280049875, -7.380786711780883], [109.64940128055623, -7.380786711780883], [109.64940128055623, -7.381056205133381], [109.65074874731872, -7.381056205133381], [109.65074874731872, -7.381325698485877], [109.65155722737622, -7.381325698485877], [109.65155722737622, -7.381056205133381], [109.65398266754869, -7.381056205133381], [109.65398266754869, -7.381325698485877], [109.65479114760618, -7.381325698485877], [109.65479114760618, -7.381595191838375], [109.65506064095868, -7.381595191838375], [109.65506064095868, -7.381864685190872], [109.65559962766368, -7.381864685190872], [109.65559962766368, -7.382134178543369], [109.65586912101617, -7.382134178543369], [109.65586912101617, -7.382403671895867], [109.65667760107365, -7.382403671895867], [109.65667760107365, -7.382673165248364], [109.66152848141861, -7.382673165248364], [109.66152848141861, -7.382942658600862], [109.66206746812361, -7.382942658600862], [109.66206746812361, -7.383212151953359], [109.6623369614761, -7.383212151953359], [109.6623369614761, -7.383481645305856], [109.6626064548286, -7.383481645305856], [109.6626064548286, -7.383751138658353], [109.6628759481811, -7.383751138658353], [109.6628759481811, -7.38402063201085], [109.6631454415336, -7.38402063201085], [109.6631454415336, -7.384290125363348], [109.66341493488609, -7.384290125363348], [109.66341493488609, -7.384559618715845], [109.6636844282386, -7.384559618715845], [109.6636844282386, -7.38509860542084], [109.66395392159109, -7.38509860542084], [109.66395392159109, -7.38402063201085], [109.66341493488609, -7.38402063201085], [109.66341493488609, -7.383751138658353], [109.6631454415336, -7.383751138658353], [109.6631454415336, -7.382673165248364], [109.66206746812361, -7.382673165248364], [109.66206746812361, -7.382403671895867], [109.66125898806611, -7.382403671895867], [109.66125898806611, -7.382134178543369], [109.65964202795114, -7.382134178543369], [109.65964202795114, -7.382403671895867], [109.65883354789364, -7.382403671895867], [109.65883354789364, -7.382134178543369], [109.65856405454115, -7.382134178543369], [109.65856405454115, -7.381864685190872], [109.65829456118864, -7.381864685190872], [109.65829456118864, -7.381056205133381], [109.65613861436867, -7.381056205133381], [109.65613861436867, -7.381864685190872], [109.65586912101617, -7.381864685190872], [109.65586912101617, -7.380247725075888], [109.64940128055623, -7.380247725075888], [109.64940128055623, -7.379978231723391], [109.64967077390872, -7.379978231723391], [109.64967077390872, -7.379708738370894], [109.64994026726123, -7.379708738370894], [109.64994026726123, -7.379439245018396], [109.65020976061372, -7.379439245018396], [109.65020976061372, -7.379169751665899], [109.65047925396622, -7.379169751665899], [109.65047925396622, -7.378900258313402], [109.65074874731872, -7.378900258313402], [109.65074874731872, -7.378630764960905], [109.65128773402371, -7.378630764960905], [109.65128773402371, -7.377822284903413], [109.65101824067122, -7.377822284903413], [109.65101824067122, -7.377283298198418], [109.6518267207287, -7.377283298198418], [109.6518267207287, -7.37701380484592], [109.65263520078621, -7.37701380484592], [109.65263520078621, -7.376744311493423], [109.6529046941387, -7.376744311493423], [109.6529046941387, -7.376474818140927], [109.65317418749119, -7.376474818140927], [109.65317418749119, -7.375127351378439], [109.6534436808437, -7.375127351378439], [109.6534436808437, -7.374318871320948], [109.65371317419618, -7.374318871320948], [109.65371317419618, -7.374049377968451], [109.65452165425368, -7.374049377968451], [109.65452165425368, -7.374318871320948], [109.65559962766368, -7.374318871320948], [109.65559962766368, -7.374588364673445], [109.65586912101617, -7.374588364673445], [109.65586912101617, -7.374857858025942], [109.65748608113115, -7.374857858025942], [109.65748608113115, -7.374588364673445], [109.65775557448364, -7.374588364673445], [109.65775557448364, -7.374318871320948], [109.65910304124614, -7.374318871320948], [109.65910304124614, -7.374049377968451], [109.66045050800862, -7.374049377968451], [109.66045050800862, -7.373779884615953], [109.6628759481811, -7.373779884615953], [109.6628759481811, -7.373510391263456], [109.6631454415336, -7.373510391263456], [109.6631454415336, -7.373240897910958], [109.66341493488609, -7.373240897910958], [109.66341493488609, -7.372971404558461], [109.6636844282386, -7.372971404558461], [109.6636844282386, -7.372162924500969], [109.6626064548286, -7.372162924500969], [109.6626064548286, -7.371354444443478], [109.6628759481811, -7.371354444443478], [109.6628759481811, -7.370545964385985], [109.6626064548286, -7.370545964385985], [109.6626064548286, -7.369737484328494], [109.6628759481811, -7.369737484328494], [109.6628759481811, -7.369467990975997], [109.6631454415336, -7.369467990975997], [109.6631454415336, -7.369198497623499], [109.6636844282386, -7.369198497623499], [109.6636844282386, -7.368929004271002], [109.66395392159109, -7.368929004271002], [109.66395392159109, -7.368659510918504], [109.66422341494358, -7.368659510918504], [109.66422341494358, -7.368390017566007], [109.66503189500108, -7.368390017566007], [109.66503189500108, -7.368120524213509], [109.66530138835357, -7.368120524213509], [109.66530138835357, -7.367851030861012], [109.66557088170607, -7.367851030861012], [109.66557088170607, -7.367581537508515], [109.66637936176356, -7.367581537508515], [109.66637936176356, -7.367312044156018], [109.66664885511607, -7.367312044156018], [109.66664885511607, -7.367042550803521], [109.66718784182106, -7.367042550803521], [109.66718784182106, -7.366234070746028], [109.66745733517355, -7.366234070746028], [109.66745733517355, -7.364886603983542], [109.66772682852604, -7.364886603983542], [109.66772682852604, -7.364347617278548], [109.66907429528854, -7.364347617278548], [109.66907429528854, -7.36407812392605], [109.66961328199353, -7.36407812392605], [109.66961328199353, -7.362730657163564], [109.66934378864103, -7.362730657163564], [109.66934378864103, -7.361922177106072], [109.67096074875602, -7.361922177106072], [109.67096074875602, -7.361652683753574], [109.67123024210852, -7.361652683753574], [109.67123024210852, -7.360844203696082], [109.67096074875602, -7.360844203696082], [109.67096074875602, -7.360305216991088], [109.67069125540353, -7.360305216991088], [109.67069125540353, -7.359496736933596], [109.67338618892849, -7.359496736933596], [109.67338618892849, -7.360305216991088], [109.673655682281, -7.360305216991088], [109.673655682281, -7.360574710343585], [109.67527264239597, -7.360574710343585], [109.67527264239597, -7.35814927017111], [109.67500314904348, -7.35814927017111], [109.67500314904348, -7.357610283466115], [109.67473365569099, -7.357610283466115], [109.67473365569099, -7.357340790113618], [109.67527264239597, -7.357340790113618], [109.67527264239597, -7.35707129676112], [109.67608112245347, -7.35707129676112], [109.67608112245347, -7.356801803408623], [109.67635061580596, -7.356801803408623], [109.67635061580596, -7.356532310056125], [109.67662010915846, -7.356532310056125], [109.67662010915846, -7.356262816703628], [109.67742858921595, -7.356262816703628], [109.67742858921595, -7.354106869883649], [109.67688960251095, -7.354106869883649], [109.67688960251095, -7.353567883178656], [109.67662010915846, -7.353567883178656], [109.67662010915846, -7.353298389826158], [109.67688960251095, -7.353298389826158], [109.67688960251095, -7.352759403121163], [109.67715909586346, -7.352759403121163], [109.67715909586346, -7.352489909768666], [109.67742858921595, -7.352489909768666], [109.67742858921595, -7.352220416416169], [109.67823706927345, -7.352220416416169], [109.67823706927345, -7.350872949653682], [109.67850656262594, -7.350872949653682], [109.67850656262594, -7.350603456301185], [109.67877605597845, -7.350603456301185], [109.67877605597845, -7.349794976243693], [109.67904554933094, -7.349794976243693], [109.67904554933094, -7.349255989538698], [109.68039301609342, -7.349255989538698], [109.68039301609342, -7.348986496186201], [109.68093200279841, -7.348986496186201], [109.68093200279841, -7.348717002833704], [109.68120149615092, -7.348717002833704], [109.68120149615092, -7.348178016128709], [109.68147098950341, -7.348178016128709], [109.68147098950341, -7.347639029423714], [109.68174048285591, -7.347639029423714], [109.68174048285591, -7.347369536071217], [109.68227946956091, -7.347369536071217], [109.68227946956091, -7.344674602546244], [109.6830879496184, -7.344674602546244], [109.6830879496184, -7.343596629136255], [109.68335744297089, -7.343596629136255], [109.68335744297089, -7.341979669021271], [109.6830879496184, -7.341979669021271], [109.6830879496184, -7.340901695611282], [109.68335744297089, -7.340901695611282], [109.68335744297089, -7.340632202258784], [109.68362693632339, -7.340632202258784], [109.68362693632339, -7.339015242143801], [109.68335744297089, -7.339015242143801], [109.68335744297089, -7.338745748791303], [109.68227946956091, -7.338745748791303]], [[109.65371317419618, -7.371893431148472], [109.65452165425368, -7.371893431148472], [109.65452165425368, -7.372162924500969], [109.65533013431117, -7.372162924500969], [109.65533013431117, -7.372432417853466], [109.65559962766368, -7.372432417853466], [109.65559962766368, -7.372701911205964], [109.65613861436867, -7.372701911205964], [109.65613861436867, -7.372971404558461], [109.65775557448364, -7.372971404558461], [109.65775557448364, -7.372701911205964], [109.65829456118864, -7.372701911205964], [109.65829456118864, -7.372432417853466], [109.65964202795114, -7.372432417853466], [109.65964202795114, -7.372701911205964], [109.65937253459863, -7.372701911205964], [109.65937253459863, -7.373240897910958], [109.65883354789364, -7.373240897910958], [109.65883354789364, -7.373510391263456], [109.65775557448364, -7.373510391263456], [109.65775557448364, -7.373779884615953], [109.65640810772116, -7.373779884615953], [109.65640810772116, -7.373510391263456], [109.65398266754869, -7.373510391263456], [109.65398266754869, -7.373779884615953], [109.65317418749119, -7.373779884615953], [109.65317418749119, -7.374049377968451], [109.65263520078621, -7.374049377968451], [109.65263520078621, -7.372701911205964], [109.6529046941387, -7.372701911205964], [109.6529046941387, -7.372432417853466], [109.65317418749119, -7.372432417853466], [109.65317418749119, -7.372162924500969], [109.65371317419618, -7.372162924500969], [109.65371317419618, -7.371893431148472]]]}}, {"type": "Feature", "properties": {"fid": 36, "DN": 1, "Keterangan": "Rendah"}, "geometry": {"type": "Polygon", "coordinates": [[[109.7014134975882, -7.384290125363348], [109.7014134975882, -7.385368098773337], [109.70168299094071, -7.385368098773337], [109.70168299094071, -7.384829112068343], [109.7019524842932, -7.384829112068343], [109.7019524842932, -7.384290125363348], [109.7014134975882, -7.384290125363348]]]}}, {"type": "Feature", "properties": {"fid": 37, "DN": 3, "Keterangan": "Tinggi"}, "geometry": {"type": "Polygon", "coordinates": [[[109.65748608113115, -7.383751138658353], [109.65748608113115, -7.38402063201085], [109.65667760107365, -7.38402063201085], [109.65667760107365, -7.38509860542084], [109.65694709442616, -7.38509860542084], [109.65694709442616, -7.385368098773337], [109.65721658777865, -7.385368098773337], [109.65721658777865, -7.385637592125835], [109.65748608113115, -7.385637592125835], [109.65748608113115, -7.385907085478332], [109.65802506783615, -7.385907085478332], [109.65802506783615, -7.385637592125835], [109.65883354789364, -7.385637592125835], [109.65883354789364, -7.385368098773337], [109.65937253459863, -7.385368098773337], [109.65937253459863, -7.38509860542084], [109.65964202795114, -7.38509860542084], [109.65964202795114, -7.384829112068343], [109.66018101465612, -7.384829112068343], [109.66018101465612, -7.384559618715845], [109.66045050800862, -7.384559618715845], [109.66045050800862, -7.38402063201085], [109.66018101465612, -7.38402063201085], [109.66018101465612, -7.383751138658353], [109.65748608113115, -7.383751138658353]]]}}, {"type": "Feature", "properties": {"fid": 38, "DN": 3, "Keterangan": "Tinggi"}, "geometry": {"type": "Polygon", "coordinates": [[[109.70356944440819, -7.384290125363348], [109.70356944440819, -7.384559618715845], [109.7032999510557, -7.384559618715845], [109.7032999510557, -7.38509860542084], [109.70303045770319, -7.38509860542084], [109.70303045770319, -7.385637592125835], [109.70356944440819, -7.385637592125835], [109.70356944440819, -7.385907085478332], [109.7038389377607, -7.385907085478332], [109.7038389377607, -7.385637592125835], [109.70464741781818, -7.385637592125835], [109.70464741781818, -7.385368098773337], [109.70518640452318, -7.385368098773337], [109.70518640452318, -7.384829112068343], [109.70545589787567, -7.384829112068343], [109.70545589787567, -7.384559618715845], [109.70491691117068, -7.384559618715845], [109.70491691117068, -7.384290125363348], [109.70356944440819, -7.384290125363348]]]}}, {"type": "Feature", "properties": {"fid": 39, "DN": 1, "Keterangan": "Rendah"}, "geometry": {"type": "Polygon", "coordinates": [[[109.70114400423572, -7.385637592125835], [109.70114400423572, -7.385907085478332], [109.7014134975882, -7.385907085478332], [109.7014134975882, -7.385637592125835], [109.70114400423572, -7.385637592125835]]]}}, {"type": "Feature", "properties": {"fid": 40, "DN": 1, "Keterangan": "Rendah"}, "geometry": {"type": "Polygon", "coordinates": [[[109.75342571462019, -7.383481645305856], [109.75342571462019, -7.38402063201085], [109.75450368803018, -7.38402063201085], [109.75450368803018, -7.384290125363348], [109.75504267473518, -7.384290125363348], [109.75504267473518, -7.384559618715845], [109.75531216808767, -7.384559618715845], [109.75531216808767, -7.38509860542084], [109.75558166144017, -7.38509860542084], [109.75558166144017, -7.385368098773337], [109.75585115479267, -7.385368098773337], [109.75585115479267, -7.385907085478332], [109.75639014149766, -7.385907085478332], [109.75639014149766, -7.385637592125835], [109.75746811490765, -7.385637592125835], [109.75746811490765, -7.385368098773337], [109.75881558167013, -7.385368098773337], [109.75881558167013, -7.385637592125835], [109.75935456837513, -7.385637592125835], [109.75935456837513, -7.385907085478332], [109.75989355508013, -7.385907085478332], [109.75989355508013, -7.386176578830829], [109.76097152849012, -7.386176578830829], [109.76097152849012, -7.385907085478332], [109.76124102184261, -7.385907085478332], [109.76124102184261, -7.385368098773337], [109.76151051519511, -7.385368098773337], [109.76151051519511, -7.38402063201085], [109.76124102184261, -7.38402063201085], [109.76124102184261, -7.383751138658353], [109.76097152849012, -7.383751138658353], [109.76097152849012, -7.38509860542084], [109.75989355508013, -7.38509860542084], [109.75989355508013, -7.385368098773337], [109.75962406172764, -7.385368098773337], [109.75962406172764, -7.384829112068343], [109.75692912820266, -7.384829112068343], [109.75692912820266, -7.38509860542084], [109.75639014149766, -7.38509860542084], [109.75639014149766, -7.384829112068343], [109.75612064814517, -7.384829112068343], [109.75612064814517, -7.384290125363348], [109.75585115479267, -7.384290125363348], [109.75585115479267, -7.38402063201085], [109.75504267473518, -7.38402063201085], [109.75504267473518, -7.383481645305856], [109.75342571462019, -7.383481645305856]]]}}, {"type": "Feature", "properties": {"fid": 41, "DN": 1, "Keterangan": "Rendah"}, "geometry": {"type": "Polygon", "coordinates": [[[109.63754357304636, -7.263287610092058], [109.63754357304636, -7.263557103444556], [109.63727407969385, -7.263557103444556], [109.63727407969385, -7.263826596797053], [109.63700458634136, -7.263826596797053], [109.63700458634136, -7.26409609014955], [109.63673509298886, -7.26409609014955], [109.63673509298886, -7.264365583502047], [109.63646559963637, -7.264365583502047], [109.63646559963637, -7.264635076854544], [109.63619610628386, -7.264635076854544], [109.63619610628386, -7.265443556912037], [109.63646559963637, -7.265443556912037], [109.63646559963637, -7.266521530322025], [109.63700458634136, -7.266521530322025], [109.63700458634136, -7.266791023674523], [109.63754357304636, -7.266791023674523], [109.63754357304636, -7.26706051702702], [109.63781306639885, -7.26706051702702], [109.63781306639885, -7.26813849043701], [109.63754357304636, -7.26813849043701], [109.63754357304636, -7.269485957199496], [109.63889103980884, -7.269485957199496], [109.63889103980884, -7.269755450551993], [109.63916053316133, -7.269755450551993], [109.63916053316133, -7.270024943904491], [109.63943002651384, -7.270024943904491], [109.63943002651384, -7.272450384076967], [109.63916053316133, -7.272450384076967], [109.63916053316133, -7.273528357486955], [109.63969951986633, -7.273528357486955], [109.63969951986633, -7.273797850839453], [109.63996901321883, -7.273797850839453], [109.63996901321883, -7.274875824249442], [109.64077749327632, -7.274875824249442], [109.64077749327632, -7.27514531760194], [109.64104698662882, -7.27514531760194], [109.64104698662882, -7.275953797659431], [109.64077749327632, -7.275953797659431], [109.64077749327632, -7.276223291011929], [109.63943002651384, -7.276223291011929], [109.63943002651384, -7.276492784364426], [109.63916053316133, -7.276492784364426], [109.63916053316133, -7.276762277716923], [109.63889103980884, -7.276762277716923], [109.63889103980884, -7.277031771069421], [109.63862154645633, -7.277031771069421], [109.63862154645633, -7.278109744479409], [109.63835205310384, -7.278109744479409], [109.63835205310384, -7.278379237831907], [109.63808255975134, -7.278379237831907], [109.63808255975134, -7.278648731184404], [109.63781306639885, -7.278648731184404], [109.63781306639885, -7.28107417135688], [109.63808255975134, -7.28107417135688], [109.63808255975134, -7.281343664709378], [109.63835205310384, -7.281343664709378], [109.63835205310384, -7.281613158061875], [109.63862154645633, -7.281613158061875], [109.63862154645633, -7.282960624824361], [109.63808255975134, -7.282960624824361], [109.63808255975134, -7.283230118176858], [109.63781306639885, -7.283230118176858], [109.63781306639885, -7.287811505169313], [109.63808255975134, -7.287811505169313], [109.63808255975134, -7.28808099852181], [109.63835205310384, -7.28808099852181], [109.63835205310384, -7.288350491874308], [109.63862154645633, -7.288350491874308], [109.63862154645633, -7.2891589719318], [109.63889103980884, -7.2891589719318], [109.63889103980884, -7.289428465284296], [109.63916053316133, -7.289428465284296], [109.63916053316133, -7.289967451989291], [109.63943002651384, -7.289967451989291], [109.63943002651384, -7.290236945341788], [109.63996901321883, -7.290236945341788], [109.63996901321883, -7.290506438694286], [109.64023850657132, -7.290506438694286], [109.64023850657132, -7.291045425399281], [109.64050799992383, -7.291045425399281], [109.64050799992383, -7.291314918751778], [109.64077749327632, -7.291314918751778], [109.64077749327632, -7.291853905456772], [109.64050799992383, -7.291853905456772], [109.64050799992383, -7.293740358924254], [109.64023850657132, -7.293740358924254], [109.64023850657132, -7.295896305744232], [109.64050799992383, -7.295896305744232], [109.64050799992383, -7.296165799096729], [109.64077749327632, -7.296165799096729], [109.64077749327632, -7.296974279154221], [109.6415859733338, -7.296974279154221], [109.6415859733338, -7.297243772506718], [109.6426639467438, -7.297243772506718], [109.6426639467438, -7.297782759211713], [109.6423944533913, -7.297782759211713], [109.6423944533913, -7.298591239269205], [109.6429334400963, -7.298591239269205], [109.6429334400963, -7.298860732621702], [109.64320293344879, -7.298860732621702], [109.64320293344879, -7.300477692736687], [109.6434724268013, -7.300477692736687], [109.6434724268013, -7.30101667944168], [109.64374192015379, -7.30101667944168], [109.64374192015379, -7.301825159499173], [109.64401141350629, -7.301825159499173], [109.64401141350629, -7.30209465285167], [109.64428090685878, -7.30209465285167], [109.64428090685878, -7.302364146204167], [109.64455040021129, -7.302364146204167], [109.64455040021129, -7.302903132909162], [109.64481989356378, -7.302903132909162], [109.64481989356378, -7.303172626261659], [109.64508938691628, -7.303172626261659], [109.64508938691628, -7.303442119614156], [109.64535888026877, -7.303442119614156], [109.64535888026877, -7.304250599671648], [109.64562837362126, -7.304250599671648], [109.64562837362126, -7.304520093024146], [109.64589786697377, -7.304520093024146], [109.64589786697377, -7.304789586376643], [109.64616736032626, -7.304789586376643], [109.64616736032626, -7.305867559786632], [109.64670634703126, -7.305867559786632], [109.64670634703126, -7.306137053139129], [109.64697584038376, -7.306137053139129], [109.64697584038376, -7.306406546491627], [109.64724533373625, -7.306406546491627], [109.64724533373625, -7.307754013254113], [109.64697584038376, -7.307754013254113], [109.64697584038376, -7.30802350660661], [109.64670634703126, -7.30802350660661], [109.64670634703126, -7.308292999959108], [109.64643685367876, -7.308292999959108], [109.64643685367876, -7.308562493311605], [109.64616736032626, -7.308562493311605], [109.64616736032626, -7.3091014800166], [109.64589786697377, -7.3091014800166], [109.64589786697377, -7.309370973369097], [109.64562837362126, -7.309370973369097], [109.64562837362126, -7.309640466721595], [109.64535888026877, -7.309640466721595], [109.64535888026877, -7.309370973369097], [109.64104698662882, -7.309370973369097], [109.64104698662882, -7.309640466721595], [109.64077749327632, -7.309640466721595], [109.64077749327632, -7.310718440131584], [109.64104698662882, -7.310718440131584], [109.64104698662882, -7.310987933484081], [109.64131647998131, -7.310987933484081], [109.64131647998131, -7.311257426836578], [109.6415859733338, -7.311257426836578], [109.6415859733338, -7.311526920189076], [109.6423944533913, -7.311526920189076], [109.6423944533913, -7.311796413541573], [109.6426639467438, -7.311796413541573], [109.6426639467438, -7.313143880304059], [109.6429334400963, -7.313143880304059], [109.6429334400963, -7.313413373656557], [109.64320293344879, -7.313413373656557], [109.64320293344879, -7.313952360361552], [109.6434724268013, -7.313952360361552], [109.6434724268013, -7.314221853714049], [109.64374192015379, -7.314221853714049], [109.64374192015379, -7.316647293886525], [109.6434724268013, -7.316647293886525], [109.6434724268013, -7.316916787239022], [109.64320293344879, -7.316916787239022], [109.64320293344879, -7.317186280591519], [109.6429334400963, -7.317186280591519], [109.6429334400963, -7.319072734059], [109.64320293344879, -7.319072734059], [109.64320293344879, -7.319611720763994], [109.6434724268013, -7.319611720763994], [109.6434724268013, -7.319881214116492], [109.64374192015379, -7.319881214116492], [109.64374192015379, -7.320150707468989], [109.64401141350629, -7.320150707468989], [109.64401141350629, -7.320420200821487], [109.64481989356378, -7.320420200821487], [109.64481989356378, -7.320689694173984], [109.64508938691628, -7.320689694173984], [109.64508938691628, -7.320959187526482], [109.64535888026877, -7.320959187526482], [109.64535888026877, -7.323654121051455], [109.64562837362126, -7.323654121051455], [109.64562837362126, -7.323923614403951], [109.64616736032626, -7.323923614403951], [109.64616736032626, -7.325810067871433], [109.64643685367876, -7.325810067871433], [109.64643685367876, -7.326349054576427], [109.64670634703126, -7.326349054576427], [109.64670634703126, -7.326888041281422], [109.64697584038376, -7.326888041281422], [109.64697584038376, -7.327157534633919], [109.64724533373625, -7.327157534633919], [109.64724533373625, -7.327966014691412], [109.64751482708876, -7.327966014691412], [109.64751482708876, -7.328235508043909], [109.64778432044125, -7.328235508043909], [109.64778432044125, -7.328505001396405], [109.64751482708876, -7.328505001396405], [109.64751482708876, -7.329313481453898], [109.64724533373625, -7.329313481453898], [109.64724533373625, -7.329852468158893], [109.64697584038376, -7.329852468158893], [109.64697584038376, -7.33012196151139], [109.64670634703126, -7.33012196151139], [109.64670634703126, -7.330660948216384], [109.64643685367876, -7.330660948216384], [109.64643685367876, -7.332008414978871], [109.64670634703126, -7.332008414978871], [109.64670634703126, -7.332547401683866], [109.64643685367876, -7.332547401683866], [109.64643685367876, -7.333625375093854], [109.64670634703126, -7.333625375093854], [109.64670634703126, -7.333894868446352], [109.64643685367876, -7.333894868446352], [109.64643685367876, -7.334703348503844], [109.64616736032626, -7.334703348503844], [109.64616736032626, -7.336320308618828], [109.64401141350629, -7.336320308618828], [109.64401141350629, -7.336589801971325], [109.64374192015379, -7.336589801971325], [109.64374192015379, -7.337937268733811], [109.6434724268013, -7.337937268733811], [109.6434724268013, -7.338476255438806], [109.64320293344879, -7.338476255438806], [109.64320293344879, -7.339284735496298], [109.6429334400963, -7.339284735496298], [109.6429334400963, -7.340632202258784], [109.64320293344879, -7.340632202258784], [109.64320293344879, -7.341710175668774], [109.6429334400963, -7.341710175668774], [109.6429334400963, -7.342249162373768], [109.6426639467438, -7.342249162373768], [109.6426639467438, -7.342518655726265], [109.6423944533913, -7.342518655726265], [109.6423944533913, -7.342788149078763], [109.6415859733338, -7.342788149078763], [109.6415859733338, -7.343596629136255], [109.64131647998131, -7.343596629136255], [109.64131647998131, -7.343866122488752], [109.63996901321883, -7.343866122488752], [109.63996901321883, -7.34413561584125], [109.63969951986633, -7.34413561584125], [109.63969951986633, -7.344405109193747], [109.63943002651384, -7.344405109193747], [109.63943002651384, -7.344674602546244], [109.63916053316133, -7.344674602546244], [109.63916053316133, -7.345213589251239], [109.63889103980884, -7.345213589251239], [109.63889103980884, -7.348717002833704], [109.63916053316133, -7.348717002833704], [109.63916053316133, -7.349255989538698], [109.63943002651384, -7.349255989538698], [109.63943002651384, -7.349525482891195], [109.63969951986633, -7.349525482891195], [109.63969951986633, -7.349794976243693], [109.63996901321883, -7.349794976243693], [109.63996901321883, -7.35006446959619], [109.64050799992383, -7.35006446959619], [109.64050799992383, -7.350603456301185], [109.64023850657132, -7.350603456301185], [109.64023850657132, -7.350872949653682], [109.63996901321883, -7.350872949653682], [109.63996901321883, -7.35114244300618], [109.63969951986633, -7.35114244300618], [109.63969951986633, -7.351681429711174], [109.63943002651384, -7.351681429711174], [109.63943002651384, -7.351950923063671], [109.63916053316133, -7.351950923063671], [109.63916053316133, -7.352220416416169], [109.63889103980884, -7.352220416416169], [109.63889103980884, -7.352759403121163], [109.63862154645633, -7.352759403121163], [109.63862154645633, -7.353837376531152], [109.63808255975134, -7.353837376531152], [109.63808255975134, -7.354106869883649], [109.63781306639885, -7.354106869883649], [109.63781306639885, -7.354915349941142], [109.63754357304636, -7.354915349941142], [109.63754357304636, -7.355184843293639], [109.63727407969385, -7.355184843293639], [109.63727407969385, -7.355454336646137], [109.63700458634136, -7.355454336646137], [109.63700458634136, -7.355723829998634], [109.63673509298886, -7.355723829998634], [109.63673509298886, -7.355993323351131], [109.63646559963637, -7.355993323351131], [109.63646559963637, -7.356262816703628], [109.63511813287387, -7.356262816703628], [109.63511813287387, -7.356532310056125], [109.63457914616887, -7.356532310056125], [109.63457914616887, -7.356262816703628], [109.6326926927014, -7.356262816703628], [109.6326926927014, -7.356532310056125], [109.63188421264391, -7.356532310056125], [109.63188421264391, -7.35707129676112], [109.6316147192914, -7.35707129676112], [109.6316147192914, -7.357340790113618], [109.63134522593892, -7.357340790113618], [109.63134522593892, -7.357610283466115], [109.63080623923392, -7.357610283466115], [109.63080623923392, -7.357879776818612], [109.63026725252892, -7.357879776818612], [109.63026725252892, -7.359227243581099], [109.62999775917643, -7.359227243581099], [109.62999775917643, -7.361383190401077], [109.62918927911893, -7.361383190401077], [109.62918927911893, -7.361652683753574], [109.62865029241394, -7.361652683753574], [109.62865029241394, -7.362191670458569], [109.62838079906145, -7.362191670458569], [109.62838079906145, -7.362461163811067], [109.62811130570894, -7.362461163811067], [109.62811130570894, -7.362730657163564], [109.62757231900395, -7.362730657163564], [109.62757231900395, -7.36300015051606], [109.62703333229895, -7.36300015051606], [109.62703333229895, -7.363269643868558], [109.62676383894646, -7.363269643868558], [109.62676383894646, -7.363539137221055], [109.62649434559395, -7.363539137221055], [109.62649434559395, -7.36407812392605], [109.62568586553647, -7.36407812392605], [109.62568586553647, -7.364347617278548], [109.62487738547898, -7.364347617278548], [109.62487738547898, -7.364617110631045], [109.62460789212648, -7.364617110631045], [109.62460789212648, -7.364347617278548], [109.62433839877399, -7.364347617278548], [109.62433839877399, -7.36407812392605], [109.622721438659, -7.36407812392605], [109.622721438659, -7.364347617278548], [109.62245194530651, -7.364347617278548], [109.62245194530651, -7.364886603983542], [109.622182451954, -7.364886603983542], [109.622182451954, -7.365156097336039], [109.62164346524901, -7.365156097336039], [109.62164346524901, -7.365425590688536], [109.62002650513402, -7.365425590688536], [109.62002650513402, -7.365156097336039], [109.62137397189652, -7.365156097336039], [109.62137397189652, -7.364886603983542], [109.62164346524901, -7.364886603983542], [109.62164346524901, -7.364347617278548], [109.62191295860151, -7.364347617278548], [109.62191295860151, -7.363269643868558], [109.62137397189652, -7.363269643868558], [109.62137397189652, -7.36300015051606], [109.62029599848653, -7.36300015051606], [109.62029599848653, -7.363269643868558], [109.61948751842903, -7.363269643868558], [109.61948751842903, -7.363539137221055], [109.61921802507653, -7.363539137221055], [109.61921802507653, -7.363808630573553], [109.61867903837154, -7.363808630573553], [109.61867903837154, -7.36407812392605], [109.61652309155156, -7.36407812392605], [109.61652309155156, -7.364617110631045], [109.61625359819907, -7.364617110631045], [109.61625359819907, -7.364886603983542], [109.61490613143658, -7.364886603983542], [109.61490613143658, -7.365156097336039], [109.61463663808408, -7.365156097336039], [109.61463663808408, -7.365425590688536], [109.61382815802659, -7.365425590688536], [109.61382815802659, -7.365695084041034], [109.60897727768163, -7.365695084041034], [109.60897727768163, -7.366503564098526], [109.60762981091915, -7.366503564098526], [109.60762981091915, -7.366773057451023], [109.60736031756666, -7.366773057451023], [109.60736031756666, -7.367042550803521], [109.60682133086166, -7.367042550803521], [109.60682133086166, -7.367312044156018], [109.6033179172792, -7.367312044156018], [109.6033179172792, -7.368120524213509], [109.6030484239267, -7.368120524213509], [109.6030484239267, -7.368390017566007], [109.6027789305742, -7.368390017566007], [109.6027789305742, -7.370276471033488], [109.6025094372217, -7.370276471033488], [109.6025094372217, -7.370545964385985], [109.60223994386921, -7.370545964385985], [109.60223994386921, -7.369737484328494], [109.60116197045922, -7.369737484328494], [109.60116197045922, -7.37000697768099], [109.60089247710671, -7.37000697768099], [109.60089247710671, -7.370276471033488], [109.60062298375422, -7.370276471033488], [109.60062298375422, -7.370545964385985], [109.59954501034423, -7.370545964385985], [109.59954501034423, -7.371354444443478], [109.60008399704923, -7.371354444443478], [109.60008399704923, -7.371623937795975], [109.59981450369673, -7.371623937795975], [109.59981450369673, -7.371893431148472], [109.59954501034423, -7.371893431148472], [109.59954501034423, -7.372162924500969], [109.59873653028674, -7.372162924500969], [109.59873653028674, -7.372432417853466], [109.59846703693424, -7.372432417853466], [109.59846703693424, -7.372701911205964], [109.59819754358175, -7.372701911205964], [109.59819754358175, -7.371893431148472], [109.59765855687675, -7.371893431148472], [109.59765855687675, -7.371354444443478], [109.59631109011427, -7.371354444443478], [109.59631109011427, -7.372162924500969], [109.5930771698843, -7.372162924500969], [109.5930771698843, -7.372971404558461], [109.59226868982681, -7.372971404558461], [109.59226868982681, -7.375935831435932], [109.5925381831793, -7.375935831435932], [109.5925381831793, -7.376205324788429], [109.59146020976931, -7.376205324788429], [109.59146020976931, -7.37701380484592], [109.59065172971182, -7.37701380484592], [109.59065172971182, -7.379169751665899], [109.59092122306431, -7.379169751665899], [109.59092122306431, -7.378630764960905], [109.59119071641682, -7.378630764960905], [109.59119071641682, -7.37809177825591], [109.59146020976931, -7.37809177825591], [109.59146020976931, -7.377822284903413], [109.59172970312181, -7.377822284903413], [109.59172970312181, -7.377552791550915], [109.5919991964743, -7.377552791550915], [109.5919991964743, -7.377283298198418], [109.59226868982681, -7.377283298198418], [109.59226868982681, -7.37701380484592], [109.5925381831793, -7.37701380484592], [109.5925381831793, -7.376744311493423], [109.5928076765318, -7.376744311493423], [109.5928076765318, -7.376205324788429], [109.5930771698843, -7.376205324788429], [109.5930771698843, -7.374857858025942], [109.59334666323679, -7.374857858025942], [109.59334666323679, -7.374049377968451], [109.59361615658929, -7.374049377968451], [109.59361615658929, -7.373510391263456], [109.59388564994178, -7.373510391263456], [109.59388564994178, -7.373240897910958], [109.59415514329429, -7.373240897910958], [109.59415514329429, -7.372971404558461], [109.59496362335177, -7.372971404558461], [109.59496362335177, -7.372701911205964], [109.59577210340927, -7.372701911205964], [109.59577210340927, -7.372971404558461], [109.59658058346676, -7.372971404558461], [109.59658058346676, -7.373240897910958], [109.59711957017176, -7.373240897910958], [109.59711957017176, -7.373510391263456], [109.59738906352425, -7.373510391263456], [109.59738906352425, -7.373779884615953], [109.59792805022924, -7.373779884615953], [109.59792805022924, -7.373510391263456], [109.59846703693424, -7.373510391263456], [109.59846703693424, -7.373240897910958], [109.59900602363923, -7.373240897910958], [109.59900602363923, -7.372971404558461], [109.59954501034423, -7.372971404558461], [109.59954501034423, -7.372701911205964], [109.60008399704923, -7.372701911205964], [109.60008399704923, -7.372432417853466], [109.60089247710671, -7.372432417853466], [109.60089247710671, -7.372162924500969], [109.6019704505167, -7.372162924500969], [109.6019704505167, -7.371623937795975], [109.60223994386921, -7.371623937795975], [109.60223994386921, -7.371354444443478], [109.6025094372217, -7.371354444443478], [109.6025094372217, -7.37108495109098], [109.6027789305742, -7.37108495109098], [109.6027789305742, -7.370815457738483], [109.6030484239267, -7.370815457738483], [109.6030484239267, -7.370545964385985], [109.6033179172792, -7.370545964385985], [109.6033179172792, -7.37000697768099], [109.60358741063169, -7.37000697768099], [109.60358741063169, -7.369467990975997], [109.6038569039842, -7.369467990975997], [109.6038569039842, -7.368659510918504], [109.60412639733669, -7.368659510918504], [109.60412639733669, -7.368390017566007], [109.60439589068918, -7.368390017566007], [109.60439589068918, -7.368120524213509], [109.60601285080416, -7.368120524213509], [109.60601285080416, -7.368390017566007], [109.60628234415667, -7.368390017566007], [109.60628234415667, -7.368659510918504], [109.60655183750916, -7.368659510918504], [109.60655183750916, -7.368929004271002], [109.60789930427164, -7.368929004271002], [109.60789930427164, -7.368659510918504], [109.60843829097664, -7.368659510918504], [109.60843829097664, -7.368390017566007], [109.60870778432914, -7.368390017566007], [109.60870778432914, -7.368120524213509], [109.60924677103414, -7.368120524213509], [109.60924677103414, -7.367851030861012], [109.60951626438663, -7.367851030861012], [109.60951626438663, -7.367581537508515], [109.60978575773913, -7.367581537508515], [109.60978575773913, -7.367312044156018], [109.61032474444413, -7.367312044156018], [109.61032474444413, -7.367042550803521], [109.61059423779662, -7.367042550803521], [109.61059423779662, -7.366773057451023], [109.61140271785412, -7.366773057451023], [109.61140271785412, -7.366503564098526], [109.61382815802659, -7.366503564098526], [109.61382815802659, -7.366234070746028], [109.61463663808408, -7.366234070746028], [109.61463663808408, -7.365964577393531], [109.61490613143658, -7.365964577393531], [109.61490613143658, -7.365695084041034], [109.61571461149407, -7.365695084041034], [109.61571461149407, -7.365425590688536], [109.61679258490406, -7.365425590688536], [109.61679258490406, -7.365156097336039], [109.61733157160906, -7.365156097336039], [109.61733157160906, -7.365425590688536], [109.61814005166654, -7.365425590688536], [109.61814005166654, -7.365695084041034], [109.61867903837154, -7.365695084041034], [109.61867903837154, -7.366234070746028], [109.61840954501905, -7.366234070746028], [109.61840954501905, -7.366503564098526], [109.61814005166654, -7.366503564098526], [109.61814005166654, -7.366773057451023], [109.61787055831405, -7.366773057451023], [109.61787055831405, -7.367042550803521], [109.61733157160906, -7.367042550803521], [109.61733157160906, -7.367312044156018], [109.61706207825655, -7.367312044156018], [109.61706207825655, -7.367581537508515], [109.61679258490406, -7.367581537508515], [109.61679258490406, -7.367851030861012], [109.61625359819907, -7.367851030861012], [109.61625359819907, -7.368120524213509], [109.61571461149407, -7.368120524213509], [109.61571461149407, -7.368390017566007], [109.61517562478907, -7.368390017566007], [109.61517562478907, -7.368659510918504], [109.61463663808408, -7.368659510918504], [109.61463663808408, -7.368929004271002], [109.61301967796909, -7.368929004271002], [109.61301967796909, -7.369198497623499], [109.6119417045591, -7.369198497623499], [109.6119417045591, -7.369467990975997], [109.61140271785412, -7.369467990975997], [109.61140271785412, -7.369737484328494], [109.61086373114912, -7.369737484328494], [109.61086373114912, -7.37000697768099], [109.61059423779662, -7.37000697768099], [109.61059423779662, -7.370276471033488], [109.61032474444413, -7.370276471033488], [109.61032474444413, -7.370545964385985], [109.61005525109162, -7.370545964385985], [109.61005525109162, -7.370815457738483], [109.60951626438663, -7.370815457738483], [109.60951626438663, -7.37108495109098], [109.60789930427164, -7.37108495109098], [109.60789930427164, -7.371354444443478], [109.60709082421415, -7.371354444443478], [109.60709082421415, -7.371623937795975], [109.60628234415667, -7.371623937795975], [109.60628234415667, -7.371893431148472], [109.60520437074668, -7.371893431148472], [109.60520437074668, -7.372162924500969], [109.6038569039842, -7.372162924500969], [109.6038569039842, -7.372432417853466], [109.6019704505167, -7.372432417853466], [109.6019704505167, -7.372701911205964], [109.60170095716421, -7.372701911205964], [109.60170095716421, -7.372971404558461], [109.6014314638117, -7.372971404558461], [109.6014314638117, -7.373510391263456], [109.60116197045922, -7.373510391263456], [109.60116197045922, -7.374049377968451], [109.60089247710671, -7.374049377968451], [109.60089247710671, -7.374318871320948], [109.60062298375422, -7.374318871320948], [109.60062298375422, -7.374588364673445], [109.60035349040172, -7.374588364673445], [109.60035349040172, -7.374857858025942], [109.59981450369673, -7.374857858025942], [109.59981450369673, -7.375127351378439], [109.59927551699174, -7.375127351378439], [109.59927551699174, -7.375396844730937], [109.59738906352425, -7.375396844730937], [109.59738906352425, -7.375666338083434], [109.59711957017176, -7.375666338083434], [109.59711957017176, -7.375935831435932], [109.59658058346676, -7.375935831435932], [109.59658058346676, -7.376205324788429], [109.59604159676176, -7.376205324788429], [109.59604159676176, -7.376474818140927], [109.59550261005677, -7.376474818140927], [109.59550261005677, -7.376744311493423], [109.59496362335177, -7.376744311493423], [109.59496362335177, -7.37701380484592], [109.59442463664678, -7.37701380484592], [109.59442463664678, -7.377283298198418], [109.59415514329429, -7.377283298198418], [109.59415514329429, -7.377552791550915], [109.59388564994178, -7.377552791550915], [109.59388564994178, -7.377822284903413], [109.59361615658929, -7.377822284903413], [109.59361615658929, -7.378361271608407], [109.59334666323679, -7.378361271608407], [109.59334666323679, -7.378900258313402], [109.5930771698843, -7.378900258313402], [109.5930771698843, -7.379708738370894], [109.5928076765318, -7.379708738370894], [109.5928076765318, -7.379978231723391], [109.5925381831793, -7.379978231723391], [109.5925381831793, -7.380247725075888], [109.59226868982681, -7.380247725075888], [109.59226868982681, -7.380517218428386], [109.5919991964743, -7.380517218428386], [109.5919991964743, -7.380786711780883], [109.59172970312181, -7.380786711780883], [109.59172970312181, -7.381056205133381], [109.59119071641682, -7.381056205133381], [109.59119071641682, -7.381325698485877], [109.59092122306431, -7.381325698485877], [109.59092122306431, -7.381595191838375], [109.59038223635932, -7.381595191838375], [109.59038223635932, -7.381864685190872], [109.59011274300683, -7.381864685190872], [109.59011274300683, -7.382134178543369], [109.58984324965432, -7.382134178543369], [109.58984324965432, -7.382403671895867], [109.58957375630183, -7.382403671895867], [109.58957375630183, -7.382673165248364], [109.58930426294933, -7.382673165248364], [109.58930426294933, -7.382942658600862], [109.58876527624435, -7.382942658600862], [109.58876527624435, -7.383212151953359], [109.58849578289184, -7.383212151953359], [109.58849578289184, -7.382942658600862], [109.58822628953935, -7.382942658600862], [109.58822628953935, -7.382673165248364], [109.58580084936686, -7.382673165248364], [109.58580084936686, -7.383481645305856], [109.58418388925189, -7.383481645305856], [109.58418388925189, -7.38509860542084], [109.58337540919439, -7.38509860542084], [109.58337540919439, -7.386446072183326], [109.5831059158419, -7.386446072183326], [109.5831059158419, -7.386715565535824], [109.5836449025469, -7.386715565535824], [109.5836449025469, -7.386446072183326], [109.58391439589938, -7.386446072183326], [109.58391439589938, -7.386176578830829], [109.58445338260438, -7.386176578830829], [109.58445338260438, -7.385637592125835], [109.58472287595688, -7.385637592125835], [109.58472287595688, -7.38509860542084], [109.58499236930938, -7.38509860542084], [109.58499236930938, -7.384559618715845], [109.58553135601437, -7.384559618715845], [109.58553135601437, -7.384290125363348], [109.58580084936686, -7.384290125363348], [109.58580084936686, -7.38509860542084], [109.58633983607186, -7.38509860542084], [109.58633983607186, -7.385907085478332], [109.58768730283435, -7.385907085478332], [109.58768730283435, -7.385637592125835], [109.58795679618684, -7.385637592125835], [109.58795679618684, -7.384829112068343], [109.58876527624435, -7.384829112068343], [109.58876527624435, -7.384290125363348], [109.58930426294933, -7.384290125363348], [109.58930426294933, -7.38402063201085], [109.58957375630183, -7.38402063201085], [109.58957375630183, -7.383481645305856], [109.59038223635932, -7.383481645305856], [109.59038223635932, -7.383212151953359], [109.59065172971182, -7.383212151953359], [109.59065172971182, -7.382942658600862], [109.59092122306431, -7.382942658600862], [109.59092122306431, -7.382673165248364], [109.5925381831793, -7.382673165248364], [109.5925381831793, -7.381595191838375], [109.5930771698843, -7.381595191838375], [109.5930771698843, -7.380786711780883], [109.59334666323679, -7.380786711780883], [109.59334666323679, -7.380517218428386], [109.59361615658929, -7.380517218428386], [109.59361615658929, -7.379978231723391], [109.59388564994178, -7.379978231723391], [109.59388564994178, -7.378900258313402], [109.59415514329429, -7.378900258313402], [109.59415514329429, -7.37809177825591], [109.59442463664678, -7.37809177825591], [109.59442463664678, -7.377822284903413], [109.59496362335177, -7.377822284903413], [109.59496362335177, -7.377552791550915], [109.59523311670428, -7.377552791550915], [109.59523311670428, -7.377283298198418], [109.59550261005677, -7.377283298198418], [109.59550261005677, -7.37701380484592], [109.59631109011427, -7.37701380484592], [109.59631109011427, -7.376744311493423], [109.59765855687675, -7.376744311493423], [109.59765855687675, -7.376205324788429], [109.59873653028674, -7.376205324788429], [109.59873653028674, -7.375935831435932], [109.60062298375422, -7.375935831435932], [109.60062298375422, -7.374857858025942], [109.60089247710671, -7.374857858025942], [109.60089247710671, -7.374588364673445], [109.60116197045922, -7.374588364673445], [109.60116197045922, -7.374318871320948], [109.6014314638117, -7.374318871320948], [109.6014314638117, -7.373779884615953], [109.6019704505167, -7.373779884615953], [109.6019704505167, -7.373240897910958], [109.6025094372217, -7.373240897910958], [109.6025094372217, -7.372971404558461], [109.60412639733669, -7.372971404558461], [109.60412639733669, -7.372701911205964], [109.60709082421415, -7.372701911205964], [109.60709082421415, -7.371893431148472], [109.61032474444413, -7.371893431148472], [109.61032474444413, -7.371354444443478], [109.61086373114912, -7.371354444443478], [109.61086373114912, -7.370545964385985], [109.6132891713216, -7.370545964385985], [109.6132891713216, -7.370276471033488], [109.61598410484656, -7.370276471033488], [109.61598410484656, -7.369198497623499], [109.61652309155156, -7.369198497623499], [109.61652309155156, -7.368929004271002], [109.61679258490406, -7.368929004271002], [109.61679258490406, -7.368659510918504], [109.61706207825655, -7.368659510918504], [109.61706207825655, -7.368390017566007], [109.61733157160906, -7.368390017566007], [109.61733157160906, -7.368120524213509], [109.61760106496155, -7.368120524213509], [109.61760106496155, -7.367851030861012], [109.61787055831405, -7.367851030861012], [109.61787055831405, -7.367581537508515], [109.61814005166654, -7.367581537508515], [109.61814005166654, -7.367312044156018], [109.61840954501905, -7.367312044156018], [109.61840954501905, -7.367581537508515], [109.61867903837154, -7.367581537508515], [109.61867903837154, -7.367851030861012], [109.61894853172404, -7.367851030861012], [109.61894853172404, -7.368120524213509], [109.61921802507653, -7.368120524213509], [109.61921802507653, -7.368390017566007], [109.61948751842903, -7.368390017566007], [109.61948751842903, -7.368659510918504], [109.61975701178153, -7.368659510918504], [109.61975701178153, -7.368929004271002], [109.62056549183902, -7.368929004271002], [109.62056549183902, -7.368659510918504], [109.62083498519152, -7.368659510918504], [109.62083498519152, -7.368390017566007], [109.62137397189652, -7.368390017566007], [109.62137397189652, -7.368120524213509], [109.622182451954, -7.368120524213509], [109.622182451954, -7.367312044156018], [109.62379941206899, -7.367312044156018], [109.62379941206899, -7.366773057451023], [109.62406890542148, -7.366773057451023], [109.62406890542148, -7.366503564098526], [109.62541637218398, -7.366503564098526], [109.62541637218398, -7.365964577393531], [109.62568586553647, -7.365964577393531], [109.62568586553647, -7.366234070746028], [109.62676383894646, -7.366234070746028], [109.62676383894646, -7.365964577393531], [109.62757231900395, -7.365964577393531], [109.62757231900395, -7.365695084041034], [109.62865029241394, -7.365695084041034], [109.62865029241394, -7.365425590688536], [109.62891978576644, -7.365425590688536], [109.62891978576644, -7.365695084041034], [109.63053674588141, -7.365695084041034], [109.63053674588141, -7.364886603983542], [109.63080623923392, -7.364886603983542], [109.63080623923392, -7.36407812392605], [109.63107573258641, -7.36407812392605], [109.63107573258641, -7.363808630573553], [109.63134522593892, -7.363808630573553], [109.63134522593892, -7.363539137221055], [109.63188421264391, -7.363539137221055], [109.63188421264391, -7.363269643868558], [109.6321537059964, -7.363269643868558], [109.6321537059964, -7.362730657163564], [109.6324231993489, -7.362730657163564], [109.6324231993489, -7.362461163811067], [109.63323167940639, -7.362461163811067], [109.63323167940639, -7.361652683753574], [109.6329621860539, -7.361652683753574], [109.6329621860539, -7.360574710343585], [109.6326926927014, -7.360574710343585], [109.6326926927014, -7.360035723638591], [109.6324231993489, -7.360035723638591], [109.6324231993489, -7.359766230286093], [109.6321537059964, -7.359766230286093], [109.6321537059964, -7.358418763523606], [109.63188421264391, -7.358418763523606], [109.63188421264391, -7.35814927017111], [109.6321537059964, -7.35814927017111], [109.6321537059964, -7.357879776818612], [109.6324231993489, -7.357879776818612], [109.6324231993489, -7.357610283466115], [109.6326926927014, -7.357610283466115], [109.6326926927014, -7.357340790113618], [109.63323167940639, -7.357340790113618], [109.63323167940639, -7.357610283466115], [109.63404015946388, -7.357610283466115], [109.63404015946388, -7.357879776818612], [109.63700458634136, -7.357879776818612], [109.63700458634136, -7.35707129676112], [109.63727407969385, -7.35707129676112], [109.63727407969385, -7.356801803408623], [109.63781306639885, -7.356801803408623], [109.63781306639885, -7.355993323351131], [109.63808255975134, -7.355993323351131], [109.63808255975134, -7.355723829998634], [109.63835205310384, -7.355723829998634], [109.63835205310384, -7.355454336646137], [109.63862154645633, -7.355454336646137], [109.63862154645633, -7.355184843293639], [109.63889103980884, -7.355184843293639], [109.63889103980884, -7.354645856588644], [109.63943002651384, -7.354645856588644], [109.63943002651384, -7.353298389826158], [109.63996901321883, -7.353298389826158], [109.63996901321883, -7.352489909768666], [109.64023850657132, -7.352489909768666], [109.64023850657132, -7.352220416416169], [109.64050799992383, -7.352220416416169], [109.64050799992383, -7.351681429711174], [109.64077749327632, -7.351681429711174], [109.64077749327632, -7.351411936358677], [109.64104698662882, -7.351411936358677], [109.64104698662882, -7.35114244300618], [109.64131647998131, -7.35114244300618], [109.64131647998131, -7.350603456301185], [109.6415859733338, -7.350603456301185], [109.6415859733338, -7.348717002833704], [109.64131647998131, -7.348717002833704], [109.64131647998131, -7.348447509481207], [109.64077749327632, -7.348447509481207], [109.64077749327632, -7.348178016128709], [109.64050799992383, -7.348178016128709], [109.64050799992383, -7.347908522776212], [109.64023850657132, -7.347908522776212], [109.64023850657132, -7.347369536071217], [109.64050799992383, -7.347369536071217], [109.64050799992383, -7.346291562661228], [109.64077749327632, -7.346291562661228], [109.64077749327632, -7.346022069308731], [109.64104698662882, -7.346022069308731], [109.64104698662882, -7.345752575956233], [109.64131647998131, -7.345752575956233], [109.64131647998131, -7.345483082603736], [109.6415859733338, -7.345483082603736], [109.6415859733338, -7.344674602546244], [109.6429334400963, -7.344674602546244], [109.6429334400963, -7.344405109193747], [109.64320293344879, -7.344405109193747], [109.64320293344879, -7.343866122488752], [109.6434724268013, -7.343866122488752], [109.6434724268013, -7.343596629136255], [109.64374192015379, -7.343596629136255], [109.64374192015379, -7.34305764243126], [109.64401141350629, -7.34305764243126], [109.64401141350629, -7.341979669021271], [109.64428090685878, -7.341979669021271], [109.64428090685878, -7.341710175668774], [109.64455040021129, -7.341710175668774], [109.64455040021129, -7.33712878867632], [109.64670634703126, -7.33712878867632], [109.64670634703126, -7.336859295323823], [109.64697584038376, -7.336859295323823], [109.64697584038376, -7.336589801971325], [109.64724533373625, -7.336589801971325], [109.64724533373625, -7.335781321913833], [109.64751482708876, -7.335781321913833], [109.64751482708876, -7.334703348503844], [109.64778432044125, -7.334703348503844], [109.64778432044125, -7.334433855151347], [109.64805381379375, -7.334433855151347], [109.64805381379375, -7.330930441568881], [109.64832330714624, -7.330930441568881], [109.64832330714624, -7.330660948216384], [109.64859280049875, -7.330660948216384], [109.64859280049875, -7.330391454863887], [109.64886229385124, -7.330391454863887], [109.64886229385124, -7.328505001396405], [109.64940128055623, -7.328505001396405], [109.64940128055623, -7.327696521338914], [109.64913178720373, -7.327696521338914], [109.64913178720373, -7.327427027986417], [109.64886229385124, -7.327427027986417], [109.64886229385124, -7.326888041281422], [109.64805381379375, -7.326888041281422], [109.64805381379375, -7.326618547928924], [109.64778432044125, -7.326618547928924], [109.64778432044125, -7.325810067871433], [109.64751482708876, -7.325810067871433], [109.64751482708876, -7.325540574518936], [109.64724533373625, -7.325540574518936], [109.64724533373625, -7.325271081166438], [109.64697584038376, -7.325271081166438], [109.64697584038376, -7.323384627698957], [109.64670634703126, -7.323384627698957], [109.64670634703126, -7.32311513434646], [109.64616736032626, -7.32311513434646], [109.64616736032626, -7.319881214116492], [109.64589786697377, -7.319881214116492], [109.64589786697377, -7.319611720763994], [109.64562837362126, -7.319611720763994], [109.64562837362126, -7.319072734059], [109.64535888026877, -7.319072734059], [109.64535888026877, -7.318803240706503], [109.64455040021129, -7.318803240706503], [109.64455040021129, -7.318533747354006], [109.64401141350629, -7.318533747354006], [109.64401141350629, -7.317455773944016], [109.64428090685878, -7.317455773944016], [109.64428090685878, -7.317186280591519], [109.64455040021129, -7.317186280591519], [109.64455040021129, -7.31610830718153], [109.64481989356378, -7.31610830718153], [109.64481989356378, -7.315569320476535], [109.64508938691628, -7.315569320476535], [109.64508938691628, -7.315299827124038], [109.64535888026877, -7.315299827124038], [109.64535888026877, -7.31503033377154], [109.64455040021129, -7.31503033377154], [109.64455040021129, -7.314760840419043], [109.64428090685878, -7.314760840419043], [109.64428090685878, -7.314491347066546], [109.64401141350629, -7.314491347066546], [109.64401141350629, -7.313952360361552], [109.64374192015379, -7.313952360361552], [109.64374192015379, -7.313413373656557], [109.6434724268013, -7.313413373656557], [109.6434724268013, -7.312604893599065], [109.64320293344879, -7.312604893599065], [109.64320293344879, -7.311526920189076], [109.6429334400963, -7.311526920189076], [109.6429334400963, -7.310718440131584], [109.64320293344879, -7.310718440131584], [109.64320293344879, -7.310179453426589], [109.64589786697377, -7.310179453426589], [109.64589786697377, -7.309909960074092], [109.64643685367876, -7.309909960074092], [109.64643685367876, -7.309640466721595], [109.64670634703126, -7.309640466721595], [109.64670634703126, -7.3091014800166], [109.64697584038376, -7.3091014800166], [109.64697584038376, -7.308831986664103], [109.64724533373625, -7.308831986664103], [109.64724533373625, -7.308292999959108], [109.64751482708876, -7.308292999959108], [109.64751482708876, -7.30802350660661], [109.64778432044125, -7.30802350660661], [109.64778432044125, -7.307754013254113], [109.64805381379375, -7.307754013254113], [109.64805381379375, -7.307484519901616], [109.64886229385124, -7.307484519901616], [109.64886229385124, -7.307754013254113], [109.65020976061372, -7.307754013254113], [109.65020976061372, -7.306676039844124], [109.64913178720373, -7.306676039844124], [109.64913178720373, -7.306406546491627], [109.64886229385124, -7.306406546491627], [109.64886229385124, -7.305867559786632], [109.64805381379375, -7.305867559786632], [109.64805381379375, -7.305598066434135], [109.64778432044125, -7.305598066434135], [109.64778432044125, -7.305328573081638], [109.64751482708876, -7.305328573081638], [109.64751482708876, -7.305059079729141], [109.64724533373625, -7.305059079729141], [109.64724533373625, -7.304789586376643], [109.64697584038376, -7.304789586376643], [109.64697584038376, -7.304250599671648], [109.64670634703126, -7.304250599671648], [109.64670634703126, -7.303981106319151], [109.64643685367876, -7.303981106319151], [109.64643685367876, -7.303711612966654], [109.64616736032626, -7.303711612966654], [109.64616736032626, -7.302903132909162], [109.64589786697377, -7.302903132909162], [109.64589786697377, -7.302633639556665], [109.64562837362126, -7.302633639556665], [109.64562837362126, -7.302364146204167], [109.64535888026877, -7.302364146204167], [109.64535888026877, -7.301825159499173], [109.64508938691628, -7.301825159499173], [109.64508938691628, -7.301555666146675], [109.64481989356378, -7.301555666146675], [109.64481989356378, -7.301286172794178], [109.64455040021129, -7.301286172794178], [109.64455040021129, -7.299938706031692], [109.64428090685878, -7.299938706031692], [109.64428090685878, -7.298591239269205], [109.64455040021129, -7.298591239269205], [109.64455040021129, -7.297782759211713], [109.64401141350629, -7.297782759211713], [109.64401141350629, -7.296974279154221], [109.6434724268013, -7.296974279154221], [109.6434724268013, -7.296704785801724], [109.64320293344879, -7.296704785801724], [109.64320293344879, -7.296435292449226], [109.6429334400963, -7.296435292449226], [109.6429334400963, -7.296165799096729], [109.6415859733338, -7.296165799096729], [109.6415859733338, -7.295626812391735], [109.64131647998131, -7.295626812391735], [109.64131647998131, -7.295357319039237], [109.64104698662882, -7.295357319039237], [109.64104698662882, -7.294548838981745], [109.64131647998131, -7.294548838981745], [109.64131647998131, -7.292392892161767], [109.6415859733338, -7.292392892161767], [109.6415859733338, -7.291853905456772], [109.64185546668631, -7.291853905456772], [109.64185546668631, -7.291045425399281], [109.6415859733338, -7.291045425399281], [109.6415859733338, -7.290506438694286], [109.64104698662882, -7.290506438694286], [109.64104698662882, -7.289967451989291], [109.64077749327632, -7.289967451989291], [109.64077749327632, -7.289697958636794], [109.64050799992383, -7.289697958636794], [109.64050799992383, -7.289428465284296], [109.63996901321883, -7.289428465284296], [109.63996901321883, -7.288889478579302], [109.63969951986633, -7.288889478579302], [109.63969951986633, -7.288619985226805], [109.63943002651384, -7.288619985226805], [109.63943002651384, -7.287811505169313], [109.63916053316133, -7.287811505169313], [109.63916053316133, -7.287542011816815], [109.63889103980884, -7.287542011816815], [109.63889103980884, -7.287272518464318], [109.63862154645633, -7.287272518464318], [109.63862154645633, -7.284038598234351], [109.63889103980884, -7.284038598234351], [109.63889103980884, -7.283769104881853], [109.63916053316133, -7.283769104881853], [109.63916053316133, -7.283499611529356], [109.63943002651384, -7.283499611529356], [109.63943002651384, -7.28107417135688], [109.63916053316133, -7.28107417135688], [109.63916053316133, -7.280804678004383], [109.63889103980884, -7.280804678004383], [109.63889103980884, -7.279996197946891], [109.63862154645633, -7.279996197946891], [109.63862154645633, -7.279187717889399], [109.63889103980884, -7.279187717889399], [109.63889103980884, -7.278918224536902], [109.63916053316133, -7.278918224536902], [109.63916053316133, -7.278648731184404], [109.63943002651384, -7.278648731184404], [109.63943002651384, -7.277570757774416], [109.63969951986633, -7.277570757774416], [109.63969951986633, -7.277301264421918], [109.63996901321883, -7.277301264421918], [109.63996901321883, -7.277031771069421], [109.64131647998131, -7.277031771069421], [109.64131647998131, -7.276762277716923], [109.6415859733338, -7.276762277716923], [109.6415859733338, -7.276492784364426], [109.64185546668631, -7.276492784364426], [109.64185546668631, -7.274606330896945], [109.6415859733338, -7.274606330896945], [109.6415859733338, -7.273528357486955], [109.64104698662882, -7.273528357486955], [109.64104698662882, -7.273258864134458], [109.64077749327632, -7.273258864134458], [109.64077749327632, -7.272719877429464], [109.64023850657132, -7.272719877429464], [109.64023850657132, -7.269485957199496], [109.63996901321883, -7.269485957199496], [109.63996901321883, -7.269216463846999], [109.63969951986633, -7.269216463846999], [109.63969951986633, -7.268946970494501], [109.63943002651384, -7.268946970494501], [109.63943002651384, -7.268677477142004], [109.63916053316133, -7.268677477142004], [109.63916053316133, -7.268407983789507], [109.63862154645633, -7.268407983789507], [109.63862154645633, -7.266521530322025], [109.63835205310384, -7.266521530322025], [109.63835205310384, -7.266252036969528], [109.63808255975134, -7.266252036969528], [109.63808255975134, -7.265982543617032], [109.63754357304636, -7.265982543617032], [109.63754357304636, -7.265443556912037], [109.63727407969385, -7.265443556912037], [109.63727407969385, -7.264904570207042], [109.63754357304636, -7.264904570207042], [109.63754357304636, -7.264635076854544], [109.63781306639885, -7.264635076854544], [109.63781306639885, -7.264365583502047], [109.63969951986633, -7.264365583502047], [109.63969951986633, -7.26409609014955], [109.63996901321883, -7.26409609014955], [109.63996901321883, -7.263826596797053], [109.64023850657132, -7.263826596797053], [109.64023850657132, -7.263557103444556], [109.64050799992383, -7.263557103444556], [109.64050799992383, -7.263287610092058], [109.63996901321883, -7.263287610092058], [109.63996901321883, -7.263557103444556], [109.63969951986633, -7.263557103444556], [109.63969951986633, -7.263826596797053], [109.63781306639885, -7.263826596797053], [109.63781306639885, -7.263287610092058], [109.63754357304636, -7.263287610092058]], [[109.63134522593892, -7.360844203696082], [109.6316147192914, -7.360844203696082], [109.6316147192914, -7.361922177106072], [109.63134522593892, -7.361922177106072], [109.63134522593892, -7.362461163811067], [109.63107573258641, -7.362461163811067], [109.63107573258641, -7.36300015051606], [109.63080623923392, -7.36300015051606], [109.63080623923392, -7.363269643868558], [109.63053674588141, -7.363269643868558], [109.63053674588141, -7.363539137221055], [109.63026725252892, -7.363539137221055], [109.63026725252892, -7.36407812392605], [109.62999775917643, -7.36407812392605], [109.62999775917643, -7.364347617278548], [109.62945877247144, -7.364347617278548], [109.62945877247144, -7.364617110631045], [109.62811130570894, -7.364617110631045], [109.62811130570894, -7.36407812392605], [109.62838079906145, -7.36407812392605], [109.62838079906145, -7.363539137221055], [109.62865029241394, -7.363539137221055], [109.62865029241394, -7.363269643868558], [109.62891978576644, -7.363269643868558], [109.62891978576644, -7.36300015051606], [109.62918927911893, -7.36300015051606], [109.62918927911893, -7.362730657163564], [109.62945877247144, -7.362730657163564], [109.62945877247144, -7.362461163811067], [109.62972826582393, -7.362461163811067], [109.62972826582393, -7.362191670458569], [109.62999775917643, -7.362191670458569], [109.62999775917643, -7.361922177106072], [109.63026725252892, -7.361922177106072], [109.63026725252892, -7.361652683753574], [109.63053674588141, -7.361652683753574], [109.63053674588141, -7.361383190401077], [109.63080623923392, -7.361383190401077], [109.63080623923392, -7.361113697048579], [109.63134522593892, -7.361113697048579], [109.63134522593892, -7.360844203696082]], [[109.61948751842903, -7.366503564098526], [109.62110447854401, -7.366503564098526], [109.62110447854401, -7.366773057451023], [109.62137397189652, -7.366773057451023], [109.62137397189652, -7.367042550803521], [109.62056549183902, -7.367042550803521], [109.62056549183902, -7.367312044156018], [109.62029599848653, -7.367312044156018], [109.62029599848653, -7.367042550803521], [109.61975701178153, -7.367042550803521], [109.61975701178153, -7.366773057451023], [109.61948751842903, -7.366773057451023], [109.61948751842903, -7.366503564098526]]]}}, {"type": "Feature", "properties": {"fid": 42, "DN": 1, "Keterangan": "Rendah"}, "geometry": {"type": "Polygon", "coordinates": [[[109.66395392159109, -7.38509860542084], [109.66395392159109, -7.385637592125835], [109.66422341494358, -7.385637592125835], [109.66422341494358, -7.387254552240818], [109.66476240164857, -7.387254552240818], [109.66476240164857, -7.38509860542084], [109.66395392159109, -7.38509860542084]]]}}, {"type": "Feature", "properties": {"fid": 43, "DN": 2, "Keterangan": "Sedang"}, "geometry": {"type": "Polygon", "coordinates": [[[109.71893056550054, -7.384290125363348], [109.71893056550054, -7.384559618715845], [109.71812208544304, -7.384559618715845], [109.71812208544304, -7.384829112068343], [109.71758309873805, -7.384829112068343], [109.71758309873805, -7.38509860542084], [109.71677461868056, -7.38509860542084], [109.71677461868056, -7.385368098773337], [109.71434917850809, -7.385368098773337], [109.71434917850809, -7.385637592125835], [109.72108651232051, -7.385637592125835], [109.72108651232051, -7.385907085478332], [109.7216254990255, -7.385907085478332], [109.7216254990255, -7.386176578830829], [109.7221644857305, -7.386176578830829], [109.7221644857305, -7.386446072183326], [109.7227034724355, -7.386446072183326], [109.7227034724355, -7.386715565535824], [109.722972965788, -7.386715565535824], [109.722972965788, -7.386985058888321], [109.723511952493, -7.386985058888321], [109.723511952493, -7.387254552240818], [109.72512891260797, -7.387254552240818], [109.72512891260797, -7.387524045593316], [109.72566789931297, -7.387524045593316], [109.72566789931297, -7.387254552240818], [109.72674587272296, -7.387254552240818], [109.72674587272296, -7.386985058888321], [109.72728485942795, -7.386985058888321], [109.72728485942795, -7.386715565535824], [109.72809333948544, -7.386715565535824], [109.72809333948544, -7.386446072183326], [109.73078827301042, -7.386446072183326], [109.73078827301042, -7.386715565535824], [109.73132725971541, -7.386715565535824], [109.73132725971541, -7.386176578830829], [109.73105776636292, -7.386176578830829], [109.73105776636292, -7.385907085478332], [109.73051877965793, -7.385907085478332], [109.73051877965793, -7.385368098773337], [109.72997979295293, -7.385368098773337], [109.72997979295293, -7.38509860542084], [109.72944080624794, -7.38509860542084], [109.72944080624794, -7.384829112068343], [109.72863232619044, -7.384829112068343], [109.72863232619044, -7.38509860542084], [109.72782384613295, -7.38509860542084], [109.72782384613295, -7.385368098773337], [109.72755435278044, -7.385368098773337], [109.72755435278044, -7.385637592125835], [109.72701536607546, -7.385637592125835], [109.72701536607546, -7.385907085478332], [109.72647637937047, -7.385907085478332], [109.72647637937047, -7.386176578830829], [109.72593739266547, -7.386176578830829], [109.72593739266547, -7.386446072183326], [109.72539840596048, -7.386446072183326], [109.72539840596048, -7.386715565535824], [109.72432043255048, -7.386715565535824], [109.72432043255048, -7.386446072183326], [109.72405093919798, -7.386446072183326], [109.72405093919798, -7.386176578830829], [109.723511952493, -7.386176578830829], [109.723511952493, -7.385907085478332], [109.7232424591405, -7.385907085478332], [109.7232424591405, -7.385637592125835], [109.722972965788, -7.385637592125835], [109.722972965788, -7.385368098773337], [109.7227034724355, -7.385368098773337], [109.7227034724355, -7.38509860542084], [109.72243397908301, -7.38509860542084], [109.72243397908301, -7.384829112068343], [109.72189499237801, -7.384829112068343], [109.72189499237801, -7.384559618715845], [109.7216254990255, -7.384559618715845], [109.7216254990255, -7.384290125363348], [109.71893056550054, -7.384290125363348]]]}}, {"type": "Feature", "properties": {"fid": 44, "DN": 2, "Keterangan": "Sedang"}, "geometry": {"type": "Polygon", "coordinates": [[[109.70437792446569, -7.382942658600862], [109.70437792446569, -7.383212151953359], [109.7032999510557, -7.383212151953359], [109.7032999510557, -7.383481645305856], [109.7027609643507, -7.383481645305856], [109.7027609643507, -7.383751138658353], [109.7024914709982, -7.383751138658353], [109.7024914709982, -7.38402063201085], [109.7022219776457, -7.38402063201085], [109.7022219776457, -7.384290125363348], [109.7019524842932, -7.384290125363348], [109.7019524842932, -7.384829112068343], [109.70168299094071, -7.384829112068343], [109.70168299094071, -7.385368098773337], [109.7014134975882, -7.385368098773337], [109.7014134975882, -7.385907085478332], [109.70114400423572, -7.385907085478332], [109.70114400423572, -7.386446072183326], [109.70087451088322, -7.386446072183326], [109.70087451088322, -7.386715565535824], [109.70060501753072, -7.386715565535824], [109.70060501753072, -7.387254552240818], [109.70087451088322, -7.387254552240818], [109.70087451088322, -7.387524045593316], [109.70303045770319, -7.387524045593316], [109.70303045770319, -7.387254552240818], [109.70410843111318, -7.387254552240818], [109.70410843111318, -7.386985058888321], [109.70464741781818, -7.386985058888321], [109.70464741781818, -7.386715565535824], [109.70545589787567, -7.386715565535824], [109.70545589787567, -7.386446072183326], [109.70626437793317, -7.386446072183326], [109.70626437793317, -7.386176578830829], [109.70707285799065, -7.386176578830829], [109.70707285799065, -7.385907085478332], [109.70734235134316, -7.385907085478332], [109.70734235134316, -7.385637592125835], [109.70761184469565, -7.385637592125835], [109.70761184469565, -7.385368098773337], [109.70734235134316, -7.385368098773337], [109.70734235134316, -7.384829112068343], [109.70707285799065, -7.384829112068343], [109.70707285799065, -7.384559618715845], [109.70680336463816, -7.384559618715845], [109.70680336463816, -7.384290125363348], [109.70653387128566, -7.384290125363348], [109.70653387128566, -7.38402063201085], [109.70626437793317, -7.38402063201085], [109.70626437793317, -7.383751138658353], [109.70599488458066, -7.383751138658353], [109.70599488458066, -7.383481645305856], [109.70545589787567, -7.383481645305856], [109.70545589787567, -7.383212151953359], [109.70464741781818, -7.383212151953359], [109.70464741781818, -7.382942658600862], [109.70437792446569, -7.382942658600862]], [[109.70356944440819, -7.384290125363348], [109.70491691117068, -7.384290125363348], [109.70491691117068, -7.384559618715845], [109.70545589787567, -7.384559618715845], [109.70545589787567, -7.384829112068343], [109.70518640452318, -7.384829112068343], [109.70518640452318, -7.385368098773337], [109.70464741781818, -7.385368098773337], [109.70464741781818, -7.385637592125835], [109.7038389377607, -7.385637592125835], [109.7038389377607, -7.385907085478332], [109.70356944440819, -7.385907085478332], [109.70356944440819, -7.385637592125835], [109.70303045770319, -7.385637592125835], [109.70303045770319, -7.38509860542084], [109.7032999510557, -7.38509860542084], [109.7032999510557, -7.384559618715845], [109.70356944440819, -7.384559618715845], [109.70356944440819, -7.384290125363348]]]}}, {"type": "Feature", "properties": {"fid": 45, "DN": 2, "Keterangan": "Sedang"}, "geometry": {"type": "Polygon", "coordinates": [[[109.74102902040532, -7.386446072183326], [109.74102902040532, -7.386715565535824], [109.74075952705282, -7.386715565535824], [109.74075952705282, -7.387254552240818], [109.74129851375781, -7.387254552240818], [109.74129851375781, -7.387524045593316], [109.74156800711032, -7.387524045593316], [109.74156800711032, -7.387793538945813], [109.7426459805203, -7.387793538945813], [109.7426459805203, -7.387524045593316], [109.7423764871678, -7.387524045593316], [109.7423764871678, -7.386715565535824], [109.74183750046281, -7.386715565535824], [109.74183750046281, -7.386446072183326], [109.74102902040532, -7.386446072183326]]]}}, {"type": "Feature", "properties": {"fid": 46, "DN": 1, "Keterangan": "Rendah"}, "geometry": {"type": "Polygon", "coordinates": [[[109.65533013431117, -7.38509860542084], [109.65533013431117, -7.385907085478332], [109.65559962766368, -7.385907085478332], [109.65559962766368, -7.386176578830829], [109.65586912101617, -7.386176578830829], [109.65586912101617, -7.386446072183326], [109.65613861436867, -7.386446072183326], [109.65613861436867, -7.387254552240818], [109.65640810772116, -7.387254552240818], [109.65640810772116, -7.387524045593316], [109.65694709442616, -7.387524045593316], [109.65694709442616, -7.387793538945813], [109.65775557448364, -7.387793538945813], [109.65775557448364, -7.388063032298311], [109.65856405454115, -7.388063032298311], [109.65856405454115, -7.387793538945813], [109.65883354789364, -7.387793538945813], [109.65883354789364, -7.387524045593316], [109.65910304124614, -7.387524045593316], [109.65910304124614, -7.386985058888321], [109.65937253459863, -7.386985058888321], [109.65937253459863, -7.386715565535824], [109.65991152130363, -7.386715565535824], [109.65991152130363, -7.386446072183326], [109.66045050800862, -7.386446072183326], [109.66045050800862, -7.386715565535824], [109.6617979747711, -7.386715565535824], [109.6617979747711, -7.386176578830829], [109.66152848141861, -7.386176578830829], [109.66152848141861, -7.385907085478332], [109.66098949471362, -7.385907085478332], [109.66098949471362, -7.385637592125835], [109.66072000136111, -7.385637592125835], [109.66072000136111, -7.385907085478332], [109.65991152130363, -7.385907085478332], [109.65991152130363, -7.386176578830829], [109.65964202795114, -7.386176578830829], [109.65964202795114, -7.386446072183326], [109.65910304124614, -7.386446072183326], [109.65910304124614, -7.386715565535824], [109.65856405454115, -7.386715565535824], [109.65856405454115, -7.386985058888321], [109.65721658777865, -7.386985058888321], [109.65721658777865, -7.386715565535824], [109.65667760107365, -7.386715565535824], [109.65667760107365, -7.386446072183326], [109.65640810772116, -7.386446072183326], [109.65640810772116, -7.386176578830829], [109.65613861436867, -7.386176578830829], [109.65613861436867, -7.385637592125835], [109.65586912101617, -7.385637592125835], [109.65586912101617, -7.385368098773337], [109.65559962766368, -7.385368098773337], [109.65559962766368, -7.38509860542084], [109.65533013431117, -7.38509860542084]]]}}, {"type": "Feature", "properties": {"fid": 47, "DN": 2, "Keterangan": "Sedang"}, "geometry": {"type": "Polygon", "coordinates": [[[109.69710160394825, -7.386176578830829], [109.69710160394825, -7.386446072183326], [109.69683211059576, -7.386446072183326], [109.69683211059576, -7.386985058888321], [109.69656261724326, -7.386985058888321], [109.69656261724326, -7.387524045593316], [109.69629312389077, -7.387524045593316], [109.69629312389077, -7.388602019003305], [109.69764059065325, -7.388602019003305], [109.69764059065325, -7.388332525650807], [109.69817957735825, -7.388332525650807], [109.69817957735825, -7.388063032298311], [109.69871856406324, -7.388063032298311], [109.69871856406324, -7.387793538945813], [109.69898805741573, -7.387793538945813], [109.69898805741573, -7.387254552240818], [109.69925755076824, -7.387254552240818], [109.69925755076824, -7.386985058888321], [109.69898805741573, -7.386985058888321], [109.69898805741573, -7.386715565535824], [109.69871856406324, -7.386715565535824], [109.69871856406324, -7.386446072183326], [109.69844907071074, -7.386446072183326], [109.69844907071074, -7.386176578830829], [109.69710160394825, -7.386176578830829]]]}}, {"type": "Feature", "properties": {"fid": 48, "DN": 1, "Keterangan": "Rendah"}, "geometry": {"type": "Polygon", "coordinates": [[[109.66557088170607, -7.388332525650807], [109.66557088170607, -7.388602019003305], [109.66637936176356, -7.388602019003305], [109.66637936176356, -7.388871512355802], [109.66691834846856, -7.388871512355802], [109.66691834846856, -7.389141005708299], [109.66718784182106, -7.389141005708299], [109.66718784182106, -7.388332525650807], [109.66557088170607, -7.388332525650807]]]}}, {"type": "Feature", "properties": {"fid": 49, "DN": 3, "Keterangan": "Tinggi"}, "geometry": {"type": "Polygon", "coordinates": [[[109.56720580804455, -7.388332525650807], [109.56720580804455, -7.388602019003305], [109.56693631469206, -7.388602019003305], [109.56693631469206, -7.388871512355802], [109.56747530139705, -7.388871512355802], [109.56747530139705, -7.389141005708299], [109.56828378145454, -7.389141005708299], [109.56828378145454, -7.388871512355802], [109.56855327480704, -7.388871512355802], [109.56855327480704, -7.388602019003305], [109.56828378145454, -7.388602019003305], [109.56828378145454, -7.388332525650807], [109.56720580804455, -7.388332525650807]]]}}, {"type": "Feature", "properties": {"fid": 50, "DN": 1, "Keterangan": "Rendah"}, "geometry": {"type": "Polygon", "coordinates": [[[109.66745733517355, -7.389141005708299], [109.66745733517355, -7.389410499060797], [109.66772682852604, -7.389410499060797], [109.66772682852604, -7.389679992413294], [109.66799632187855, -7.389679992413294], [109.66799632187855, -7.389141005708299], [109.66745733517355, -7.389141005708299]]]}}, {"type": "Feature", "properties": {"fid": 51, "DN": 2, "Keterangan": "Sedang"}, "geometry": {"type": "Polygon", "coordinates": [[[109.69225072360331, -7.388871512355802], [109.69225072360331, -7.389141005708299], [109.69171173689831, -7.389141005708299], [109.69171173689831, -7.389410499060797], [109.69144224354581, -7.389410499060797], [109.69144224354581, -7.389679992413294], [109.6925202169558, -7.389679992413294], [109.6925202169558, -7.389410499060797], [109.6927897103083, -7.389410499060797], [109.6927897103083, -7.389141005708299], [109.6925202169558, -7.389141005708299], [109.6925202169558, -7.388871512355802], [109.69225072360331, -7.388871512355802]]]}}, {"type": "Feature", "properties": {"fid": 52, "DN": 3, "Keterangan": "Tinggi"}, "geometry": {"type": "Polygon", "coordinates": [[[109.6631454415336, -7.387524045593316], [109.6631454415336, -7.387793538945813], [109.6626064548286, -7.387793538945813], [109.6626064548286, -7.388063032298311], [109.6623369614761, -7.388063032298311], [109.6623369614761, -7.389679992413294], [109.6631454415336, -7.389679992413294], [109.6631454415336, -7.389949485765792], [109.66476240164857, -7.389949485765792], [109.66476240164857, -7.389679992413294], [109.66530138835357, -7.389679992413294], [109.66530138835357, -7.389410499060797], [109.66476240164857, -7.389410499060797], [109.66476240164857, -7.389141005708299], [109.66422341494358, -7.389141005708299], [109.66422341494358, -7.388871512355802], [109.66395392159109, -7.388871512355802], [109.66395392159109, -7.388602019003305], [109.6636844282386, -7.388602019003305], [109.6636844282386, -7.388063032298311], [109.66341493488609, -7.388063032298311], [109.66341493488609, -7.387524045593316], [109.6631454415336, -7.387524045593316]]]}}, {"type": "Feature", "properties": {"fid": 53, "DN": 1, "Keterangan": "Rendah"}, "geometry": {"type": "Polygon", "coordinates": [[[109.6820099762084, -7.389679992413294], [109.6820099762084, -7.389949485765792], [109.68227946956091, -7.389949485765792], [109.68227946956091, -7.389679992413294], [109.6820099762084, -7.389679992413294]]]}}, {"type": "Feature", "properties": {"fid": 54, "DN": 3, "Keterangan": "Tinggi"}, "geometry": {"type": "Polygon", "coordinates": [[[109.62164346524901, -7.373510391263456], [109.62164346524901, -7.373779884615953], [109.62083498519152, -7.373779884615953], [109.62083498519152, -7.374049377968451], [109.62056549183902, -7.374049377968451], [109.62056549183902, -7.374318871320948], [109.62083498519152, -7.374318871320948], [109.62083498519152, -7.374588364673445], [109.62110447854401, -7.374588364673445], [109.62110447854401, -7.374857858025942], [109.62137397189652, -7.374857858025942], [109.62137397189652, -7.375127351378439], [109.622182451954, -7.375127351378439], [109.622182451954, -7.375396844730937], [109.622721438659, -7.375396844730937], [109.622721438659, -7.375666338083434], [109.62299093201149, -7.375666338083434], [109.62299093201149, -7.376744311493423], [109.622721438659, -7.376744311493423], [109.622721438659, -7.37701380484592], [109.62245194530651, -7.37701380484592], [109.62245194530651, -7.377283298198418], [109.622182451954, -7.377283298198418], [109.622182451954, -7.377552791550915], [109.62164346524901, -7.377552791550915], [109.62164346524901, -7.377822284903413], [109.62137397189652, -7.377822284903413], [109.62137397189652, -7.37809177825591], [109.62110447854401, -7.37809177825591], [109.62110447854401, -7.378361271608407], [109.62083498519152, -7.378361271608407], [109.62083498519152, -7.379169751665899], [109.62056549183902, -7.379169751665899], [109.62056549183902, -7.380786711780883], [109.62029599848653, -7.380786711780883], [109.62029599848653, -7.381325698485877], [109.62002650513402, -7.381325698485877], [109.62002650513402, -7.381595191838375], [109.61975701178153, -7.381595191838375], [109.61975701178153, -7.381864685190872], [109.61948751842903, -7.381864685190872], [109.61948751842903, -7.382134178543369], [109.61867903837154, -7.382134178543369], [109.61867903837154, -7.382403671895867], [109.61787055831405, -7.382403671895867], [109.61787055831405, -7.382673165248364], [109.61706207825655, -7.382673165248364], [109.61706207825655, -7.382942658600862], [109.61733157160906, -7.382942658600862], [109.61733157160906, -7.383212151953359], [109.61760106496155, -7.383212151953359], [109.61760106496155, -7.383481645305856], [109.61787055831405, -7.383481645305856], [109.61787055831405, -7.383751138658353], [109.61814005166654, -7.383751138658353], [109.61814005166654, -7.384290125363348], [109.61840954501905, -7.384290125363348], [109.61840954501905, -7.385637592125835], [109.61867903837154, -7.385637592125835], [109.61867903837154, -7.386446072183326], [109.61894853172404, -7.386446072183326], [109.61894853172404, -7.386985058888321], [109.61921802507653, -7.386985058888321], [109.61921802507653, -7.387524045593316], [109.61948751842903, -7.387524045593316], [109.61948751842903, -7.388602019003305], [109.61975701178153, -7.388602019003305], [109.61975701178153, -7.389141005708299], [109.62002650513402, -7.389141005708299], [109.62002650513402, -7.389679992413294], [109.62029599848653, -7.389679992413294], [109.62029599848653, -7.389949485765792], [109.62083498519152, -7.389949485765792], [109.62083498519152, -7.390218979118289], [109.62110447854401, -7.390218979118289], [109.62110447854401, -7.389949485765792], [109.62164346524901, -7.389949485765792], [109.62164346524901, -7.389679992413294], [109.62245194530651, -7.389679992413294], [109.62245194530651, -7.389410499060797], [109.62460789212648, -7.389410499060797], [109.62460789212648, -7.389679992413294], [109.62514687883147, -7.389679992413294], [109.62514687883147, -7.389410499060797], [109.62568586553647, -7.389410499060797], [109.62568586553647, -7.389141005708299], [109.62595535888897, -7.389141005708299], [109.62595535888897, -7.388602019003305], [109.62622485224146, -7.388602019003305], [109.62622485224146, -7.388332525650807], [109.62649434559395, -7.388332525650807], [109.62649434559395, -7.388063032298311], [109.62676383894646, -7.388063032298311], [109.62676383894646, -7.387793538945813], [109.62703333229895, -7.387793538945813], [109.62703333229895, -7.387524045593316], [109.62730282565146, -7.387524045593316], [109.62730282565146, -7.387254552240818], [109.62757231900395, -7.387254552240818], [109.62757231900395, -7.386985058888321], [109.62784181235645, -7.386985058888321], [109.62784181235645, -7.386446072183326], [109.62811130570894, -7.386446072183326], [109.62811130570894, -7.385907085478332], [109.62838079906145, -7.385907085478332], [109.62838079906145, -7.38509860542084], [109.62865029241394, -7.38509860542084], [109.62865029241394, -7.384559618715845], [109.62891978576644, -7.384559618715845], [109.62891978576644, -7.384290125363348], [109.62918927911893, -7.384290125363348], [109.62918927911893, -7.38402063201085], [109.62945877247144, -7.38402063201085], [109.62945877247144, -7.383751138658353], [109.63026725252892, -7.383751138658353], [109.63026725252892, -7.383481645305856], [109.63188421264391, -7.383481645305856], [109.63188421264391, -7.383751138658353], [109.6326926927014, -7.383751138658353], [109.6326926927014, -7.38402063201085], [109.6329621860539, -7.38402063201085], [109.6329621860539, -7.384290125363348], [109.63323167940639, -7.384290125363348], [109.63323167940639, -7.384559618715845], [109.6335011727589, -7.384559618715845], [109.6335011727589, -7.384829112068343], [109.63377066611139, -7.384829112068343], [109.63377066611139, -7.38509860542084], [109.63404015946388, -7.38509860542084], [109.63404015946388, -7.385368098773337], [109.63430965281638, -7.385368098773337], [109.63430965281638, -7.385637592125835], [109.63457914616887, -7.385637592125835], [109.63457914616887, -7.385907085478332], [109.63592661293137, -7.385907085478332], [109.63592661293137, -7.385637592125835], [109.63619610628386, -7.385637592125835], [109.63619610628386, -7.385368098773337], [109.63646559963637, -7.385368098773337], [109.63646559963637, -7.384829112068343], [109.63673509298886, -7.384829112068343], [109.63673509298886, -7.383751138658353], [109.63700458634136, -7.383751138658353], [109.63700458634136, -7.383212151953359], [109.63727407969385, -7.383212151953359], [109.63727407969385, -7.382673165248364], [109.63754357304636, -7.382673165248364], [109.63754357304636, -7.382134178543369], [109.63781306639885, -7.382134178543369], [109.63781306639885, -7.381864685190872], [109.63808255975134, -7.381864685190872], [109.63808255975134, -7.381595191838375], [109.63862154645633, -7.381595191838375], [109.63862154645633, -7.381056205133381], [109.63835205310384, -7.381056205133381], [109.63835205310384, -7.380786711780883], [109.63808255975134, -7.380786711780883], [109.63808255975134, -7.380517218428386], [109.63781306639885, -7.380517218428386], [109.63781306639885, -7.380786711780883], [109.63673509298886, -7.380786711780883], [109.63673509298886, -7.381056205133381], [109.63619610628386, -7.381056205133381], [109.63619610628386, -7.381325698485877], [109.63565711957887, -7.381325698485877], [109.63565711957887, -7.381595191838375], [109.63538762622638, -7.381595191838375], [109.63538762622638, -7.381864685190872], [109.63457914616887, -7.381864685190872], [109.63457914616887, -7.382134178543369], [109.63377066611139, -7.382134178543369], [109.63377066611139, -7.381864685190872], [109.6329621860539, -7.381864685190872], [109.6329621860539, -7.381595191838375], [109.6326926927014, -7.381595191838375], [109.6326926927014, -7.381056205133381], [109.6324231993489, -7.381056205133381], [109.6324231993489, -7.380517218428386], [109.6321537059964, -7.380517218428386], [109.6321537059964, -7.379708738370894], [109.63188421264391, -7.379708738370894], [109.63188421264391, -7.379169751665899], [109.6316147192914, -7.379169751665899], [109.6316147192914, -7.378630764960905], [109.63080623923392, -7.378630764960905], [109.63080623923392, -7.378361271608407], [109.63026725252892, -7.378361271608407], [109.63026725252892, -7.37809177825591], [109.62999775917643, -7.37809177825591], [109.62999775917643, -7.377822284903413], [109.62945877247144, -7.377822284903413], [109.62945877247144, -7.377552791550915], [109.62891978576644, -7.377552791550915], [109.62891978576644, -7.377283298198418], [109.62838079906145, -7.377283298198418], [109.62838079906145, -7.37701380484592], [109.62811130570894, -7.37701380484592], [109.62811130570894, -7.376744311493423], [109.62784181235645, -7.376744311493423], [109.62784181235645, -7.376205324788429], [109.62757231900395, -7.376205324788429], [109.62757231900395, -7.375935831435932], [109.62730282565146, -7.375935831435932], [109.62730282565146, -7.375666338083434], [109.62703333229895, -7.375666338083434], [109.62703333229895, -7.375127351378439], [109.62676383894646, -7.375127351378439], [109.62676383894646, -7.374857858025942], [109.62622485224146, -7.374857858025942], [109.62622485224146, -7.374588364673445], [109.62595535888897, -7.374588364673445], [109.62595535888897, -7.374318871320948], [109.62568586553647, -7.374318871320948], [109.62568586553647, -7.374049377968451], [109.62514687883147, -7.374049377968451], [109.62514687883147, -7.373779884615953], [109.62352991871649, -7.373779884615953], [109.62352991871649, -7.373510391263456], [109.62164346524901, -7.373510391263456]]]}}, {"type": "Feature", "properties": {"fid": 55, "DN": 2, "Keterangan": "Sedang"}, "geometry": {"type": "Polygon", "coordinates": [[[109.75396470132519, -7.389141005708299], [109.75396470132519, -7.389410499060797], [109.75342571462019, -7.389410499060797], [109.75342571462019, -7.389679992413294], [109.7528867279152, -7.389679992413294], [109.7528867279152, -7.389949485765792], [109.7526172345627, -7.389949485765792], [109.7526172345627, -7.390218979118289], [109.7531562212677, -7.390218979118289], [109.7531562212677, -7.389949485765792], [109.75369520797268, -7.389949485765792], [109.75369520797268, -7.389679992413294], [109.75423419467768, -7.389679992413294], [109.75423419467768, -7.389410499060797], [109.75450368803018, -7.389410499060797], [109.75450368803018, -7.389141005708299], [109.75396470132519, -7.389141005708299]]]}}, {"type": "Feature", "properties": {"fid": 56, "DN": 3, "Keterangan": "Tinggi"}, "geometry": {"type": "Polygon", "coordinates": [[[109.60951626438663, -7.388871512355802], [109.60951626438663, -7.389410499060797], [109.60924677103414, -7.389410499060797], [109.60924677103414, -7.389679992413294], [109.60951626438663, -7.389679992413294], [109.60951626438663, -7.390488472470786], [109.61032474444413, -7.390488472470786], [109.61032474444413, -7.390218979118289], [109.61059423779662, -7.390218979118289], [109.61059423779662, -7.389949485765792], [109.61032474444413, -7.389949485765792], [109.61032474444413, -7.389410499060797], [109.61005525109162, -7.389410499060797], [109.61005525109162, -7.389141005708299], [109.60978575773913, -7.389141005708299], [109.60978575773913, -7.388871512355802], [109.60951626438663, -7.388871512355802]]]}}, {"type": "Feature", "properties": {"fid": 57, "DN": 2, "Keterangan": "Sedang"}, "geometry": {"type": "Polygon", "coordinates": [[[109.58553135601437, -7.384290125363348], [109.58553135601437, -7.384559618715845], [109.58499236930938, -7.384559618715845], [109.58499236930938, -7.38509860542084], [109.58472287595688, -7.38509860542084], [109.58472287595688, -7.385637592125835], [109.58445338260438, -7.385637592125835], [109.58445338260438, -7.386176578830829], [109.58391439589938, -7.386176578830829], [109.58391439589938, -7.386446072183326], [109.5836449025469, -7.386446072183326], [109.5836449025469, -7.386715565535824], [109.5831059158419, -7.386715565535824], [109.5831059158419, -7.386985058888321], [109.58148895572691, -7.386985058888321], [109.58148895572691, -7.387254552240818], [109.58094996902192, -7.387254552240818], [109.58094996902192, -7.387524045593316], [109.58041098231692, -7.387524045593316], [109.58041098231692, -7.387793538945813], [109.58014148896443, -7.387793538945813], [109.58014148896443, -7.388063032298311], [109.57987199561192, -7.388063032298311], [109.57987199561192, -7.388602019003305], [109.57960250225943, -7.388602019003305], [109.57960250225943, -7.389141005708299], [109.57933300890693, -7.389141005708299], [109.57933300890693, -7.389410499060797], [109.57906351555444, -7.389410499060797], [109.57906351555444, -7.389949485765792], [109.57879402220193, -7.389949485765792], [109.57879402220193, -7.390488472470786], [109.57906351555444, -7.390488472470786], [109.57906351555444, -7.390218979118289], [109.57933300890693, -7.390218979118289], [109.57933300890693, -7.389679992413294], [109.58014148896443, -7.389679992413294], [109.58014148896443, -7.389410499060797], [109.58041098231692, -7.389410499060797], [109.58041098231692, -7.389141005708299], [109.58121946237442, -7.389141005708299], [109.58121946237442, -7.388871512355802], [109.5820279424319, -7.388871512355802], [109.5820279424319, -7.388602019003305], [109.5828364224894, -7.388602019003305], [109.5828364224894, -7.388332525650807], [109.58337540919439, -7.388332525650807], [109.58337540919439, -7.388063032298311], [109.5836449025469, -7.388063032298311], [109.5836449025469, -7.387793538945813], [109.58391439589938, -7.387793538945813], [109.58391439589938, -7.387524045593316], [109.58418388925189, -7.387524045593316], [109.58418388925189, -7.386985058888321], [109.58445338260438, -7.386985058888321], [109.58445338260438, -7.386446072183326], [109.58472287595688, -7.386446072183326], [109.58472287595688, -7.386176578830829], [109.58499236930938, -7.386176578830829], [109.58499236930938, -7.385637592125835], [109.58526186266188, -7.385637592125835], [109.58526186266188, -7.385368098773337], [109.58580084936686, -7.385368098773337], [109.58580084936686, -7.384290125363348], [109.58553135601437, -7.384290125363348]]]}}, {"type": "Feature", "properties": {"fid": 58, "DN": 2, "Keterangan": "Sedang"}, "geometry": {"type": "Polygon", "coordinates": [[[109.75207824785771, -7.390218979118289], [109.75207824785771, -7.390488472470786], [109.7526172345627, -7.390488472470786], [109.7526172345627, -7.390218979118289], [109.75207824785771, -7.390218979118289]]]}}, {"type": "Feature", "properties": {"fid": 59, "DN": 2, "Keterangan": "Sedang"}, "geometry": {"type": "Polygon", "coordinates": [[[109.75126976780021, -7.388063032298311], [109.75126976780021, -7.388332525650807], [109.75073078109521, -7.388332525650807], [109.75073078109521, -7.388602019003305], [109.75046128774272, -7.388602019003305], [109.75046128774272, -7.388871512355802], [109.75019179439022, -7.388871512355802], [109.75019179439022, -7.389141005708299], [109.74992230103773, -7.389141005708299], [109.74992230103773, -7.389679992413294], [109.74965280768524, -7.389679992413294], [109.74965280768524, -7.390488472470786], [109.75019179439022, -7.390488472470786], [109.75019179439022, -7.390757965823283], [109.75073078109521, -7.390757965823283], [109.75073078109521, -7.390218979118289], [109.75100027444772, -7.390218979118289], [109.75100027444772, -7.389410499060797], [109.75126976780021, -7.389410499060797], [109.75126976780021, -7.388602019003305], [109.75153926115271, -7.388602019003305], [109.75153926115271, -7.388063032298311], [109.75126976780021, -7.388063032298311]]]}}, {"type": "Feature", "properties": {"fid": 60, "DN": 2, "Keterangan": "Sedang"}, "geometry": {"type": "Polygon", "coordinates": [[[109.7518087545052, -7.390488472470786], [109.7518087545052, -7.390757965823283], [109.75207824785771, -7.390757965823283], [109.75207824785771, -7.390488472470786], [109.7518087545052, -7.390488472470786]]]}}, {"type": "Feature", "properties": {"fid": 61, "DN": 1, "Keterangan": "Rendah"}, "geometry": {"type": "Polygon", "coordinates": [[[109.66826581523104, -7.389949485765792], [109.66826581523104, -7.390488472470786], [109.66853530858354, -7.390488472470786], [109.66853530858354, -7.39102745917578], [109.66880480193603, -7.39102745917578], [109.66880480193603, -7.389949485765792], [109.66826581523104, -7.389949485765792]]]}}, {"type": "Feature", "properties": {"fid": 62, "DN": 2, "Keterangan": "Sedang"}, "geometry": {"type": "Polygon", "coordinates": [[[109.56666682133957, -7.386985058888321], [109.56666682133957, -7.387254552240818], [109.56585834128207, -7.387254552240818], [109.56585834128207, -7.387524045593316], [109.56531935457707, -7.387524045593316], [109.56531935457707, -7.387793538945813], [109.56504986122458, -7.387793538945813], [109.56504986122458, -7.388063032298311], [109.56478036787207, -7.388063032298311], [109.56478036787207, -7.388332525650807], [109.56451087451958, -7.388332525650807], [109.56451087451958, -7.388602019003305], [109.56424138116708, -7.388602019003305], [109.56424138116708, -7.389141005708299], [109.56397188781459, -7.389141005708299], [109.56397188781459, -7.389410499060797], [109.56370239446208, -7.389410499060797], [109.56370239446208, -7.390218979118289], [109.56343290110959, -7.390218979118289], [109.56343290110959, -7.390488472470786], [109.56370239446208, -7.390488472470786], [109.56370239446208, -7.39102745917578], [109.56397188781459, -7.39102745917578], [109.56397188781459, -7.390757965823283], [109.56531935457707, -7.390757965823283], [109.56531935457707, -7.390488472470786], [109.56639732798706, -7.390488472470786], [109.56639732798706, -7.390757965823283], [109.56747530139705, -7.390757965823283], [109.56747530139705, -7.39102745917578], [109.56855327480704, -7.39102745917578], [109.56855327480704, -7.390757965823283], [109.56909226151204, -7.390757965823283], [109.56909226151204, -7.390488472470786], [109.56963124821704, -7.390488472470786], [109.56963124821704, -7.390218979118289], [109.56990074156953, -7.390218979118289], [109.56990074156953, -7.389949485765792], [109.57017023492203, -7.389949485765792], [109.57017023492203, -7.389679992413294], [109.57124820833201, -7.389679992413294], [109.57124820833201, -7.389949485765792], [109.57151770168451, -7.389949485765792], [109.57151770168451, -7.390488472470786], [109.571787195037, -7.390488472470786], [109.571787195037, -7.390757965823283], [109.57205668838951, -7.390757965823283], [109.57205668838951, -7.39102745917578], [109.5725956750945, -7.39102745917578], [109.5725956750945, -7.391296952528278], [109.57394314185699, -7.391296952528278], [109.57394314185699, -7.39102745917578], [109.57421263520948, -7.39102745917578], [109.57421263520948, -7.390218979118289], [109.57394314185699, -7.390218979118289], [109.57394314185699, -7.389679992413294], [109.5736736485045, -7.389679992413294], [109.5736736485045, -7.389410499060797], [109.57340415515199, -7.389410499060797], [109.57340415515199, -7.389141005708299], [109.572865168447, -7.389141005708299], [109.572865168447, -7.388871512355802], [109.57151770168451, -7.388871512355802], [109.57151770168451, -7.388602019003305], [109.57097871497952, -7.388602019003305], [109.57097871497952, -7.388332525650807], [109.57070922162701, -7.388332525650807], [109.57070922162701, -7.388063032298311], [109.57017023492203, -7.388063032298311], [109.57017023492203, -7.387793538945813], [109.56990074156953, -7.387793538945813], [109.56990074156953, -7.387524045593316], [109.56936175486453, -7.387524045593316], [109.56936175486453, -7.387254552240818], [109.56855327480704, -7.387254552240818], [109.56855327480704, -7.386985058888321], [109.56666682133957, -7.386985058888321]], [[109.56720580804455, -7.388332525650807], [109.56828378145454, -7.388332525650807], [109.56828378145454, -7.388602019003305], [109.56855327480704, -7.388602019003305], [109.56855327480704, -7.388871512355802], [109.56828378145454, -7.388871512355802], [109.56828378145454, -7.389141005708299], [109.56747530139705, -7.389141005708299], [109.56747530139705, -7.388871512355802], [109.56693631469206, -7.388871512355802], [109.56693631469206, -7.388602019003305], [109.56720580804455, -7.388602019003305], [109.56720580804455, -7.388332525650807]], [[109.57124820833201, -7.388871512355802], [109.57151770168451, -7.388871512355802], [109.57151770168451, -7.389141005708299], [109.57124820833201, -7.389141005708299], [109.57124820833201, -7.388871512355802]]]}}, {"type": "Feature", "properties": {"fid": 63, "DN": 1, "Keterangan": "Rendah"}, "geometry": {"type": "Polygon", "coordinates": [[[109.66018101465612, -7.387524045593316], [109.66018101465612, -7.390488472470786], [109.66098949471362, -7.390488472470786], [109.66098949471362, -7.391296952528278], [109.6628759481811, -7.391296952528278], [109.6628759481811, -7.391566445880775], [109.66449290829608, -7.391566445880775], [109.66449290829608, -7.39102745917578], [109.6628759481811, -7.39102745917578], [109.6628759481811, -7.390757965823283], [109.66206746812361, -7.390757965823283], [109.66206746812361, -7.390488472470786], [109.6617979747711, -7.390488472470786], [109.6617979747711, -7.390218979118289], [109.66152848141861, -7.390218979118289], [109.66152848141861, -7.389949485765792], [109.66125898806611, -7.389949485765792], [109.66125898806611, -7.389410499060797], [109.66098949471362, -7.389410499060797], [109.66098949471362, -7.388602019003305], [109.66125898806611, -7.388602019003305], [109.66125898806611, -7.387793538945813], [109.66152848141861, -7.387793538945813], [109.66152848141861, -7.387524045593316], [109.66018101465612, -7.387524045593316]]]}}, {"type": "Feature", "properties": {"fid": 64, "DN": 1, "Keterangan": "Rendah"}, "geometry": {"type": "Polygon", "coordinates": [[[109.6723082155185, -7.389949485765792], [109.6723082155185, -7.390757965823283], [109.67149973546101, -7.390757965823283], [109.67149973546101, -7.391566445880775], [109.6717692288135, -7.391566445880775], [109.6717692288135, -7.391296952528278], [109.6723082155185, -7.391296952528278], [109.6723082155185, -7.39102745917578], [109.672577708871, -7.39102745917578], [109.672577708871, -7.390757965823283], [109.67419466898599, -7.390757965823283], [109.67419466898599, -7.390488472470786], [109.673655682281, -7.390488472470786], [109.673655682281, -7.389949485765792], [109.6723082155185, -7.389949485765792]]]}}, {"type": "Feature", "properties": {"fid": 65, "DN": 1, "Keterangan": "Rendah"}, "geometry": {"type": "Polygon", "coordinates": [[[109.66476240164857, -7.391296952528278], [109.66476240164857, -7.391566445880775], [109.66503189500108, -7.391566445880775], [109.66503189500108, -7.391296952528278], [109.66476240164857, -7.391296952528278]]]}}, {"type": "Feature", "properties": {"fid": 66, "DN": 1, "Keterangan": "Rendah"}, "geometry": {"type": "Polygon", "coordinates": [[[109.55507860718218, -7.391566445880775], [109.55507860718218, -7.391835939233273], [109.55588708723967, -7.391835939233273], [109.55588708723967, -7.391566445880775], [109.55507860718218, -7.391566445880775]]]}}, {"type": "Feature", "properties": {"fid": 67, "DN": 1, "Keterangan": "Rendah"}, "geometry": {"type": "Polygon", "coordinates": [[[109.66530138835357, -7.391566445880775], [109.66530138835357, -7.391835939233273], [109.66557088170607, -7.391835939233273], [109.66557088170607, -7.391566445880775], [109.66530138835357, -7.391566445880775]]]}}, {"type": "Feature", "properties": {"fid": 68, "DN": 1, "Keterangan": "Rendah"}, "geometry": {"type": "Polygon", "coordinates": [[[109.7919632640273, -7.188368458097807], [109.7919632640273, -7.190793898270283], [109.79169377067481, -7.190793898270283], [109.79169377067481, -7.19106339162278], [109.79115478396982, -7.19106339162278], [109.79115478396982, -7.191602378327775], [109.79088529061731, -7.191602378327775], [109.79088529061731, -7.192410858385267], [109.79061579726482, -7.192410858385267], [109.79061579726482, -7.193488831795256], [109.79034630391233, -7.193488831795256], [109.79034630391233, -7.194566805205246], [109.79061579726482, -7.194566805205246], [109.79061579726482, -7.194836298557743], [109.79088529061731, -7.194836298557743], [109.79088529061731, -7.195914271967732], [109.79115478396982, -7.195914271967732], [109.79115478396982, -7.196722752025224], [109.79061579726482, -7.196722752025224], [109.79061579726482, -7.196992245377721], [109.79034630391233, -7.196992245377721], [109.79034630391233, -7.197261738730218], [109.79007681055982, -7.197261738730218], [109.79007681055982, -7.197531232082715], [109.78953782385483, -7.197531232082715], [109.78953782385483, -7.197800725435213], [109.78926833050234, -7.197800725435213], [109.78926833050234, -7.19807021878771], [109.78845985044484, -7.19807021878771], [109.78845985044484, -7.197800725435213], [109.78792086373984, -7.197800725435213], [109.78792086373984, -7.197531232082715], [109.78684289032986, -7.197531232082715], [109.78684289032986, -7.19807021878771], [109.78657339697736, -7.19807021878771], [109.78657339697736, -7.198339712140208], [109.78549542356737, -7.198339712140208], [109.78549542356737, -7.198609205492705], [109.78522593021488, -7.198609205492705], [109.78522593021488, -7.1991481921977], [109.78495643686237, -7.1991481921977], [109.78495643686237, -7.199956672255191], [109.78522593021488, -7.199956672255191], [109.78522593021488, -7.200226165607689], [109.78495643686237, -7.200226165607689], [109.78495643686237, -7.201573632370176], [109.78522593021488, -7.201573632370176], [109.78522593021488, -7.201843125722672], [109.78468694350988, -7.201843125722672], [109.78468694350988, -7.203460085837657], [109.78495643686237, -7.203460085837657], [109.78495643686237, -7.205346539305138], [109.78441745015738, -7.205346539305138], [109.78441745015738, -7.205616032657635], [109.78414795680489, -7.205616032657635], [109.78414795680489, -7.205885526010132], [109.78387846345238, -7.205885526010132], [109.78387846345238, -7.20615501936263], [109.78360897009989, -7.20615501936263], [109.78360897009989, -7.206424512715127], [109.7830699833949, -7.206424512715127], [109.7830699833949, -7.206694006067624], [109.7828004900424, -7.206694006067624], [109.7828004900424, -7.206963499420121], [109.7825309966899, -7.206963499420121], [109.7825309966899, -7.207232992772618], [109.78226150333741, -7.207232992772618], [109.78226150333741, -7.207502486125116], [109.7819920099849, -7.207502486125116], [109.7819920099849, -7.208041472830111], [109.78172251663241, -7.208041472830111], [109.78172251663241, -7.208310966182608], [109.78145302327991, -7.208310966182608], [109.78145302327991, -7.209119446240099], [109.78172251663241, -7.209119446240099], [109.78172251663241, -7.209927926297592], [109.78145302327991, -7.209927926297592], [109.78145302327991, -7.210466913002587], [109.78118352992742, -7.210466913002587], [109.78118352992742, -7.211275393060078], [109.78091403657491, -7.211275393060078], [109.78091403657491, -7.212353366470067], [109.78064454322242, -7.212353366470067], [109.78064454322242, -7.212892353175062], [109.78037504986992, -7.212892353175062], [109.78037504986992, -7.213431339880056], [109.77983606316492, -7.213431339880056], [109.77983606316492, -7.213970326585051], [109.77956656981243, -7.213970326585051], [109.77956656981243, -7.215048299995041], [109.77902758310744, -7.215048299995041], [109.77902758310744, -7.215587286700035], [109.77875808975494, -7.215587286700035], [109.77875808975494, -7.217473740167517], [109.77902758310744, -7.217473740167517], [109.77902758310744, -7.218821206930003], [109.77848859640244, -7.218821206930003], [109.77848859640244, -7.219360193634997], [109.77821910304995, -7.219360193634997], [109.77821910304995, -7.219629686987495], [109.77794960969744, -7.219629686987495], [109.77794960969744, -7.220168673692489], [109.77741062299245, -7.220168673692489], [109.77741062299245, -7.220438167044986], [109.77714112963996, -7.220438167044986], [109.77714112963996, -7.221246647102478], [109.77687163628745, -7.221246647102478], [109.77687163628745, -7.222055127159971], [109.77714112963996, -7.222055127159971], [109.77714112963996, -7.224211073979949], [109.77741062299245, -7.224211073979949], [109.77741062299245, -7.225289047389938], [109.77714112963996, -7.225289047389938], [109.77714112963996, -7.225828034094933], [109.77687163628745, -7.225828034094933], [109.77687163628745, -7.226367020799927], [109.77552416952497, -7.226367020799927], [109.77552416952497, -7.226636514152425], [109.77525467617248, -7.226636514152425], [109.77525467617248, -7.227444994209916], [109.77498518281998, -7.227444994209916], [109.77498518281998, -7.227714487562414], [109.77471568946748, -7.227714487562414], [109.77471568946748, -7.227983980914911], [109.77336822270499, -7.227983980914911], [109.77336822270499, -7.228253474267408], [109.772829236, -7.228253474267408], [109.772829236, -7.228522967619906], [109.772290249295, -7.228522967619906], [109.772290249295, -7.228792460972403], [109.77121227588502, -7.228792460972403], [109.77121227588502, -7.229061954324901], [109.77094278253252, -7.229061954324901], [109.77094278253252, -7.229331447677398], [109.77067328918002, -7.229331447677398], [109.77067328918002, -7.229600941029895], [109.77013430247503, -7.229600941029895], [109.77013430247503, -7.229870434382392], [109.76986480912252, -7.229870434382392], [109.76986480912252, -7.230139927734889], [109.76959531577003, -7.230139927734889], [109.76959531577003, -7.230409421087387], [109.76932582241753, -7.230409421087387], [109.76932582241753, -7.230948407792382], [109.76905632906504, -7.230948407792382], [109.76905632906504, -7.231487394497376], [109.76878683571253, -7.231487394497376], [109.76878683571253, -7.231756887849873], [109.76824784900755, -7.231756887849873], [109.76824784900755, -7.232295874554868], [109.76797835565505, -7.232295874554868], [109.76797835565505, -7.232565367907365], [109.76770886230256, -7.232565367907365], [109.76770886230256, -7.233373847964857], [109.76716987559756, -7.233373847964857], [109.76716987559756, -7.234182328022349], [109.76743936895005, -7.234182328022349], [109.76743936895005, -7.234721314727344], [109.76716987559756, -7.234721314727344], [109.76716987559756, -7.234990808079841], [109.76690038224505, -7.234990808079841], [109.76690038224505, -7.236607768194824], [109.76663088889256, -7.236607768194824], [109.76663088889256, -7.237955234957312], [109.76636139554006, -7.237955234957312], [109.76636139554006, -7.238224728309809], [109.76609190218757, -7.238224728309809], [109.76609190218757, -7.238494221662306], [109.76582240883506, -7.238494221662306], [109.76582240883506, -7.239302701719798], [109.76609190218757, -7.239302701719798], [109.76609190218757, -7.241728141892274], [109.76528342213007, -7.241728141892274], [109.76528342213007, -7.244153582064749], [109.76501392877758, -7.244153582064749], [109.76501392877758, -7.244962062122242], [109.76474443542507, -7.244962062122242], [109.76474443542507, -7.245231555474739], [109.76447494207258, -7.245231555474739], [109.76447494207258, -7.247926488999711], [109.76474443542507, -7.247926488999711], [109.76474443542507, -7.249004462409701], [109.76447494207258, -7.249004462409701], [109.76447494207258, -7.250890915877182], [109.76474443542507, -7.250890915877182], [109.76474443542507, -7.251699395934674], [109.76447494207258, -7.251699395934674], [109.76447494207258, -7.252507875992166], [109.76501392877758, -7.252507875992166], [109.76501392877758, -7.252777369344663], [109.76528342213007, -7.252777369344663], [109.76528342213007, -7.253316356049658], [109.76582240883506, -7.253316356049658], [109.76582240883506, -7.253585849402155], [109.76609190218757, -7.253585849402155], [109.76609190218757, -7.253855342754653], [109.76663088889256, -7.253855342754653], [109.76663088889256, -7.25412483610715], [109.76690038224505, -7.25412483610715], [109.76690038224505, -7.254933316164641], [109.76716987559756, -7.254933316164641], [109.76716987559756, -7.256280782927128], [109.76743936895005, -7.256280782927128], [109.76743936895005, -7.256819769632123], [109.76770886230256, -7.256819769632123], [109.76770886230256, -7.258167236394609], [109.76743936895005, -7.258167236394609], [109.76743936895005, -7.258975716452102], [109.76716987559756, -7.258975716452102], [109.76716987559756, -7.259514703157095], [109.76690038224505, -7.259514703157095], [109.76690038224505, -7.260323183214588], [109.76663088889256, -7.260323183214588], [109.76663088889256, -7.26113166327208], [109.76609190218757, -7.26113166327208], [109.76609190218757, -7.261670649977074], [109.76582240883506, -7.261670649977074], [109.76582240883506, -7.261940143329571], [109.76555291548257, -7.261940143329571], [109.76555291548257, -7.262209636682069], [109.76528342213007, -7.262209636682069], [109.76528342213007, -7.265443556912037], [109.76582240883506, -7.265443556912037], [109.76582240883506, -7.265713050264534], [109.76663088889256, -7.265713050264534], [109.76663088889256, -7.26706051702702], [109.76690038224505, -7.26706051702702], [109.76690038224505, -7.267330010379518], [109.76716987559756, -7.267330010379518], [109.76716987559756, -7.267599503732015], [109.76743936895005, -7.267599503732015], [109.76743936895005, -7.268407983789507], [109.76797835565505, -7.268407983789507], [109.76797835565505, -7.269216463846999], [109.76824784900755, -7.269216463846999], [109.76824784900755, -7.270563930609486], [109.76851734236004, -7.270563930609486], [109.76851734236004, -7.270833423961983], [109.76878683571253, -7.270833423961983], [109.76878683571253, -7.272180890724469], [109.76905632906504, -7.272180890724469], [109.76905632906504, -7.273528357486955], [109.76932582241753, -7.273528357486955], [109.76932582241753, -7.273797850839453], [109.76986480912252, -7.273797850839453], [109.76986480912252, -7.27406734419195], [109.77040379582752, -7.27406734419195], [109.77040379582752, -7.274336837544448], [109.772829236, -7.274336837544448], [109.772829236, -7.274606330896945], [109.7730987293525, -7.274606330896945], [109.7730987293525, -7.27514531760194], [109.7736377160575, -7.27514531760194], [109.7736377160575, -7.275414810954437], [109.77444619611498, -7.275414810954437], [109.77444619611498, -7.275953797659431], [109.77498518281998, -7.275953797659431], [109.77498518281998, -7.276223291011929], [109.77579366287748, -7.276223291011929], [109.77579366287748, -7.276492784364426], [109.77606315622997, -7.276492784364426], [109.77606315622997, -7.276762277716923], [109.77633264958246, -7.276762277716923], [109.77633264958246, -7.278109744479409], [109.77660214293496, -7.278109744479409], [109.77660214293496, -7.278648731184404], [109.77687163628745, -7.278648731184404], [109.77687163628745, -7.279726704594394], [109.77660214293496, -7.279726704594394], [109.77660214293496, -7.279996197946891], [109.77633264958246, -7.279996197946891], [109.77633264958246, -7.280265691299388], [109.77579366287748, -7.280265691299388], [109.77579366287748, -7.280535184651885], [109.77552416952497, -7.280535184651885], [109.77552416952497, -7.280804678004383], [109.77390720940998, -7.280804678004383], [109.77390720940998, -7.28215214476687], [109.7736377160575, -7.28215214476687], [109.7736377160575, -7.282421638119366], [109.77336822270499, -7.282421638119366], [109.77336822270499, -7.282691131471864], [109.7730987293525, -7.282691131471864], [109.7730987293525, -7.282960624824361], [109.772829236, -7.282960624824361], [109.772829236, -7.284038598234351], [109.7725597426475, -7.284038598234351], [109.7725597426475, -7.284577584939345], [109.772290249295, -7.284577584939345], [109.772290249295, -7.285386064996837], [109.7725597426475, -7.285386064996837], [109.7725597426475, -7.285925051701832], [109.772829236, -7.285925051701832], [109.772829236, -7.287542011816815], [109.7730987293525, -7.287542011816815], [109.7730987293525, -7.287811505169313], [109.77336822270499, -7.287811505169313], [109.77336822270499, -7.28808099852181], [109.7736377160575, -7.28808099852181], [109.7736377160575, -7.288350491874308], [109.77390720940998, -7.288350491874308], [109.77390720940998, -7.288889478579302], [109.77417670276249, -7.288889478579302], [109.77417670276249, -7.2891589719318], [109.77444619611498, -7.2891589719318], [109.77444619611498, -7.289428465284296], [109.77552416952497, -7.289428465284296], [109.77552416952497, -7.289697958636794], [109.77579366287748, -7.289697958636794], [109.77579366287748, -7.289967451989291], [109.77606315622997, -7.289967451989291], [109.77606315622997, -7.290236945341788], [109.77660214293496, -7.290236945341788], [109.77660214293496, -7.290506438694286], [109.77687163628745, -7.290506438694286], [109.77687163628745, -7.291045425399281], [109.77929707645994, -7.291045425399281], [109.77929707645994, -7.291314918751778], [109.77956656981243, -7.291314918751778], [109.77956656981243, -7.291584412104275], [109.77983606316492, -7.291584412104275], [109.77983606316492, -7.292123398809269], [109.78037504986992, -7.292123398809269], [109.78037504986992, -7.292392892161767], [109.78091403657491, -7.292392892161767], [109.78091403657491, -7.292662385514264], [109.78118352992742, -7.292662385514264], [109.78118352992742, -7.29508782568674], [109.78091403657491, -7.29508782568674], [109.78091403657491, -7.296974279154221], [109.78118352992742, -7.296974279154221], [109.78118352992742, -7.297782759211713], [109.78145302327991, -7.297782759211713], [109.78145302327991, -7.298321745916708], [109.7819920099849, -7.298321745916708], [109.7819920099849, -7.298860732621702], [109.78172251663241, -7.298860732621702], [109.78172251663241, -7.299399719326697], [109.78145302327991, -7.299399719326697], [109.78145302327991, -7.299938706031692], [109.78118352992742, -7.299938706031692], [109.78118352992742, -7.300747186089183], [109.78064454322242, -7.300747186089183], [109.78064454322242, -7.30101667944168], [109.78037504986992, -7.30101667944168], [109.78037504986992, -7.301286172794178], [109.78010555651743, -7.301286172794178], [109.78010555651743, -7.301555666146675], [109.77983606316492, -7.301555666146675], [109.77983606316492, -7.302364146204167], [109.77956656981243, -7.302364146204167], [109.77956656981243, -7.302633639556665], [109.77929707645994, -7.302633639556665], [109.77929707645994, -7.302903132909162], [109.77714112963996, -7.302903132909162], [109.77714112963996, -7.303172626261659], [109.77687163628745, -7.303172626261659], [109.77687163628745, -7.303981106319151], [109.77660214293496, -7.303981106319151], [109.77660214293496, -7.304250599671648], [109.77633264958246, -7.304250599671648], [109.77633264958246, -7.307215026549119], [109.77606315622997, -7.307215026549119], [109.77606315622997, -7.307484519901616], [109.77579366287748, -7.307484519901616], [109.77579366287748, -7.307754013254113], [109.77552416952497, -7.307754013254113], [109.77552416952497, -7.30802350660661], [109.77525467617248, -7.30802350660661], [109.77525467617248, -7.310448946779086], [109.77471568946748, -7.310448946779086], [109.77471568946748, -7.310718440131584], [109.77390720940998, -7.310718440131584], [109.77390720940998, -7.310987933484081], [109.7725597426475, -7.310987933484081], [109.7725597426475, -7.311257426836578], [109.77094278253252, -7.311257426836578], [109.77094278253252, -7.311526920189076], [109.76959531577003, -7.311526920189076], [109.76959531577003, -7.311796413541573], [109.76932582241753, -7.311796413541573], [109.76932582241753, -7.312065906894071], [109.76905632906504, -7.312065906894071], [109.76905632906504, -7.312335400246567], [109.76851734236004, -7.312335400246567], [109.76851734236004, -7.312604893599065], [109.76824784900755, -7.312604893599065], [109.76824784900755, -7.313143880304059], [109.76770886230256, -7.313143880304059], [109.76770886230256, -7.313413373656557], [109.76743936895005, -7.313413373656557], [109.76743936895005, -7.313952360361552], [109.76716987559756, -7.313952360361552], [109.76716987559756, -7.314221853714049], [109.76690038224505, -7.314221853714049], [109.76690038224505, -7.314491347066546], [109.76663088889256, -7.314491347066546], [109.76663088889256, -7.314760840419043], [109.76636139554006, -7.314760840419043], [109.76636139554006, -7.315569320476535], [109.76582240883506, -7.315569320476535], [109.76582240883506, -7.315838813829033], [109.76528342213007, -7.315838813829033], [109.76528342213007, -7.31610830718153], [109.76474443542507, -7.31610830718153], [109.76474443542507, -7.316377800534027], [109.76420544872009, -7.316377800534027], [109.76420544872009, -7.31610830718153], [109.7623189952526, -7.31610830718153], [109.7623189952526, -7.317725267296514], [109.76124102184261, -7.317725267296514], [109.76124102184261, -7.317994760649011], [109.76097152849012, -7.317994760649011], [109.76097152849012, -7.319342227411497], [109.75935456837513, -7.319342227411497], [109.75935456837513, -7.319611720763994], [109.75773760826014, -7.319611720763994], [109.75773760826014, -7.320150707468989], [109.75746811490765, -7.320150707468989], [109.75746811490765, -7.320420200821487], [109.75692912820266, -7.320420200821487], [109.75692912820266, -7.320689694173984], [109.75665963485017, -7.320689694173984], [109.75665963485017, -7.320959187526482], [109.75639014149766, -7.320959187526482], [109.75639014149766, -7.321228680878979], [109.75612064814517, -7.321228680878979], [109.75612064814517, -7.322306654288968], [109.75585115479267, -7.322306654288968], [109.75585115479267, -7.322576147641465], [109.75558166144017, -7.322576147641465], [109.75558166144017, -7.322845640993963], [109.75504267473518, -7.322845640993963], [109.75504267473518, -7.32311513434646], [109.75450368803018, -7.32311513434646], [109.75450368803018, -7.322845640993963], [109.75046128774272, -7.322845640993963], [109.75046128774272, -7.322576147641465], [109.74938331433273, -7.322576147641465], [109.74938331433273, -7.322306654288968], [109.74857483427525, -7.322306654288968], [109.74857483427525, -7.32203716093647], [109.74830534092274, -7.32203716093647], [109.74830534092274, -7.321228680878979], [109.74803584757025, -7.321228680878979], [109.74803584757025, -7.320959187526482], [109.74776635421775, -7.320959187526482], [109.74776635421775, -7.320150707468989], [109.74749686086525, -7.320150707468989], [109.74749686086525, -7.319881214116492], [109.74722736751275, -7.319881214116492], [109.74722736751275, -7.319611720763994], [109.74668838080775, -7.319611720763994], [109.74668838080775, -7.319342227411497], [109.74614939410276, -7.319342227411497], [109.74614939410276, -7.319072734059], [109.74534091404527, -7.319072734059], [109.74534091404527, -7.319342227411497], [109.74507142069278, -7.319342227411497], [109.74507142069278, -7.319611720763994], [109.74156800711032, -7.319611720763994], [109.74156800711032, -7.319881214116492], [109.74129851375781, -7.319881214116492], [109.74129851375781, -7.320689694173984], [109.74102902040532, -7.320689694173984], [109.74102902040532, -7.320959187526482], [109.74049003370033, -7.320959187526482], [109.74049003370033, -7.321498174231476], [109.73968155364282, -7.321498174231476], [109.73968155364282, -7.32311513434646], [109.73941206029033, -7.32311513434646], [109.73941206029033, -7.323384627698957], [109.73914256693783, -7.323384627698957], [109.73914256693783, -7.323654121051455], [109.73860358023283, -7.323654121051455], [109.73860358023283, -7.323384627698957], [109.73833408688034, -7.323384627698957], [109.73833408688034, -7.32311513434646], [109.73806459352785, -7.32311513434646], [109.73806459352785, -7.322845640993963], [109.73698662011786, -7.322845640993963], [109.73698662011786, -7.322576147641465], [109.73671712676536, -7.322576147641465], [109.73671712676536, -7.322306654288968], [109.73644763341287, -7.322306654288968], [109.73644763341287, -7.32203716093647], [109.73510016665037, -7.32203716093647], [109.73510016665037, -7.322576147641465], [109.73456117994539, -7.322576147641465], [109.73456117994539, -7.32203716093647], [109.7321357397729, -7.32203716093647], [109.7321357397729, -7.321767667583973], [109.73186624642041, -7.321767667583973], [109.73186624642041, -7.321228680878979], [109.7315967530679, -7.321228680878979], [109.7315967530679, -7.320959187526482], [109.73132725971541, -7.320959187526482], [109.73132725971541, -7.320689694173984], [109.73105776636292, -7.320689694173984], [109.73105776636292, -7.320420200821487], [109.73078827301042, -7.320420200821487], [109.73078827301042, -7.320150707468989], [109.73051877965793, -7.320150707468989], [109.73051877965793, -7.319881214116492], [109.73024928630542, -7.319881214116492], [109.73024928630542, -7.319611720763994], [109.72997979295293, -7.319611720763994], [109.72997979295293, -7.319342227411497], [109.72890181954294, -7.319342227411497], [109.72890181954294, -7.319072734059], [109.72836283283795, -7.319072734059], [109.72836283283795, -7.318803240706503], [109.72782384613295, -7.318803240706503], [109.72782384613295, -7.318533747354006], [109.72755435278044, -7.318533747354006], [109.72755435278044, -7.318264254001508], [109.72674587272296, -7.318264254001508], [109.72674587272296, -7.318803240706503], [109.72647637937047, -7.318803240706503], [109.72647637937047, -7.319072734059], [109.72620688601796, -7.319072734059], [109.72620688601796, -7.319342227411497], [109.72539840596048, -7.319342227411497], [109.72539840596048, -7.319611720763994], [109.722972965788, -7.319611720763994], [109.722972965788, -7.320420200821487], [109.7232424591405, -7.320420200821487], [109.7232424591405, -7.321228680878979], [109.723511952493, -7.321228680878979], [109.723511952493, -7.321498174231476], [109.72432043255048, -7.321498174231476], [109.72432043255048, -7.321767667583973], [109.72378144584549, -7.321767667583973], [109.72378144584549, -7.324462601108946], [109.723511952493, -7.324462601108946], [109.723511952493, -7.324732094461444], [109.7232424591405, -7.324732094461444], [109.7232424591405, -7.325001587813941], [109.722972965788, -7.325001587813941], [109.722972965788, -7.327427027986417], [109.7227034724355, -7.327427027986417], [109.7227034724355, -7.327696521338914], [109.72243397908301, -7.327696521338914], [109.72243397908301, -7.327966014691412], [109.7221644857305, -7.327966014691412], [109.7221644857305, -7.330391454863887], [109.72189499237801, -7.330391454863887], [109.72189499237801, -7.330660948216384], [109.7216254990255, -7.330660948216384], [109.7216254990255, -7.331199934921379], [109.72108651232051, -7.331199934921379], [109.72108651232051, -7.331469428273876], [109.72081701896802, -7.331469428273876], [109.72081701896802, -7.331738921626373], [109.72054752561552, -7.331738921626373], [109.72054752561552, -7.335511828561335], [109.72027803226302, -7.335511828561335], [109.72027803226302, -7.335781321913833], [109.71946955220554, -7.335781321913833], [109.71946955220554, -7.336320308618828], [109.71839157879555, -7.336320308618828], [109.71839157879555, -7.336589801971325], [109.71785259209055, -7.336589801971325], [109.71785259209055, -7.33712878867632], [109.71758309873805, -7.33712878867632], [109.71758309873805, -7.338476255438806], [109.71785259209055, -7.338476255438806], [109.71785259209055, -7.339554228848796], [109.71758309873805, -7.339554228848796], [109.71758309873805, -7.339823722201293], [109.71704411203305, -7.339823722201293], [109.71704411203305, -7.34009321555379], [109.71677461868056, -7.34009321555379], [109.71677461868056, -7.340362708906287], [109.71569664527057, -7.340362708906287], [109.71569664527057, -7.340632202258784], [109.71434917850809, -7.340632202258784], [109.71434917850809, -7.340901695611282], [109.71407968515558, -7.340901695611282], [109.71407968515558, -7.341171188963779], [109.71381019180309, -7.341171188963779], [109.71381019180309, -7.341440682316277], [109.71300171174559, -7.341440682316277], [109.71300171174559, -7.341710175668774], [109.7127322183931, -7.341710175668774], [109.7127322183931, -7.341979669021271], [109.7124627250406, -7.341979669021271], [109.7124627250406, -7.342249162373768], [109.7121932316881, -7.342249162373768], [109.7121932316881, -7.34305764243126], [109.71165424498311, -7.34305764243126], [109.71165424498311, -7.34413561584125], [109.71111525827811, -7.34413561584125], [109.71111525827811, -7.343866122488752], [109.70868981810564, -7.343866122488752], [109.70868981810564, -7.344405109193747], [109.70842032475315, -7.344405109193747], [109.70842032475315, -7.344674602546244], [109.70788133804815, -7.344674602546244], [109.70788133804815, -7.347639029423714], [109.70815083140064, -7.347639029423714], [109.70815083140064, -7.348447509481207], [109.70788133804815, -7.348447509481207], [109.70788133804815, -7.348717002833704], [109.70761184469565, -7.348717002833704], [109.70761184469565, -7.349255989538698], [109.70572539122817, -7.349255989538698], [109.70572539122817, -7.349525482891195], [109.70545589787567, -7.349525482891195], [109.70545589787567, -7.350872949653682], [109.70572539122817, -7.350872949653682], [109.70572539122817, -7.351411936358677], [109.70626437793317, -7.351411936358677], [109.70626437793317, -7.352759403121163], [109.70572539122817, -7.352759403121163], [109.70572539122817, -7.353028896473661], [109.70545589787567, -7.353028896473661], [109.70545589787567, -7.353837376531152], [109.70491691117068, -7.353837376531152], [109.70491691117068, -7.354106869883649], [109.70464741781818, -7.354106869883649], [109.70464741781818, -7.354645856588644], [109.7027609643507, -7.354645856588644], [109.7027609643507, -7.354376363236147], [109.70168299094071, -7.354376363236147], [109.70168299094071, -7.354106869883649], [109.7014134975882, -7.354106869883649], [109.7014134975882, -7.353837376531152], [109.70114400423572, -7.353837376531152], [109.70114400423572, -7.353567883178656], [109.69898805741573, -7.353567883178656], [109.69898805741573, -7.353837376531152], [109.69844907071074, -7.353837376531152], [109.69844907071074, -7.354376363236147], [109.69817957735825, -7.354376363236147], [109.69817957735825, -7.355454336646137], [109.69791008400574, -7.355454336646137], [109.69791008400574, -7.355723829998634], [109.69764059065325, -7.355723829998634], [109.69764059065325, -7.355993323351131], [109.69737109730076, -7.355993323351131], [109.69737109730076, -7.356801803408623], [109.69710160394825, -7.356801803408623], [109.69710160394825, -7.35707129676112], [109.69683211059576, -7.35707129676112], [109.69683211059576, -7.357340790113618], [109.69656261724326, -7.357340790113618], [109.69656261724326, -7.357610283466115], [109.69629312389077, -7.357610283466115], [109.69629312389077, -7.358418763523606], [109.6925202169558, -7.358418763523606], [109.6925202169558, -7.359496736933596], [109.6927897103083, -7.359496736933596], [109.6927897103083, -7.359766230286093], [109.6925202169558, -7.359766230286093], [109.6925202169558, -7.360035723638591], [109.69225072360331, -7.360035723638591], [109.69225072360331, -7.363808630573553], [109.69117275019332, -7.363808630573553], [109.69117275019332, -7.36407812392605], [109.69090325684081, -7.36407812392605], [109.69090325684081, -7.364617110631045], [109.69063376348832, -7.364617110631045], [109.69063376348832, -7.365695084041034], [109.69090325684081, -7.365695084041034], [109.69090325684081, -7.366234070746028], [109.69063376348832, -7.366234070746028], [109.69063376348832, -7.366503564098526], [109.69036427013582, -7.366503564098526], [109.69036427013582, -7.370276471033488], [109.69009477678333, -7.370276471033488], [109.69009477678333, -7.370815457738483], [109.68982528343084, -7.370815457738483], [109.68982528343084, -7.371623937795975], [109.68955579007833, -7.371623937795975], [109.68955579007833, -7.371893431148472], [109.68928629672584, -7.371893431148472], [109.68928629672584, -7.372162924500969], [109.68901680337333, -7.372162924500969], [109.68901680337333, -7.374588364673445], [109.68928629672584, -7.374588364673445], [109.68928629672584, -7.374857858025942], [109.68955579007833, -7.374857858025942], [109.68955579007833, -7.375127351378439], [109.68928629672584, -7.375127351378439], [109.68928629672584, -7.375396844730937], [109.68901680337333, -7.375396844730937], [109.68901680337333, -7.375666338083434], [109.68874731002084, -7.375666338083434], [109.68874731002084, -7.37701380484592], [109.68847781666834, -7.37701380484592], [109.68847781666834, -7.377283298198418], [109.68820832331585, -7.377283298198418], [109.68820832331585, -7.377552791550915], [109.68766933661085, -7.377552791550915], [109.68766933661085, -7.377822284903413], [109.68713034990586, -7.377822284903413], [109.68713034990586, -7.37809177825591], [109.68686085655335, -7.37809177825591], [109.68686085655335, -7.378361271608407], [109.68659136320086, -7.378361271608407], [109.68659136320086, -7.378630764960905], [109.68632186984836, -7.378630764960905], [109.68632186984836, -7.378900258313402], [109.68605237649587, -7.378900258313402], [109.68605237649587, -7.379169751665899], [109.68578288314337, -7.379169751665899], [109.68578288314337, -7.379439245018396], [109.68551338979087, -7.379439245018396], [109.68551338979087, -7.379708738370894], [109.68524389643838, -7.379708738370894], [109.68524389643838, -7.380247725075888], [109.68470490973338, -7.380247725075888], [109.68470490973338, -7.380517218428386], [109.68524389643838, -7.380517218428386], [109.68524389643838, -7.381595191838375], [109.68497440308587, -7.381595191838375], [109.68497440308587, -7.381864685190872], [109.68470490973338, -7.381864685190872], [109.68470490973338, -7.382134178543369], [109.68443541638088, -7.382134178543369], [109.68443541638088, -7.382403671895867], [109.68362693632339, -7.382403671895867], [109.68362693632339, -7.382134178543369], [109.68335744297089, -7.382134178543369], [109.68335744297089, -7.381864685190872], [109.6830879496184, -7.381864685190872], [109.6830879496184, -7.382134178543369], [109.68281845626589, -7.382134178543369], [109.68281845626589, -7.382403671895867], [109.6825489629134, -7.382403671895867], [109.6825489629134, -7.382673165248364], [109.68227946956091, -7.382673165248364], [109.68227946956091, -7.383212151953359], [109.6820099762084, -7.383212151953359], [109.6820099762084, -7.383481645305856], [109.68066250944592, -7.383481645305856], [109.68066250944592, -7.383751138658353], [109.68039301609342, -7.383751138658353], [109.68039301609342, -7.38402063201085], [109.68012352274093, -7.38402063201085], [109.68012352274093, -7.385368098773337], [109.67985402938842, -7.385368098773337], [109.67985402938842, -7.385907085478332], [109.67931504268343, -7.385907085478332], [109.67931504268343, -7.386176578830829], [109.67904554933094, -7.386176578830829], [109.67904554933094, -7.387524045593316], [109.67931504268343, -7.387524045593316], [109.67931504268343, -7.388063032298311], [109.67958453603593, -7.388063032298311], [109.67958453603593, -7.388332525650807], [109.67877605597845, -7.388332525650807], [109.67877605597845, -7.391296952528278], [109.67958453603593, -7.391296952528278], [109.67958453603593, -7.39210543258577], [109.68066250944592, -7.39210543258577], [109.68066250944592, -7.391296952528278], [109.68039301609342, -7.391296952528278], [109.68039301609342, -7.390757965823283], [109.68012352274093, -7.390757965823283], [109.68012352274093, -7.388332525650807], [109.68120149615092, -7.388332525650807], [109.68120149615092, -7.388871512355802], [109.68147098950341, -7.388871512355802], [109.68147098950341, -7.389410499060797], [109.68174048285591, -7.389410499060797], [109.68174048285591, -7.389679992413294], [109.6820099762084, -7.389679992413294], [109.6820099762084, -7.389141005708299], [109.68174048285591, -7.389141005708299], [109.68174048285591, -7.388871512355802], [109.6820099762084, -7.388871512355802], [109.6820099762084, -7.38509860542084], [109.68227946956091, -7.38509860542084], [109.68227946956091, -7.384559618715845], [109.6825489629134, -7.384559618715845], [109.6825489629134, -7.384290125363348], [109.68281845626589, -7.384290125363348], [109.68281845626589, -7.383751138658353], [109.68335744297089, -7.383751138658353], [109.68335744297089, -7.383481645305856], [109.68389642967588, -7.383481645305856], [109.68389642967588, -7.383751138658353], [109.68551338979087, -7.383751138658353], [109.68551338979087, -7.382403671895867], [109.68578288314337, -7.382403671895867], [109.68578288314337, -7.382134178543369], [109.68605237649587, -7.382134178543369], [109.68605237649587, -7.381864685190872], [109.68632186984836, -7.381864685190872], [109.68632186984836, -7.380786711780883], [109.68659136320086, -7.380786711780883], [109.68659136320086, -7.380517218428386], [109.68686085655335, -7.380517218428386], [109.68686085655335, -7.380247725075888], [109.68713034990586, -7.380247725075888], [109.68713034990586, -7.379708738370894], [109.68766933661085, -7.379708738370894], [109.68766933661085, -7.379439245018396], [109.68793882996334, -7.379439245018396], [109.68793882996334, -7.379169751665899], [109.68820832331585, -7.379169751665899], [109.68820832331585, -7.378900258313402], [109.68874731002084, -7.378900258313402], [109.68874731002084, -7.378361271608407], [109.68901680337333, -7.378361271608407], [109.68901680337333, -7.377822284903413], [109.68955579007833, -7.377822284903413], [109.68955579007833, -7.377552791550915], [109.68982528343084, -7.377552791550915], [109.68982528343084, -7.37701380484592], [109.69009477678333, -7.37701380484592], [109.69009477678333, -7.376474818140927], [109.69036427013582, -7.376474818140927], [109.69036427013582, -7.375396844730937], [109.69063376348832, -7.375396844730937], [109.69063376348832, -7.374049377968451], [109.69090325684081, -7.374049377968451], [109.69090325684081, -7.373779884615953], [109.69117275019332, -7.373779884615953], [109.69117275019332, -7.372971404558461], [109.69144224354581, -7.372971404558461], [109.69144224354581, -7.372162924500969], [109.69117275019332, -7.372162924500969], [109.69117275019332, -7.371623937795975], [109.69144224354581, -7.371623937795975], [109.69144224354581, -7.371354444443478], [109.69171173689831, -7.371354444443478], [109.69171173689831, -7.37108495109098], [109.6919812302508, -7.37108495109098], [109.6919812302508, -7.369737484328494], [109.69171173689831, -7.369737484328494], [109.69171173689831, -7.368929004271002], [109.69144224354581, -7.368929004271002], [109.69144224354581, -7.368390017566007], [109.69171173689831, -7.368390017566007], [109.69171173689831, -7.368120524213509], [109.6919812302508, -7.368120524213509], [109.6919812302508, -7.367042550803521], [109.69225072360331, -7.367042550803521], [109.69225072360331, -7.366773057451023], [109.6925202169558, -7.366773057451023], [109.6925202169558, -7.366503564098526], [109.6927897103083, -7.366503564098526], [109.6927897103083, -7.364617110631045], [109.6930592036608, -7.364617110631045], [109.6930592036608, -7.361922177106072], [109.6933286970133, -7.361922177106072], [109.6933286970133, -7.361652683753574], [109.69359819036579, -7.361652683753574], [109.69359819036579, -7.361113697048579], [109.69413717707079, -7.361113697048579], [109.69413717707079, -7.360844203696082], [109.69467616377578, -7.360844203696082], [109.69467616377578, -7.360574710343585], [109.69575413718577, -7.360574710343585], [109.69575413718577, -7.360305216991088], [109.69602363053826, -7.360305216991088], [109.69602363053826, -7.359766230286093], [109.69629312389077, -7.359766230286093], [109.69629312389077, -7.359496736933596], [109.69656261724326, -7.359496736933596], [109.69656261724326, -7.359227243581099], [109.69710160394825, -7.359227243581099], [109.69710160394825, -7.358957750228601], [109.69737109730076, -7.358957750228601], [109.69737109730076, -7.358688256876104], [109.69764059065325, -7.358688256876104], [109.69764059065325, -7.357610283466115], [109.69817957735825, -7.357610283466115], [109.69817957735825, -7.357340790113618], [109.69844907071074, -7.357340790113618], [109.69844907071074, -7.35707129676112], [109.69898805741573, -7.35707129676112], [109.69898805741573, -7.356801803408623], [109.70006603082572, -7.356801803408623], [109.70006603082572, -7.355723829998634], [109.70033552417823, -7.355723829998634], [109.70033552417823, -7.355454336646137], [109.70087451088322, -7.355454336646137], [109.70087451088322, -7.355723829998634], [109.70168299094071, -7.355723829998634], [109.70168299094071, -7.355993323351131], [109.7024914709982, -7.355993323351131], [109.7024914709982, -7.355454336646137], [109.70518640452318, -7.355454336646137], [109.70518640452318, -7.355184843293639], [109.70545589787567, -7.355184843293639], [109.70545589787567, -7.354915349941142], [109.70572539122817, -7.354915349941142], [109.70572539122817, -7.354645856588644], [109.70599488458066, -7.354645856588644], [109.70599488458066, -7.354376363236147], [109.70707285799065, -7.354376363236147], [109.70707285799065, -7.354106869883649], [109.70734235134316, -7.354106869883649], [109.70734235134316, -7.350603456301185], [109.70761184469565, -7.350603456301185], [109.70761184469565, -7.350333962948688], [109.70842032475315, -7.350333962948688], [109.70842032475315, -7.35006446959619], [109.70895931145813, -7.35006446959619], [109.70895931145813, -7.349794976243693], [109.70922880481064, -7.349794976243693], [109.70922880481064, -7.349525482891195], [109.70949829816313, -7.349525482891195], [109.70949829816313, -7.349255989538698], [109.70976779151563, -7.349255989538698], [109.70976779151563, -7.345752575956233], [109.71003728486812, -7.345752575956233], [109.71003728486812, -7.345483082603736], [109.71138475163062, -7.345483082603736], [109.71138475163062, -7.345213589251239], [109.71165424498311, -7.345213589251239], [109.71165424498311, -7.345483082603736], [109.7127322183931, -7.345483082603736], [109.7127322183931, -7.345213589251239], [109.71300171174559, -7.345213589251239], [109.71300171174559, -7.344674602546244], [109.71354069845059, -7.344674602546244], [109.71354069845059, -7.34413561584125], [109.71381019180309, -7.34413561584125], [109.71381019180309, -7.34305764243126], [109.71434917850809, -7.34305764243126], [109.71434917850809, -7.342788149078763], [109.71461867186058, -7.342788149078763], [109.71461867186058, -7.342249162373768], [109.71515765856557, -7.342249162373768], [109.71515765856557, -7.341710175668774], [109.71542715191808, -7.341710175668774], [109.71542715191808, -7.341440682316277], [109.71569664527057, -7.341440682316277], [109.71569664527057, -7.341710175668774], [109.71704411203305, -7.341710175668774], [109.71704411203305, -7.341440682316277], [109.71812208544304, -7.341440682316277], [109.71812208544304, -7.341171188963779], [109.71866107214804, -7.341171188963779], [109.71866107214804, -7.340901695611282], [109.71893056550054, -7.340901695611282], [109.71893056550054, -7.340632202258784], [109.71946955220554, -7.340632202258784], [109.71946955220554, -7.339554228848796], [109.71973904555803, -7.339554228848796], [109.71973904555803, -7.337937268733811], [109.72000853891052, -7.337937268733811], [109.72000853891052, -7.337667775381314], [109.72027803226302, -7.337667775381314], [109.72027803226302, -7.337398282028817], [109.72054752561552, -7.337398282028817], [109.72054752561552, -7.33712878867632], [109.72081701896802, -7.33712878867632], [109.72081701896802, -7.336589801971325], [109.72108651232051, -7.336589801971325], [109.72108651232051, -7.33605081526633], [109.72135600567302, -7.33605081526633], [109.72135600567302, -7.334703348503844], [109.7216254990255, -7.334703348503844], [109.7216254990255, -7.332277908331368], [109.7221644857305, -7.332277908331368], [109.7221644857305, -7.332008414978871], [109.7227034724355, -7.332008414978871], [109.7227034724355, -7.331738921626373], [109.722972965788, -7.331738921626373], [109.722972965788, -7.328505001396405], [109.7232424591405, -7.328505001396405], [109.7232424591405, -7.328235508043909], [109.723511952493, -7.328235508043909], [109.723511952493, -7.327966014691412], [109.72378144584549, -7.327966014691412], [109.72378144584549, -7.325540574518936], [109.72405093919798, -7.325540574518936], [109.72405093919798, -7.325271081166438], [109.72512891260797, -7.325271081166438], [109.72512891260797, -7.32203716093647], [109.72539840596048, -7.32203716093647], [109.72539840596048, -7.321767667583973], [109.72593739266547, -7.321767667583973], [109.72593739266547, -7.321498174231476], [109.72620688601796, -7.321498174231476], [109.72620688601796, -7.321228680878979], [109.72647637937047, -7.321228680878979], [109.72647637937047, -7.320959187526482], [109.72566789931297, -7.320959187526482], [109.72566789931297, -7.321228680878979], [109.72458992590298, -7.321228680878979], [109.72458992590298, -7.320420200821487], [109.72485941925548, -7.320420200821487], [109.72485941925548, -7.320150707468989], [109.72539840596048, -7.320150707468989], [109.72539840596048, -7.319881214116492], [109.72620688601796, -7.319881214116492], [109.72620688601796, -7.319611720763994], [109.72782384613295, -7.319611720763994], [109.72782384613295, -7.319881214116492], [109.72863232619044, -7.319881214116492], [109.72863232619044, -7.320420200821487], [109.72917131289543, -7.320420200821487], [109.72917131289543, -7.320689694173984], [109.72997979295293, -7.320689694173984], [109.72997979295293, -7.321228680878979], [109.73024928630542, -7.321228680878979], [109.73024928630542, -7.321498174231476], [109.73051877965793, -7.321498174231476], [109.73051877965793, -7.32203716093647], [109.73024928630542, -7.32203716093647], [109.73024928630542, -7.321767667583973], [109.72971029960043, -7.321767667583973], [109.72971029960043, -7.32203716093647], [109.72997979295293, -7.32203716093647], [109.72997979295293, -7.322306654288968], [109.73024928630542, -7.322306654288968], [109.73024928630542, -7.322576147641465], [109.73051877965793, -7.322576147641465], [109.73051877965793, -7.322845640993963], [109.73078827301042, -7.322845640993963], [109.73078827301042, -7.32311513434646], [109.73105776636292, -7.32311513434646], [109.73105776636292, -7.323654121051455], [109.73321371318289, -7.323654121051455], [109.73321371318289, -7.324193107756449], [109.73483067329788, -7.324193107756449], [109.73483067329788, -7.323923614403951], [109.73536966000287, -7.323923614403951], [109.73536966000287, -7.324193107756449], [109.73563915335536, -7.324193107756449], [109.73563915335536, -7.324462601108946], [109.74049003370033, -7.324462601108946], [109.74049003370033, -7.323923614403951], [109.74075952705282, -7.323923614403951], [109.74075952705282, -7.323654121051455], [109.74129851375781, -7.323654121051455], [109.74129851375781, -7.322845640993963], [109.74156800711032, -7.322845640993963], [109.74156800711032, -7.322306654288968], [109.74183750046281, -7.322306654288968], [109.74183750046281, -7.32203716093647], [109.7429154738728, -7.32203716093647], [109.7429154738728, -7.321767667583973], [109.7434544605778, -7.321767667583973], [109.7434544605778, -7.321498174231476], [109.74399344728279, -7.321498174231476], [109.74399344728279, -7.321228680878979], [109.74534091404527, -7.321228680878979], [109.74534091404527, -7.320959187526482], [109.74561040739778, -7.320959187526482], [109.74561040739778, -7.321228680878979], [109.74614939410276, -7.321228680878979], [109.74614939410276, -7.321767667583973], [109.74668838080775, -7.321767667583973], [109.74668838080775, -7.322306654288968], [109.74695787416026, -7.322306654288968], [109.74695787416026, -7.322576147641465], [109.74722736751275, -7.322576147641465], [109.74722736751275, -7.322845640993963], [109.74749686086525, -7.322845640993963], [109.74749686086525, -7.32311513434646], [109.74776635421775, -7.32311513434646], [109.74776635421775, -7.323384627698957], [109.74803584757025, -7.323384627698957], [109.74803584757025, -7.323654121051455], [109.74830534092274, -7.323654121051455], [109.74830534092274, -7.323923614403951], [109.75046128774272, -7.323923614403951], [109.75046128774272, -7.324193107756449], [109.75126976780021, -7.324193107756449], [109.75126976780021, -7.324462601108946], [109.75207824785771, -7.324462601108946], [109.75207824785771, -7.324732094461444], [109.7526172345627, -7.324732094461444], [109.7526172345627, -7.325001587813941], [109.75342571462019, -7.325001587813941], [109.75342571462019, -7.324732094461444], [109.75558166144017, -7.324732094461444], [109.75558166144017, -7.324462601108946], [109.75585115479267, -7.324462601108946], [109.75585115479267, -7.324193107756449], [109.75612064814517, -7.324193107756449], [109.75612064814517, -7.323923614403951], [109.75639014149766, -7.323923614403951], [109.75639014149766, -7.32311513434646], [109.75746811490765, -7.32311513434646], [109.75746811490765, -7.322845640993963], [109.75827659496514, -7.322845640993963], [109.75827659496514, -7.322576147641465], [109.75854608831764, -7.322576147641465], [109.75854608831764, -7.322306654288968], [109.75881558167013, -7.322306654288968], [109.75881558167013, -7.321498174231476], [109.75908507502264, -7.321498174231476], [109.75908507502264, -7.321228680878979], [109.7628579819576, -7.321228680878979], [109.7628579819576, -7.320420200821487], [109.7631274753101, -7.320420200821487], [109.7631274753101, -7.318803240706503], [109.7628579819576, -7.318803240706503], [109.7628579819576, -7.318264254001508], [109.7631274753101, -7.318264254001508], [109.7631274753101, -7.318533747354006], [109.76393595536759, -7.318533747354006], [109.76393595536759, -7.318264254001508], [109.76474443542507, -7.318264254001508], [109.76474443542507, -7.317994760649011], [109.76609190218757, -7.317994760649011], [109.76609190218757, -7.317455773944016], [109.76636139554006, -7.317455773944016], [109.76636139554006, -7.317186280591519], [109.76690038224505, -7.317186280591519], [109.76690038224505, -7.316647293886525], [109.76743936895005, -7.316647293886525], [109.76743936895005, -7.316377800534027], [109.76851734236004, -7.316377800534027], [109.76851734236004, -7.31610830718153], [109.76878683571253, -7.31610830718153], [109.76878683571253, -7.315569320476535], [109.76905632906504, -7.315569320476535], [109.76905632906504, -7.31503033377154], [109.76932582241753, -7.31503033377154], [109.76932582241753, -7.313952360361552], [109.76959531577003, -7.313952360361552], [109.76959531577003, -7.313413373656557], [109.76986480912252, -7.313413373656557], [109.76986480912252, -7.313682867009054], [109.77094278253252, -7.313682867009054], [109.77094278253252, -7.313413373656557], [109.77148176923751, -7.313413373656557], [109.77148176923751, -7.313143880304059], [109.77390720940998, -7.313143880304059], [109.77390720940998, -7.312874386951562], [109.77417670276249, -7.312874386951562], [109.77417670276249, -7.312335400246567], [109.77471568946748, -7.312335400246567], [109.77471568946748, -7.312065906894071], [109.77525467617248, -7.312065906894071], [109.77525467617248, -7.311796413541573], [109.77579366287748, -7.311796413541573], [109.77579366287748, -7.311257426836578], [109.77606315622997, -7.311257426836578], [109.77606315622997, -7.309640466721595], [109.77633264958246, -7.309640466721595], [109.77633264958246, -7.308831986664103], [109.77660214293496, -7.308831986664103], [109.77660214293496, -7.308562493311605], [109.77687163628745, -7.308562493311605], [109.77687163628745, -7.308292999959108], [109.77741062299245, -7.308292999959108], [109.77741062299245, -7.307754013254113], [109.77768011634495, -7.307754013254113], [109.77768011634495, -7.306676039844124], [109.77741062299245, -7.306676039844124], [109.77741062299245, -7.305328573081638], [109.77714112963996, -7.305328573081638], [109.77714112963996, -7.304789586376643], [109.77741062299245, -7.304789586376643], [109.77741062299245, -7.304520093024146], [109.77768011634495, -7.304520093024146], [109.77768011634495, -7.303711612966654], [109.77983606316492, -7.303711612966654], [109.77983606316492, -7.303442119614156], [109.78037504986992, -7.303442119614156], [109.78037504986992, -7.303172626261659], [109.78064454322242, -7.303172626261659], [109.78064454322242, -7.302633639556665], [109.78118352992742, -7.302633639556665], [109.78118352992742, -7.302364146204167], [109.78145302327991, -7.302364146204167], [109.78145302327991, -7.301825159499173], [109.7819920099849, -7.301825159499173], [109.7819920099849, -7.301555666146675], [109.78226150333741, -7.301555666146675], [109.78226150333741, -7.301286172794178], [109.7825309966899, -7.301286172794178], [109.7825309966899, -7.30101667944168], [109.7828004900424, -7.30101667944168], [109.7828004900424, -7.300747186089183], [109.7830699833949, -7.300747186089183], [109.7830699833949, -7.299938706031692], [109.7833394767474, -7.299938706031692], [109.7833394767474, -7.298591239269205], [109.7830699833949, -7.298591239269205], [109.7830699833949, -7.298321745916708], [109.7828004900424, -7.298321745916708], [109.7828004900424, -7.296974279154221], [109.78226150333741, -7.296974279154221], [109.78226150333741, -7.296704785801724], [109.7819920099849, -7.296704785801724], [109.7819920099849, -7.294548838981745], [109.78226150333741, -7.294548838981745], [109.78226150333741, -7.292123398809269], [109.78172251663241, -7.292123398809269], [109.78172251663241, -7.291853905456772], [109.78145302327991, -7.291853905456772], [109.78145302327991, -7.291584412104275], [109.78118352992742, -7.291584412104275], [109.78118352992742, -7.291045425399281], [109.78091403657491, -7.291045425399281], [109.78091403657491, -7.290506438694286], [109.78010555651743, -7.290506438694286], [109.78010555651743, -7.290236945341788], [109.77956656981243, -7.290236945341788], [109.77956656981243, -7.289697958636794], [109.77714112963996, -7.289697958636794], [109.77714112963996, -7.289428465284296], [109.77660214293496, -7.289428465284296], [109.77660214293496, -7.288889478579302], [109.77606315622997, -7.288889478579302], [109.77606315622997, -7.288619985226805], [109.77552416952497, -7.288619985226805], [109.77552416952497, -7.288350491874308], [109.77471568946748, -7.288350491874308], [109.77471568946748, -7.287811505169313], [109.77444619611498, -7.287811505169313], [109.77444619611498, -7.287542011816815], [109.77417670276249, -7.287542011816815], [109.77417670276249, -7.287272518464318], [109.77390720940998, -7.287272518464318], [109.77390720940998, -7.287003025111821], [109.7736377160575, -7.287003025111821], [109.7736377160575, -7.285386064996837], [109.77336822270499, -7.285386064996837], [109.77336822270499, -7.284577584939345], [109.7736377160575, -7.284577584939345], [109.7736377160575, -7.283499611529356], [109.77390720940998, -7.283499611529356], [109.77390720940998, -7.283230118176858], [109.77417670276249, -7.283230118176858], [109.77417670276249, -7.282960624824361], [109.77498518281998, -7.282960624824361], [109.77498518281998, -7.282421638119366], [109.77525467617248, -7.282421638119366], [109.77525467617248, -7.28215214476687], [109.77552416952497, -7.28215214476687], [109.77552416952497, -7.281882651414372], [109.77579366287748, -7.281882651414372], [109.77579366287748, -7.281613158061875], [109.77606315622997, -7.281613158061875], [109.77606315622997, -7.281343664709378], [109.77633264958246, -7.281343664709378], [109.77633264958246, -7.28107417135688], [109.77687163628745, -7.28107417135688], [109.77687163628745, -7.280804678004383], [109.77714112963996, -7.280804678004383], [109.77714112963996, -7.280535184651885], [109.77741062299245, -7.280535184651885], [109.77741062299245, -7.280265691299388], [109.77768011634495, -7.280265691299388], [109.77768011634495, -7.279996197946891], [109.77794960969744, -7.279996197946891], [109.77794960969744, -7.279187717889399], [109.77875808975494, -7.279187717889399], [109.77875808975494, -7.278379237831907], [109.77768011634495, -7.278379237831907], [109.77768011634495, -7.278109744479409], [109.77741062299245, -7.278109744479409], [109.77741062299245, -7.277570757774416], [109.77714112963996, -7.277570757774416], [109.77714112963996, -7.277301264421918], [109.77741062299245, -7.277301264421918], [109.77741062299245, -7.276762277716923], [109.77768011634495, -7.276762277716923], [109.77768011634495, -7.275684304306934], [109.77741062299245, -7.275684304306934], [109.77741062299245, -7.275414810954437], [109.77660214293496, -7.275414810954437], [109.77660214293496, -7.275684304306934], [109.77633264958246, -7.275684304306934], [109.77633264958246, -7.275414810954437], [109.77552416952497, -7.275414810954437], [109.77552416952497, -7.27514531760194], [109.77525467617248, -7.27514531760194], [109.77525467617248, -7.274875824249442], [109.77498518281998, -7.274875824249442], [109.77498518281998, -7.274336837544448], [109.77390720940998, -7.274336837544448], [109.77390720940998, -7.27406734419195], [109.7736377160575, -7.27406734419195], [109.7736377160575, -7.273528357486955], [109.772829236, -7.273528357486955], [109.772829236, -7.273258864134458], [109.77148176923751, -7.273258864134458], [109.77148176923751, -7.272989370781961], [109.77121227588502, -7.272989370781961], [109.77121227588502, -7.272719877429464], [109.77067328918002, -7.272719877429464], [109.77067328918002, -7.272450384076967], [109.77013430247503, -7.272450384076967], [109.77013430247503, -7.271911397371972], [109.76986480912252, -7.271911397371972], [109.76986480912252, -7.27110291731448], [109.77013430247503, -7.27110291731448], [109.77013430247503, -7.270294437256988], [109.76959531577003, -7.270294437256988], [109.76959531577003, -7.269755450551993], [109.76932582241753, -7.269755450551993], [109.76932582241753, -7.268946970494501], [109.76905632906504, -7.268946970494501], [109.76905632906504, -7.267868997084512], [109.76878683571253, -7.267868997084512], [109.76878683571253, -7.26706051702702], [109.76851734236004, -7.26706051702702], [109.76851734236004, -7.266521530322025], [109.76824784900755, -7.266521530322025], [109.76824784900755, -7.265443556912037], [109.76770886230256, -7.265443556912037], [109.76770886230256, -7.264904570207042], [109.76743936895005, -7.264904570207042], [109.76743936895005, -7.264635076854544], [109.76690038224505, -7.264635076854544], [109.76690038224505, -7.264365583502047], [109.76663088889256, -7.264365583502047], [109.76663088889256, -7.26409609014955], [109.76609190218757, -7.26409609014955], [109.76609190218757, -7.263557103444556], [109.76636139554006, -7.263557103444556], [109.76636139554006, -7.263287610092058], [109.76690038224505, -7.263287610092058], [109.76690038224505, -7.262479130034566], [109.76716987559756, -7.262479130034566], [109.76716987559756, -7.262209636682069], [109.76743936895005, -7.262209636682069], [109.76743936895005, -7.261401156624577], [109.76770886230256, -7.261401156624577], [109.76770886230256, -7.260862169919582], [109.76797835565505, -7.260862169919582], [109.76797835565505, -7.260592676567085], [109.76824784900755, -7.260592676567085], [109.76824784900755, -7.260323183214588], [109.76851734236004, -7.260323183214588], [109.76851734236004, -7.259784196509593], [109.76878683571253, -7.259784196509593], [109.76878683571253, -7.259245209804599], [109.76905632906504, -7.259245209804599], [109.76905632906504, -7.258436729747107], [109.76932582241753, -7.258436729747107], [109.76932582241753, -7.25708926298462], [109.76905632906504, -7.25708926298462], [109.76905632906504, -7.256011289574631], [109.76878683571253, -7.256011289574631], [109.76878683571253, -7.254663822812145], [109.76851734236004, -7.254663822812145], [109.76851734236004, -7.25412483610715], [109.76824784900755, -7.25412483610715], [109.76824784900755, -7.253855342754653], [109.76797835565505, -7.253855342754653], [109.76797835565505, -7.25304686269716], [109.76770886230256, -7.25304686269716], [109.76770886230256, -7.252238382639669], [109.76716987559756, -7.252238382639669], [109.76716987559756, -7.251968889287172], [109.76663088889256, -7.251968889287172], [109.76663088889256, -7.251699395934674], [109.76555291548257, -7.251699395934674], [109.76555291548257, -7.249543449114696], [109.76609190218757, -7.249543449114696], [109.76609190218757, -7.249273955762198], [109.76636139554006, -7.249273955762198], [109.76636139554006, -7.247656995647215], [109.76609190218757, -7.247656995647215], [109.76609190218757, -7.24711800894222], [109.76582240883506, -7.24711800894222], [109.76582240883506, -7.246848515589723], [109.76555291548257, -7.246848515589723], [109.76555291548257, -7.246579022237225], [109.76528342213007, -7.246579022237225], [109.76528342213007, -7.245770542179733], [109.76555291548257, -7.245770542179733], [109.76555291548257, -7.245501048827236], [109.76609190218757, -7.245501048827236], [109.76609190218757, -7.245231555474739], [109.76663088889256, -7.245231555474739], [109.76663088889256, -7.244962062122242], [109.76690038224505, -7.244962062122242], [109.76690038224505, -7.244692568769744], [109.76716987559756, -7.244692568769744], [109.76716987559756, -7.244423075417247], [109.76743936895005, -7.244423075417247], [109.76743936895005, -7.242806115302263], [109.76716987559756, -7.242806115302263], [109.76716987559756, -7.242536621949766], [109.76690038224505, -7.242536621949766], [109.76690038224505, -7.238763715014803], [109.76716987559756, -7.238763715014803], [109.76716987559756, -7.238494221662306], [109.76743936895005, -7.238494221662306], [109.76743936895005, -7.238224728309809], [109.76770886230256, -7.238224728309809], [109.76770886230256, -7.235529794784836], [109.76851734236004, -7.235529794784836], [109.76851734236004, -7.234990808079841], [109.76878683571253, -7.234990808079841], [109.76878683571253, -7.233912834669852], [109.76851734236004, -7.233912834669852], [109.76851734236004, -7.23310435461236], [109.76878683571253, -7.23310435461236], [109.76878683571253, -7.232834861259863], [109.76905632906504, -7.232834861259863], [109.76905632906504, -7.232565367907365], [109.76986480912252, -7.232565367907365], [109.76986480912252, -7.231756887849873], [109.77013430247503, -7.231756887849873], [109.77013430247503, -7.230948407792382], [109.77040379582752, -7.230948407792382], [109.77040379582752, -7.230678914439884], [109.77067328918002, -7.230678914439884], [109.77067328918002, -7.230409421087387], [109.77121227588502, -7.230409421087387], [109.77121227588502, -7.230139927734889], [109.77148176923751, -7.230139927734889], [109.77148176923751, -7.229870434382392], [109.77175126259002, -7.229870434382392], [109.77175126259002, -7.229600941029895], [109.772829236, -7.229600941029895], [109.772829236, -7.229331447677398], [109.77336822270499, -7.229331447677398], [109.77336822270499, -7.229061954324901], [109.77390720940998, -7.229061954324901], [109.77390720940998, -7.228792460972403], [109.77525467617248, -7.228792460972403], [109.77525467617248, -7.228522967619906], [109.77552416952497, -7.228522967619906], [109.77552416952497, -7.228253474267408], [109.77579366287748, -7.228253474267408], [109.77579366287748, -7.227983980914911], [109.77606315622997, -7.227983980914911], [109.77606315622997, -7.227444994209916], [109.77741062299245, -7.227444994209916], [109.77741062299245, -7.226906007504922], [109.77768011634495, -7.226906007504922], [109.77768011634495, -7.226367020799927], [109.77794960969744, -7.226367020799927], [109.77794960969744, -7.22609752744743], [109.77875808975494, -7.22609752744743], [109.77875808975494, -7.225828034094933], [109.77902758310744, -7.225828034094933], [109.77902758310744, -7.224211073979949], [109.77875808975494, -7.224211073979949], [109.77875808975494, -7.223941580627452], [109.77821910304995, -7.223941580627452], [109.77821910304995, -7.223402593922457], [109.77902758310744, -7.223402593922457], [109.77902758310744, -7.222055127159971], [109.77929707645994, -7.222055127159971], [109.77929707645994, -7.220438167044986], [109.77902758310744, -7.220438167044986], [109.77902758310744, -7.220168673692489], [109.77929707645994, -7.220168673692489], [109.77929707645994, -7.219899180339992], [109.77956656981243, -7.219899180339992], [109.77956656981243, -7.219360193634997], [109.77983606316492, -7.219360193634997], [109.77983606316492, -7.2190907002825], [109.78010555651743, -7.2190907002825], [109.78010555651743, -7.218821206930003], [109.78064454322242, -7.218821206930003], [109.78064454322242, -7.217204246815019], [109.77983606316492, -7.217204246815019], [109.77983606316492, -7.216934753462522], [109.77956656981243, -7.216934753462522], [109.77956656981243, -7.216126273405029], [109.77983606316492, -7.216126273405029], [109.77983606316492, -7.215856780052532], [109.78010555651743, -7.215856780052532], [109.78010555651743, -7.215587286700035], [109.78037504986992, -7.215587286700035], [109.78037504986992, -7.214509313290046], [109.78064454322242, -7.214509313290046], [109.78064454322242, -7.214239819937548], [109.78091403657491, -7.214239819937548], [109.78091403657491, -7.213970326585051], [109.78118352992742, -7.213970326585051], [109.78118352992742, -7.213431339880056], [109.78145302327991, -7.213431339880056], [109.78145302327991, -7.21316184652756], [109.78172251663241, -7.21316184652756], [109.78172251663241, -7.212892353175062], [109.7819920099849, -7.212892353175062], [109.7819920099849, -7.211005899707581], [109.78226150333741, -7.211005899707581], [109.78226150333741, -7.210736406355084], [109.7825309966899, -7.210736406355084], [109.7825309966899, -7.210197419650089], [109.7828004900424, -7.210197419650089], [109.7828004900424, -7.208310966182608], [109.7830699833949, -7.208310966182608], [109.7830699833949, -7.208041472830111], [109.7833394767474, -7.208041472830111], [109.7833394767474, -7.207502486125116], [109.78360897009989, -7.207502486125116], [109.78360897009989, -7.207232992772618], [109.78414795680489, -7.207232992772618], [109.78414795680489, -7.206963499420121], [109.78441745015738, -7.206963499420121], [109.78441745015738, -7.206694006067624], [109.78468694350988, -7.206694006067624], [109.78468694350988, -7.206424512715127], [109.78495643686237, -7.206424512715127], [109.78495643686237, -7.20615501936263], [109.78549542356737, -7.20615501936263], [109.78549542356737, -7.205885526010132], [109.78576491691987, -7.205885526010132], [109.78576491691987, -7.205616032657635], [109.78603441027236, -7.205616032657635], [109.78603441027236, -7.199687178902694], [109.78630390362487, -7.199687178902694], [109.78630390362487, -7.199417685550197], [109.78711238368236, -7.199417685550197], [109.78711238368236, -7.198878698845202], [109.78980731720733, -7.198878698845202], [109.78980731720733, -7.198609205492705], [109.79034630391233, -7.198609205492705], [109.79034630391233, -7.198339712140208], [109.79061579726482, -7.198339712140208], [109.79061579726482, -7.19807021878771], [109.79088529061731, -7.19807021878771], [109.79088529061731, -7.197800725435213], [109.79115478396982, -7.197800725435213], [109.79115478396982, -7.197531232082715], [109.79169377067481, -7.197531232082715], [109.79169377067481, -7.197261738730218], [109.7919632640273, -7.197261738730218], [109.7919632640273, -7.195914271967732], [109.79223275737981, -7.195914271967732], [109.79223275737981, -7.194297311852748], [109.7919632640273, -7.194297311852748], [109.7919632640273, -7.193758325147753], [109.7914242773223, -7.193758325147753], [109.7914242773223, -7.192949845090261], [109.79169377067481, -7.192949845090261], [109.79169377067481, -7.192680351737764], [109.7919632640273, -7.192680351737764], [109.7919632640273, -7.19214136503277], [109.79223275737981, -7.19214136503277], [109.79223275737981, -7.191871871680272], [109.7925022507323, -7.191871871680272], [109.7925022507323, -7.191332884975278], [109.7927717440848, -7.191332884975278], [109.7927717440848, -7.189176938155299], [109.7930412374373, -7.189176938155299], [109.7930412374373, -7.188368458097807], [109.7919632640273, -7.188368458097807]], [[109.69925755076824, -7.354645856588644], [109.69979653747323, -7.354645856588644], [109.69979653747323, -7.355723829998634], [109.69898805741573, -7.355723829998634], [109.69898805741573, -7.355993323351131], [109.69871856406324, -7.355993323351131], [109.69871856406324, -7.355184843293639], [109.69898805741573, -7.355184843293639], [109.69898805741573, -7.354915349941142], [109.69925755076824, -7.354915349941142], [109.69925755076824, -7.354645856588644]]]}}, {"type": "Feature", "properties": {"fid": 69, "DN": 1, "Keterangan": "Rendah"}, "geometry": {"type": "Polygon", "coordinates": [[[109.66988277534603, -7.391566445880775], [109.66988277534603, -7.39210543258577], [109.67096074875602, -7.39210543258577], [109.67096074875602, -7.391835939233273], [109.67149973546101, -7.391835939233273], [109.67149973546101, -7.391566445880775], [109.66988277534603, -7.391566445880775]]]}}, {"type": "Feature", "properties": {"fid": 70, "DN": 1, "Keterangan": "Rendah"}, "geometry": {"type": "Polygon", "coordinates": [[[109.55885151411714, -7.391566445880775], [109.55885151411714, -7.391835939233273], [109.55965999417462, -7.391835939233273], [109.55965999417462, -7.39210543258577], [109.56019898087962, -7.39210543258577], [109.56019898087962, -7.392374925938267], [109.56046847423212, -7.392374925938267], [109.56046847423212, -7.391835939233273], [109.56019898087962, -7.391835939233273], [109.56019898087962, -7.391566445880775], [109.55885151411714, -7.391566445880775]]]}}, {"type": "Feature", "properties": {"fid": 71, "DN": 1, "Keterangan": "Rendah"}, "geometry": {"type": "Polygon", "coordinates": [[[109.68066250944592, -7.39210543258577], [109.68066250944592, -7.392644419290765], [109.68093200279841, -7.392644419290765], [109.68093200279841, -7.39210543258577], [109.68066250944592, -7.39210543258577]]]}}, {"type": "Feature", "properties": {"fid": 72, "DN": 1, "Keterangan": "Rendah"}, "geometry": {"type": "Polygon", "coordinates": [[[109.67419466898599, -7.390757965823283], [109.67419466898599, -7.39102745917578], [109.67473365569099, -7.39102745917578], [109.67473365569099, -7.391296952528278], [109.67500314904348, -7.391296952528278], [109.67500314904348, -7.391566445880775], [109.67527264239597, -7.391566445880775], [109.67527264239597, -7.391835939233273], [109.67554213574847, -7.391835939233273], [109.67554213574847, -7.392374925938267], [109.67581162910096, -7.392374925938267], [109.67581162910096, -7.392913912643261], [109.67608112245347, -7.392913912643261], [109.67608112245347, -7.393722392700754], [109.67635061580596, -7.393722392700754], [109.67635061580596, -7.394261379405748], [109.67662010915846, -7.394261379405748], [109.67662010915846, -7.392644419290765], [109.67635061580596, -7.392644419290765], [109.67635061580596, -7.39210543258577], [109.67608112245347, -7.39210543258577], [109.67608112245347, -7.391566445880775], [109.67581162910096, -7.391566445880775], [109.67581162910096, -7.391296952528278], [109.67527264239597, -7.391296952528278], [109.67527264239597, -7.39102745917578], [109.67500314904348, -7.39102745917578], [109.67500314904348, -7.390757965823283], [109.67419466898599, -7.390757965823283]]]}}, {"type": "Feature", "properties": {"fid": 73, "DN": 2, "Keterangan": "Sedang"}, "geometry": {"type": "Polygon", "coordinates": [[[109.76797835565505, -7.393991886053251], [109.76797835565505, -7.394530872758246], [109.76824784900755, -7.394530872758246], [109.76824784900755, -7.393991886053251], [109.76797835565505, -7.393991886053251]]]}}, {"type": "Feature", "properties": {"fid": 74, "DN": 1, "Keterangan": "Rendah"}, "geometry": {"type": "Polygon", "coordinates": [[[109.67662010915846, -7.394530872758246], [109.67662010915846, -7.394800366110743], [109.67688960251095, -7.394800366110743], [109.67688960251095, -7.394530872758246], [109.67662010915846, -7.394530872758246]]]}}, {"type": "Feature", "properties": {"fid": 75, "DN": 2, "Keterangan": "Sedang"}, "geometry": {"type": "Polygon", "coordinates": [[[109.68012352274093, -7.388332525650807], [109.68012352274093, -7.390757965823283], [109.68039301609342, -7.390757965823283], [109.68039301609342, -7.391296952528278], [109.68066250944592, -7.391296952528278], [109.68066250944592, -7.39210543258577], [109.68093200279841, -7.39210543258577], [109.68093200279841, -7.39506985946324], [109.68120149615092, -7.39506985946324], [109.68120149615092, -7.394530872758246], [109.68147098950341, -7.394530872758246], [109.68147098950341, -7.394261379405748], [109.6820099762084, -7.394261379405748], [109.6820099762084, -7.393991886053251], [109.68227946956091, -7.393991886053251], [109.68227946956091, -7.393722392700754], [109.6825489629134, -7.393722392700754], [109.6825489629134, -7.393452899348256], [109.68281845626589, -7.393452899348256], [109.68281845626589, -7.393183405995759], [109.6830879496184, -7.393183405995759], [109.6830879496184, -7.392644419290765], [109.68335744297089, -7.392644419290765], [109.68335744297089, -7.392374925938267], [109.68362693632339, -7.392374925938267], [109.68362693632339, -7.39210543258577], [109.68389642967588, -7.39210543258577], [109.68389642967588, -7.391566445880775], [109.68416592302839, -7.391566445880775], [109.68416592302839, -7.391296952528278], [109.68443541638088, -7.391296952528278], [109.68443541638088, -7.39102745917578], [109.68470490973338, -7.39102745917578], [109.68470490973338, -7.390757965823283], [109.68497440308587, -7.390757965823283], [109.68497440308587, -7.390488472470786], [109.68524389643838, -7.390488472470786], [109.68524389643838, -7.389949485765792], [109.68551338979087, -7.389949485765792], [109.68551338979087, -7.389410499060797], [109.68524389643838, -7.389410499060797], [109.68524389643838, -7.389141005708299], [109.68470490973338, -7.389141005708299], [109.68470490973338, -7.389410499060797], [109.68389642967588, -7.389410499060797], [109.68389642967588, -7.389679992413294], [109.68362693632339, -7.389679992413294], [109.68362693632339, -7.389949485765792], [109.68281845626589, -7.389949485765792], [109.68281845626589, -7.390218979118289], [109.6825489629134, -7.390218979118289], [109.6825489629134, -7.389949485765792], [109.6820099762084, -7.389949485765792], [109.6820099762084, -7.389679992413294], [109.68174048285591, -7.389679992413294], [109.68174048285591, -7.389410499060797], [109.68147098950341, -7.389410499060797], [109.68147098950341, -7.388871512355802], [109.68120149615092, -7.388871512355802], [109.68120149615092, -7.388332525650807], [109.68012352274093, -7.388332525650807]]]}}, {"type": "Feature", "properties": {"fid": 76, "DN": 2, "Keterangan": "Sedang"}, "geometry": {"type": "Polygon", "coordinates": [[[109.55588708723967, -7.391566445880775], [109.55588708723967, -7.391835939233273], [109.55507860718218, -7.391835939233273], [109.55507860718218, -7.39210543258577], [109.55427012712468, -7.39210543258577], [109.55427012712468, -7.392374925938267], [109.55373114041969, -7.392374925938267], [109.55373114041969, -7.392644419290765], [109.5534616470672, -7.392644419290765], [109.5534616470672, -7.392913912643261], [109.55319215371469, -7.392913912643261], [109.55319215371469, -7.393183405995759], [109.5529226603622, -7.393183405995759], [109.5529226603622, -7.393991886053251], [109.5526531670097, -7.393991886053251], [109.5526531670097, -7.394530872758246], [109.5529226603622, -7.394530872758246], [109.5529226603622, -7.39506985946324], [109.55373114041969, -7.39506985946324], [109.55373114041969, -7.394800366110743], [109.55453962047719, -7.394800366110743], [109.55453962047719, -7.394530872758246], [109.55507860718218, -7.394530872758246], [109.55507860718218, -7.394261379405748], [109.55642607394466, -7.394261379405748], [109.55642607394466, -7.393991886053251], [109.55696506064966, -7.393991886053251], [109.55696506064966, -7.394261379405748], [109.55804303405965, -7.394261379405748], [109.55804303405965, -7.394530872758246], [109.55858202076465, -7.394530872758246], [109.55858202076465, -7.394800366110743], [109.55912100746964, -7.394800366110743], [109.55912100746964, -7.39506985946324], [109.56154644764212, -7.39506985946324], [109.56154644764212, -7.394800366110743], [109.56208543434711, -7.394800366110743], [109.56208543434711, -7.394530872758246], [109.5626244210521, -7.394530872758246], [109.5626244210521, -7.393991886053251], [109.5628939144046, -7.393991886053251], [109.5628939144046, -7.392644419290765], [109.5626244210521, -7.392644419290765], [109.5626244210521, -7.392374925938267], [109.56019898087962, -7.392374925938267], [109.56019898087962, -7.39210543258577], [109.55965999417462, -7.39210543258577], [109.55965999417462, -7.391835939233273], [109.55885151411714, -7.391835939233273], [109.55885151411714, -7.391566445880775], [109.55588708723967, -7.391566445880775]]]}}, {"type": "Feature", "properties": {"fid": 77, "DN": 1, "Keterangan": "Rendah"}, "geometry": {"type": "Polygon", "coordinates": [[[109.67688960251095, -7.394800366110743], [109.67688960251095, -7.39506985946324], [109.67715909586346, -7.39506985946324], [109.67715909586346, -7.395339352815737], [109.67769808256845, -7.395339352815737], [109.67769808256845, -7.395608846168235], [109.67850656262594, -7.395608846168235], [109.67850656262594, -7.394800366110743], [109.67688960251095, -7.394800366110743]]]}}, {"type": "Feature", "properties": {"fid": 78, "DN": 1, "Keterangan": "Rendah"}, "geometry": {"type": "Polygon", "coordinates": [[[109.6421249600388, -7.381595191838375], [109.6421249600388, -7.381864685190872], [109.64131647998131, -7.381864685190872], [109.64131647998131, -7.382134178543369], [109.64077749327632, -7.382134178543369], [109.64077749327632, -7.382403671895867], [109.64050799992383, -7.382403671895867], [109.64050799992383, -7.382673165248364], [109.64023850657132, -7.382673165248364], [109.64023850657132, -7.382942658600862], [109.63996901321883, -7.382942658600862], [109.63996901321883, -7.383212151953359], [109.63969951986633, -7.383212151953359], [109.63969951986633, -7.383481645305856], [109.63943002651384, -7.383481645305856], [109.63943002651384, -7.38402063201085], [109.63916053316133, -7.38402063201085], [109.63916053316133, -7.385637592125835], [109.63889103980884, -7.385637592125835], [109.63889103980884, -7.386176578830829], [109.63862154645633, -7.386176578830829], [109.63862154645633, -7.386446072183326], [109.63835205310384, -7.386446072183326], [109.63835205310384, -7.386715565535824], [109.63808255975134, -7.386715565535824], [109.63808255975134, -7.386985058888321], [109.63781306639885, -7.386985058888321], [109.63781306639885, -7.387254552240818], [109.63727407969385, -7.387254552240818], [109.63727407969385, -7.387524045593316], [109.63673509298886, -7.387524045593316], [109.63673509298886, -7.387793538945813], [109.63484863952138, -7.387793538945813], [109.63484863952138, -7.387524045593316], [109.63377066611139, -7.387524045593316], [109.63377066611139, -7.387254552240818], [109.6335011727589, -7.387254552240818], [109.6335011727589, -7.386985058888321], [109.63323167940639, -7.386985058888321], [109.63323167940639, -7.386715565535824], [109.6329621860539, -7.386715565535824], [109.6329621860539, -7.386446072183326], [109.6326926927014, -7.386446072183326], [109.6326926927014, -7.385907085478332], [109.6324231993489, -7.385907085478332], [109.6324231993489, -7.385637592125835], [109.6321537059964, -7.385637592125835], [109.6321537059964, -7.385368098773337], [109.63188421264391, -7.385368098773337], [109.63188421264391, -7.38509860542084], [109.63053674588141, -7.38509860542084], [109.63053674588141, -7.385368098773337], [109.63026725252892, -7.385368098773337], [109.63026725252892, -7.385637592125835], [109.62999775917643, -7.385637592125835], [109.62999775917643, -7.386446072183326], [109.62972826582393, -7.386446072183326], [109.62972826582393, -7.387524045593316], [109.62945877247144, -7.387524045593316], [109.62945877247144, -7.387793538945813], [109.62918927911893, -7.387793538945813], [109.62918927911893, -7.388063032298311], [109.62891978576644, -7.388063032298311], [109.62891978576644, -7.388332525650807], [109.62838079906145, -7.388332525650807], [109.62838079906145, -7.388602019003305], [109.62811130570894, -7.388602019003305], [109.62811130570894, -7.388871512355802], [109.62784181235645, -7.388871512355802], [109.62784181235645, -7.389141005708299], [109.62757231900395, -7.389141005708299], [109.62757231900395, -7.389410499060797], [109.62730282565146, -7.389410499060797], [109.62730282565146, -7.389949485765792], [109.62703333229895, -7.389949485765792], [109.62703333229895, -7.390757965823283], [109.62676383894646, -7.390757965823283], [109.62676383894646, -7.391835939233273], [109.62649434559395, -7.391835939233273], [109.62649434559395, -7.392374925938267], [109.62622485224146, -7.392374925938267], [109.62622485224146, -7.392913912643261], [109.62541637218398, -7.392913912643261], [109.62541637218398, -7.392644419290765], [109.62514687883147, -7.392644419290765], [109.62514687883147, -7.392374925938267], [109.62487738547898, -7.392374925938267], [109.62487738547898, -7.39210543258577], [109.62460789212648, -7.39210543258577], [109.62460789212648, -7.391835939233273], [109.62433839877399, -7.391835939233273], [109.62433839877399, -7.391566445880775], [109.62406890542148, -7.391566445880775], [109.62406890542148, -7.391296952528278], [109.62379941206899, -7.391296952528278], [109.62379941206899, -7.39102745917578], [109.62245194530651, -7.39102745917578], [109.62245194530651, -7.391296952528278], [109.622182451954, -7.391296952528278], [109.622182451954, -7.391566445880775], [109.62164346524901, -7.391566445880775], [109.62164346524901, -7.391835939233273], [109.61975701178153, -7.391835939233273], [109.61975701178153, -7.391566445880775], [109.61921802507653, -7.391566445880775], [109.61921802507653, -7.391296952528278], [109.61894853172404, -7.391296952528278], [109.61894853172404, -7.39102745917578], [109.61867903837154, -7.39102745917578], [109.61867903837154, -7.390757965823283], [109.61814005166654, -7.390757965823283], [109.61814005166654, -7.390488472470786], [109.61787055831405, -7.390488472470786], [109.61787055831405, -7.390218979118289], [109.61571461149407, -7.390218979118289], [109.61571461149407, -7.390488472470786], [109.61517562478907, -7.390488472470786], [109.61517562478907, -7.390757965823283], [109.61463663808408, -7.390757965823283], [109.61463663808408, -7.39102745917578], [109.61436714473159, -7.39102745917578], [109.61436714473159, -7.391296952528278], [109.61382815802659, -7.391296952528278], [109.61382815802659, -7.391566445880775], [109.61355866467409, -7.391566445880775], [109.61355866467409, -7.391835939233273], [109.6127501846166, -7.391835939233273], [109.6127501846166, -7.39210543258577], [109.61167221120661, -7.39210543258577], [109.61167221120661, -7.392374925938267], [109.60924677103414, -7.392374925938267], [109.60924677103414, -7.39210543258577], [109.60870778432914, -7.39210543258577], [109.60870778432914, -7.391835939233273], [109.60843829097664, -7.391835939233273], [109.60843829097664, -7.391566445880775], [109.60789930427164, -7.391566445880775], [109.60789930427164, -7.392913912643261], [109.60816879762415, -7.392913912643261], [109.60816879762415, -7.393183405995759], [109.61086373114912, -7.393183405995759], [109.61086373114912, -7.393452899348256], [109.6127501846166, -7.393452899348256], [109.6127501846166, -7.392913912643261], [109.61301967796909, -7.392913912643261], [109.61301967796909, -7.393452899348256], [109.61382815802659, -7.393452899348256], [109.61382815802659, -7.393183405995759], [109.61409765137908, -7.393183405995759], [109.61409765137908, -7.392913912643261], [109.61436714473159, -7.392913912643261], [109.61436714473159, -7.39210543258577], [109.61463663808408, -7.39210543258577], [109.61463663808408, -7.391835939233273], [109.61490613143658, -7.391835939233273], [109.61490613143658, -7.391566445880775], [109.61517562478907, -7.391566445880775], [109.61517562478907, -7.39102745917578], [109.61787055831405, -7.39102745917578], [109.61787055831405, -7.391566445880775], [109.61814005166654, -7.391566445880775], [109.61814005166654, -7.391835939233273], [109.61867903837154, -7.391835939233273], [109.61867903837154, -7.392644419290765], [109.61894853172404, -7.392644419290765], [109.61894853172404, -7.392913912643261], [109.62056549183902, -7.392913912643261], [109.62056549183902, -7.393183405995759], [109.62083498519152, -7.393183405995759], [109.62083498519152, -7.393452899348256], [109.62245194530651, -7.393452899348256], [109.62245194530651, -7.391835939233273], [109.622721438659, -7.391835939233273], [109.622721438659, -7.392913912643261], [109.62352991871649, -7.392913912643261], [109.62352991871649, -7.393722392700754], [109.62433839877399, -7.393722392700754], [109.62433839877399, -7.393991886053251], [109.62514687883147, -7.393991886053251], [109.62514687883147, -7.396147832873229], [109.62649434559395, -7.396147832873229], [109.62649434559395, -7.395608846168235], [109.62703333229895, -7.395608846168235], [109.62703333229895, -7.395339352815737], [109.62730282565146, -7.395339352815737], [109.62730282565146, -7.39102745917578], [109.62757231900395, -7.39102745917578], [109.62757231900395, -7.390488472470786], [109.62811130570894, -7.390488472470786], [109.62811130570894, -7.389949485765792], [109.62865029241394, -7.389949485765792], [109.62865029241394, -7.389679992413294], [109.62918927911893, -7.389679992413294], [109.62918927911893, -7.389949485765792], [109.63053674588141, -7.389949485765792], [109.63053674588141, -7.389679992413294], [109.63134522593892, -7.389679992413294], [109.63134522593892, -7.389141005708299], [109.6316147192914, -7.389141005708299], [109.6316147192914, -7.390488472470786], [109.6324231993489, -7.390488472470786], [109.6324231993489, -7.391296952528278], [109.63457914616887, -7.391296952528278], [109.63457914616887, -7.388602019003305], [109.63565711957887, -7.388602019003305], [109.63565711957887, -7.388871512355802], [109.63592661293137, -7.388871512355802], [109.63592661293137, -7.389141005708299], [109.63646559963637, -7.389141005708299], [109.63646559963637, -7.389949485765792], [109.63565711957887, -7.389949485765792], [109.63565711957887, -7.391296952528278], [109.63673509298886, -7.391296952528278], [109.63673509298886, -7.391566445880775], [109.63754357304636, -7.391566445880775], [109.63754357304636, -7.391296952528278], [109.63862154645633, -7.391296952528278], [109.63862154645633, -7.389949485765792], [109.63916053316133, -7.389949485765792], [109.63916053316133, -7.389679992413294], [109.63943002651384, -7.389679992413294], [109.63943002651384, -7.389141005708299], [109.63996901321883, -7.389141005708299], [109.63996901321883, -7.388871512355802], [109.64023850657132, -7.388871512355802], [109.64023850657132, -7.388602019003305], [109.64050799992383, -7.388602019003305], [109.64050799992383, -7.388332525650807], [109.64077749327632, -7.388332525650807], [109.64077749327632, -7.388063032298311], [109.64104698662882, -7.388063032298311], [109.64104698662882, -7.387524045593316], [109.6434724268013, -7.387524045593316], [109.6434724268013, -7.38509860542084], [109.64185546668631, -7.38509860542084], [109.64185546668631, -7.384290125363348], [109.64023850657132, -7.384290125363348], [109.64023850657132, -7.38402063201085], [109.64104698662882, -7.38402063201085], [109.64104698662882, -7.383212151953359], [109.6426639467438, -7.383212151953359], [109.6426639467438, -7.382673165248364], [109.64320293344879, -7.382673165248364], [109.64320293344879, -7.382403671895867], [109.64455040021129, -7.382403671895867], [109.64455040021129, -7.382134178543369], [109.64535888026877, -7.382134178543369], [109.64535888026877, -7.381864685190872], [109.64481989356378, -7.381864685190872], [109.64481989356378, -7.381595191838375], [109.6421249600388, -7.381595191838375]], [[109.63134522593892, -7.386176578830829], [109.6316147192914, -7.386176578830829], [109.6316147192914, -7.386715565535824], [109.63134522593892, -7.386715565535824], [109.63134522593892, -7.386176578830829]]]}}, {"type": "Feature", "properties": {"fid": 79, "DN": 3, "Keterangan": "Tinggi"}, "geometry": {"type": "Polygon", "coordinates": [[[109.66530138835357, -7.389949485765792], [109.66530138835357, -7.390218979118289], [109.66584037505856, -7.390218979118289], [109.66584037505856, -7.390488472470786], [109.66637936176356, -7.390488472470786], [109.66637936176356, -7.39102745917578], [109.66664885511607, -7.39102745917578], [109.66664885511607, -7.391566445880775], [109.66691834846856, -7.391566445880775], [109.66691834846856, -7.393452899348256], [109.66664885511607, -7.393452899348256], [109.66664885511607, -7.394261379405748], [109.66637936176356, -7.394261379405748], [109.66637936176356, -7.395608846168235], [109.66664885511607, -7.395608846168235], [109.66664885511607, -7.395878339520732], [109.66718784182106, -7.395878339520732], [109.66718784182106, -7.396147832873229], [109.66745733517355, -7.396147832873229], [109.66745733517355, -7.395878339520732], [109.66853530858354, -7.395878339520732], [109.66853530858354, -7.395608846168235], [109.66907429528854, -7.395608846168235], [109.66907429528854, -7.395339352815737], [109.66961328199353, -7.395339352815737], [109.66961328199353, -7.39506985946324], [109.66988277534603, -7.39506985946324], [109.66988277534603, -7.394800366110743], [109.67042176205102, -7.394800366110743], [109.67042176205102, -7.394530872758246], [109.67123024210852, -7.394530872758246], [109.67123024210852, -7.394261379405748], [109.6717692288135, -7.394261379405748], [109.6717692288135, -7.393991886053251], [109.67203872216601, -7.393991886053251], [109.67203872216601, -7.393722392700754], [109.672577708871, -7.393722392700754], [109.672577708871, -7.393452899348256], [109.6728472022235, -7.393452899348256], [109.6728472022235, -7.393183405995759], [109.673116695576, -7.393183405995759], [109.673116695576, -7.392913912643261], [109.67419466898599, -7.392913912643261], [109.67419466898599, -7.392374925938267], [109.67392517563349, -7.392374925938267], [109.67392517563349, -7.39210543258577], [109.6728472022235, -7.39210543258577], [109.6728472022235, -7.392374925938267], [109.6723082155185, -7.392374925938267], [109.6723082155185, -7.392644419290765], [109.6717692288135, -7.392644419290765], [109.6717692288135, -7.392913912643261], [109.67123024210852, -7.392913912643261], [109.67123024210852, -7.393183405995759], [109.66934378864103, -7.393183405995759], [109.66934378864103, -7.392913912643261], [109.66907429528854, -7.392913912643261], [109.66907429528854, -7.392644419290765], [109.66853530858354, -7.392644419290765], [109.66853530858354, -7.392374925938267], [109.66826581523104, -7.392374925938267], [109.66826581523104, -7.391835939233273], [109.66799632187855, -7.391835939233273], [109.66799632187855, -7.391566445880775], [109.66772682852604, -7.391566445880775], [109.66772682852604, -7.39102745917578], [109.66745733517355, -7.39102745917578], [109.66745733517355, -7.390757965823283], [109.66718784182106, -7.390757965823283], [109.66718784182106, -7.390488472470786], [109.66691834846856, -7.390488472470786], [109.66691834846856, -7.390218979118289], [109.66664885511607, -7.390218979118289], [109.66664885511607, -7.389949485765792], [109.66530138835357, -7.389949485765792]]]}}, {"type": "Feature", "properties": {"fid": 80, "DN": 1, "Keterangan": "Rendah"}, "geometry": {"type": "Polygon", "coordinates": [[[109.58526186266188, -7.385368098773337], [109.58526186266188, -7.385637592125835], [109.58499236930938, -7.385637592125835], [109.58499236930938, -7.386176578830829], [109.58472287595688, -7.386176578830829], [109.58472287595688, -7.386446072183326], [109.58445338260438, -7.386446072183326], [109.58445338260438, -7.386985058888321], [109.58418388925189, -7.386985058888321], [109.58418388925189, -7.387524045593316], [109.58391439589938, -7.387524045593316], [109.58391439589938, -7.387793538945813], [109.5836449025469, -7.387793538945813], [109.5836449025469, -7.388063032298311], [109.58337540919439, -7.388063032298311], [109.58337540919439, -7.388332525650807], [109.5828364224894, -7.388332525650807], [109.5828364224894, -7.388602019003305], [109.5820279424319, -7.388602019003305], [109.5820279424319, -7.388871512355802], [109.58121946237442, -7.388871512355802], [109.58121946237442, -7.389141005708299], [109.58041098231692, -7.389141005708299], [109.58041098231692, -7.389410499060797], [109.58014148896443, -7.389410499060797], [109.58014148896443, -7.389679992413294], [109.57933300890693, -7.389679992413294], [109.57933300890693, -7.390218979118289], [109.57906351555444, -7.390218979118289], [109.57906351555444, -7.390488472470786], [109.57879402220193, -7.390488472470786], [109.57879402220193, -7.389949485765792], [109.57906351555444, -7.389949485765792], [109.57906351555444, -7.389410499060797], [109.57933300890693, -7.389410499060797], [109.57933300890693, -7.389141005708299], [109.57960250225943, -7.389141005708299], [109.57960250225943, -7.388602019003305], [109.57987199561192, -7.388602019003305], [109.57987199561192, -7.388063032298311], [109.58014148896443, -7.388063032298311], [109.58014148896443, -7.387793538945813], [109.58041098231692, -7.387793538945813], [109.58041098231692, -7.387524045593316], [109.58094996902192, -7.387524045593316], [109.58094996902192, -7.387254552240818], [109.58148895572691, -7.387254552240818], [109.58148895572691, -7.386985058888321], [109.5831059158419, -7.386985058888321], [109.5831059158419, -7.386715565535824], [109.58014148896443, -7.386715565535824], [109.58014148896443, -7.387254552240818], [109.57960250225943, -7.387254552240818], [109.57960250225943, -7.388063032298311], [109.57933300890693, -7.388063032298311], [109.57933300890693, -7.388332525650807], [109.57771604879196, -7.388332525650807], [109.57771604879196, -7.389949485765792], [109.57690756873446, -7.389949485765792], [109.57690756873446, -7.390757965823283], [109.57502111526698, -7.390757965823283], [109.57502111526698, -7.389949485765792], [109.57475162191447, -7.389949485765792], [109.57475162191447, -7.389679992413294], [109.57502111526698, -7.389679992413294], [109.57502111526698, -7.388332525650807], [109.5725956750945, -7.388332525650807], [109.5725956750945, -7.387524045593316], [109.57017023492203, -7.387524045593316], [109.57017023492203, -7.386715565535824], [109.56397188781459, -7.386715565535824], [109.56397188781459, -7.388332525650807], [109.5623549276996, -7.388332525650807], [109.5623549276996, -7.391566445880775], [109.56154644764212, -7.391566445880775], [109.56154644764212, -7.392374925938267], [109.5626244210521, -7.392374925938267], [109.5626244210521, -7.392644419290765], [109.5628939144046, -7.392644419290765], [109.5628939144046, -7.393991886053251], [109.5626244210521, -7.393991886053251], [109.5626244210521, -7.394530872758246], [109.56208543434711, -7.394530872758246], [109.56208543434711, -7.394800366110743], [109.56154644764212, -7.394800366110743], [109.56154644764212, -7.39506985946324], [109.55912100746964, -7.39506985946324], [109.55912100746964, -7.394800366110743], [109.55858202076465, -7.394800366110743], [109.55858202076465, -7.394530872758246], [109.55804303405965, -7.394530872758246], [109.55804303405965, -7.394261379405748], [109.55696506064966, -7.394261379405748], [109.55696506064966, -7.393991886053251], [109.55642607394466, -7.393991886053251], [109.55642607394466, -7.394530872758246], [109.55669556729715, -7.394530872758246], [109.55669556729715, -7.394800366110743], [109.55804303405965, -7.394800366110743], [109.55804303405965, -7.39506985946324], [109.55831252741214, -7.39506985946324], [109.55831252741214, -7.396147832873229], [109.55885151411714, -7.396147832873229], [109.55885151411714, -7.396417326225727], [109.56019898087962, -7.396417326225727], [109.56019898087962, -7.396147832873229], [109.5628939144046, -7.396147832873229], [109.5628939144046, -7.395608846168235], [109.56343290110959, -7.395608846168235], [109.56343290110959, -7.395339352815737], [109.56531935457707, -7.395339352815737], [109.56531935457707, -7.393991886053251], [109.56558884792958, -7.393991886053251], [109.56558884792958, -7.392913912643261], [109.56370239446208, -7.392913912643261], [109.56370239446208, -7.392644419290765], [109.56424138116708, -7.392644419290765], [109.56424138116708, -7.391296952528278], [109.56558884792958, -7.391296952528278], [109.56558884792958, -7.39210543258577], [109.56936175486453, -7.39210543258577], [109.56936175486453, -7.391835939233273], [109.56990074156953, -7.391835939233273], [109.56990074156953, -7.391566445880775], [109.57043972827452, -7.391566445880775], [109.57043972827452, -7.391296952528278], [109.57097871497952, -7.391296952528278], [109.57097871497952, -7.391566445880775], [109.571787195037, -7.391566445880775], [109.571787195037, -7.392374925938267], [109.5731346617995, -7.392374925938267], [109.5731346617995, -7.39210543258577], [109.57394314185699, -7.39210543258577], [109.57394314185699, -7.392374925938267], [109.57690756873446, -7.392374925938267], [109.57690756873446, -7.39210543258577], [109.57771604879196, -7.39210543258577], [109.57771604879196, -7.392374925938267], [109.57906351555444, -7.392374925938267], [109.57906351555444, -7.39210543258577], [109.57960250225943, -7.39210543258577], [109.57960250225943, -7.391835939233273], [109.57987199561192, -7.391835939233273], [109.57987199561192, -7.39102745917578], [109.58014148896443, -7.39102745917578], [109.58014148896443, -7.390757965823283], [109.58041098231692, -7.390757965823283], [109.58041098231692, -7.390218979118289], [109.58094996902192, -7.390218979118289], [109.58094996902192, -7.389949485765792], [109.58121946237442, -7.389949485765792], [109.58121946237442, -7.389410499060797], [109.5817584490794, -7.389410499060797], [109.5817584490794, -7.389141005708299], [109.5836449025469, -7.389141005708299], [109.5836449025469, -7.388871512355802], [109.58391439589938, -7.388871512355802], [109.58391439589938, -7.388602019003305], [109.58418388925189, -7.388602019003305], [109.58418388925189, -7.388332525650807], [109.58445338260438, -7.388332525650807], [109.58445338260438, -7.388063032298311], [109.58472287595688, -7.388063032298311], [109.58472287595688, -7.387793538945813], [109.58499236930938, -7.387793538945813], [109.58499236930938, -7.387524045593316], [109.58553135601437, -7.387524045593316], [109.58553135601437, -7.386715565535824], [109.58580084936686, -7.386715565535824], [109.58580084936686, -7.385368098773337], [109.58526186266188, -7.385368098773337]], [[109.56666682133957, -7.386985058888321], [109.56855327480704, -7.386985058888321], [109.56855327480704, -7.387254552240818], [109.56936175486453, -7.387254552240818], [109.56936175486453, -7.387524045593316], [109.56990074156953, -7.387524045593316], [109.56990074156953, -7.387793538945813], [109.57017023492203, -7.387793538945813], [109.57017023492203, -7.388063032298311], [109.57070922162701, -7.388063032298311], [109.57070922162701, -7.388332525650807], [109.57097871497952, -7.388332525650807], [109.57097871497952, -7.388602019003305], [109.57151770168451, -7.388602019003305], [109.57151770168451, -7.388871512355802], [109.572865168447, -7.388871512355802], [109.572865168447, -7.389141005708299], [109.57340415515199, -7.389141005708299], [109.57340415515199, -7.389410499060797], [109.5736736485045, -7.389410499060797], [109.5736736485045, -7.389679992413294], [109.57394314185699, -7.389679992413294], [109.57394314185699, -7.390218979118289], [109.57421263520948, -7.390218979118289], [109.57421263520948, -7.39102745917578], [109.57394314185699, -7.39102745917578], [109.57394314185699, -7.391296952528278], [109.5725956750945, -7.391296952528278], [109.5725956750945, -7.39102745917578], [109.57205668838951, -7.39102745917578], [109.57205668838951, -7.390757965823283], [109.571787195037, -7.390757965823283], [109.571787195037, -7.390488472470786], [109.57151770168451, -7.390488472470786], [109.57151770168451, -7.389949485765792], [109.57124820833201, -7.389949485765792], [109.57124820833201, -7.389679992413294], [109.57017023492203, -7.389679992413294], [109.57017023492203, -7.389949485765792], [109.56990074156953, -7.389949485765792], [109.56990074156953, -7.390218979118289], [109.56963124821704, -7.390218979118289], [109.56963124821704, -7.390488472470786], [109.56909226151204, -7.390488472470786], [109.56909226151204, -7.390757965823283], [109.56855327480704, -7.390757965823283], [109.56855327480704, -7.39102745917578], [109.56747530139705, -7.39102745917578], [109.56747530139705, -7.390757965823283], [109.56639732798706, -7.390757965823283], [109.56639732798706, -7.390488472470786], [109.56531935457707, -7.390488472470786], [109.56531935457707, -7.390757965823283], [109.56397188781459, -7.390757965823283], [109.56397188781459, -7.39102745917578], [109.56370239446208, -7.39102745917578], [109.56370239446208, -7.390488472470786], [109.56343290110959, -7.390488472470786], [109.56343290110959, -7.390218979118289], [109.56370239446208, -7.390218979118289], [109.56370239446208, -7.389410499060797], [109.56397188781459, -7.389410499060797], [109.56397188781459, -7.389141005708299], [109.56424138116708, -7.389141005708299], [109.56424138116708, -7.388602019003305], [109.56451087451958, -7.388602019003305], [109.56451087451958, -7.388332525650807], [109.56478036787207, -7.388332525650807], [109.56478036787207, -7.388063032298311], [109.56504986122458, -7.388063032298311], [109.56504986122458, -7.387793538945813], [109.56531935457707, -7.387793538945813], [109.56531935457707, -7.387524045593316], [109.56585834128207, -7.387524045593316], [109.56585834128207, -7.387254552240818], [109.56666682133957, -7.387254552240818], [109.56666682133957, -7.386985058888321]]]}}, {"type": "Feature", "properties": {"fid": 81, "DN": 1, "Keterangan": "Rendah"}, "geometry": {"type": "Polygon", "coordinates": [[[109.66557088170607, -7.392913912643261], [109.66557088170607, -7.393183405995759], [109.66503189500108, -7.393183405995759], [109.66503189500108, -7.394800366110743], [109.66422341494358, -7.394800366110743], [109.66422341494358, -7.396147832873229], [109.66449290829608, -7.396147832873229], [109.66449290829608, -7.396417326225727], [109.66476240164857, -7.396417326225727], [109.66476240164857, -7.396686819578224], [109.66503189500108, -7.396686819578224], [109.66503189500108, -7.397225806283219], [109.66664885511607, -7.397225806283219], [109.66664885511607, -7.397495299635716], [109.66718784182106, -7.397495299635716], [109.66718784182106, -7.397225806283219], [109.66691834846856, -7.397225806283219], [109.66691834846856, -7.396956312930722], [109.66637936176356, -7.396956312930722], [109.66637936176356, -7.396686819578224], [109.66584037505856, -7.396686819578224], [109.66584037505856, -7.396417326225727], [109.66557088170607, -7.396417326225727], [109.66557088170607, -7.396147832873229], [109.66530138835357, -7.396147832873229], [109.66530138835357, -7.395339352815737], [109.66503189500108, -7.395339352815737], [109.66503189500108, -7.39506985946324], [109.66530138835357, -7.39506985946324], [109.66530138835357, -7.394261379405748], [109.66557088170607, -7.394261379405748], [109.66557088170607, -7.393452899348256], [109.66584037505856, -7.393452899348256], [109.66584037505856, -7.392913912643261], [109.66557088170607, -7.392913912643261]]]}}, {"type": "Feature", "properties": {"fid": 82, "DN": 2, "Keterangan": "Sedang"}, "geometry": {"type": "Polygon", "coordinates": [[[109.64805381379375, -7.365964577393531], [109.64805381379375, -7.366234070746028], [109.64751482708876, -7.366234070746028], [109.64751482708876, -7.366503564098526], [109.64724533373625, -7.366503564098526], [109.64724533373625, -7.366773057451023], [109.64697584038376, -7.366773057451023], [109.64697584038376, -7.367312044156018], [109.64670634703126, -7.367312044156018], [109.64670634703126, -7.369737484328494], [109.64643685367876, -7.369737484328494], [109.64643685367876, -7.370276471033488], [109.64616736032626, -7.370276471033488], [109.64616736032626, -7.370545964385985], [109.64589786697377, -7.370545964385985], [109.64589786697377, -7.370815457738483], [109.64535888026877, -7.370815457738483], [109.64535888026877, -7.37108495109098], [109.64481989356378, -7.37108495109098], [109.64481989356378, -7.371354444443478], [109.64428090685878, -7.371354444443478], [109.64428090685878, -7.371623937795975], [109.64374192015379, -7.371623937795975], [109.64374192015379, -7.371893431148472], [109.6434724268013, -7.371893431148472], [109.6434724268013, -7.372162924500969], [109.64320293344879, -7.372162924500969], [109.64320293344879, -7.372432417853466], [109.6429334400963, -7.372432417853466], [109.6429334400963, -7.372971404558461], [109.6426639467438, -7.372971404558461], [109.6426639467438, -7.373779884615953], [109.6423944533913, -7.373779884615953], [109.6423944533913, -7.374318871320948], [109.6421249600388, -7.374318871320948], [109.6421249600388, -7.374588364673445], [109.64185546668631, -7.374588364673445], [109.64185546668631, -7.375127351378439], [109.6415859733338, -7.375127351378439], [109.6415859733338, -7.375666338083434], [109.64131647998131, -7.375666338083434], [109.64131647998131, -7.376205324788429], [109.64104698662882, -7.376205324788429], [109.64104698662882, -7.376744311493423], [109.64077749327632, -7.376744311493423], [109.64077749327632, -7.377552791550915], [109.64050799992383, -7.377552791550915], [109.64050799992383, -7.37809177825591], [109.64023850657132, -7.37809177825591], [109.64023850657132, -7.378361271608407], [109.63996901321883, -7.378361271608407], [109.63996901321883, -7.378630764960905], [109.63969951986633, -7.378630764960905], [109.63969951986633, -7.378900258313402], [109.63943002651384, -7.378900258313402], [109.63943002651384, -7.379169751665899], [109.63889103980884, -7.379169751665899], [109.63889103980884, -7.379439245018396], [109.63727407969385, -7.379439245018396], [109.63727407969385, -7.379708738370894], [109.63646559963637, -7.379708738370894], [109.63646559963637, -7.379978231723391], [109.63592661293137, -7.379978231723391], [109.63592661293137, -7.380247725075888], [109.63538762622638, -7.380247725075888], [109.63538762622638, -7.380517218428386], [109.63484863952138, -7.380517218428386], [109.63484863952138, -7.380786711780883], [109.63377066611139, -7.380786711780883], [109.63377066611139, -7.380247725075888], [109.6335011727589, -7.380247725075888], [109.6335011727589, -7.379708738370894], [109.63323167940639, -7.379708738370894], [109.63323167940639, -7.379439245018396], [109.6335011727589, -7.379439245018396], [109.6335011727589, -7.377552791550915], [109.63377066611139, -7.377552791550915], [109.63377066611139, -7.376474818140927], [109.6335011727589, -7.376474818140927], [109.6335011727589, -7.376205324788429], [109.6329621860539, -7.376205324788429], [109.6329621860539, -7.375935831435932], [109.62972826582393, -7.375935831435932], [109.62972826582393, -7.375666338083434], [109.62918927911893, -7.375666338083434], [109.62918927911893, -7.375396844730937], [109.62891978576644, -7.375396844730937], [109.62891978576644, -7.374857858025942], [109.62865029241394, -7.374857858025942], [109.62865029241394, -7.374588364673445], [109.62838079906145, -7.374588364673445], [109.62838079906145, -7.374318871320948], [109.62811130570894, -7.374318871320948], [109.62811130570894, -7.374049377968451], [109.62784181235645, -7.374049377968451], [109.62784181235645, -7.373510391263456], [109.62757231900395, -7.373510391263456], [109.62757231900395, -7.373240897910958], [109.62730282565146, -7.373240897910958], [109.62730282565146, -7.372971404558461], [109.62703333229895, -7.372971404558461], [109.62703333229895, -7.372701911205964], [109.62676383894646, -7.372701911205964], [109.62676383894646, -7.372432417853466], [109.62299093201149, -7.372432417853466], [109.62299093201149, -7.372162924500969], [109.622182451954, -7.372162924500969], [109.622182451954, -7.372432417853466], [109.62029599848653, -7.372432417853466], [109.62029599848653, -7.372701911205964], [109.61948751842903, -7.372701911205964], [109.61948751842903, -7.372971404558461], [109.61894853172404, -7.372971404558461], [109.61894853172404, -7.373510391263456], [109.61867903837154, -7.373510391263456], [109.61867903837154, -7.374318871320948], [109.61894853172404, -7.374318871320948], [109.61894853172404, -7.375127351378439], [109.61921802507653, -7.375127351378439], [109.61921802507653, -7.375396844730937], [109.61948751842903, -7.375396844730937], [109.61948751842903, -7.375666338083434], [109.61975701178153, -7.375666338083434], [109.61975701178153, -7.376205324788429], [109.62002650513402, -7.376205324788429], [109.62002650513402, -7.37701380484592], [109.61975701178153, -7.37701380484592], [109.61975701178153, -7.377552791550915], [109.61948751842903, -7.377552791550915], [109.61948751842903, -7.37809177825591], [109.61921802507653, -7.37809177825591], [109.61921802507653, -7.379978231723391], [109.61894853172404, -7.379978231723391], [109.61894853172404, -7.380517218428386], [109.61733157160906, -7.380517218428386], [109.61733157160906, -7.380247725075888], [109.61679258490406, -7.380247725075888], [109.61679258490406, -7.379978231723391], [109.61652309155156, -7.379978231723391], [109.61652309155156, -7.379708738370894], [109.61598410484656, -7.379708738370894], [109.61598410484656, -7.379439245018396], [109.61571461149407, -7.379439245018396], [109.61571461149407, -7.379169751665899], [109.61544511814157, -7.379169751665899], [109.61544511814157, -7.378900258313402], [109.61517562478907, -7.378900258313402], [109.61517562478907, -7.37809177825591], [109.61490613143658, -7.37809177825591], [109.61490613143658, -7.377822284903413], [109.61463663808408, -7.377822284903413], [109.61463663808408, -7.377283298198418], [109.61436714473159, -7.377283298198418], [109.61436714473159, -7.37701380484592], [109.61382815802659, -7.37701380484592], [109.61382815802659, -7.376744311493423], [109.6122111979116, -7.376744311493423], [109.6122111979116, -7.37701380484592], [109.6119417045591, -7.37701380484592], [109.6119417045591, -7.377283298198418], [109.61140271785412, -7.377283298198418], [109.61140271785412, -7.377552791550915], [109.61113322450161, -7.377552791550915], [109.61113322450161, -7.377822284903413], [109.61086373114912, -7.377822284903413], [109.61086373114912, -7.37809177825591], [109.61059423779662, -7.37809177825591], [109.61059423779662, -7.378361271608407], [109.61032474444413, -7.378361271608407], [109.61032474444413, -7.378630764960905], [109.61005525109162, -7.378630764960905], [109.61005525109162, -7.378900258313402], [109.60978575773913, -7.378900258313402], [109.60978575773913, -7.379169751665899], [109.60951626438663, -7.379169751665899], [109.60951626438663, -7.379439245018396], [109.60924677103414, -7.379439245018396], [109.60924677103414, -7.379708738370894], [109.60897727768163, -7.379708738370894], [109.60897727768163, -7.379978231723391], [109.60870778432914, -7.379978231723391], [109.60870778432914, -7.380247725075888], [109.60843829097664, -7.380247725075888], [109.60843829097664, -7.380517218428386], [109.60816879762415, -7.380517218428386], [109.60816879762415, -7.381056205133381], [109.60789930427164, -7.381056205133381], [109.60789930427164, -7.382673165248364], [109.60816879762415, -7.382673165248364], [109.60816879762415, -7.382942658600862], [109.60870778432914, -7.382942658600862], [109.60870778432914, -7.383751138658353], [109.60951626438663, -7.383751138658353], [109.60951626438663, -7.385368098773337], [109.60924677103414, -7.385368098773337], [109.60924677103414, -7.385637592125835], [109.60870778432914, -7.385637592125835], [109.60870778432914, -7.385907085478332], [109.60816879762415, -7.385907085478332], [109.60816879762415, -7.386176578830829], [109.60789930427164, -7.386176578830829], [109.60789930427164, -7.386446072183326], [109.60762981091915, -7.386446072183326], [109.60762981091915, -7.389141005708299], [109.60682133086166, -7.389141005708299], [109.60682133086166, -7.389410499060797], [109.60655183750916, -7.389410499060797], [109.60655183750916, -7.389679992413294], [109.60682133086166, -7.389679992413294], [109.60682133086166, -7.389949485765792], [109.60709082421415, -7.389949485765792], [109.60709082421415, -7.390488472470786], [109.60736031756666, -7.390488472470786], [109.60736031756666, -7.390757965823283], [109.60762981091915, -7.390757965823283], [109.60762981091915, -7.391296952528278], [109.60789930427164, -7.391296952528278], [109.60789930427164, -7.391566445880775], [109.60843829097664, -7.391566445880775], [109.60843829097664, -7.391835939233273], [109.60870778432914, -7.391835939233273], [109.60870778432914, -7.39210543258577], [109.60924677103414, -7.39210543258577], [109.60924677103414, -7.392374925938267], [109.61167221120661, -7.392374925938267], [109.61167221120661, -7.39210543258577], [109.6127501846166, -7.39210543258577], [109.6127501846166, -7.391835939233273], [109.61355866467409, -7.391835939233273], [109.61355866467409, -7.391566445880775], [109.61382815802659, -7.391566445880775], [109.61382815802659, -7.391296952528278], [109.61436714473159, -7.391296952528278], [109.61436714473159, -7.39102745917578], [109.61463663808408, -7.39102745917578], [109.61463663808408, -7.390757965823283], [109.61517562478907, -7.390757965823283], [109.61517562478907, -7.390488472470786], [109.61571461149407, -7.390488472470786], [109.61571461149407, -7.390218979118289], [109.61787055831405, -7.390218979118289], [109.61787055831405, -7.390488472470786], [109.61814005166654, -7.390488472470786], [109.61814005166654, -7.390757965823283], [109.61867903837154, -7.390757965823283], [109.61867903837154, -7.39102745917578], [109.61894853172404, -7.39102745917578], [109.61894853172404, -7.391296952528278], [109.61921802507653, -7.391296952528278], [109.61921802507653, -7.391566445880775], [109.61975701178153, -7.391566445880775], [109.61975701178153, -7.391835939233273], [109.62164346524901, -7.391835939233273], [109.62164346524901, -7.391566445880775], [109.622182451954, -7.391566445880775], [109.622182451954, -7.391296952528278], [109.62245194530651, -7.391296952528278], [109.62245194530651, -7.39102745917578], [109.62379941206899, -7.39102745917578], [109.62379941206899, -7.391296952528278], [109.62406890542148, -7.391296952528278], [109.62406890542148, -7.391566445880775], [109.62433839877399, -7.391566445880775], [109.62433839877399, -7.391835939233273], [109.62460789212648, -7.391835939233273], [109.62460789212648, -7.39210543258577], [109.62487738547898, -7.39210543258577], [109.62487738547898, -7.392374925938267], [109.62514687883147, -7.392374925938267], [109.62514687883147, -7.392644419290765], [109.62541637218398, -7.392644419290765], [109.62541637218398, -7.392913912643261], [109.62622485224146, -7.392913912643261], [109.62622485224146, -7.392374925938267], [109.62649434559395, -7.392374925938267], [109.62649434559395, -7.391835939233273], [109.62676383894646, -7.391835939233273], [109.62676383894646, -7.390757965823283], [109.62703333229895, -7.390757965823283], [109.62703333229895, -7.389949485765792], [109.62730282565146, -7.389949485765792], [109.62730282565146, -7.389410499060797], [109.62757231900395, -7.389410499060797], [109.62757231900395, -7.389141005708299], [109.62784181235645, -7.389141005708299], [109.62784181235645, -7.388871512355802], [109.62811130570894, -7.388871512355802], [109.62811130570894, -7.388602019003305], [109.62838079906145, -7.388602019003305], [109.62838079906145, -7.388332525650807], [109.62891978576644, -7.388332525650807], [109.62891978576644, -7.388063032298311], [109.62918927911893, -7.388063032298311], [109.62918927911893, -7.387793538945813], [109.62945877247144, -7.387793538945813], [109.62945877247144, -7.387524045593316], [109.62972826582393, -7.387524045593316], [109.62972826582393, -7.386446072183326], [109.62999775917643, -7.386446072183326], [109.62999775917643, -7.385637592125835], [109.63026725252892, -7.385637592125835], [109.63026725252892, -7.385368098773337], [109.63053674588141, -7.385368098773337], [109.63053674588141, -7.38509860542084], [109.63188421264391, -7.38509860542084], [109.63188421264391, -7.385368098773337], [109.6321537059964, -7.385368098773337], [109.6321537059964, -7.385637592125835], [109.6324231993489, -7.385637592125835], [109.6324231993489, -7.385907085478332], [109.6326926927014, -7.385907085478332], [109.6326926927014, -7.386446072183326], [109.6329621860539, -7.386446072183326], [109.6329621860539, -7.386715565535824], [109.63323167940639, -7.386715565535824], [109.63323167940639, -7.386985058888321], [109.6335011727589, -7.386985058888321], [109.6335011727589, -7.387254552240818], [109.63377066611139, -7.387254552240818], [109.63377066611139, -7.387524045593316], [109.63484863952138, -7.387524045593316], [109.63484863952138, -7.387793538945813], [109.63673509298886, -7.387793538945813], [109.63673509298886, -7.387524045593316], [109.63727407969385, -7.387524045593316], [109.63727407969385, -7.387254552240818], [109.63781306639885, -7.387254552240818], [109.63781306639885, -7.386985058888321], [109.63808255975134, -7.386985058888321], [109.63808255975134, -7.386715565535824], [109.63835205310384, -7.386715565535824], [109.63835205310384, -7.386446072183326], [109.63862154645633, -7.386446072183326], [109.63862154645633, -7.386176578830829], [109.63889103980884, -7.386176578830829], [109.63889103980884, -7.385637592125835], [109.63916053316133, -7.385637592125835], [109.63916053316133, -7.38402063201085], [109.63943002651384, -7.38402063201085], [109.63943002651384, -7.383481645305856], [109.63969951986633, -7.383481645305856], [109.63969951986633, -7.383212151953359], [109.63996901321883, -7.383212151953359], [109.63996901321883, -7.382942658600862], [109.64023850657132, -7.382942658600862], [109.64023850657132, -7.382673165248364], [109.64050799992383, -7.382673165248364], [109.64050799992383, -7.382403671895867], [109.64077749327632, -7.382403671895867], [109.64077749327632, -7.382134178543369], [109.64131647998131, -7.382134178543369], [109.64131647998131, -7.381864685190872], [109.6421249600388, -7.381864685190872], [109.6421249600388, -7.381595191838375], [109.64481989356378, -7.381595191838375], [109.64481989356378, -7.381864685190872], [109.64535888026877, -7.381864685190872], [109.64535888026877, -7.382134178543369], [109.64589786697377, -7.382134178543369], [109.64589786697377, -7.382403671895867], [109.64616736032626, -7.382403671895867], [109.64616736032626, -7.382673165248364], [109.64670634703126, -7.382673165248364], [109.64670634703126, -7.382942658600862], [109.64697584038376, -7.382942658600862], [109.64697584038376, -7.383212151953359], [109.64751482708876, -7.383212151953359], [109.64751482708876, -7.383481645305856], [109.64940128055623, -7.383481645305856], [109.64940128055623, -7.383212151953359], [109.65209621408121, -7.383212151953359], [109.65209621408121, -7.383481645305856], [109.65371317419618, -7.383481645305856], [109.65371317419618, -7.383751138658353], [109.65425216090118, -7.383751138658353], [109.65425216090118, -7.38402063201085], [109.65479114760618, -7.38402063201085], [109.65479114760618, -7.384290125363348], [109.65506064095868, -7.384290125363348], [109.65506064095868, -7.384829112068343], [109.65533013431117, -7.384829112068343], [109.65533013431117, -7.38509860542084], [109.65559962766368, -7.38509860542084], [109.65559962766368, -7.385368098773337], [109.65586912101617, -7.385368098773337], [109.65586912101617, -7.385637592125835], [109.65613861436867, -7.385637592125835], [109.65613861436867, -7.386176578830829], [109.65640810772116, -7.386176578830829], [109.65640810772116, -7.386446072183326], [109.65667760107365, -7.386446072183326], [109.65667760107365, -7.386715565535824], [109.65721658777865, -7.386715565535824], [109.65721658777865, -7.386985058888321], [109.65856405454115, -7.386985058888321], [109.65856405454115, -7.386715565535824], [109.65910304124614, -7.386715565535824], [109.65910304124614, -7.386446072183326], [109.65964202795114, -7.386446072183326], [109.65964202795114, -7.386176578830829], [109.65991152130363, -7.386176578830829], [109.65991152130363, -7.385907085478332], [109.66072000136111, -7.385907085478332], [109.66072000136111, -7.385637592125835], [109.66098949471362, -7.385637592125835], [109.66098949471362, -7.385907085478332], [109.66152848141861, -7.385907085478332], [109.66152848141861, -7.386176578830829], [109.6617979747711, -7.386176578830829], [109.6617979747711, -7.386715565535824], [109.66152848141861, -7.386715565535824], [109.66152848141861, -7.387793538945813], [109.66125898806611, -7.387793538945813], [109.66125898806611, -7.388602019003305], [109.66098949471362, -7.388602019003305], [109.66098949471362, -7.389410499060797], [109.66125898806611, -7.389410499060797], [109.66125898806611, -7.389949485765792], [109.66152848141861, -7.389949485765792], [109.66152848141861, -7.390218979118289], [109.6617979747711, -7.390218979118289], [109.6617979747711, -7.390488472470786], [109.66206746812361, -7.390488472470786], [109.66206746812361, -7.390757965823283], [109.6628759481811, -7.390757965823283], [109.6628759481811, -7.39102745917578], [109.66449290829608, -7.39102745917578], [109.66449290829608, -7.391296952528278], [109.66503189500108, -7.391296952528278], [109.66503189500108, -7.391566445880775], [109.66557088170607, -7.391566445880775], [109.66557088170607, -7.391835939233273], [109.66584037505856, -7.391835939233273], [109.66584037505856, -7.393452899348256], [109.66557088170607, -7.393452899348256], [109.66557088170607, -7.394261379405748], [109.66530138835357, -7.394261379405748], [109.66530138835357, -7.39506985946324], [109.66503189500108, -7.39506985946324], [109.66503189500108, -7.395339352815737], [109.66530138835357, -7.395339352815737], [109.66530138835357, -7.396147832873229], [109.66557088170607, -7.396147832873229], [109.66557088170607, -7.396417326225727], [109.66584037505856, -7.396417326225727], [109.66584037505856, -7.396686819578224], [109.66637936176356, -7.396686819578224], [109.66637936176356, -7.396956312930722], [109.66691834846856, -7.396956312930722], [109.66691834846856, -7.397225806283219], [109.66718784182106, -7.397225806283219], [109.66718784182106, -7.397495299635716], [109.66799632187855, -7.397495299635716], [109.66799632187855, -7.397225806283219], [109.66853530858354, -7.397225806283219], [109.66853530858354, -7.396956312930722], [109.66880480193603, -7.396956312930722], [109.66880480193603, -7.396686819578224], [109.66934378864103, -7.396686819578224], [109.66934378864103, -7.396417326225727], [109.66961328199353, -7.396417326225727], [109.66961328199353, -7.396147832873229], [109.67015226869853, -7.396147832873229], [109.67015226869853, -7.395878339520732], [109.67042176205102, -7.395878339520732], [109.67042176205102, -7.395608846168235], [109.67123024210852, -7.395608846168235], [109.67123024210852, -7.395339352815737], [109.6717692288135, -7.395339352815737], [109.6717692288135, -7.39506985946324], [109.6723082155185, -7.39506985946324], [109.6723082155185, -7.394800366110743], [109.6728472022235, -7.394800366110743], [109.6728472022235, -7.394530872758246], [109.67419466898599, -7.394530872758246], [109.67419466898599, -7.394800366110743], [109.67446416233848, -7.394800366110743], [109.67446416233848, -7.395339352815737], [109.67473365569099, -7.395339352815737], [109.67473365569099, -7.395608846168235], [109.67500314904348, -7.395608846168235], [109.67500314904348, -7.396147832873229], [109.67527264239597, -7.396147832873229], [109.67527264239597, -7.396417326225727], [109.67554213574847, -7.396417326225727], [109.67554213574847, -7.396686819578224], [109.67608112245347, -7.396686819578224], [109.67608112245347, -7.396956312930722], [109.67662010915846, -7.396956312930722], [109.67662010915846, -7.397225806283219], [109.67769808256845, -7.397225806283219], [109.67769808256845, -7.397495299635716], [109.67877605597845, -7.397495299635716], [109.67877605597845, -7.397225806283219], [109.67931504268343, -7.397225806283219], [109.67931504268343, -7.396956312930722], [109.67958453603593, -7.396956312930722], [109.67958453603593, -7.396686819578224], [109.67985402938842, -7.396686819578224], [109.67985402938842, -7.396147832873229], [109.68012352274093, -7.396147832873229], [109.68012352274093, -7.395878339520732], [109.68039301609342, -7.395878339520732], [109.68039301609342, -7.39506985946324], [109.68012352274093, -7.39506985946324], [109.68012352274093, -7.395608846168235], [109.67769808256845, -7.395608846168235], [109.67769808256845, -7.395339352815737], [109.67715909586346, -7.395339352815737], [109.67715909586346, -7.39506985946324], [109.67688960251095, -7.39506985946324], [109.67688960251095, -7.394800366110743], [109.67662010915846, -7.394800366110743], [109.67662010915846, -7.394261379405748], [109.67635061580596, -7.394261379405748], [109.67635061580596, -7.393722392700754], [109.67608112245347, -7.393722392700754], [109.67608112245347, -7.392913912643261], [109.67581162910096, -7.392913912643261], [109.67581162910096, -7.392374925938267], [109.67554213574847, -7.392374925938267], [109.67554213574847, -7.391835939233273], [109.67527264239597, -7.391835939233273], [109.67527264239597, -7.391566445880775], [109.67500314904348, -7.391566445880775], [109.67500314904348, -7.391296952528278], [109.67473365569099, -7.391296952528278], [109.67473365569099, -7.39102745917578], [109.67419466898599, -7.39102745917578], [109.67419466898599, -7.390757965823283], [109.672577708871, -7.390757965823283], [109.672577708871, -7.39102745917578], [109.6723082155185, -7.39102745917578], [109.6723082155185, -7.391296952528278], [109.6717692288135, -7.391296952528278], [109.6717692288135, -7.391566445880775], [109.67149973546101, -7.391566445880775], [109.67149973546101, -7.391835939233273], [109.67096074875602, -7.391835939233273], [109.67096074875602, -7.39210543258577], [109.66988277534603, -7.39210543258577], [109.66988277534603, -7.392374925938267], [109.66934378864103, -7.392374925938267], [109.66934378864103, -7.391835939233273], [109.66907429528854, -7.391835939233273], [109.66907429528854, -7.391566445880775], [109.66880480193603, -7.391566445880775], [109.66880480193603, -7.39102745917578], [109.66853530858354, -7.39102745917578], [109.66853530858354, -7.390488472470786], [109.66826581523104, -7.390488472470786], [109.66826581523104, -7.389949485765792], [109.66799632187855, -7.389949485765792], [109.66799632187855, -7.389679992413294], [109.66772682852604, -7.389679992413294], [109.66772682852604, -7.389410499060797], [109.66745733517355, -7.389410499060797], [109.66745733517355, -7.389141005708299], [109.66691834846856, -7.389141005708299], [109.66691834846856, -7.388871512355802], [109.66637936176356, -7.388871512355802], [109.66637936176356, -7.388602019003305], [109.66557088170607, -7.388602019003305], [109.66557088170607, -7.388332525650807], [109.66449290829608, -7.388332525650807], [109.66449290829608, -7.387254552240818], [109.66422341494358, -7.387254552240818], [109.66422341494358, -7.385637592125835], [109.66395392159109, -7.385637592125835], [109.66395392159109, -7.38509860542084], [109.6636844282386, -7.38509860542084], [109.6636844282386, -7.384559618715845], [109.66341493488609, -7.384559618715845], [109.66341493488609, -7.384290125363348], [109.6631454415336, -7.384290125363348], [109.6631454415336, -7.38402063201085], [109.6628759481811, -7.38402063201085], [109.6628759481811, -7.383751138658353], [109.6626064548286, -7.383751138658353], [109.6626064548286, -7.383481645305856], [109.6623369614761, -7.383481645305856], [109.6623369614761, -7.383212151953359], [109.66206746812361, -7.383212151953359], [109.66206746812361, -7.382942658600862], [109.66152848141861, -7.382942658600862], [109.66152848141861, -7.382673165248364], [109.65667760107365, -7.382673165248364], [109.65667760107365, -7.382403671895867], [109.65586912101617, -7.382403671895867], [109.65586912101617, -7.382134178543369], [109.65559962766368, -7.382134178543369], [109.65559962766368, -7.381864685190872], [109.65506064095868, -7.381864685190872], [109.65506064095868, -7.381595191838375], [109.65479114760618, -7.381595191838375], [109.65479114760618, -7.381325698485877], [109.65398266754869, -7.381325698485877], [109.65398266754869, -7.381056205133381], [109.65155722737622, -7.381056205133381], [109.65155722737622, -7.381325698485877], [109.65074874731872, -7.381325698485877], [109.65074874731872, -7.381056205133381], [109.64940128055623, -7.381056205133381], [109.64940128055623, -7.380786711780883], [109.64859280049875, -7.380786711780883], [109.64859280049875, -7.380247725075888], [109.64832330714624, -7.380247725075888], [109.64832330714624, -7.379439245018396], [109.64859280049875, -7.379439245018396], [109.64859280049875, -7.379169751665899], [109.64886229385124, -7.379169751665899], [109.64886229385124, -7.378900258313402], [109.64913178720373, -7.378900258313402], [109.64913178720373, -7.378630764960905], [109.64940128055623, -7.378630764960905], [109.64940128055623, -7.378361271608407], [109.64967077390872, -7.378361271608407], [109.64967077390872, -7.377552791550915], [109.64994026726123, -7.377552791550915], [109.64994026726123, -7.377283298198418], [109.64940128055623, -7.377283298198418], [109.64940128055623, -7.37701380484592], [109.64913178720373, -7.37701380484592], [109.64913178720373, -7.377283298198418], [109.64886229385124, -7.377283298198418], [109.64886229385124, -7.377552791550915], [109.64859280049875, -7.377552791550915], [109.64859280049875, -7.377822284903413], [109.64832330714624, -7.377822284903413], [109.64832330714624, -7.37809177825591], [109.64805381379375, -7.37809177825591], [109.64805381379375, -7.378361271608407], [109.64778432044125, -7.378361271608407], [109.64778432044125, -7.378630764960905], [109.64751482708876, -7.378630764960905], [109.64751482708876, -7.378900258313402], [109.64724533373625, -7.378900258313402], [109.64724533373625, -7.379169751665899], [109.64616736032626, -7.379169751665899], [109.64616736032626, -7.379439245018396], [109.64481989356378, -7.379439245018396], [109.64481989356378, -7.379169751665899], [109.64401141350629, -7.379169751665899], [109.64401141350629, -7.378900258313402], [109.64374192015379, -7.378900258313402], [109.64374192015379, -7.378630764960905], [109.6434724268013, -7.378630764960905], [109.6434724268013, -7.378361271608407], [109.64320293344879, -7.378361271608407], [109.64320293344879, -7.376744311493423], [109.6434724268013, -7.376744311493423], [109.6434724268013, -7.375935831435932], [109.64374192015379, -7.375935831435932], [109.64374192015379, -7.375396844730937], [109.64401141350629, -7.375396844730937], [109.64401141350629, -7.374857858025942], [109.64428090685878, -7.374857858025942], [109.64428090685878, -7.374318871320948], [109.64455040021129, -7.374318871320948], [109.64455040021129, -7.374049377968451], [109.64481989356378, -7.374049377968451], [109.64481989356378, -7.373510391263456], [109.64508938691628, -7.373510391263456], [109.64508938691628, -7.373240897910958], [109.64535888026877, -7.373240897910958], [109.64535888026877, -7.372971404558461], [109.64562837362126, -7.372971404558461], [109.64562837362126, -7.372701911205964], [109.64589786697377, -7.372701911205964], [109.64589786697377, -7.372162924500969], [109.64616736032626, -7.372162924500969], [109.64616736032626, -7.371893431148472], [109.64643685367876, -7.371893431148472], [109.64643685367876, -7.371623937795975], [109.64670634703126, -7.371623937795975], [109.64670634703126, -7.371354444443478], [109.64697584038376, -7.371354444443478], [109.64697584038376, -7.370815457738483], [109.64724533373625, -7.370815457738483], [109.64724533373625, -7.370276471033488], [109.64751482708876, -7.370276471033488], [109.64751482708876, -7.369737484328494], [109.64778432044125, -7.369737484328494], [109.64778432044125, -7.369198497623499], [109.64805381379375, -7.369198497623499], [109.64805381379375, -7.368659510918504], [109.64832330714624, -7.368659510918504], [109.64832330714624, -7.368390017566007], [109.64859280049875, -7.368390017566007], [109.64859280049875, -7.367851030861012], [109.64886229385124, -7.367851030861012], [109.64886229385124, -7.367042550803521], [109.64913178720373, -7.367042550803521], [109.64913178720373, -7.365964577393531], [109.64805381379375, -7.365964577393531]], [[109.62164346524901, -7.373510391263456], [109.62352991871649, -7.373510391263456], [109.62352991871649, -7.373779884615953], [109.62514687883147, -7.373779884615953], [109.62514687883147, -7.374049377968451], [109.62568586553647, -7.374049377968451], [109.62568586553647, -7.374318871320948], [109.62595535888897, -7.374318871320948], [109.62595535888897, -7.374588364673445], [109.62622485224146, -7.374588364673445], [109.62622485224146, -7.374857858025942], [109.62676383894646, -7.374857858025942], [109.62676383894646, -7.375127351378439], [109.62703333229895, -7.375127351378439], [109.62703333229895, -7.375666338083434], [109.62730282565146, -7.375666338083434], [109.62730282565146, -7.375935831435932], [109.62757231900395, -7.375935831435932], [109.62757231900395, -7.376205324788429], [109.62784181235645, -7.376205324788429], [109.62784181235645, -7.376744311493423], [109.62811130570894, -7.376744311493423], [109.62811130570894, -7.37701380484592], [109.62838079906145, -7.37701380484592], [109.62838079906145, -7.377283298198418], [109.62891978576644, -7.377283298198418], [109.62891978576644, -7.377552791550915], [109.62945877247144, -7.377552791550915], [109.62945877247144, -7.377822284903413], [109.62999775917643, -7.377822284903413], [109.62999775917643, -7.37809177825591], [109.63026725252892, -7.37809177825591], [109.63026725252892, -7.378361271608407], [109.63080623923392, -7.378361271608407], [109.63080623923392, -7.378630764960905], [109.6316147192914, -7.378630764960905], [109.6316147192914, -7.379169751665899], [109.63188421264391, -7.379169751665899], [109.63188421264391, -7.379708738370894], [109.6321537059964, -7.379708738370894], [109.6321537059964, -7.380517218428386], [109.6324231993489, -7.380517218428386], [109.6324231993489, -7.381056205133381], [109.6326926927014, -7.381056205133381], [109.6326926927014, -7.381595191838375], [109.6329621860539, -7.381595191838375], [109.6329621860539, -7.381864685190872], [109.63377066611139, -7.381864685190872], [109.63377066611139, -7.382134178543369], [109.63457914616887, -7.382134178543369], [109.63457914616887, -7.381864685190872], [109.63538762622638, -7.381864685190872], [109.63538762622638, -7.381595191838375], [109.63565711957887, -7.381595191838375], [109.63565711957887, -7.381325698485877], [109.63619610628386, -7.381325698485877], [109.63619610628386, -7.381056205133381], [109.63673509298886, -7.381056205133381], [109.63673509298886, -7.380786711780883], [109.63781306639885, -7.380786711780883], [109.63781306639885, -7.380517218428386], [109.63808255975134, -7.380517218428386], [109.63808255975134, -7.380786711780883], [109.63835205310384, -7.380786711780883], [109.63835205310384, -7.381056205133381], [109.63862154645633, -7.381056205133381], [109.63862154645633, -7.381595191838375], [109.63808255975134, -7.381595191838375], [109.63808255975134, -7.381864685190872], [109.63781306639885, -7.381864685190872], [109.63781306639885, -7.382134178543369], [109.63754357304636, -7.382134178543369], [109.63754357304636, -7.382673165248364], [109.63727407969385, -7.382673165248364], [109.63727407969385, -7.383212151953359], [109.63700458634136, -7.383212151953359], [109.63700458634136, -7.383751138658353], [109.63673509298886, -7.383751138658353], [109.63673509298886, -7.384829112068343], [109.63646559963637, -7.384829112068343], [109.63646559963637, -7.385368098773337], [109.63619610628386, -7.385368098773337], [109.63619610628386, -7.385637592125835], [109.63592661293137, -7.385637592125835], [109.63592661293137, -7.385907085478332], [109.63457914616887, -7.385907085478332], [109.63457914616887, -7.385637592125835], [109.63430965281638, -7.385637592125835], [109.63430965281638, -7.385368098773337], [109.63404015946388, -7.385368098773337], [109.63404015946388, -7.38509860542084], [109.63377066611139, -7.38509860542084], [109.63377066611139, -7.384829112068343], [109.6335011727589, -7.384829112068343], [109.6335011727589, -7.384559618715845], [109.63323167940639, -7.384559618715845], [109.63323167940639, -7.384290125363348], [109.6329621860539, -7.384290125363348], [109.6329621860539, -7.38402063201085], [109.6326926927014, -7.38402063201085], [109.6326926927014, -7.383751138658353], [109.63188421264391, -7.383751138658353], [109.63188421264391, -7.383481645305856], [109.63026725252892, -7.383481645305856], [109.63026725252892, -7.383751138658353], [109.62945877247144, -7.383751138658353], [109.62945877247144, -7.38402063201085], [109.62918927911893, -7.38402063201085], [109.62918927911893, -7.384290125363348], [109.62891978576644, -7.384290125363348], [109.62891978576644, -7.384559618715845], [109.62865029241394, -7.384559618715845], [109.62865029241394, -7.38509860542084], [109.62838079906145, -7.38509860542084], [109.62838079906145, -7.385907085478332], [109.62811130570894, -7.385907085478332], [109.62811130570894, -7.386446072183326], [109.62784181235645, -7.386446072183326], [109.62784181235645, -7.386985058888321], [109.62757231900395, -7.386985058888321], [109.62757231900395, -7.387254552240818], [109.62730282565146, -7.387254552240818], [109.62730282565146, -7.387524045593316], [109.62703333229895, -7.387524045593316], [109.62703333229895, -7.387793538945813], [109.62676383894646, -7.387793538945813], [109.62676383894646, -7.388063032298311], [109.62649434559395, -7.388063032298311], [109.62649434559395, -7.388332525650807], [109.62622485224146, -7.388332525650807], [109.62622485224146, -7.388602019003305], [109.62595535888897, -7.388602019003305], [109.62595535888897, -7.389141005708299], [109.62568586553647, -7.389141005708299], [109.62568586553647, -7.389410499060797], [109.62514687883147, -7.389410499060797], [109.62514687883147, -7.389679992413294], [109.62460789212648, -7.389679992413294], [109.62460789212648, -7.389410499060797], [109.62245194530651, -7.389410499060797], [109.62245194530651, -7.389679992413294], [109.62164346524901, -7.389679992413294], [109.62164346524901, -7.389949485765792], [109.62110447854401, -7.389949485765792], [109.62110447854401, -7.390218979118289], [109.62083498519152, -7.390218979118289], [109.62083498519152, -7.389949485765792], [109.62029599848653, -7.389949485765792], [109.62029599848653, -7.389679992413294], [109.62002650513402, -7.389679992413294], [109.62002650513402, -7.389141005708299], [109.61975701178153, -7.389141005708299], [109.61975701178153, -7.388602019003305], [109.61948751842903, -7.388602019003305], [109.61948751842903, -7.387524045593316], [109.61921802507653, -7.387524045593316], [109.61921802507653, -7.386985058888321], [109.61894853172404, -7.386985058888321], [109.61894853172404, -7.386446072183326], [109.61867903837154, -7.386446072183326], [109.61867903837154, -7.385637592125835], [109.61840954501905, -7.385637592125835], [109.61840954501905, -7.384290125363348], [109.61814005166654, -7.384290125363348], [109.61814005166654, -7.383751138658353], [109.61787055831405, -7.383751138658353], [109.61787055831405, -7.383481645305856], [109.61760106496155, -7.383481645305856], [109.61760106496155, -7.383212151953359], [109.61733157160906, -7.383212151953359], [109.61733157160906, -7.382942658600862], [109.61706207825655, -7.382942658600862], [109.61706207825655, -7.382673165248364], [109.61787055831405, -7.382673165248364], [109.61787055831405, -7.382403671895867], [109.61867903837154, -7.382403671895867], [109.61867903837154, -7.382134178543369], [109.61948751842903, -7.382134178543369], [109.61948751842903, -7.381864685190872], [109.61975701178153, -7.381864685190872], [109.61975701178153, -7.381595191838375], [109.62002650513402, -7.381595191838375], [109.62002650513402, -7.381325698485877], [109.62029599848653, -7.381325698485877], [109.62029599848653, -7.380786711780883], [109.62056549183902, -7.380786711780883], [109.62056549183902, -7.379169751665899], [109.62083498519152, -7.379169751665899], [109.62083498519152, -7.378361271608407], [109.62110447854401, -7.378361271608407], [109.62110447854401, -7.37809177825591], [109.62137397189652, -7.37809177825591], [109.62137397189652, -7.377822284903413], [109.62164346524901, -7.377822284903413], [109.62164346524901, -7.377552791550915], [109.622182451954, -7.377552791550915], [109.622182451954, -7.377283298198418], [109.62245194530651, -7.377283298198418], [109.62245194530651, -7.37701380484592], [109.622721438659, -7.37701380484592], [109.622721438659, -7.376744311493423], [109.62299093201149, -7.376744311493423], [109.62299093201149, -7.375666338083434], [109.622721438659, -7.375666338083434], [109.622721438659, -7.375396844730937], [109.622182451954, -7.375396844730937], [109.622182451954, -7.375127351378439], [109.62137397189652, -7.375127351378439], [109.62137397189652, -7.374857858025942], [109.62110447854401, -7.374857858025942], [109.62110447854401, -7.374588364673445], [109.62083498519152, -7.374588364673445], [109.62083498519152, -7.374318871320948], [109.62056549183902, -7.374318871320948], [109.62056549183902, -7.374049377968451], [109.62083498519152, -7.374049377968451], [109.62083498519152, -7.373779884615953], [109.62164346524901, -7.373779884615953], [109.62164346524901, -7.373510391263456]], [[109.6124806912641, -7.378630764960905], [109.61301967796909, -7.378630764960905], [109.61301967796909, -7.378900258313402], [109.6132891713216, -7.378900258313402], [109.6132891713216, -7.379169751665899], [109.61355866467409, -7.379169751665899], [109.61355866467409, -7.379439245018396], [109.61382815802659, -7.379439245018396], [109.61382815802659, -7.379978231723391], [109.61409765137908, -7.379978231723391], [109.61409765137908, -7.380517218428386], [109.61436714473159, -7.380517218428386], [109.61436714473159, -7.380786711780883], [109.61463663808408, -7.380786711780883], [109.61463663808408, -7.381056205133381], [109.61517562478907, -7.381056205133381], [109.61517562478907, -7.381325698485877], [109.61571461149407, -7.381325698485877], [109.61571461149407, -7.381864685190872], [109.61598410484656, -7.381864685190872], [109.61598410484656, -7.382134178543369], [109.61652309155156, -7.382134178543369], [109.61652309155156, -7.382403671895867], [109.61598410484656, -7.382403671895867], [109.61598410484656, -7.382673165248364], [109.61571461149407, -7.382673165248364], [109.61571461149407, -7.382942658600862], [109.61382815802659, -7.382942658600862], [109.61382815802659, -7.383212151953359], [109.61301967796909, -7.383212151953359], [109.61301967796909, -7.383481645305856], [109.6124806912641, -7.383481645305856], [109.6124806912641, -7.383751138658353], [109.6122111979116, -7.383751138658353], [109.6122111979116, -7.38402063201085], [109.61113322450161, -7.38402063201085], [109.61113322450161, -7.383481645305856], [109.61086373114912, -7.383481645305856], [109.61086373114912, -7.383212151953359], [109.61059423779662, -7.383212151953359], [109.61059423779662, -7.382942658600862], [109.61032474444413, -7.382942658600862], [109.61032474444413, -7.382673165248364], [109.61005525109162, -7.382673165248364], [109.61005525109162, -7.382134178543369], [109.60978575773913, -7.382134178543369], [109.60978575773913, -7.381056205133381], [109.61005525109162, -7.381056205133381], [109.61005525109162, -7.380786711780883], [109.61032474444413, -7.380786711780883], [109.61032474444413, -7.380517218428386], [109.61059423779662, -7.380517218428386], [109.61059423779662, -7.380247725075888], [109.61086373114912, -7.380247725075888], [109.61086373114912, -7.379978231723391], [109.61113322450161, -7.379978231723391], [109.61113322450161, -7.379708738370894], [109.61140271785412, -7.379708738370894], [109.61140271785412, -7.379439245018396], [109.61167221120661, -7.379439245018396], [109.61167221120661, -7.379169751665899], [109.6119417045591, -7.379169751665899], [109.6119417045591, -7.378900258313402], [109.6124806912641, -7.378900258313402], [109.6124806912641, -7.378630764960905]], [[109.6415859733338, -7.378630764960905], [109.6421249600388, -7.378630764960905], [109.6421249600388, -7.378900258313402], [109.6423944533913, -7.378900258313402], [109.6423944533913, -7.379978231723391], [109.6421249600388, -7.379978231723391], [109.6421249600388, -7.380247725075888], [109.6415859733338, -7.380247725075888], [109.6415859733338, -7.379978231723391], [109.64104698662882, -7.379978231723391], [109.64104698662882, -7.379169751665899], [109.64131647998131, -7.379169751665899], [109.64131647998131, -7.378900258313402], [109.6415859733338, -7.378900258313402], [109.6415859733338, -7.378630764960905]], [[109.65748608113115, -7.383751138658353], [109.66018101465612, -7.383751138658353], [109.66018101465612, -7.38402063201085], [109.66045050800862, -7.38402063201085], [109.66045050800862, -7.384559618715845], [109.66018101465612, -7.384559618715845], [109.66018101465612, -7.384829112068343], [109.65964202795114, -7.384829112068343], [109.65964202795114, -7.38509860542084], [109.65937253459863, -7.38509860542084], [109.65937253459863, -7.385368098773337], [109.65883354789364, -7.385368098773337], [109.65883354789364, -7.385637592125835], [109.65802506783615, -7.385637592125835], [109.65802506783615, -7.385907085478332], [109.65748608113115, -7.385907085478332], [109.65748608113115, -7.385637592125835], [109.65721658777865, -7.385637592125835], [109.65721658777865, -7.385368098773337], [109.65694709442616, -7.385368098773337], [109.65694709442616, -7.38509860542084], [109.65667760107365, -7.38509860542084], [109.65667760107365, -7.38402063201085], [109.65748608113115, -7.38402063201085], [109.65748608113115, -7.383751138658353]], [[109.6631454415336, -7.387524045593316], [109.66341493488609, -7.387524045593316], [109.66341493488609, -7.388063032298311], [109.6636844282386, -7.388063032298311], [109.6636844282386, -7.388602019003305], [109.66395392159109, -7.388602019003305], [109.66395392159109, -7.388871512355802], [109.66422341494358, -7.388871512355802], [109.66422341494358, -7.389141005708299], [109.66476240164857, -7.389141005708299], [109.66476240164857, -7.389410499060797], [109.66530138835357, -7.389410499060797], [109.66530138835357, -7.389679992413294], [109.66476240164857, -7.389679992413294], [109.66476240164857, -7.389949485765792], [109.6631454415336, -7.389949485765792], [109.6631454415336, -7.389679992413294], [109.6623369614761, -7.389679992413294], [109.6623369614761, -7.388063032298311], [109.6626064548286, -7.388063032298311], [109.6626064548286, -7.387793538945813], [109.6631454415336, -7.387793538945813], [109.6631454415336, -7.387524045593316]], [[109.60951626438663, -7.388871512355802], [109.60978575773913, -7.388871512355802], [109.60978575773913, -7.389141005708299], [109.61005525109162, -7.389141005708299], [109.61005525109162, -7.389410499060797], [109.61032474444413, -7.389410499060797], [109.61032474444413, -7.389949485765792], [109.61059423779662, -7.389949485765792], [109.61059423779662, -7.390218979118289], [109.61032474444413, -7.390218979118289], [109.61032474444413, -7.390488472470786], [109.60951626438663, -7.390488472470786], [109.60951626438663, -7.389679992413294], [109.60924677103414, -7.389679992413294], [109.60924677103414, -7.389410499060797], [109.60951626438663, -7.389410499060797], [109.60951626438663, -7.388871512355802]], [[109.66530138835357, -7.389949485765792], [109.66664885511607, -7.389949485765792], [109.66664885511607, -7.390218979118289], [109.66691834846856, -7.390218979118289], [109.66691834846856, -7.390488472470786], [109.66718784182106, -7.390488472470786], [109.66718784182106, -7.390757965823283], [109.66745733517355, -7.390757965823283], [109.66745733517355, -7.39102745917578], [109.66772682852604, -7.39102745917578], [109.66772682852604, -7.391566445880775], [109.66799632187855, -7.391566445880775], [109.66799632187855, -7.391835939233273], [109.66826581523104, -7.391835939233273], [109.66826581523104, -7.392374925938267], [109.66853530858354, -7.392374925938267], [109.66853530858354, -7.392644419290765], [109.66907429528854, -7.392644419290765], [109.66907429528854, -7.392913912643261], [109.66934378864103, -7.392913912643261], [109.66934378864103, -7.393183405995759], [109.67123024210852, -7.393183405995759], [109.67123024210852, -7.392913912643261], [109.6717692288135, -7.392913912643261], [109.6717692288135, -7.392644419290765], [109.6723082155185, -7.392644419290765], [109.6723082155185, -7.392374925938267], [109.6728472022235, -7.392374925938267], [109.6728472022235, -7.39210543258577], [109.67392517563349, -7.39210543258577], [109.67392517563349, -7.392374925938267], [109.67419466898599, -7.392374925938267], [109.67419466898599, -7.392913912643261], [109.673116695576, -7.392913912643261], [109.673116695576, -7.393183405995759], [109.6728472022235, -7.393183405995759], [109.6728472022235, -7.393452899348256], [109.672577708871, -7.393452899348256], [109.672577708871, -7.393722392700754], [109.67203872216601, -7.393722392700754], [109.67203872216601, -7.393991886053251], [109.6717692288135, -7.393991886053251], [109.6717692288135, -7.394261379405748], [109.67123024210852, -7.394261379405748], [109.67123024210852, -7.394530872758246], [109.67042176205102, -7.394530872758246], [109.67042176205102, -7.394800366110743], [109.66988277534603, -7.394800366110743], [109.66988277534603, -7.39506985946324], [109.66961328199353, -7.39506985946324], [109.66961328199353, -7.395339352815737], [109.66907429528854, -7.395339352815737], [109.66907429528854, -7.395608846168235], [109.66853530858354, -7.395608846168235], [109.66853530858354, -7.395878339520732], [109.66745733517355, -7.395878339520732], [109.66745733517355, -7.396147832873229], [109.66718784182106, -7.396147832873229], [109.66718784182106, -7.395878339520732], [109.66664885511607, -7.395878339520732], [109.66664885511607, -7.395608846168235], [109.66637936176356, -7.395608846168235], [109.66637936176356, -7.394261379405748], [109.66664885511607, -7.394261379405748], [109.66664885511607, -7.393452899348256], [109.66691834846856, -7.393452899348256], [109.66691834846856, -7.391566445880775], [109.66664885511607, -7.391566445880775], [109.66664885511607, -7.39102745917578], [109.66637936176356, -7.39102745917578], [109.66637936176356, -7.390488472470786], [109.66584037505856, -7.390488472470786], [109.66584037505856, -7.390218979118289], [109.66530138835357, -7.390218979118289], [109.66530138835357, -7.389949485765792]]]}}, {"type": "Feature", "properties": {"fid": 83, "DN": 2, "Keterangan": "Sedang"}, "geometry": {"type": "Polygon", "coordinates": [[[109.55049722018973, -7.397495299635716], [109.55049722018973, -7.397764792988213], [109.54995823348473, -7.397764792988213], [109.54995823348473, -7.39803428634071], [109.54968874013223, -7.39803428634071], [109.54968874013223, -7.3991122597507], [109.54995823348473, -7.3991122597507], [109.54995823348473, -7.399381753103197], [109.55022772683722, -7.399381753103197], [109.55022772683722, -7.3991122597507], [109.55049722018973, -7.3991122597507], [109.55049722018973, -7.398842766398203], [109.55076671354222, -7.398842766398203], [109.55076671354222, -7.398573273045705], [109.55103620689472, -7.398573273045705], [109.55103620689472, -7.397495299635716], [109.55049722018973, -7.397495299635716]]]}}, {"type": "Feature", "properties": {"fid": 84, "DN": 2, "Keterangan": "Sedang"}, "geometry": {"type": "Polygon", "coordinates": [[[109.69710160394825, -7.3991122597507], [109.69710160394825, -7.399381753103197], [109.69683211059576, -7.399381753103197], [109.69683211059576, -7.399651246455694], [109.69656261724326, -7.399651246455694], [109.69656261724326, -7.399920739808191], [109.69683211059576, -7.399920739808191], [109.69683211059576, -7.400190233160689], [109.69737109730076, -7.400190233160689], [109.69737109730076, -7.400459726513186], [109.69871856406324, -7.400459726513186], [109.69871856406324, -7.400190233160689], [109.69898805741573, -7.400190233160689], [109.69898805741573, -7.399651246455694], [109.69844907071074, -7.399651246455694], [109.69844907071074, -7.399381753103197], [109.69737109730076, -7.399381753103197], [109.69737109730076, -7.3991122597507], [109.69710160394825, -7.3991122597507]]]}}, {"type": "Feature", "properties": {"fid": 85, "DN": 2, "Keterangan": "Sedang"}, "geometry": {"type": "Polygon", "coordinates": [[[109.77687163628745, -7.400459726513186], [109.77687163628745, -7.400729219865684], [109.77714112963996, -7.400729219865684], [109.77714112963996, -7.400459726513186], [109.77687163628745, -7.400459726513186]]]}}, {"type": "Feature", "properties": {"fid": 86, "DN": 2, "Keterangan": "Sedang"}, "geometry": {"type": "Polygon", "coordinates": [[[109.70437792446569, -7.395339352815737], [109.70437792446569, -7.395608846168235], [109.70410843111318, -7.395608846168235], [109.70410843111318, -7.395878339520732], [109.7038389377607, -7.395878339520732], [109.7038389377607, -7.396147832873229], [109.70356944440819, -7.396147832873229], [109.70356944440819, -7.396956312930722], [109.7032999510557, -7.396956312930722], [109.7032999510557, -7.39803428634071], [109.70303045770319, -7.39803428634071], [109.70303045770319, -7.398573273045705], [109.7027609643507, -7.398573273045705], [109.7027609643507, -7.398842766398203], [109.7024914709982, -7.398842766398203], [109.7024914709982, -7.399381753103197], [109.7019524842932, -7.399381753103197], [109.7019524842932, -7.399651246455694], [109.70168299094071, -7.399651246455694], [109.70168299094071, -7.400729219865684], [109.7019524842932, -7.400729219865684], [109.7019524842932, -7.400998713218181], [109.7024914709982, -7.400998713218181], [109.7024914709982, -7.400729219865684], [109.70303045770319, -7.400729219865684], [109.70303045770319, -7.400459726513186], [109.7032999510557, -7.400459726513186], [109.7032999510557, -7.400190233160689], [109.7038389377607, -7.400190233160689], [109.7038389377607, -7.399651246455694], [109.70437792446569, -7.399651246455694], [109.70437792446569, -7.399381753103197], [109.70464741781818, -7.399381753103197], [109.70464741781818, -7.3991122597507], [109.70545589787567, -7.3991122597507], [109.70545589787567, -7.398842766398203], [109.70734235134316, -7.398842766398203], [109.70734235134316, -7.398573273045705], [109.70788133804815, -7.398573273045705], [109.70788133804815, -7.398303779693208], [109.70815083140064, -7.398303779693208], [109.70815083140064, -7.397495299635716], [109.70842032475315, -7.397495299635716], [109.70842032475315, -7.397225806283219], [109.70815083140064, -7.397225806283219], [109.70815083140064, -7.396417326225727], [109.70788133804815, -7.396417326225727], [109.70788133804815, -7.395878339520732], [109.70653387128566, -7.395878339520732], [109.70653387128566, -7.395608846168235], [109.70599488458066, -7.395608846168235], [109.70599488458066, -7.395339352815737], [109.70437792446569, -7.395339352815737]]]}}, {"type": "Feature", "properties": {"fid": 87, "DN": 2, "Keterangan": "Sedang"}, "geometry": {"type": "Polygon", "coordinates": [[[109.59846703693424, -7.398842766398203], [109.59846703693424, -7.3991122597507], [109.59792805022924, -7.3991122597507], [109.59792805022924, -7.399381753103197], [109.59765855687675, -7.399381753103197], [109.59765855687675, -7.399651246455694], [109.59711957017176, -7.399651246455694], [109.59711957017176, -7.399920739808191], [109.59685007681925, -7.399920739808191], [109.59685007681925, -7.400459726513186], [109.59658058346676, -7.400459726513186], [109.59658058346676, -7.400998713218181], [109.59685007681925, -7.400998713218181], [109.59685007681925, -7.401268206570678], [109.59738906352425, -7.401268206570678], [109.59738906352425, -7.401537699923176], [109.59846703693424, -7.401537699923176], [109.59846703693424, -7.401268206570678], [109.59873653028674, -7.401268206570678], [109.59873653028674, -7.400998713218181], [109.59900602363923, -7.400998713218181], [109.59900602363923, -7.400729219865684], [109.59927551699174, -7.400729219865684], [109.59927551699174, -7.400190233160689], [109.59954501034423, -7.400190233160689], [109.59954501034423, -7.399381753103197], [109.59927551699174, -7.399381753103197], [109.59927551699174, -7.398842766398203], [109.59846703693424, -7.398842766398203]]]}}, {"type": "Feature", "properties": {"fid": 88, "DN": 2, "Keterangan": "Sedang"}, "geometry": {"type": "Polygon", "coordinates": [[[109.6825489629134, -7.400998713218181], [109.6825489629134, -7.401268206570678], [109.68227946956091, -7.401268206570678], [109.68227946956091, -7.402346179980667], [109.68335744297089, -7.402346179980667], [109.68335744297089, -7.40207668662817], [109.68389642967588, -7.40207668662817], [109.68389642967588, -7.401807193275673], [109.68551338979087, -7.401807193275673], [109.68551338979087, -7.401537699923176], [109.68524389643838, -7.401537699923176], [109.68524389643838, -7.401268206570678], [109.68389642967588, -7.401268206570678], [109.68389642967588, -7.400998713218181], [109.6825489629134, -7.400998713218181]]]}}, {"type": "Feature", "properties": {"fid": 89, "DN": 2, "Keterangan": "Sedang"}, "geometry": {"type": "Polygon", "coordinates": [[[109.69386768371828, -7.399651246455694], [109.69386768371828, -7.399920739808191], [109.6925202169558, -7.399920739808191], [109.6925202169558, -7.400190233160689], [109.6919812302508, -7.400190233160689], [109.6919812302508, -7.400459726513186], [109.69144224354581, -7.400459726513186], [109.69144224354581, -7.400729219865684], [109.69117275019332, -7.400729219865684], [109.69117275019332, -7.400998713218181], [109.69090325684081, -7.400998713218181], [109.69090325684081, -7.401268206570678], [109.69063376348832, -7.401268206570678], [109.69063376348832, -7.401807193275673], [109.69090325684081, -7.401807193275673], [109.69090325684081, -7.40207668662817], [109.69117275019332, -7.40207668662817], [109.69117275019332, -7.402346179980667], [109.69144224354581, -7.402346179980667], [109.69144224354581, -7.402615673333164], [109.6925202169558, -7.402615673333164], [109.6925202169558, -7.402885166685662], [109.69359819036579, -7.402885166685662], [109.69359819036579, -7.402615673333164], [109.69413717707079, -7.402615673333164], [109.69413717707079, -7.40207668662817], [109.69440667042328, -7.40207668662817], [109.69440667042328, -7.400998713218181], [109.69467616377578, -7.400998713218181], [109.69467616377578, -7.399920739808191], [109.69413717707079, -7.399920739808191], [109.69413717707079, -7.399651246455694], [109.69386768371828, -7.399651246455694]]]}}, {"type": "Feature", "properties": {"fid": 90, "DN": 2, "Keterangan": "Sedang"}, "geometry": {"type": "Polygon", "coordinates": [[[109.67015226869853, -7.400998713218181], [109.67015226869853, -7.401537699923176], [109.67042176205102, -7.401537699923176], [109.67042176205102, -7.401807193275673], [109.67069125540353, -7.401807193275673], [109.67069125540353, -7.40207668662817], [109.6723082155185, -7.40207668662817], [109.6723082155185, -7.401807193275673], [109.67473365569099, -7.401807193275673], [109.67473365569099, -7.40207668662817], [109.67527264239597, -7.40207668662817], [109.67527264239597, -7.402346179980667], [109.67554213574847, -7.402346179980667], [109.67554213574847, -7.402615673333164], [109.67608112245347, -7.402615673333164], [109.67608112245347, -7.402885166685662], [109.67635061580596, -7.402885166685662], [109.67635061580596, -7.403154660038159], [109.67688960251095, -7.403154660038159], [109.67688960251095, -7.403424153390657], [109.67823706927345, -7.403424153390657], [109.67823706927345, -7.402615673333164], [109.67796757592095, -7.402615673333164], [109.67796757592095, -7.40207668662817], [109.67742858921595, -7.40207668662817], [109.67742858921595, -7.401807193275673], [109.67715909586346, -7.401807193275673], [109.67715909586346, -7.401537699923176], [109.67662010915846, -7.401537699923176], [109.67662010915846, -7.401268206570678], [109.67581162910096, -7.401268206570678], [109.67581162910096, -7.400998713218181], [109.67392517563349, -7.400998713218181], [109.67392517563349, -7.401268206570678], [109.67203872216601, -7.401268206570678], [109.67203872216601, -7.400998713218181], [109.67015226869853, -7.400998713218181]]]}}, {"type": "Feature", "properties": {"fid": 91, "DN": 1, "Keterangan": "Rendah"}, "geometry": {"type": "Polygon", "coordinates": [[[109.72135600567302, -7.362461163811067], [109.72135600567302, -7.363539137221055], [109.72081701896802, -7.363539137221055], [109.72081701896802, -7.363808630573553], [109.72054752561552, -7.363808630573553], [109.72054752561552, -7.36407812392605], [109.71946955220554, -7.36407812392605], [109.71946955220554, -7.364347617278548], [109.71893056550054, -7.364347617278548], [109.71893056550054, -7.364617110631045], [109.71839157879555, -7.364617110631045], [109.71839157879555, -7.364886603983542], [109.71812208544304, -7.364886603983542], [109.71812208544304, -7.365156097336039], [109.71785259209055, -7.365156097336039], [109.71785259209055, -7.365425590688536], [109.71623563197556, -7.365425590688536], [109.71623563197556, -7.365695084041034], [109.71596613862307, -7.365695084041034], [109.71596613862307, -7.365964577393531], [109.71542715191808, -7.365964577393531], [109.71542715191808, -7.366234070746028], [109.71300171174559, -7.366234070746028], [109.71300171174559, -7.366503564098526], [109.7127322183931, -7.366503564098526], [109.7127322183931, -7.366773057451023], [109.7124627250406, -7.366773057451023], [109.7124627250406, -7.367042550803521], [109.71192373833561, -7.367042550803521], [109.71192373833561, -7.367312044156018], [109.70976779151563, -7.367312044156018], [109.70976779151563, -7.367581537508515], [109.70949829816313, -7.367581537508515], [109.70949829816313, -7.367851030861012], [109.70868981810564, -7.367851030861012], [109.70868981810564, -7.368120524213509], [109.70761184469565, -7.368120524213509], [109.70761184469565, -7.368659510918504], [109.70734235134316, -7.368659510918504], [109.70734235134316, -7.368929004271002], [109.70707285799065, -7.368929004271002], [109.70707285799065, -7.369198497623499], [109.70680336463816, -7.369198497623499], [109.70680336463816, -7.369467990975997], [109.70653387128566, -7.369467990975997], [109.70653387128566, -7.369737484328494], [109.70599488458066, -7.369737484328494], [109.70599488458066, -7.370276471033488], [109.70572539122817, -7.370276471033488], [109.70572539122817, -7.37108495109098], [109.70545589787567, -7.37108495109098], [109.70545589787567, -7.371893431148472], [109.70572539122817, -7.371893431148472], [109.70572539122817, -7.372432417853466], [109.70545589787567, -7.372432417853466], [109.70545589787567, -7.372701911205964], [109.70518640452318, -7.372701911205964], [109.70518640452318, -7.372971404558461], [109.70491691117068, -7.372971404558461], [109.70491691117068, -7.373240897910958], [109.70464741781818, -7.373240897910958], [109.70464741781818, -7.373779884615953], [109.70437792446569, -7.373779884615953], [109.70437792446569, -7.374049377968451], [109.70410843111318, -7.374049377968451], [109.70410843111318, -7.374318871320948], [109.7038389377607, -7.374318871320948], [109.7038389377607, -7.374588364673445], [109.7032999510557, -7.374588364673445], [109.7032999510557, -7.376744311493423], [109.70303045770319, -7.376744311493423], [109.70303045770319, -7.376474818140927], [109.7022219776457, -7.376474818140927], [109.7022219776457, -7.376744311493423], [109.70033552417823, -7.376744311493423], [109.70033552417823, -7.37701380484592], [109.70006603082572, -7.37701380484592], [109.70006603082572, -7.377283298198418], [109.69925755076824, -7.377283298198418], [109.69925755076824, -7.377552791550915], [109.69898805741573, -7.377552791550915], [109.69898805741573, -7.377822284903413], [109.69871856406324, -7.377822284903413], [109.69871856406324, -7.37809177825591], [109.69844907071074, -7.37809177825591], [109.69844907071074, -7.378630764960905], [109.69817957735825, -7.378630764960905], [109.69817957735825, -7.378900258313402], [109.69791008400574, -7.378900258313402], [109.69791008400574, -7.379978231723391], [109.69764059065325, -7.379978231723391], [109.69764059065325, -7.380517218428386], [109.69737109730076, -7.380517218428386], [109.69737109730076, -7.381056205133381], [109.69710160394825, -7.381056205133381], [109.69710160394825, -7.384559618715845], [109.69737109730076, -7.384559618715845], [109.69737109730076, -7.38509860542084], [109.69575413718577, -7.38509860542084], [109.69575413718577, -7.386715565535824], [109.69548464383327, -7.386715565535824], [109.69548464383327, -7.387524045593316], [109.6925202169558, -7.387524045593316], [109.6925202169558, -7.388332525650807], [109.69009477678333, -7.388332525650807], [109.69009477678333, -7.389141005708299], [109.68820832331585, -7.389141005708299], [109.68820832331585, -7.388332525650807], [109.68281845626589, -7.388332525650807], [109.68281845626589, -7.389949485765792], [109.68362693632339, -7.389949485765792], [109.68362693632339, -7.389679992413294], [109.68389642967588, -7.389679992413294], [109.68389642967588, -7.389410499060797], [109.68470490973338, -7.389410499060797], [109.68470490973338, -7.389141005708299], [109.68524389643838, -7.389141005708299], [109.68524389643838, -7.389410499060797], [109.68551338979087, -7.389410499060797], [109.68551338979087, -7.389949485765792], [109.68524389643838, -7.389949485765792], [109.68524389643838, -7.390488472470786], [109.68497440308587, -7.390488472470786], [109.68497440308587, -7.390757965823283], [109.68470490973338, -7.390757965823283], [109.68470490973338, -7.39102745917578], [109.68443541638088, -7.39102745917578], [109.68443541638088, -7.391296952528278], [109.68416592302839, -7.391296952528278], [109.68416592302839, -7.391566445880775], [109.68389642967588, -7.391566445880775], [109.68389642967588, -7.39210543258577], [109.68362693632339, -7.39210543258577], [109.68362693632339, -7.392374925938267], [109.68335744297089, -7.392374925938267], [109.68335744297089, -7.392644419290765], [109.6830879496184, -7.392644419290765], [109.6830879496184, -7.393183405995759], [109.68281845626589, -7.393183405995759], [109.68281845626589, -7.393452899348256], [109.6825489629134, -7.393452899348256], [109.6825489629134, -7.393722392700754], [109.68227946956091, -7.393722392700754], [109.68227946956091, -7.393991886053251], [109.6820099762084, -7.393991886053251], [109.6820099762084, -7.394261379405748], [109.68147098950341, -7.394261379405748], [109.68147098950341, -7.394530872758246], [109.68120149615092, -7.394530872758246], [109.68120149615092, -7.39506985946324], [109.68093200279841, -7.39506985946324], [109.68093200279841, -7.393183405995759], [109.68066250944592, -7.393183405995759], [109.68066250944592, -7.393722392700754], [109.68039301609342, -7.393722392700754], [109.68039301609342, -7.393991886053251], [109.67958453603593, -7.393991886053251], [109.67958453603593, -7.394800366110743], [109.67877605597845, -7.394800366110743], [109.67877605597845, -7.395608846168235], [109.68012352274093, -7.395608846168235], [109.68012352274093, -7.39506985946324], [109.68039301609342, -7.39506985946324], [109.68039301609342, -7.395878339520732], [109.68012352274093, -7.395878339520732], [109.68012352274093, -7.396147832873229], [109.67985402938842, -7.396147832873229], [109.67985402938842, -7.396686819578224], [109.67958453603593, -7.396686819578224], [109.67958453603593, -7.396956312930722], [109.67931504268343, -7.396956312930722], [109.67931504268343, -7.397225806283219], [109.67877605597845, -7.397225806283219], [109.67877605597845, -7.397495299635716], [109.67769808256845, -7.397495299635716], [109.67769808256845, -7.397225806283219], [109.67662010915846, -7.397225806283219], [109.67662010915846, -7.396956312930722], [109.67608112245347, -7.396956312930722], [109.67608112245347, -7.396686819578224], [109.67554213574847, -7.396686819578224], [109.67554213574847, -7.396417326225727], [109.67527264239597, -7.396417326225727], [109.67527264239597, -7.396147832873229], [109.67500314904348, -7.396147832873229], [109.67500314904348, -7.395608846168235], [109.67473365569099, -7.395608846168235], [109.67473365569099, -7.395339352815737], [109.67446416233848, -7.395339352815737], [109.67446416233848, -7.394800366110743], [109.67419466898599, -7.394800366110743], [109.67419466898599, -7.394530872758246], [109.6728472022235, -7.394530872758246], [109.6728472022235, -7.394800366110743], [109.6723082155185, -7.394800366110743], [109.6723082155185, -7.39506985946324], [109.6717692288135, -7.39506985946324], [109.6717692288135, -7.395339352815737], [109.67123024210852, -7.395339352815737], [109.67123024210852, -7.395608846168235], [109.67042176205102, -7.395608846168235], [109.67042176205102, -7.395878339520732], [109.67015226869853, -7.395878339520732], [109.67015226869853, -7.396147832873229], [109.67069125540353, -7.396147832873229], [109.67069125540353, -7.395878339520732], [109.67149973546101, -7.395878339520732], [109.67149973546101, -7.395608846168235], [109.6723082155185, -7.395608846168235], [109.6723082155185, -7.395339352815737], [109.67338618892849, -7.395339352815737], [109.67338618892849, -7.39506985946324], [109.673655682281, -7.39506985946324], [109.673655682281, -7.394800366110743], [109.67392517563349, -7.394800366110743], [109.67392517563349, -7.396147832873229], [109.67473365569099, -7.396147832873229], [109.67473365569099, -7.396956312930722], [109.67500314904348, -7.396956312930722], [109.67500314904348, -7.397225806283219], [109.67635061580596, -7.397225806283219], [109.67635061580596, -7.397495299635716], [109.67715909586346, -7.397495299635716], [109.67715909586346, -7.397764792988213], [109.67742858921595, -7.397764792988213], [109.67742858921595, -7.39803428634071], [109.67958453603593, -7.39803428634071], [109.67958453603593, -7.397764792988213], [109.67985402938842, -7.397764792988213], [109.67985402938842, -7.397495299635716], [109.68012352274093, -7.397495299635716], [109.68012352274093, -7.397225806283219], [109.68039301609342, -7.397225806283219], [109.68039301609342, -7.396956312930722], [109.68066250944592, -7.396956312930722], [109.68066250944592, -7.396686819578224], [109.68093200279841, -7.396686819578224], [109.68093200279841, -7.396417326225727], [109.68120149615092, -7.396417326225727], [109.68120149615092, -7.396147832873229], [109.68174048285591, -7.396147832873229], [109.68174048285591, -7.395339352815737], [109.6825489629134, -7.395339352815737], [109.6825489629134, -7.394261379405748], [109.68281845626589, -7.394261379405748], [109.68281845626589, -7.393991886053251], [109.6830879496184, -7.393991886053251], [109.6830879496184, -7.393452899348256], [109.68335744297089, -7.393452899348256], [109.68335744297089, -7.392913912643261], [109.68362693632339, -7.392913912643261], [109.68362693632339, -7.392644419290765], [109.68389642967588, -7.392644419290765], [109.68389642967588, -7.392374925938267], [109.68443541638088, -7.392374925938267], [109.68443541638088, -7.39210543258577], [109.68470490973338, -7.39210543258577], [109.68470490973338, -7.391835939233273], [109.68524389643838, -7.391835939233273], [109.68524389643838, -7.391566445880775], [109.68551338979087, -7.391566445880775], [109.68551338979087, -7.391296952528278], [109.68578288314337, -7.391296952528278], [109.68578288314337, -7.390757965823283], [109.68605237649587, -7.390757965823283], [109.68605237649587, -7.391296952528278], [109.68739984325835, -7.391296952528278], [109.68739984325835, -7.389679992413294], [109.68766933661085, -7.389679992413294], [109.68766933661085, -7.391296952528278], [109.68901680337333, -7.391296952528278], [109.68901680337333, -7.390488472470786], [109.69090325684081, -7.390488472470786], [109.69090325684081, -7.391296952528278], [109.6930592036608, -7.391296952528278], [109.6930592036608, -7.390488472470786], [109.6933286970133, -7.390488472470786], [109.6933286970133, -7.390218979118289], [109.69359819036579, -7.390218979118289], [109.69359819036579, -7.389949485765792], [109.69386768371828, -7.389949485765792], [109.69386768371828, -7.389679992413294], [109.69413717707079, -7.389679992413294], [109.69413717707079, -7.389410499060797], [109.69467616377578, -7.389410499060797], [109.69467616377578, -7.389679992413294], [109.69494565712827, -7.389679992413294], [109.69494565712827, -7.389949485765792], [109.69817957735825, -7.389949485765792], [109.69817957735825, -7.389679992413294], [109.69844907071074, -7.389679992413294], [109.69844907071074, -7.389410499060797], [109.69871856406324, -7.389410499060797], [109.69871856406324, -7.389141005708299], [109.69898805741573, -7.389141005708299], [109.69898805741573, -7.388871512355802], [109.69925755076824, -7.388871512355802], [109.69925755076824, -7.387793538945813], [109.69952704412073, -7.387793538945813], [109.69952704412073, -7.388063032298311], [109.69979653747323, -7.388063032298311], [109.69979653747323, -7.388602019003305], [109.70303045770319, -7.388602019003305], [109.70303045770319, -7.388332525650807], [109.70356944440819, -7.388332525650807], [109.70356944440819, -7.388063032298311], [109.70491691117068, -7.388063032298311], [109.70491691117068, -7.387524045593316], [109.70545589787567, -7.387524045593316], [109.70545589787567, -7.386985058888321], [109.70572539122817, -7.386985058888321], [109.70572539122817, -7.386715565535824], [109.70653387128566, -7.386715565535824], [109.70653387128566, -7.386985058888321], [109.70949829816313, -7.386985058888321], [109.70949829816313, -7.387524045593316], [109.71057627157312, -7.387524045593316], [109.71057627157312, -7.387254552240818], [109.71165424498311, -7.387254552240818], [109.71165424498311, -7.386985058888321], [109.71192373833561, -7.386985058888321], [109.71192373833561, -7.386715565535824], [109.7127322183931, -7.386715565535824], [109.7127322183931, -7.386446072183326], [109.71488816521308, -7.386446072183326], [109.71488816521308, -7.388602019003305], [109.71461867186058, -7.388602019003305], [109.71461867186058, -7.388871512355802], [109.71434917850809, -7.388871512355802], [109.71434917850809, -7.389141005708299], [109.71407968515558, -7.389141005708299], [109.71407968515558, -7.390757965823283], [109.71434917850809, -7.390757965823283], [109.71434917850809, -7.391566445880775], [109.71461867186058, -7.391566445880775], [109.71461867186058, -7.391835939233273], [109.71515765856557, -7.391835939233273], [109.71515765856557, -7.39210543258577], [109.71488816521308, -7.39210543258577], [109.71488816521308, -7.392374925938267], [109.71461867186058, -7.392374925938267], [109.71461867186058, -7.393183405995759], [109.71704411203305, -7.393183405995759], [109.71704411203305, -7.393991886053251], [109.71731360538556, -7.393991886053251], [109.71731360538556, -7.394261379405748], [109.71785259209055, -7.394261379405748], [109.71785259209055, -7.394530872758246], [109.71812208544304, -7.394530872758246], [109.71812208544304, -7.39506985946324], [109.71839157879555, -7.39506985946324], [109.71839157879555, -7.395339352815737], [109.71866107214804, -7.395339352815737], [109.71866107214804, -7.395608846168235], [109.71893056550054, -7.395608846168235], [109.71893056550054, -7.397225806283219], [109.71920005885303, -7.397225806283219], [109.71920005885303, -7.397495299635716], [109.72108651232051, -7.397495299635716], [109.72108651232051, -7.397764792988213], [109.72135600567302, -7.397764792988213], [109.72135600567302, -7.398303779693208], [109.7216254990255, -7.398303779693208], [109.7216254990255, -7.400190233160689], [109.72135600567302, -7.400190233160689], [109.72135600567302, -7.401537699923176], [109.7216254990255, -7.401537699923176], [109.7216254990255, -7.40207668662817], [109.72189499237801, -7.40207668662817], [109.72189499237801, -7.402346179980667], [109.723511952493, -7.402346179980667], [109.723511952493, -7.40207668662817], [109.72378144584549, -7.40207668662817], [109.72378144584549, -7.403424153390657], [109.72485941925548, -7.403424153390657], [109.72485941925548, -7.403693646743154], [109.72620688601796, -7.403693646743154], [109.72620688601796, -7.402615673333164], [109.72593739266547, -7.402615673333164], [109.72593739266547, -7.402346179980667], [109.72566789931297, -7.402346179980667], [109.72566789931297, -7.40207668662817], [109.72539840596048, -7.40207668662817], [109.72539840596048, -7.401537699923176], [109.72512891260797, -7.401537699923176], [109.72512891260797, -7.400190233160689], [109.72378144584549, -7.400190233160689], [109.72378144584549, -7.400998713218181], [109.7232424591405, -7.400998713218181], [109.7232424591405, -7.400729219865684], [109.722972965788, -7.400729219865684], [109.722972965788, -7.400459726513186], [109.723511952493, -7.400459726513186], [109.723511952493, -7.3991122597507], [109.7232424591405, -7.3991122597507], [109.7232424591405, -7.398573273045705], [109.722972965788, -7.398573273045705], [109.722972965788, -7.39803428634071], [109.7232424591405, -7.39803428634071], [109.7232424591405, -7.396417326225727], [109.72243397908301, -7.396417326225727], [109.72243397908301, -7.396686819578224], [109.7221644857305, -7.396686819578224], [109.7221644857305, -7.396956312930722], [109.72189499237801, -7.396956312930722], [109.72189499237801, -7.396417326225727], [109.72108651232051, -7.396417326225727], [109.72108651232051, -7.395608846168235], [109.72081701896802, -7.395608846168235], [109.72081701896802, -7.395339352815737], [109.72054752561552, -7.395339352815737], [109.72054752561552, -7.393722392700754], [109.72027803226302, -7.393722392700754], [109.72027803226302, -7.393183405995759], [109.72108651232051, -7.393183405995759], [109.72108651232051, -7.392374925938267], [109.72000853891052, -7.392374925938267], [109.72000853891052, -7.39210543258577], [109.71946955220554, -7.39210543258577], [109.71946955220554, -7.391566445880775], [109.71839157879555, -7.391566445880775], [109.71839157879555, -7.391835939233273], [109.71758309873805, -7.391835939233273], [109.71758309873805, -7.391566445880775], [109.71677461868056, -7.391566445880775], [109.71677461868056, -7.39102745917578], [109.71650512532806, -7.39102745917578], [109.71650512532806, -7.390757965823283], [109.71623563197556, -7.390757965823283], [109.71623563197556, -7.390488472470786], [109.71596613862307, -7.390488472470786], [109.71596613862307, -7.389679992413294], [109.71569664527057, -7.389679992413294], [109.71569664527057, -7.389410499060797], [109.71596613862307, -7.389410499060797], [109.71596613862307, -7.389141005708299], [109.71623563197556, -7.389141005708299], [109.71623563197556, -7.388063032298311], [109.71596613862307, -7.388063032298311], [109.71596613862307, -7.387793538945813], [109.71569664527057, -7.387793538945813], [109.71569664527057, -7.386985058888321], [109.71677461868056, -7.386985058888321], [109.71677461868056, -7.386715565535824], [109.71920005885303, -7.386715565535824], [109.71920005885303, -7.386446072183326], [109.72135600567302, -7.386446072183326], [109.72135600567302, -7.386715565535824], [109.7216254990255, -7.386715565535824], [109.7216254990255, -7.387254552240818], [109.72189499237801, -7.387254552240818], [109.72189499237801, -7.387524045593316], [109.72243397908301, -7.387524045593316], [109.72243397908301, -7.388063032298311], [109.7227034724355, -7.388063032298311], [109.7227034724355, -7.388332525650807], [109.72593739266547, -7.388332525650807], [109.72593739266547, -7.388602019003305], [109.72674587272296, -7.388602019003305], [109.72674587272296, -7.388332525650807], [109.72701536607546, -7.388332525650807], [109.72701536607546, -7.387524045593316], [109.72728485942795, -7.387524045593316], [109.72728485942795, -7.387254552240818], [109.72944080624794, -7.387254552240818], [109.72944080624794, -7.386446072183326], [109.72809333948544, -7.386446072183326], [109.72809333948544, -7.386715565535824], [109.72728485942795, -7.386715565535824], [109.72728485942795, -7.386985058888321], [109.72674587272296, -7.386985058888321], [109.72674587272296, -7.387254552240818], [109.72566789931297, -7.387254552240818], [109.72566789931297, -7.387524045593316], [109.72512891260797, -7.387524045593316], [109.72512891260797, -7.387254552240818], [109.723511952493, -7.387254552240818], [109.723511952493, -7.386985058888321], [109.722972965788, -7.386985058888321], [109.722972965788, -7.386715565535824], [109.7227034724355, -7.386715565535824], [109.7227034724355, -7.386446072183326], [109.7221644857305, -7.386446072183326], [109.7221644857305, -7.386176578830829], [109.7216254990255, -7.386176578830829], [109.7216254990255, -7.385907085478332], [109.72108651232051, -7.385907085478332], [109.72108651232051, -7.385637592125835], [109.71434917850809, -7.385637592125835], [109.71434917850809, -7.385368098773337], [109.71677461868056, -7.385368098773337], [109.71677461868056, -7.38509860542084], [109.71758309873805, -7.38509860542084], [109.71758309873805, -7.384829112068343], [109.71812208544304, -7.384829112068343], [109.71812208544304, -7.384559618715845], [109.71893056550054, -7.384559618715845], [109.71893056550054, -7.384290125363348], [109.7216254990255, -7.384290125363348], [109.7216254990255, -7.384559618715845], [109.72189499237801, -7.384559618715845], [109.72189499237801, -7.384829112068343], [109.72243397908301, -7.384829112068343], [109.72243397908301, -7.38509860542084], [109.7227034724355, -7.38509860542084], [109.7227034724355, -7.385368098773337], [109.722972965788, -7.385368098773337], [109.722972965788, -7.385637592125835], [109.7232424591405, -7.385637592125835], [109.7232424591405, -7.385907085478332], [109.723511952493, -7.385907085478332], [109.723511952493, -7.386176578830829], [109.72405093919798, -7.386176578830829], [109.72405093919798, -7.386446072183326], [109.72432043255048, -7.386446072183326], [109.72432043255048, -7.386715565535824], [109.72539840596048, -7.386715565535824], [109.72539840596048, -7.386446072183326], [109.72593739266547, -7.386446072183326], [109.72593739266547, -7.386176578830829], [109.72647637937047, -7.386176578830829], [109.72647637937047, -7.385907085478332], [109.72701536607546, -7.385907085478332], [109.72701536607546, -7.385637592125835], [109.72755435278044, -7.385637592125835], [109.72755435278044, -7.385368098773337], [109.72782384613295, -7.385368098773337], [109.72782384613295, -7.38509860542084], [109.72863232619044, -7.38509860542084], [109.72863232619044, -7.384829112068343], [109.72944080624794, -7.384829112068343], [109.72944080624794, -7.38509860542084], [109.72997979295293, -7.38509860542084], [109.72997979295293, -7.385368098773337], [109.73051877965793, -7.385368098773337], [109.73051877965793, -7.385907085478332], [109.73105776636292, -7.385907085478332], [109.73105776636292, -7.386176578830829], [109.73132725971541, -7.386176578830829], [109.73132725971541, -7.386715565535824], [109.73078827301042, -7.386715565535824], [109.73078827301042, -7.386446072183326], [109.72971029960043, -7.386446072183326], [109.72971029960043, -7.387254552240818], [109.72997979295293, -7.387254552240818], [109.72997979295293, -7.387524045593316], [109.73051877965793, -7.387524045593316], [109.73051877965793, -7.387793538945813], [109.73105776636292, -7.387793538945813], [109.73105776636292, -7.388063032298311], [109.7315967530679, -7.388063032298311], [109.7315967530679, -7.388602019003305], [109.7334832065354, -7.388602019003305], [109.7334832065354, -7.388871512355802], [109.73483067329788, -7.388871512355802], [109.73483067329788, -7.389141005708299], [109.73617814006036, -7.389141005708299], [109.73617814006036, -7.389679992413294], [109.73725611347035, -7.389679992413294], [109.73725611347035, -7.389949485765792], [109.73887307358534, -7.389949485765792], [109.73887307358534, -7.389679992413294], [109.73941206029033, -7.389679992413294], [109.73941206029033, -7.389410499060797], [109.73968155364282, -7.389410499060797], [109.73968155364282, -7.389141005708299], [109.73995104699533, -7.389141005708299], [109.73995104699533, -7.388871512355802], [109.74022054034782, -7.388871512355802], [109.74022054034782, -7.388602019003305], [109.74049003370033, -7.388602019003305], [109.74049003370033, -7.388332525650807], [109.74075952705282, -7.388332525650807], [109.74075952705282, -7.388063032298311], [109.74156800711032, -7.388063032298311], [109.74156800711032, -7.388332525650807], [109.74183750046281, -7.388332525650807], [109.74183750046281, -7.388871512355802], [109.74210699381531, -7.388871512355802], [109.74210699381531, -7.389141005708299], [109.74318496722529, -7.389141005708299], [109.74318496722529, -7.389410499060797], [109.7434544605778, -7.389410499060797], [109.7434544605778, -7.389679992413294], [109.74426294063528, -7.389679992413294], [109.74426294063528, -7.391296952528278], [109.75019179439022, -7.391296952528278], [109.75019179439022, -7.391566445880775], [109.75046128774272, -7.391566445880775], [109.75046128774272, -7.391835939233273], [109.75153926115271, -7.391835939233273], [109.75153926115271, -7.391566445880775], [109.75207824785771, -7.391566445880775], [109.75207824785771, -7.391296952528278], [109.75369520797268, -7.391296952528278], [109.75369520797268, -7.390757965823283], [109.75423419467768, -7.390757965823283], [109.75423419467768, -7.390218979118289], [109.75450368803018, -7.390218979118289], [109.75450368803018, -7.389949485765792], [109.75773760826014, -7.389949485765792], [109.75773760826014, -7.391296952528278], [109.75935456837513, -7.391296952528278], [109.75935456837513, -7.39210543258577], [109.76016304843263, -7.39210543258577], [109.76016304843263, -7.392374925938267], [109.76070203513763, -7.392374925938267], [109.76070203513763, -7.392644419290765], [109.76097152849012, -7.392644419290765], [109.76097152849012, -7.392913912643261], [109.7617800085476, -7.392913912643261], [109.7617800085476, -7.393183405995759], [109.7623189952526, -7.393183405995759], [109.7623189952526, -7.393452899348256], [109.7628579819576, -7.393452899348256], [109.7628579819576, -7.393722392700754], [109.76609190218757, -7.393722392700754], [109.76609190218757, -7.393991886053251], [109.76743936895005, -7.393991886053251], [109.76743936895005, -7.396417326225727], [109.76905632906504, -7.396417326225727], [109.76905632906504, -7.396956312930722], [109.77067328918002, -7.396956312930722], [109.77067328918002, -7.397764792988213], [109.77148176923751, -7.397764792988213], [109.77148176923751, -7.3991122597507], [109.772290249295, -7.3991122597507], [109.772290249295, -7.398303779693208], [109.7720207559425, -7.398303779693208], [109.7720207559425, -7.397495299635716], [109.77175126259002, -7.397495299635716], [109.77175126259002, -7.396956312930722], [109.77148176923751, -7.396956312930722], [109.77148176923751, -7.396686819578224], [109.77121227588502, -7.396686819578224], [109.77121227588502, -7.396417326225727], [109.77067328918002, -7.396417326225727], [109.77067328918002, -7.396147832873229], [109.76986480912252, -7.396147832873229], [109.76986480912252, -7.395878339520732], [109.76905632906504, -7.395878339520732], [109.76905632906504, -7.395608846168235], [109.76824784900755, -7.395608846168235], [109.76824784900755, -7.395339352815737], [109.76797835565505, -7.395339352815737], [109.76797835565505, -7.393991886053251], [109.76851734236004, -7.393991886053251], [109.76851734236004, -7.393722392700754], [109.76824784900755, -7.393722392700754], [109.76824784900755, -7.393183405995759], [109.76743936895005, -7.393183405995759], [109.76743936895005, -7.392913912643261], [109.76474443542507, -7.392913912643261], [109.76474443542507, -7.393183405995759], [109.7631274753101, -7.393183405995759], [109.7631274753101, -7.392913912643261], [109.7625884886051, -7.392913912643261], [109.7625884886051, -7.392644419290765], [109.76204950190011, -7.392644419290765], [109.76204950190011, -7.392374925938267], [109.76151051519511, -7.392374925938267], [109.76151051519511, -7.39210543258577], [109.76097152849012, -7.39210543258577], [109.76097152849012, -7.391835939233273], [109.76070203513763, -7.391835939233273], [109.76070203513763, -7.391566445880775], [109.76043254178512, -7.391566445880775], [109.76043254178512, -7.391296952528278], [109.76016304843263, -7.391296952528278], [109.76016304843263, -7.390757965823283], [109.75989355508013, -7.390757965823283], [109.75989355508013, -7.390488472470786], [109.75962406172764, -7.390488472470786], [109.75962406172764, -7.390218979118289], [109.75935456837513, -7.390218979118289], [109.75935456837513, -7.389679992413294], [109.75908507502264, -7.389679992413294], [109.75908507502264, -7.389410499060797], [109.75881558167013, -7.389410499060797], [109.75881558167013, -7.389141005708299], [109.75827659496514, -7.389141005708299], [109.75827659496514, -7.388871512355802], [109.75450368803018, -7.388871512355802], [109.75450368803018, -7.389410499060797], [109.75423419467768, -7.389410499060797], [109.75423419467768, -7.389679992413294], [109.75369520797268, -7.389679992413294], [109.75369520797268, -7.389949485765792], [109.7531562212677, -7.389949485765792], [109.7531562212677, -7.390218979118289], [109.7526172345627, -7.390218979118289], [109.7526172345627, -7.390488472470786], [109.75207824785771, -7.390488472470786], [109.75207824785771, -7.390757965823283], [109.75019179439022, -7.390757965823283], [109.75019179439022, -7.390488472470786], [109.74965280768524, -7.390488472470786], [109.74965280768524, -7.389679992413294], [109.74992230103773, -7.389679992413294], [109.74992230103773, -7.389141005708299], [109.75019179439022, -7.389141005708299], [109.75019179439022, -7.388871512355802], [109.75046128774272, -7.388871512355802], [109.75046128774272, -7.388602019003305], [109.75073078109521, -7.388602019003305], [109.75073078109521, -7.388332525650807], [109.75126976780021, -7.388332525650807], [109.75126976780021, -7.388063032298311], [109.75153926115271, -7.388063032298311], [109.75153926115271, -7.388332525650807], [109.7518087545052, -7.388332525650807], [109.7518087545052, -7.388063032298311], [109.75207824785771, -7.388063032298311], [109.75207824785771, -7.387524045593316], [109.7523477412102, -7.387524045593316], [109.7523477412102, -7.387254552240818], [109.7526172345627, -7.387254552240818], [109.7526172345627, -7.386715565535824], [109.7528867279152, -7.386715565535824], [109.7528867279152, -7.386176578830829], [109.7531562212677, -7.386176578830829], [109.7531562212677, -7.384559618715845], [109.75342571462019, -7.384559618715845], [109.75342571462019, -7.384290125363348], [109.7528867279152, -7.384290125363348], [109.7528867279152, -7.385637592125835], [109.7526172345627, -7.385637592125835], [109.7526172345627, -7.385907085478332], [109.7523477412102, -7.385907085478332], [109.7523477412102, -7.386176578830829], [109.75207824785771, -7.386176578830829], [109.75207824785771, -7.387254552240818], [109.7518087545052, -7.387254552240818], [109.7518087545052, -7.387524045593316], [109.75126976780021, -7.387524045593316], [109.75126976780021, -7.387793538945813], [109.75100027444772, -7.387793538945813], [109.75100027444772, -7.388063032298311], [109.74965280768524, -7.388063032298311], [109.74965280768524, -7.388332525650807], [109.74911382098024, -7.388332525650807], [109.74911382098024, -7.389141005708299], [109.74749686086525, -7.389141005708299], [109.74749686086525, -7.388871512355802], [109.74695787416026, -7.388871512355802], [109.74695787416026, -7.388602019003305], [109.74614939410276, -7.388602019003305], [109.74614939410276, -7.388871512355802], [109.74534091404527, -7.388871512355802], [109.74534091404527, -7.388332525650807], [109.74399344728279, -7.388332525650807], [109.74399344728279, -7.387524045593316], [109.74372395393029, -7.387524045593316], [109.74372395393029, -7.386715565535824], [109.74318496722529, -7.386715565535824], [109.74318496722529, -7.385907085478332], [109.7423764871678, -7.385907085478332], [109.7423764871678, -7.38509860542084], [109.74183750046281, -7.38509860542084], [109.74183750046281, -7.384829112068343], [109.7426459805203, -7.384829112068343], [109.7426459805203, -7.383481645305856], [109.7429154738728, -7.383481645305856], [109.7429154738728, -7.382942658600862], [109.7434544605778, -7.382942658600862], [109.7434544605778, -7.382403671895867], [109.74426294063528, -7.382403671895867], [109.74426294063528, -7.382134178543369], [109.74453243398779, -7.382134178543369], [109.74453243398779, -7.381864685190872], [109.74776635421775, -7.381864685190872], [109.74776635421775, -7.381595191838375], [109.74803584757025, -7.381595191838375], [109.74803584757025, -7.380517218428386], [109.74857483427525, -7.380517218428386], [109.74857483427525, -7.379708738370894], [109.74884432762774, -7.379708738370894], [109.74884432762774, -7.378900258313402], [109.74938331433273, -7.378900258313402], [109.74938331433273, -7.376744311493423], [109.74884432762774, -7.376744311493423], [109.74884432762774, -7.376474818140927], [109.74803584757025, -7.376474818140927], [109.74803584757025, -7.378361271608407], [109.74776635421775, -7.378361271608407], [109.74776635421775, -7.378630764960905], [109.74749686086525, -7.378630764960905], [109.74749686086525, -7.379439245018396], [109.74722736751275, -7.379439245018396], [109.74722736751275, -7.379978231723391], [109.74695787416026, -7.379978231723391], [109.74695787416026, -7.380247725075888], [109.74668838080775, -7.380247725075888], [109.74668838080775, -7.380517218428386], [109.74399344728279, -7.380517218428386], [109.74399344728279, -7.380786711780883], [109.74372395393029, -7.380786711780883], [109.74372395393029, -7.381056205133381], [109.7434544605778, -7.381056205133381], [109.7434544605778, -7.381325698485877], [109.7426459805203, -7.381325698485877], [109.7426459805203, -7.381595191838375], [109.74210699381531, -7.381595191838375], [109.74210699381531, -7.381864685190872], [109.74183750046281, -7.381864685190872], [109.74183750046281, -7.382134178543369], [109.74156800711032, -7.382134178543369], [109.74156800711032, -7.383212151953359], [109.74129851375781, -7.383212151953359], [109.74129851375781, -7.383751138658353], [109.74049003370033, -7.383751138658353], [109.74049003370033, -7.38402063201085], [109.74022054034782, -7.38402063201085], [109.74022054034782, -7.384290125363348], [109.73995104699533, -7.384290125363348], [109.73995104699533, -7.385637592125835], [109.74022054034782, -7.385637592125835], [109.74022054034782, -7.386715565535824], [109.73941206029033, -7.386715565535824], [109.73941206029033, -7.387254552240818], [109.73914256693783, -7.387254552240818], [109.73914256693783, -7.387524045593316], [109.73698662011786, -7.387524045593316], [109.73698662011786, -7.388063032298311], [109.73671712676536, -7.388063032298311], [109.73671712676536, -7.387524045593316], [109.73563915335536, -7.387524045593316], [109.73563915335536, -7.387254552240818], [109.73510016665037, -7.387254552240818], [109.73510016665037, -7.386715565535824], [109.7326747264779, -7.386715565535824], [109.7326747264779, -7.38509860542084], [109.73105776636292, -7.38509860542084], [109.73105776636292, -7.384290125363348], [109.73078827301042, -7.384290125363348], [109.73078827301042, -7.38402063201085], [109.72997979295293, -7.38402063201085], [109.72997979295293, -7.383481645305856], [109.72971029960043, -7.383481645305856], [109.72971029960043, -7.383212151953359], [109.72944080624794, -7.383212151953359], [109.72944080624794, -7.382942658600862], [109.72917131289543, -7.382942658600862], [109.72917131289543, -7.382673165248364], [109.72836283283795, -7.382673165248364], [109.72836283283795, -7.383212151953359], [109.72809333948544, -7.383212151953359], [109.72809333948544, -7.384290125363348], [109.72647637937047, -7.384290125363348], [109.72647637937047, -7.38509860542084], [109.72485941925548, -7.38509860542084], [109.72485941925548, -7.385907085478332], [109.72458992590298, -7.385907085478332], [109.72458992590298, -7.38509860542084], [109.7232424591405, -7.38509860542084], [109.7232424591405, -7.384559618715845], [109.722972965788, -7.384559618715845], [109.722972965788, -7.384290125363348], [109.72243397908301, -7.384290125363348], [109.72243397908301, -7.38402063201085], [109.7216254990255, -7.38402063201085], [109.7216254990255, -7.383751138658353], [109.72135600567302, -7.383751138658353], [109.72135600567302, -7.383481645305856], [109.71946955220554, -7.383481645305856], [109.71946955220554, -7.383751138658353], [109.71920005885303, -7.383751138658353], [109.71920005885303, -7.38402063201085], [109.71731360538556, -7.38402063201085], [109.71731360538556, -7.384290125363348], [109.71138475163062, -7.384290125363348], [109.71138475163062, -7.384829112068343], [109.71111525827811, -7.384829112068343], [109.71111525827811, -7.38509860542084], [109.70922880481064, -7.38509860542084], [109.70922880481064, -7.384290125363348], [109.70734235134316, -7.384290125363348], [109.70734235134316, -7.38402063201085], [109.70707285799065, -7.38402063201085], [109.70707285799065, -7.383751138658353], [109.70680336463816, -7.383751138658353], [109.70680336463816, -7.382673165248364], [109.70626437793317, -7.382673165248364], [109.70626437793317, -7.382403671895867], [109.70410843111318, -7.382403671895867], [109.70410843111318, -7.382673165248364], [109.70303045770319, -7.382673165248364], [109.70303045770319, -7.382942658600862], [109.7027609643507, -7.382942658600862], [109.7027609643507, -7.383212151953359], [109.7024914709982, -7.383212151953359], [109.7024914709982, -7.383481645305856], [109.7022219776457, -7.383481645305856], [109.7022219776457, -7.383751138658353], [109.7019524842932, -7.383751138658353], [109.7019524842932, -7.384290125363348], [109.7022219776457, -7.384290125363348], [109.7022219776457, -7.38402063201085], [109.7024914709982, -7.38402063201085], [109.7024914709982, -7.383751138658353], [109.7027609643507, -7.383751138658353], [109.7027609643507, -7.383481645305856], [109.7032999510557, -7.383481645305856], [109.7032999510557, -7.383212151953359], [109.70437792446569, -7.383212151953359], [109.70437792446569, -7.382942658600862], [109.70464741781818, -7.382942658600862], [109.70464741781818, -7.383212151953359], [109.70545589787567, -7.383212151953359], [109.70545589787567, -7.383481645305856], [109.70599488458066, -7.383481645305856], [109.70599488458066, -7.383751138658353], [109.70626437793317, -7.383751138658353], [109.70626437793317, -7.38402063201085], [109.70653387128566, -7.38402063201085], [109.70653387128566, -7.384290125363348], [109.70680336463816, -7.384290125363348], [109.70680336463816, -7.384559618715845], [109.70707285799065, -7.384559618715845], [109.70707285799065, -7.384829112068343], [109.70734235134316, -7.384829112068343], [109.70734235134316, -7.385368098773337], [109.70761184469565, -7.385368098773337], [109.70761184469565, -7.385637592125835], [109.70734235134316, -7.385637592125835], [109.70734235134316, -7.385907085478332], [109.70707285799065, -7.385907085478332], [109.70707285799065, -7.386176578830829], [109.70626437793317, -7.386176578830829], [109.70626437793317, -7.386446072183326], [109.70545589787567, -7.386446072183326], [109.70545589787567, -7.386715565535824], [109.70464741781818, -7.386715565535824], [109.70464741781818, -7.386985058888321], [109.70410843111318, -7.386985058888321], [109.70410843111318, -7.387254552240818], [109.70303045770319, -7.387254552240818], [109.70303045770319, -7.387524045593316], [109.70087451088322, -7.387524045593316], [109.70087451088322, -7.387254552240818], [109.70060501753072, -7.387254552240818], [109.70060501753072, -7.386715565535824], [109.70087451088322, -7.386715565535824], [109.70087451088322, -7.386446072183326], [109.70114400423572, -7.386446072183326], [109.70114400423572, -7.385907085478332], [109.70087451088322, -7.385907085478332], [109.70087451088322, -7.386176578830829], [109.70033552417823, -7.386176578830829], [109.70033552417823, -7.386446072183326], [109.69952704412073, -7.386446072183326], [109.69952704412073, -7.38509860542084], [109.69871856406324, -7.38509860542084], [109.69871856406324, -7.384290125363348], [109.69844907071074, -7.384290125363348], [109.69844907071074, -7.38402063201085], [109.69817957735825, -7.38402063201085], [109.69817957735825, -7.381595191838375], [109.69925755076824, -7.381595191838375], [109.69925755076824, -7.381056205133381], [109.69952704412073, -7.381056205133381], [109.69952704412073, -7.380786711780883], [109.69979653747323, -7.380786711780883], [109.69979653747323, -7.380517218428386], [109.70006603082572, -7.380517218428386], [109.70006603082572, -7.379978231723391], [109.70033552417823, -7.379978231723391], [109.70033552417823, -7.379439245018396], [109.70060501753072, -7.379439245018396], [109.70060501753072, -7.379169751665899], [109.70087451088322, -7.379169751665899], [109.70087451088322, -7.378900258313402], [109.70114400423572, -7.378900258313402], [109.70114400423572, -7.378630764960905], [109.70168299094071, -7.378630764960905], [109.70168299094071, -7.378361271608407], [109.7038389377607, -7.378361271608407], [109.7038389377607, -7.377822284903413], [109.70626437793317, -7.377822284903413], [109.70626437793317, -7.377283298198418], [109.70653387128566, -7.377283298198418], [109.70653387128566, -7.37701380484592], [109.70707285799065, -7.37701380484592], [109.70707285799065, -7.376205324788429], [109.70626437793317, -7.376205324788429], [109.70626437793317, -7.375666338083434], [109.70599488458066, -7.375666338083434], [109.70599488458066, -7.375127351378439], [109.70572539122817, -7.375127351378439], [109.70572539122817, -7.374588364673445], [109.70599488458066, -7.374588364673445], [109.70599488458066, -7.374318871320948], [109.70626437793317, -7.374318871320948], [109.70626437793317, -7.374049377968451], [109.70653387128566, -7.374049377968451], [109.70653387128566, -7.373779884615953], [109.70680336463816, -7.373779884615953], [109.70680336463816, -7.372971404558461], [109.70707285799065, -7.372971404558461], [109.70707285799065, -7.372162924500969], [109.70680336463816, -7.372162924500969], [109.70680336463816, -7.371623937795975], [109.70734235134316, -7.371623937795975], [109.70734235134316, -7.37108495109098], [109.70761184469565, -7.37108495109098], [109.70761184469565, -7.370545964385985], [109.70788133804815, -7.370545964385985], [109.70788133804815, -7.369737484328494], [109.70815083140064, -7.369737484328494], [109.70815083140064, -7.369467990975997], [109.70842032475315, -7.369467990975997], [109.70842032475315, -7.369198497623499], [109.70922880481064, -7.369198497623499], [109.70922880481064, -7.368929004271002], [109.70976779151563, -7.368929004271002], [109.70976779151563, -7.368659510918504], [109.71003728486812, -7.368659510918504], [109.71003728486812, -7.368390017566007], [109.71030677822063, -7.368390017566007], [109.71030677822063, -7.368120524213509], [109.71057627157312, -7.368120524213509], [109.71057627157312, -7.368390017566007], [109.71138475163062, -7.368390017566007], [109.71138475163062, -7.368120524213509], [109.7124627250406, -7.368120524213509], [109.7124627250406, -7.367851030861012], [109.71300171174559, -7.367851030861012], [109.71300171174559, -7.367581537508515], [109.71354069845059, -7.367581537508515], [109.71354069845059, -7.367312044156018], [109.71434917850809, -7.367312044156018], [109.71434917850809, -7.367042550803521], [109.71623563197556, -7.367042550803521], [109.71623563197556, -7.366773057451023], [109.71677461868056, -7.366773057451023], [109.71677461868056, -7.366503564098526], [109.71758309873805, -7.366503564098526], [109.71758309873805, -7.366234070746028], [109.71946955220554, -7.366234070746028], [109.71946955220554, -7.365964577393531], [109.71973904555803, -7.365964577393531], [109.71973904555803, -7.365695084041034], [109.72027803226302, -7.365695084041034], [109.72027803226302, -7.365425590688536], [109.72054752561552, -7.365425590688536], [109.72054752561552, -7.365156097336039], [109.72108651232051, -7.365156097336039], [109.72108651232051, -7.364886603983542], [109.7216254990255, -7.364886603983542], [109.7216254990255, -7.364617110631045], [109.72189499237801, -7.364617110631045], [109.72189499237801, -7.364347617278548], [109.7221644857305, -7.364347617278548], [109.7221644857305, -7.363539137221055], [109.72243397908301, -7.363539137221055], [109.72243397908301, -7.362461163811067], [109.72135600567302, -7.362461163811067]], [[109.7032999510557, -7.376744311493423], [109.70356944440819, -7.376744311493423], [109.70356944440819, -7.37701380484592], [109.7032999510557, -7.37701380484592], [109.7032999510557, -7.376744311493423]], [[109.69710160394825, -7.386176578830829], [109.69844907071074, -7.386176578830829], [109.69844907071074, -7.386446072183326], [109.69871856406324, -7.386446072183326], [109.69871856406324, -7.386715565535824], [109.69898805741573, -7.386715565535824], [109.69898805741573, -7.386985058888321], [109.69925755076824, -7.386985058888321], [109.69925755076824, -7.387254552240818], [109.69898805741573, -7.387254552240818], [109.69898805741573, -7.387793538945813], [109.69871856406324, -7.387793538945813], [109.69871856406324, -7.388063032298311], [109.69817957735825, -7.388063032298311], [109.69817957735825, -7.388332525650807], [109.69764059065325, -7.388332525650807], [109.69764059065325, -7.388602019003305], [109.69629312389077, -7.388602019003305], [109.69629312389077, -7.387524045593316], [109.69656261724326, -7.387524045593316], [109.69656261724326, -7.386985058888321], [109.69683211059576, -7.386985058888321], [109.69683211059576, -7.386446072183326], [109.69710160394825, -7.386446072183326], [109.69710160394825, -7.386176578830829]], [[109.74102902040532, -7.386446072183326], [109.74183750046281, -7.386446072183326], [109.74183750046281, -7.386715565535824], [109.7423764871678, -7.386715565535824], [109.7423764871678, -7.387524045593316], [109.7426459805203, -7.387524045593316], [109.7426459805203, -7.387793538945813], [109.74156800711032, -7.387793538945813], [109.74156800711032, -7.387524045593316], [109.74129851375781, -7.387524045593316], [109.74129851375781, -7.387254552240818], [109.74075952705282, -7.387254552240818], [109.74075952705282, -7.386715565535824], [109.74102902040532, -7.386715565535824], [109.74102902040532, -7.386446072183326]], [[109.69548464383327, -7.387524045593316], [109.69575413718577, -7.387524045593316], [109.69575413718577, -7.387793538945813], [109.69548464383327, -7.387793538945813], [109.69548464383327, -7.387524045593316]], [[109.69225072360331, -7.388871512355802], [109.6925202169558, -7.388871512355802], [109.6925202169558, -7.389141005708299], [109.6927897103083, -7.389141005708299], [109.6927897103083, -7.389410499060797], [109.6925202169558, -7.389410499060797], [109.6925202169558, -7.389679992413294], [109.69144224354581, -7.389679992413294], [109.69144224354581, -7.389410499060797], [109.69171173689831, -7.389410499060797], [109.69171173689831, -7.389141005708299], [109.69225072360331, -7.389141005708299], [109.69225072360331, -7.388871512355802]]]}}, {"type": "Feature", "properties": {"fid": 92, "DN": 1, "Keterangan": "Rendah"}, "geometry": {"type": "Polygon", "coordinates": [[[109.5429514063198, -7.403154660038159], [109.5429514063198, -7.403693646743154], [109.54322089967229, -7.403693646743154], [109.54322089967229, -7.403424153390657], [109.54375988637729, -7.403424153390657], [109.54375988637729, -7.403154660038159], [109.5429514063198, -7.403154660038159]]]}}, {"type": "Feature", "properties": {"fid": 93, "DN": 1, "Keterangan": "Rendah"}, "geometry": {"type": "Polygon", "coordinates": [[[109.5534616470672, -7.391566445880775], [109.5534616470672, -7.392374925938267], [109.5526531670097, -7.392374925938267], [109.5526531670097, -7.393722392700754], [109.5523836736572, -7.393722392700754], [109.5523836736572, -7.393991886053251], [109.55184468695221, -7.393991886053251], [109.55184468695221, -7.394800366110743], [109.55103620689472, -7.394800366110743], [109.55103620689472, -7.395608846168235], [109.55022772683722, -7.395608846168235], [109.55022772683722, -7.397225806283219], [109.54914975342723, -7.397225806283219], [109.54914975342723, -7.397495299635716], [109.54888026007474, -7.397495299635716], [109.54888026007474, -7.39803428634071], [109.54914975342723, -7.39803428634071], [109.54914975342723, -7.398573273045705], [109.54888026007474, -7.398573273045705], [109.54888026007474, -7.399651246455694], [109.54914975342723, -7.399651246455694], [109.54914975342723, -7.401268206570678], [109.54888026007474, -7.401268206570678], [109.54888026007474, -7.40207668662817], [109.54861076672223, -7.40207668662817], [109.54861076672223, -7.403424153390657], [109.54834127336974, -7.403424153390657], [109.54834127336974, -7.403693646743154], [109.54807178001724, -7.403693646743154], [109.54807178001724, -7.403963140095652], [109.54780228666475, -7.403963140095652], [109.54780228666475, -7.404502126800645], [109.54834127336974, -7.404502126800645], [109.54834127336974, -7.404232633448149], [109.54888026007474, -7.404232633448149], [109.54888026007474, -7.403154660038159], [109.54941924677973, -7.403154660038159], [109.54941924677973, -7.402885166685662], [109.54968874013223, -7.402885166685662], [109.54968874013223, -7.402615673333164], [109.54995823348473, -7.402615673333164], [109.54995823348473, -7.401807193275673], [109.55022772683722, -7.401807193275673], [109.55022772683722, -7.400459726513186], [109.54995823348473, -7.400459726513186], [109.54995823348473, -7.400190233160689], [109.55022772683722, -7.400190233160689], [109.55022772683722, -7.399381753103197], [109.55103620689472, -7.399381753103197], [109.55103620689472, -7.3991122597507], [109.5526531670097, -7.3991122597507], [109.5526531670097, -7.396956312930722], [109.5529226603622, -7.396956312930722], [109.5529226603622, -7.396147832873229], [109.55319215371469, -7.396147832873229], [109.55319215371469, -7.395608846168235], [109.55373114041969, -7.395608846168235], [109.55373114041969, -7.395878339520732], [109.55453962047719, -7.395878339520732], [109.55453962047719, -7.395608846168235], [109.55507860718218, -7.395608846168235], [109.55507860718218, -7.395339352815737], [109.55561759388716, -7.395339352815737], [109.55561759388716, -7.394261379405748], [109.55507860718218, -7.394261379405748], [109.55507860718218, -7.394530872758246], [109.55453962047719, -7.394530872758246], [109.55453962047719, -7.394800366110743], [109.55373114041969, -7.394800366110743], [109.55373114041969, -7.39506985946324], [109.5529226603622, -7.39506985946324], [109.5529226603622, -7.394530872758246], [109.5526531670097, -7.394530872758246], [109.5526531670097, -7.393991886053251], [109.5529226603622, -7.393991886053251], [109.5529226603622, -7.393183405995759], [109.55319215371469, -7.393183405995759], [109.55319215371469, -7.392913912643261], [109.5534616470672, -7.392913912643261], [109.5534616470672, -7.392644419290765], [109.55373114041969, -7.392644419290765], [109.55373114041969, -7.392374925938267], [109.55427012712468, -7.392374925938267], [109.55427012712468, -7.39210543258577], [109.55480911382968, -7.39210543258577], [109.55480911382968, -7.391566445880775], [109.5534616470672, -7.391566445880775]], [[109.55049722018973, -7.397495299635716], [109.55103620689472, -7.397495299635716], [109.55103620689472, -7.398573273045705], [109.55076671354222, -7.398573273045705], [109.55076671354222, -7.398842766398203], [109.55049722018973, -7.398842766398203], [109.55049722018973, -7.3991122597507], [109.55022772683722, -7.3991122597507], [109.55022772683722, -7.399381753103197], [109.54995823348473, -7.399381753103197], [109.54995823348473, -7.3991122597507], [109.54968874013223, -7.3991122597507], [109.54968874013223, -7.39803428634071], [109.54995823348473, -7.39803428634071], [109.54995823348473, -7.397764792988213], [109.55049722018973, -7.397764792988213], [109.55049722018973, -7.397495299635716]]]}}, {"type": "Feature", "properties": {"fid": 94, "DN": 2, "Keterangan": "Sedang"}, "geometry": {"type": "Polygon", "coordinates": [[[109.54699380660726, -7.40207668662817], [109.54699380660726, -7.402346179980667], [109.54672431325476, -7.402346179980667], [109.54672431325476, -7.402885166685662], [109.54645481990227, -7.402885166685662], [109.54645481990227, -7.40504111350564], [109.54699380660726, -7.40504111350564], [109.54699380660726, -7.404771620153143], [109.54726329995975, -7.404771620153143], [109.54726329995975, -7.404502126800645], [109.54780228666475, -7.404502126800645], [109.54780228666475, -7.403963140095652], [109.54807178001724, -7.403963140095652], [109.54807178001724, -7.403693646743154], [109.54834127336974, -7.403693646743154], [109.54834127336974, -7.403424153390657], [109.54861076672223, -7.403424153390657], [109.54861076672223, -7.402346179980667], [109.54807178001724, -7.402346179980667], [109.54807178001724, -7.40207668662817], [109.54699380660726, -7.40207668662817]]]}}, {"type": "Feature", "properties": {"fid": 95, "DN": 1, "Keterangan": "Rendah"}, "geometry": {"type": "Polygon", "coordinates": [[[109.54726329995975, -7.404502126800645], [109.54726329995975, -7.404771620153143], [109.54699380660726, -7.404771620153143], [109.54699380660726, -7.40504111350564], [109.54483785978728, -7.40504111350564], [109.54483785978728, -7.405580100210635], [109.54726329995975, -7.405580100210635], [109.54726329995975, -7.405310606858138], [109.54753279331226, -7.405310606858138], [109.54753279331226, -7.40504111350564], [109.54780228666475, -7.40504111350564], [109.54780228666475, -7.404502126800645], [109.54726329995975, -7.404502126800645]]]}}, {"type": "Feature", "properties": {"fid": 96, "DN": 1, "Keterangan": "Rendah"}, "geometry": {"type": "Polygon", "coordinates": [[[109.70464741781818, -7.393991886053251], [109.70464741781818, -7.394261379405748], [109.70437792446569, -7.394261379405748], [109.70437792446569, -7.394800366110743], [109.70410843111318, -7.394800366110743], [109.70410843111318, -7.39506985946324], [109.7038389377607, -7.39506985946324], [109.7038389377607, -7.395339352815737], [109.70356944440819, -7.395339352815737], [109.70356944440819, -7.395608846168235], [109.7032999510557, -7.395608846168235], [109.7032999510557, -7.395878339520732], [109.70303045770319, -7.395878339520732], [109.70303045770319, -7.396147832873229], [109.7027609643507, -7.396147832873229], [109.7027609643507, -7.397764792988213], [109.7024914709982, -7.397764792988213], [109.7024914709982, -7.39803428634071], [109.7022219776457, -7.39803428634071], [109.7022219776457, -7.398303779693208], [109.7019524842932, -7.398303779693208], [109.7019524842932, -7.398573273045705], [109.7014134975882, -7.398573273045705], [109.7014134975882, -7.398842766398203], [109.70114400423572, -7.398842766398203], [109.70114400423572, -7.399381753103197], [109.70087451088322, -7.399381753103197], [109.70087451088322, -7.399651246455694], [109.70060501753072, -7.399651246455694], [109.70060501753072, -7.398573273045705], [109.70006603082572, -7.398573273045705], [109.70006603082572, -7.398303779693208], [109.69817957735825, -7.398303779693208], [109.69817957735825, -7.398573273045705], [109.69764059065325, -7.398573273045705], [109.69764059065325, -7.398303779693208], [109.69602363053826, -7.398303779693208], [109.69602363053826, -7.398573273045705], [109.69548464383327, -7.398573273045705], [109.69548464383327, -7.398842766398203], [109.6930592036608, -7.398842766398203], [109.6930592036608, -7.3991122597507], [109.6925202169558, -7.3991122597507], [109.6925202169558, -7.399381753103197], [109.69090325684081, -7.399381753103197], [109.69090325684081, -7.399651246455694], [109.69063376348832, -7.399651246455694], [109.69063376348832, -7.399920739808191], [109.69036427013582, -7.399920739808191], [109.69036427013582, -7.400459726513186], [109.68847781666834, -7.400459726513186], [109.68847781666834, -7.400190233160689], [109.68389642967588, -7.400190233160689], [109.68389642967588, -7.399920739808191], [109.68093200279841, -7.399920739808191], [109.68093200279841, -7.401537699923176], [109.68120149615092, -7.401537699923176], [109.68120149615092, -7.40207668662817], [109.68093200279841, -7.40207668662817], [109.68093200279841, -7.402346179980667], [109.68066250944592, -7.402346179980667], [109.68066250944592, -7.402615673333164], [109.68039301609342, -7.402615673333164], [109.68039301609342, -7.403154660038159], [109.67985402938842, -7.403154660038159], [109.67985402938842, -7.402885166685662], [109.67958453603593, -7.402885166685662], [109.67958453603593, -7.402615673333164], [109.67931504268343, -7.402615673333164], [109.67931504268343, -7.40207668662817], [109.67904554933094, -7.40207668662817], [109.67904554933094, -7.400729219865684], [109.67769808256845, -7.400729219865684], [109.67769808256845, -7.400459726513186], [109.67742858921595, -7.400459726513186], [109.67742858921595, -7.400190233160689], [109.67635061580596, -7.400190233160689], [109.67635061580596, -7.399920739808191], [109.67123024210852, -7.399920739808191], [109.67123024210852, -7.399651246455694], [109.66988277534603, -7.399651246455694], [109.66988277534603, -7.398842766398203], [109.66961328199353, -7.398842766398203], [109.66961328199353, -7.398573273045705], [109.66907429528854, -7.398573273045705], [109.66907429528854, -7.398303779693208], [109.66880480193603, -7.398303779693208], [109.66880480193603, -7.397225806283219], [109.66907429528854, -7.397225806283219], [109.66907429528854, -7.396956312930722], [109.66934378864103, -7.396956312930722], [109.66934378864103, -7.396686819578224], [109.66880480193603, -7.396686819578224], [109.66880480193603, -7.396956312930722], [109.66853530858354, -7.396956312930722], [109.66853530858354, -7.397225806283219], [109.66799632187855, -7.397225806283219], [109.66799632187855, -7.3991122597507], [109.66826581523104, -7.3991122597507], [109.66826581523104, -7.400459726513186], [109.66853530858354, -7.400459726513186], [109.66853530858354, -7.400729219865684], [109.66880480193603, -7.400729219865684], [109.66880480193603, -7.400998713218181], [109.66907429528854, -7.400998713218181], [109.66907429528854, -7.401268206570678], [109.66934378864103, -7.401268206570678], [109.66934378864103, -7.401537699923176], [109.66961328199353, -7.401537699923176], [109.66961328199353, -7.402346179980667], [109.66934378864103, -7.402346179980667], [109.66934378864103, -7.403424153390657], [109.67123024210852, -7.403424153390657], [109.67123024210852, -7.403154660038159], [109.6723082155185, -7.403154660038159], [109.6723082155185, -7.402885166685662], [109.67338618892849, -7.402885166685662], [109.67338618892849, -7.402615673333164], [109.673655682281, -7.402615673333164], [109.673655682281, -7.402885166685662], [109.67446416233848, -7.402885166685662], [109.67446416233848, -7.402615673333164], [109.67527264239597, -7.402615673333164], [109.67527264239597, -7.402885166685662], [109.67554213574847, -7.402885166685662], [109.67554213574847, -7.403424153390657], [109.67608112245347, -7.403424153390657], [109.67608112245347, -7.403963140095652], [109.67662010915846, -7.403963140095652], [109.67662010915846, -7.404232633448149], [109.67742858921595, -7.404232633448149], [109.67742858921595, -7.403963140095652], [109.67796757592095, -7.403963140095652], [109.67796757592095, -7.404232633448149], [109.67823706927345, -7.404232633448149], [109.67823706927345, -7.404502126800645], [109.67850656262594, -7.404502126800645], [109.67850656262594, -7.404771620153143], [109.67877605597845, -7.404771620153143], [109.67877605597845, -7.40504111350564], [109.67904554933094, -7.40504111350564], [109.67904554933094, -7.405310606858138], [109.68066250944592, -7.405310606858138], [109.68066250944592, -7.405849593563133], [109.68281845626589, -7.405849593563133], [109.68281845626589, -7.40504111350564], [109.68174048285591, -7.40504111350564], [109.68174048285591, -7.404771620153143], [109.6820099762084, -7.404771620153143], [109.6820099762084, -7.404502126800645], [109.68281845626589, -7.404502126800645], [109.68281845626589, -7.404232633448149], [109.6830879496184, -7.404232633448149], [109.6830879496184, -7.402885166685662], [109.68281845626589, -7.402885166685662], [109.68281845626589, -7.402615673333164], [109.68335744297089, -7.402615673333164], [109.68335744297089, -7.402885166685662], [109.68739984325835, -7.402885166685662], [109.68739984325835, -7.402615673333164], [109.68766933661085, -7.402615673333164], [109.68766933661085, -7.40207668662817], [109.68874731002084, -7.40207668662817], [109.68874731002084, -7.401807193275673], [109.68901680337333, -7.401807193275673], [109.68901680337333, -7.40207668662817], [109.68982528343084, -7.40207668662817], [109.68982528343084, -7.402615673333164], [109.69009477678333, -7.402615673333164], [109.69009477678333, -7.402885166685662], [109.69036427013582, -7.402885166685662], [109.69036427013582, -7.403154660038159], [109.69117275019332, -7.403154660038159], [109.69117275019332, -7.402885166685662], [109.69144224354581, -7.402885166685662], [109.69144224354581, -7.403154660038159], [109.69171173689831, -7.403154660038159], [109.69171173689831, -7.403424153390657], [109.6930592036608, -7.403424153390657], [109.6930592036608, -7.403693646743154], [109.6933286970133, -7.403693646743154], [109.6933286970133, -7.404232633448149], [109.69817957735825, -7.404232633448149], [109.69817957735825, -7.402615673333164], [109.69629312389077, -7.402615673333164], [109.69629312389077, -7.402346179980667], [109.69602363053826, -7.402346179980667], [109.69602363053826, -7.401807193275673], [109.69548464383327, -7.401807193275673], [109.69548464383327, -7.401537699923176], [109.69494565712827, -7.401537699923176], [109.69494565712827, -7.400729219865684], [109.69548464383327, -7.400729219865684], [109.69548464383327, -7.400459726513186], [109.69710160394825, -7.400459726513186], [109.69710160394825, -7.400729219865684], [109.69737109730076, -7.400729219865684], [109.69737109730076, -7.400998713218181], [109.69764059065325, -7.400998713218181], [109.69764059065325, -7.401268206570678], [109.69791008400574, -7.401268206570678], [109.69791008400574, -7.401537699923176], [109.69817957735825, -7.401537699923176], [109.69817957735825, -7.401807193275673], [109.69844907071074, -7.401807193275673], [109.69844907071074, -7.40207668662817], [109.69925755076824, -7.40207668662817], [109.69925755076824, -7.401537699923176], [109.69952704412073, -7.401537699923176], [109.69952704412073, -7.401268206570678], [109.7014134975882, -7.401268206570678], [109.7014134975882, -7.401807193275673], [109.70168299094071, -7.401807193275673], [109.70168299094071, -7.40207668662817], [109.7019524842932, -7.40207668662817], [109.7019524842932, -7.402346179980667], [109.7032999510557, -7.402346179980667], [109.7032999510557, -7.401537699923176], [109.70356944440819, -7.401537699923176], [109.70356944440819, -7.401268206570678], [109.7038389377607, -7.401268206570678], [109.7038389377607, -7.401537699923176], [109.70410843111318, -7.401537699923176], [109.70410843111318, -7.40207668662817], [109.70464741781818, -7.40207668662817], [109.70464741781818, -7.402346179980667], [109.70545589787567, -7.402346179980667], [109.70545589787567, -7.402615673333164], [109.70680336463816, -7.402615673333164], [109.70680336463816, -7.401807193275673], [109.70653387128566, -7.401807193275673], [109.70653387128566, -7.401537699923176], [109.70599488458066, -7.401537699923176], [109.70599488458066, -7.400190233160689], [109.70653387128566, -7.400190233160689], [109.70653387128566, -7.3991122597507], [109.70707285799065, -7.3991122597507], [109.70707285799065, -7.399920739808191], [109.70842032475315, -7.399920739808191], [109.70842032475315, -7.400190233160689], [109.71057627157312, -7.400190233160689], [109.71057627157312, -7.399381753103197], [109.70949829816313, -7.399381753103197], [109.70949829816313, -7.3991122597507], [109.70922880481064, -7.3991122597507], [109.70922880481064, -7.398842766398203], [109.70895931145813, -7.398842766398203], [109.70895931145813, -7.396686819578224], [109.70922880481064, -7.396686819578224], [109.70922880481064, -7.394800366110743], [109.70895931145813, -7.394800366110743], [109.70895931145813, -7.394261379405748], [109.70815083140064, -7.394261379405748], [109.70815083140064, -7.394530872758246], [109.70788133804815, -7.394530872758246], [109.70788133804815, -7.394800366110743], [109.70761184469565, -7.394800366110743], [109.70761184469565, -7.394530872758246], [109.70680336463816, -7.394530872758246], [109.70680336463816, -7.394261379405748], [109.70545589787567, -7.394261379405748], [109.70545589787567, -7.393991886053251], [109.70464741781818, -7.393991886053251]], [[109.70437792446569, -7.395339352815737], [109.70599488458066, -7.395339352815737], [109.70599488458066, -7.395608846168235], [109.70653387128566, -7.395608846168235], [109.70653387128566, -7.395878339520732], [109.70788133804815, -7.395878339520732], [109.70788133804815, -7.396417326225727], [109.70815083140064, -7.396417326225727], [109.70815083140064, -7.397225806283219], [109.70842032475315, -7.397225806283219], [109.70842032475315, -7.397495299635716], [109.70815083140064, -7.397495299635716], [109.70815083140064, -7.398303779693208], [109.70788133804815, -7.398303779693208], [109.70788133804815, -7.398573273045705], [109.70734235134316, -7.398573273045705], [109.70734235134316, -7.398842766398203], [109.70545589787567, -7.398842766398203], [109.70545589787567, -7.3991122597507], [109.70464741781818, -7.3991122597507], [109.70464741781818, -7.399381753103197], [109.70437792446569, -7.399381753103197], [109.70437792446569, -7.399651246455694], [109.7038389377607, -7.399651246455694], [109.7038389377607, -7.400190233160689], [109.7032999510557, -7.400190233160689], [109.7032999510557, -7.400459726513186], [109.70303045770319, -7.400459726513186], [109.70303045770319, -7.400729219865684], [109.7024914709982, -7.400729219865684], [109.7024914709982, -7.400998713218181], [109.7019524842932, -7.400998713218181], [109.7019524842932, -7.400729219865684], [109.70168299094071, -7.400729219865684], [109.70168299094071, -7.399651246455694], [109.7019524842932, -7.399651246455694], [109.7019524842932, -7.399381753103197], [109.7024914709982, -7.399381753103197], [109.7024914709982, -7.398842766398203], [109.7027609643507, -7.398842766398203], [109.7027609643507, -7.398573273045705], [109.70303045770319, -7.398573273045705], [109.70303045770319, -7.39803428634071], [109.7032999510557, -7.39803428634071], [109.7032999510557, -7.396956312930722], [109.70356944440819, -7.396956312930722], [109.70356944440819, -7.396147832873229], [109.7038389377607, -7.396147832873229], [109.7038389377607, -7.395878339520732], [109.70410843111318, -7.395878339520732], [109.70410843111318, -7.395608846168235], [109.70437792446569, -7.395608846168235], [109.70437792446569, -7.395339352815737]], [[109.69710160394825, -7.3991122597507], [109.69737109730076, -7.3991122597507], [109.69737109730076, -7.399381753103197], [109.69844907071074, -7.399381753103197], [109.69844907071074, -7.399651246455694], [109.69898805741573, -7.399651246455694], [109.69898805741573, -7.400190233160689], [109.69871856406324, -7.400190233160689], [109.69871856406324, -7.400459726513186], [109.69737109730076, -7.400459726513186], [109.69737109730076, -7.400190233160689], [109.69683211059576, -7.400190233160689], [109.69683211059576, -7.399920739808191], [109.69656261724326, -7.399920739808191], [109.69656261724326, -7.399651246455694], [109.69683211059576, -7.399651246455694], [109.69683211059576, -7.399381753103197], [109.69710160394825, -7.399381753103197], [109.69710160394825, -7.3991122597507]], [[109.69386768371828, -7.399651246455694], [109.69413717707079, -7.399651246455694], [109.69413717707079, -7.399920739808191], [109.69467616377578, -7.399920739808191], [109.69467616377578, -7.400998713218181], [109.69440667042328, -7.400998713218181], [109.69440667042328, -7.40207668662817], [109.69413717707079, -7.40207668662817], [109.69413717707079, -7.402615673333164], [109.69359819036579, -7.402615673333164], [109.69359819036579, -7.402885166685662], [109.6925202169558, -7.402885166685662], [109.6925202169558, -7.402615673333164], [109.69144224354581, -7.402615673333164], [109.69144224354581, -7.402346179980667], [109.69117275019332, -7.402346179980667], [109.69117275019332, -7.40207668662817], [109.69090325684081, -7.40207668662817], [109.69090325684081, -7.401807193275673], [109.69063376348832, -7.401807193275673], [109.69063376348832, -7.401268206570678], [109.69090325684081, -7.401268206570678], [109.69090325684081, -7.400998713218181], [109.69117275019332, -7.400998713218181], [109.69117275019332, -7.400729219865684], [109.69144224354581, -7.400729219865684], [109.69144224354581, -7.400459726513186], [109.6919812302508, -7.400459726513186], [109.6919812302508, -7.400190233160689], [109.6925202169558, -7.400190233160689], [109.6925202169558, -7.399920739808191], [109.69386768371828, -7.399920739808191], [109.69386768371828, -7.399651246455694]], [[109.67015226869853, -7.400998713218181], [109.67203872216601, -7.400998713218181], [109.67203872216601, -7.401268206570678], [109.67392517563349, -7.401268206570678], [109.67392517563349, -7.400998713218181], [109.67581162910096, -7.400998713218181], [109.67581162910096, -7.401268206570678], [109.67662010915846, -7.401268206570678], [109.67662010915846, -7.401537699923176], [109.67715909586346, -7.401537699923176], [109.67715909586346, -7.401807193275673], [109.67742858921595, -7.401807193275673], [109.67742858921595, -7.40207668662817], [109.67796757592095, -7.40207668662817], [109.67796757592095, -7.402615673333164], [109.67823706927345, -7.402615673333164], [109.67823706927345, -7.403424153390657], [109.67688960251095, -7.403424153390657], [109.67688960251095, -7.403154660038159], [109.67635061580596, -7.403154660038159], [109.67635061580596, -7.402885166685662], [109.67608112245347, -7.402885166685662], [109.67608112245347, -7.402615673333164], [109.67554213574847, -7.402615673333164], [109.67554213574847, -7.402346179980667], [109.67527264239597, -7.402346179980667], [109.67527264239597, -7.40207668662817], [109.67473365569099, -7.40207668662817], [109.67473365569099, -7.401807193275673], [109.6723082155185, -7.401807193275673], [109.6723082155185, -7.40207668662817], [109.67069125540353, -7.40207668662817], [109.67069125540353, -7.401807193275673], [109.67042176205102, -7.401807193275673], [109.67042176205102, -7.401537699923176], [109.67015226869853, -7.401537699923176], [109.67015226869853, -7.400998713218181]], [[109.6825489629134, -7.400998713218181], [109.68389642967588, -7.400998713218181], [109.68389642967588, -7.401268206570678], [109.68524389643838, -7.401268206570678], [109.68524389643838, -7.401537699923176], [109.68551338979087, -7.401537699923176], [109.68551338979087, -7.401807193275673], [109.68389642967588, -7.401807193275673], [109.68389642967588, -7.40207668662817], [109.68335744297089, -7.40207668662817], [109.68335744297089, -7.402346179980667], [109.68227946956091, -7.402346179980667], [109.68227946956091, -7.401268206570678], [109.6825489629134, -7.401268206570678], [109.6825489629134, -7.400998713218181]]]}}, {"type": "Feature", "properties": {"fid": 97, "DN": 2, "Keterangan": "Sedang"}, "geometry": {"type": "Polygon", "coordinates": [[[109.77956656981243, -7.403424153390657], [109.77956656981243, -7.40504111350564], [109.77983606316492, -7.40504111350564], [109.77983606316492, -7.405580100210635], [109.78010555651743, -7.405580100210635], [109.78010555651743, -7.405849593563133], [109.78037504986992, -7.405849593563133], [109.78037504986992, -7.404232633448149], [109.78010555651743, -7.404232633448149], [109.78010555651743, -7.403424153390657], [109.77956656981243, -7.403424153390657]]]}}, {"type": "Feature", "properties": {"fid": 98, "DN": 2, "Keterangan": "Sedang"}, "geometry": {"type": "Polygon", "coordinates": [[[109.61706207825655, -7.403963140095652], [109.61706207825655, -7.404232633448149], [109.61679258490406, -7.404232633448149], [109.61679258490406, -7.404502126800645], [109.61598410484656, -7.404502126800645], [109.61598410484656, -7.404771620153143], [109.61544511814157, -7.404771620153143], [109.61544511814157, -7.40504111350564], [109.61517562478907, -7.40504111350564], [109.61517562478907, -7.405849593563133], [109.61571461149407, -7.405849593563133], [109.61571461149407, -7.405580100210635], [109.61652309155156, -7.405580100210635], [109.61652309155156, -7.40504111350564], [109.61706207825655, -7.40504111350564], [109.61706207825655, -7.404771620153143], [109.61733157160906, -7.404771620153143], [109.61733157160906, -7.404232633448149], [109.61760106496155, -7.404232633448149], [109.61760106496155, -7.403963140095652], [109.61706207825655, -7.403963140095652]]]}}, {"type": "Feature", "properties": {"fid": 99, "DN": 2, "Keterangan": "Sedang"}, "geometry": {"type": "Polygon", "coordinates": [[[109.54375988637729, -7.403154660038159], [109.54375988637729, -7.403424153390657], [109.54322089967229, -7.403424153390657], [109.54322089967229, -7.403693646743154], [109.5429514063198, -7.403693646743154], [109.5429514063198, -7.405310606858138], [109.5426819129673, -7.405310606858138], [109.5426819129673, -7.405849593563133], [109.5429514063198, -7.405849593563133], [109.5429514063198, -7.405580100210635], [109.54322089967229, -7.405580100210635], [109.54322089967229, -7.405310606858138], [109.54375988637729, -7.405310606858138], [109.54375988637729, -7.40504111350564], [109.54510735313977, -7.40504111350564], [109.54510735313977, -7.404502126800645], [109.54483785978728, -7.404502126800645], [109.54483785978728, -7.404232633448149], [109.54456836643477, -7.404232633448149], [109.54456836643477, -7.403693646743154], [109.54429887308228, -7.403693646743154], [109.54429887308228, -7.403424153390657], [109.54402937972979, -7.403424153390657], [109.54402937972979, -7.403154660038159], [109.54375988637729, -7.403154660038159]]]}}, {"type": "Feature", "properties": {"fid": 100, "DN": 2, "Keterangan": "Sedang"}, "geometry": {"type": "Polygon", "coordinates": [[[109.78037504986992, -7.405849593563133], [109.78037504986992, -7.40611908691563], [109.78064454322242, -7.40611908691563], [109.78064454322242, -7.405849593563133], [109.78037504986992, -7.405849593563133]]]}}, {"type": "Feature", "properties": {"fid": 101, "DN": 3, "Keterangan": "Tinggi"}, "geometry": {"type": "Polygon", "coordinates": [[[109.53783103262235, -7.40611908691563], [109.53783103262235, -7.406388580268127], [109.53810052597484, -7.406388580268127], [109.53810052597484, -7.40611908691563], [109.53783103262235, -7.40611908691563]]]}}, {"type": "Feature", "properties": {"fid": 102, "DN": 2, "Keterangan": "Sedang"}, "geometry": {"type": "Polygon", "coordinates": [[[109.78091403657491, -7.40611908691563], [109.78091403657491, -7.406388580268127], [109.78118352992742, -7.406388580268127], [109.78118352992742, -7.40611908691563], [109.78091403657491, -7.40611908691563]]]}}, {"type": "Feature", "properties": {"fid": 103, "DN": 2, "Keterangan": "Sedang"}, "geometry": {"type": "Polygon", "coordinates": [[[109.59092122306431, -7.405310606858138], [109.59092122306431, -7.405580100210635], [109.59065172971182, -7.405580100210635], [109.59065172971182, -7.405849593563133], [109.59038223635932, -7.405849593563133], [109.59038223635932, -7.406388580268127], [109.59065172971182, -7.406388580268127], [109.59065172971182, -7.406658073620624], [109.59119071641682, -7.406658073620624], [109.59119071641682, -7.406388580268127], [109.59146020976931, -7.406388580268127], [109.59146020976931, -7.405310606858138], [109.59092122306431, -7.405310606858138]]]}}, {"type": "Feature", "properties": {"fid": 104, "DN": 2, "Keterangan": "Sedang"}, "geometry": {"type": "Polygon", "coordinates": [[[109.78360897009989, -7.405580100210635], [109.78360897009989, -7.405849593563133], [109.7825309966899, -7.405849593563133], [109.7825309966899, -7.40611908691563], [109.78172251663241, -7.40611908691563], [109.78172251663241, -7.406658073620624], [109.78387846345238, -7.406658073620624], [109.78387846345238, -7.406388580268127], [109.78441745015738, -7.406388580268127], [109.78441745015738, -7.405580100210635], [109.78360897009989, -7.405580100210635]]]}}, {"type": "Feature", "properties": {"fid": 105, "DN": 2, "Keterangan": "Sedang"}, "geometry": {"type": "Polygon", "coordinates": [[[109.60870778432914, -7.405310606858138], [109.60870778432914, -7.405580100210635], [109.60762981091915, -7.405580100210635], [109.60762981091915, -7.405849593563133], [109.60709082421415, -7.405849593563133], [109.60709082421415, -7.40611908691563], [109.60682133086166, -7.40611908691563], [109.60682133086166, -7.407197060325619], [109.60816879762415, -7.407197060325619], [109.60816879762415, -7.406927566973121], [109.60924677103414, -7.406927566973121], [109.60924677103414, -7.406658073620624], [109.60978575773913, -7.406658073620624], [109.60978575773913, -7.406388580268127], [109.61005525109162, -7.406388580268127], [109.61005525109162, -7.40611908691563], [109.61032474444413, -7.40611908691563], [109.61032474444413, -7.405580100210635], [109.61005525109162, -7.405580100210635], [109.61005525109162, -7.405310606858138], [109.60870778432914, -7.405310606858138]]]}}, {"type": "Feature", "properties": {"fid": 106, "DN": 1, "Keterangan": "Rendah"}, "geometry": {"type": "Polygon", "coordinates": [[[109.54375988637729, -7.40504111350564], [109.54375988637729, -7.405310606858138], [109.54322089967229, -7.405310606858138], [109.54322089967229, -7.405580100210635], [109.5429514063198, -7.405580100210635], [109.5429514063198, -7.405849593563133], [109.5426819129673, -7.405849593563133], [109.5426819129673, -7.406658073620624], [109.5424124196148, -7.406658073620624], [109.5424124196148, -7.406927566973121], [109.54106495285231, -7.406927566973121], [109.54106495285231, -7.407197060325619], [109.54025647279482, -7.407197060325619], [109.54025647279482, -7.407466553678116], [109.5426819129673, -7.407466553678116], [109.5426819129673, -7.407197060325619], [109.5429514063198, -7.407197060325619], [109.5429514063198, -7.406927566973121], [109.54322089967229, -7.406927566973121], [109.54322089967229, -7.40611908691563], [109.5434903930248, -7.40611908691563], [109.5434903930248, -7.405849593563133], [109.54375988637729, -7.405849593563133], [109.54375988637729, -7.405580100210635], [109.54402937972979, -7.405580100210635], [109.54402937972979, -7.405310606858138], [109.54429887308228, -7.405310606858138], [109.54429887308228, -7.40504111350564], [109.54375988637729, -7.40504111350564]]]}}, {"type": "Feature", "properties": {"fid": 107, "DN": 2, "Keterangan": "Sedang"}, "geometry": {"type": "Polygon", "coordinates": [[[109.53675305921236, -7.405849593563133], [109.53675305921236, -7.406658073620624], [109.53702255256485, -7.406658073620624], [109.53702255256485, -7.408005540383111], [109.53810052597484, -7.408005540383111], [109.53810052597484, -7.407736047030614], [109.53863951267984, -7.407736047030614], [109.53863951267984, -7.407466553678116], [109.54025647279482, -7.407466553678116], [109.54025647279482, -7.407197060325619], [109.54106495285231, -7.407197060325619], [109.54106495285231, -7.406927566973121], [109.54133444620481, -7.406927566973121], [109.54133444620481, -7.406658073620624], [109.53971748608983, -7.406658073620624], [109.53971748608983, -7.406388580268127], [109.53890900603234, -7.406388580268127], [109.53890900603234, -7.40611908691563], [109.53810052597484, -7.40611908691563], [109.53810052597484, -7.405849593563133], [109.53675305921236, -7.405849593563133]], [[109.53783103262235, -7.40611908691563], [109.53810052597484, -7.40611908691563], [109.53810052597484, -7.406388580268127], [109.53783103262235, -7.406388580268127], [109.53783103262235, -7.40611908691563]]]}}, {"type": "Feature", "properties": {"fid": 108, "DN": 2, "Keterangan": "Sedang"}, "geometry": {"type": "Polygon", "coordinates": [[[109.5327106589249, -7.406658073620624], [109.5327106589249, -7.406927566973121], [109.53244116557241, -7.406927566973121], [109.53244116557241, -7.407736047030614], [109.5327106589249, -7.407736047030614], [109.5327106589249, -7.408005540383111], [109.5332496456299, -7.408005540383111], [109.5332496456299, -7.407736047030614], [109.53378863233489, -7.407736047030614], [109.53378863233489, -7.407466553678116], [109.53513609909737, -7.407466553678116], [109.53513609909737, -7.407736047030614], [109.53540559244988, -7.407736047030614], [109.53540559244988, -7.407197060325619], [109.53513609909737, -7.407197060325619], [109.53513609909737, -7.406927566973121], [109.53432761903989, -7.406927566973121], [109.53432761903989, -7.406658073620624], [109.53405812568738, -7.406658073620624], [109.53405812568738, -7.406927566973121], [109.53351913898238, -7.406927566973121], [109.53351913898238, -7.406658073620624], [109.5327106589249, -7.406658073620624]]]}}, {"type": "Feature", "properties": {"fid": 109, "DN": 1, "Keterangan": "Rendah"}, "geometry": {"type": "Polygon", "coordinates": [[[109.53890900603234, -7.407466553678116], [109.53890900603234, -7.408005540383111], [109.54025647279482, -7.408005540383111], [109.54025647279482, -7.407466553678116], [109.53890900603234, -7.407466553678116]]]}}, {"type": "Feature", "properties": {"fid": 110, "DN": 1, "Keterangan": "Rendah"}, "geometry": {"type": "Polygon", "coordinates": [[[109.5332496456299, -7.407736047030614], [109.5332496456299, -7.408005540383111], [109.53378863233489, -7.408005540383111], [109.53378863233489, -7.407736047030614], [109.5332496456299, -7.407736047030614]]]}}, {"type": "Feature", "properties": {"fid": 111, "DN": 1, "Keterangan": "Rendah"}, "geometry": {"type": "Polygon", "coordinates": [[[109.53810052597484, -7.407736047030614], [109.53810052597484, -7.408005540383111], [109.53837001932735, -7.408005540383111], [109.53837001932735, -7.407736047030614], [109.53810052597484, -7.407736047030614]]]}}, {"type": "Feature", "properties": {"fid": 112, "DN": 1, "Keterangan": "Rendah"}, "geometry": {"type": "Polygon", "coordinates": [[[109.53405812568738, -7.407466553678116], [109.53405812568738, -7.408005540383111], [109.53486660574488, -7.408005540383111], [109.53486660574488, -7.408814020440603], [109.53702255256485, -7.408814020440603], [109.53702255256485, -7.408275033735608], [109.53783103262235, -7.408275033735608], [109.53783103262235, -7.408005540383111], [109.53648356585987, -7.408005540383111], [109.53648356585987, -7.408275033735608], [109.53594457915487, -7.408275033735608], [109.53594457915487, -7.408005540383111], [109.53567508580237, -7.408005540383111], [109.53567508580237, -7.407736047030614], [109.53513609909737, -7.407736047030614], [109.53513609909737, -7.407466553678116], [109.53405812568738, -7.407466553678116]]]}}, {"type": "Feature", "properties": {"fid": 113, "DN": 2, "Keterangan": "Sedang"}, "geometry": {"type": "Polygon", "coordinates": [[[109.59577210340927, -7.409353007145597], [109.59577210340927, -7.409622500498094], [109.59550261005677, -7.409622500498094], [109.59550261005677, -7.409891993850592], [109.59523311670428, -7.409891993850592], [109.59523311670428, -7.410700473908084], [109.59604159676176, -7.410700473908084], [109.59604159676176, -7.410430980555587], [109.59631109011427, -7.410430980555587], [109.59631109011427, -7.410161487203089], [109.59658058346676, -7.410161487203089], [109.59658058346676, -7.409891993850592], [109.59685007681925, -7.409891993850592], [109.59685007681925, -7.409622500498094], [109.59711957017176, -7.409622500498094], [109.59711957017176, -7.409353007145597], [109.59577210340927, -7.409353007145597]]]}}, {"type": "Feature", "properties": {"fid": 114, "DN": 2, "Keterangan": "Sedang"}, "geometry": {"type": "Polygon", "coordinates": [[[109.79115478396982, -7.409353007145597], [109.79115478396982, -7.409622500498094], [109.79088529061731, -7.409622500498094], [109.79088529061731, -7.410161487203089], [109.79115478396982, -7.410161487203089], [109.79115478396982, -7.410700473908084], [109.7914242773223, -7.410700473908084], [109.7914242773223, -7.411239460613078], [109.79169377067481, -7.411239460613078], [109.79169377067481, -7.410161487203089], [109.7914242773223, -7.410161487203089], [109.7914242773223, -7.409353007145597], [109.79115478396982, -7.409353007145597]]]}}, {"type": "Feature", "properties": {"fid": 115, "DN": 2, "Keterangan": "Sedang"}, "geometry": {"type": "Polygon", "coordinates": [[[109.79438870419979, -7.410969967260582], [109.79438870419979, -7.411239460613078], [109.79465819755228, -7.411239460613078], [109.79465819755228, -7.410969967260582], [109.79438870419979, -7.410969967260582]]]}}, {"type": "Feature", "properties": {"fid": 116, "DN": 2, "Keterangan": "Sedang"}, "geometry": {"type": "Polygon", "coordinates": [[[109.79169377067481, -7.411239460613078], [109.79169377067481, -7.411508953965575], [109.7919632640273, -7.411508953965575], [109.7919632640273, -7.411778447318073], [109.79223275737981, -7.411778447318073], [109.79223275737981, -7.41204794067057], [109.7938497174948, -7.41204794067057], [109.7938497174948, -7.411778447318073], [109.79411921084728, -7.411778447318073], [109.79411921084728, -7.411508953965575], [109.79438870419979, -7.411508953965575], [109.79438870419979, -7.411239460613078], [109.7933107307898, -7.411239460613078], [109.7933107307898, -7.411508953965575], [109.79223275737981, -7.411508953965575], [109.79223275737981, -7.411239460613078], [109.79169377067481, -7.411239460613078]]]}}, {"type": "Feature", "properties": {"fid": 117, "DN": 2, "Keterangan": "Sedang"}, "geometry": {"type": "Polygon", "coordinates": [[[109.79681414437226, -7.410700473908084], [109.79681414437226, -7.410969967260582], [109.79654465101976, -7.410969967260582], [109.79654465101976, -7.411239460613078], [109.79681414437226, -7.411239460613078], [109.79681414437226, -7.411508953965575], [109.79735313107726, -7.411508953965575], [109.79735313107726, -7.411778447318073], [109.79789211778225, -7.411778447318073], [109.79789211778225, -7.41204794067057], [109.80112603801221, -7.41204794067057], [109.80112603801221, -7.412317434023068], [109.80166502471721, -7.412317434023068], [109.80166502471721, -7.412586927375565], [109.80193451806971, -7.412586927375565], [109.80193451806971, -7.412856420728062], [109.8032819848322, -7.412856420728062], [109.8032819848322, -7.412586927375565], [109.80355147818469, -7.412586927375565], [109.80355147818469, -7.412317434023068], [109.80382097153719, -7.412317434023068], [109.80382097153719, -7.41204794067057], [109.80193451806971, -7.41204794067057], [109.80193451806971, -7.411778447318073], [109.79977857124973, -7.411778447318073], [109.79977857124973, -7.411508953965575], [109.79816161113474, -7.411508953965575], [109.79816161113474, -7.411239460613078], [109.79735313107726, -7.411239460613078], [109.79735313107726, -7.410969967260582], [109.79708363772475, -7.410969967260582], [109.79708363772475, -7.410700473908084], [109.79681414437226, -7.410700473908084]]]}}, {"type": "Feature", "properties": {"fid": 118, "DN": 2, "Keterangan": "Sedang"}, "geometry": {"type": "Polygon", "coordinates": [[[109.50953423061013, -7.411239460613078], [109.50953423061013, -7.411508953965575], [109.50926473725764, -7.411508953965575], [109.50926473725764, -7.411778447318073], [109.50899524390513, -7.411778447318073], [109.50899524390513, -7.41204794067057], [109.50872575055264, -7.41204794067057], [109.50872575055264, -7.412317434023068], [109.50899524390513, -7.412317434023068], [109.50899524390513, -7.412586927375565], [109.50926473725764, -7.412586927375565], [109.50926473725764, -7.412856420728062], [109.51007321731512, -7.412856420728062], [109.51007321731512, -7.41312591408056], [109.5119596707826, -7.41312591408056], [109.5119596707826, -7.412856420728062], [109.5122291641351, -7.412856420728062], [109.5122291641351, -7.412586927375565], [109.5124986574876, -7.412586927375565], [109.5124986574876, -7.41204794067057], [109.5119596707826, -7.41204794067057], [109.5119596707826, -7.412317434023068], [109.5114206840776, -7.412317434023068], [109.5114206840776, -7.412586927375565], [109.51061220402012, -7.412586927375565], [109.51061220402012, -7.41204794067057], [109.51034271066763, -7.41204794067057], [109.51034271066763, -7.411508953965575], [109.51007321731512, -7.411508953965575], [109.51007321731512, -7.411239460613078], [109.50953423061013, -7.411239460613078]]]}}, {"type": "Feature", "properties": {"fid": 119, "DN": 1, "Keterangan": "Rendah"}, "geometry": {"type": "Polygon", "coordinates": [[[109.53244116557241, -7.407736047030614], [109.53244116557241, -7.408275033735608], [109.5321716722199, -7.408275033735608], [109.5321716722199, -7.408544527088106], [109.53190217886741, -7.408544527088106], [109.53190217886741, -7.408814020440603], [109.53109369880991, -7.408814020440603], [109.53109369880991, -7.4090835137931], [109.53028521875243, -7.4090835137931], [109.53028521875243, -7.409353007145597], [109.52947673869492, -7.409353007145597], [109.52947673869492, -7.409622500498094], [109.52597332511246, -7.409622500498094], [109.52597332511246, -7.409891993850592], [109.52543433840748, -7.409891993850592], [109.52543433840748, -7.410161487203089], [109.52489535170248, -7.410161487203089], [109.52489535170248, -7.410430980555587], [109.52435636499749, -7.410430980555587], [109.52435636499749, -7.410700473908084], [109.5227394048825, -7.410700473908084], [109.5227394048825, -7.410969967260582], [109.5222004181775, -7.410969967260582], [109.5222004181775, -7.411239460613078], [109.52085295141502, -7.411239460613078], [109.52085295141502, -7.411508953965575], [109.52004447135752, -7.411508953965575], [109.52004447135752, -7.411778447318073], [109.51923599130004, -7.411778447318073], [109.51923599130004, -7.411508953965575], [109.51815801789004, -7.411508953965575], [109.51815801789004, -7.411778447318073], [109.51788852453755, -7.411778447318073], [109.51788852453755, -7.41204794067057], [109.51761903118505, -7.41204794067057], [109.51761903118505, -7.412317434023068], [109.51734953783256, -7.412317434023068], [109.51734953783256, -7.412586927375565], [109.51600207107006, -7.412586927375565], [109.51600207107006, -7.412317434023068], [109.51546308436507, -7.412317434023068], [109.51546308436507, -7.41204794067057], [109.51519359101258, -7.41204794067057], [109.51519359101258, -7.411508953965575], [109.51492409766007, -7.411508953965575], [109.51492409766007, -7.411239460613078], [109.51465460430758, -7.411239460613078], [109.51465460430758, -7.410969967260582], [109.5133071375451, -7.410969967260582], [109.5133071375451, -7.411508953965575], [109.5130376441926, -7.411508953965575], [109.5130376441926, -7.411778447318073], [109.5127681508401, -7.411778447318073], [109.5127681508401, -7.41204794067057], [109.5124986574876, -7.41204794067057], [109.5124986574876, -7.412586927375565], [109.5122291641351, -7.412586927375565], [109.5122291641351, -7.412856420728062], [109.5119596707826, -7.412856420728062], [109.5119596707826, -7.41312591408056], [109.51007321731512, -7.41312591408056], [109.51007321731512, -7.412856420728062], [109.50926473725764, -7.412856420728062], [109.50926473725764, -7.412586927375565], [109.50899524390513, -7.412586927375565], [109.50899524390513, -7.412317434023068], [109.50872575055264, -7.412317434023068], [109.50872575055264, -7.41204794067057], [109.50818676384765, -7.41204794067057], [109.50818676384765, -7.410969967260582], [109.50791727049514, -7.410969967260582], [109.50791727049514, -7.410430980555587], [109.50764777714265, -7.410430980555587], [109.50764777714265, -7.410161487203089], [109.50737828379015, -7.410161487203089], [109.50737828379015, -7.409891993850592], [109.50441385691268, -7.409891993850592], [109.50441385691268, -7.410161487203089], [109.50414436356019, -7.410161487203089], [109.50414436356019, -7.410430980555587], [109.50387487020768, -7.410430980555587], [109.50387487020768, -7.410700473908084], [109.50360537685519, -7.410700473908084], [109.50360537685519, -7.411239460613078], [109.50333588350269, -7.411239460613078], [109.50333588350269, -7.411778447318073], [109.50360537685519, -7.411778447318073], [109.50360537685519, -7.41204794067057], [109.50387487020768, -7.41204794067057], [109.50387487020768, -7.411508953965575], [109.50441385691268, -7.411508953965575], [109.50441385691268, -7.411239460613078], [109.50468335026518, -7.411239460613078], [109.50468335026518, -7.410700473908084], [109.50495284361767, -7.410700473908084], [109.50495284361767, -7.410430980555587], [109.50549183032267, -7.410430980555587], [109.50549183032267, -7.410161487203089], [109.50656980373266, -7.410161487203089], [109.50656980373266, -7.410430980555587], [109.50710879043766, -7.410430980555587], [109.50710879043766, -7.411508953965575], [109.50737828379015, -7.411508953965575], [109.50737828379015, -7.41204794067057], [109.50791727049514, -7.41204794067057], [109.50791727049514, -7.412586927375565], [109.50818676384765, -7.412586927375565], [109.50818676384765, -7.413664900785554], [109.51061220402012, -7.413664900785554], [109.51061220402012, -7.413934394138051], [109.5124986574876, -7.413934394138051], [109.5124986574876, -7.413664900785554], [109.5127681508401, -7.413664900785554], [109.5127681508401, -7.413395407433057], [109.5130376441926, -7.413395407433057], [109.5130376441926, -7.41312591408056], [109.5133071375451, -7.41312591408056], [109.5133071375451, -7.412856420728062], [109.51357663089759, -7.412856420728062], [109.51357663089759, -7.412586927375565], [109.5138461242501, -7.412586927375565], [109.5138461242501, -7.412856420728062], [109.51465460430758, -7.412856420728062], [109.51465460430758, -7.41312591408056], [109.51492409766007, -7.41312591408056], [109.51492409766007, -7.413395407433057], [109.51788852453755, -7.413395407433057], [109.51788852453755, -7.41312591408056], [109.51842751124254, -7.41312591408056], [109.51842751124254, -7.412856420728062], [109.51869700459504, -7.412856420728062], [109.51869700459504, -7.412586927375565], [109.51923599130004, -7.412586927375565], [109.51923599130004, -7.412317434023068], [109.5222004181775, -7.412317434023068], [109.5222004181775, -7.41204794067057], [109.52246991153, -7.41204794067057], [109.52246991153, -7.411239460613078], [109.52570383175997, -7.411239460613078], [109.52570383175997, -7.410430980555587], [109.52732079187496, -7.410430980555587], [109.52732079187496, -7.409891993850592], [109.52759028522745, -7.409891993850592], [109.52759028522745, -7.410430980555587], [109.52974623204743, -7.410430980555587], [109.52974623204743, -7.409622500498094], [109.53055471210492, -7.409622500498094], [109.53055471210492, -7.409353007145597], [109.53190217886741, -7.409353007145597], [109.53190217886741, -7.4090835137931], [109.5321716722199, -7.4090835137931], [109.5321716722199, -7.408814020440603], [109.5329801522774, -7.408814020440603], [109.5329801522774, -7.408275033735608], [109.5332496456299, -7.408275033735608], [109.5332496456299, -7.408005540383111], [109.5327106589249, -7.408005540383111], [109.5327106589249, -7.407736047030614], [109.53244116557241, -7.407736047030614]]]}}, {"type": "Feature", "properties": {"fid": 120, "DN": 1, "Keterangan": "Rendah"}, "geometry": {"type": "Polygon", "coordinates": [[[109.8132532388746, -7.414473380843046], [109.8132532388746, -7.414742874195543], [109.81352273222709, -7.414742874195543], [109.81352273222709, -7.414473380843046], [109.8132532388746, -7.414473380843046]]]}}, {"type": "Feature", "properties": {"fid": 121, "DN": 2, "Keterangan": "Sedang"}, "geometry": {"type": "Polygon", "coordinates": [[[109.81837361257205, -7.416898821015522], [109.81837361257205, -7.417168314368019], [109.81864310592454, -7.417168314368019], [109.81864310592454, -7.416898821015522], [109.81837361257205, -7.416898821015522]]]}}, {"type": "Feature", "properties": {"fid": 122, "DN": 2, "Keterangan": "Sedang"}, "geometry": {"type": "Polygon", "coordinates": [[[109.57556010197197, -7.417168314368019], [109.57556010197197, -7.417437807720517], [109.57475162191447, -7.417437807720517], [109.57475162191447, -7.417707301073014], [109.57421263520948, -7.417707301073014], [109.57421263520948, -7.417976794425511], [109.57394314185699, -7.417976794425511], [109.57394314185699, -7.418515781130505], [109.57421263520948, -7.418515781130505], [109.57421263520948, -7.418785274483003], [109.57448212856198, -7.418785274483003], [109.57448212856198, -7.4190547678355], [109.57556010197197, -7.4190547678355], [109.57556010197197, -7.418785274483003], [109.57609908867697, -7.418785274483003], [109.57609908867697, -7.417976794425511], [109.57636858202946, -7.417976794425511], [109.57636858202946, -7.417437807720517], [109.57609908867697, -7.417437807720517], [109.57609908867697, -7.417168314368019], [109.57556010197197, -7.417168314368019]]]}}, {"type": "Feature", "properties": {"fid": 123, "DN": 2, "Keterangan": "Sedang"}, "geometry": {"type": "Polygon", "coordinates": [[[109.81864310592454, -7.417168314368019], [109.81864310592454, -7.417707301073014], [109.81891259927704, -7.417707301073014], [109.81891259927704, -7.418246287778008], [109.81918209262953, -7.418246287778008], [109.81918209262953, -7.418515781130505], [109.81945158598204, -7.418515781130505], [109.81945158598204, -7.418785274483003], [109.81972107933453, -7.418785274483003], [109.81972107933453, -7.4190547678355], [109.81999057268703, -7.4190547678355], [109.81999057268703, -7.419324261187998], [109.82026006603952, -7.419324261187998], [109.82026006603952, -7.419593754540495], [109.82052955939203, -7.419593754540495], [109.82052955939203, -7.419863247892993], [109.82079905274452, -7.419863247892993], [109.82079905274452, -7.419324261187998], [109.82052955939203, -7.419324261187998], [109.82052955939203, -7.4190547678355], [109.82026006603952, -7.4190547678355], [109.82026006603952, -7.418785274483003], [109.81999057268703, -7.418785274483003], [109.81999057268703, -7.418515781130505], [109.81972107933453, -7.418515781130505], [109.81972107933453, -7.418246287778008], [109.81945158598204, -7.418246287778008], [109.81945158598204, -7.417707301073014], [109.81918209262953, -7.417707301073014], [109.81918209262953, -7.417437807720517], [109.81891259927704, -7.417437807720517], [109.81891259927704, -7.417168314368019], [109.81864310592454, -7.417168314368019]]]}}, {"type": "Feature", "properties": {"fid": 124, "DN": 1, "Keterangan": "Rendah"}, "geometry": {"type": "Polygon", "coordinates": [[[109.82915334667193, -7.419593754540495], [109.82915334667193, -7.419863247892993], [109.82942284002444, -7.419863247892993], [109.82942284002444, -7.419593754540495], [109.82915334667193, -7.419593754540495]]]}}, {"type": "Feature", "properties": {"fid": 125, "DN": 2, "Keterangan": "Sedang"}, "geometry": {"type": "Polygon", "coordinates": [[[109.82079905274452, -7.419863247892993], [109.82079905274452, -7.42013274124549], [109.82106854609701, -7.42013274124549], [109.82106854609701, -7.419863247892993], [109.82079905274452, -7.419863247892993]]]}}, {"type": "Feature", "properties": {"fid": 126, "DN": 1, "Keterangan": "Rendah"}, "geometry": {"type": "Polygon", "coordinates": [[[109.772290249295, -7.3991122597507], [109.772290249295, -7.399920739808191], [109.77336822270499, -7.399920739808191], [109.77336822270499, -7.400190233160689], [109.7736377160575, -7.400190233160689], [109.7736377160575, -7.402615673333164], [109.77336822270499, -7.402615673333164], [109.77336822270499, -7.402885166685662], [109.7730987293525, -7.402885166685662], [109.7730987293525, -7.403154660038159], [109.772829236, -7.403154660038159], [109.772829236, -7.404502126800645], [109.7730987293525, -7.404502126800645], [109.7730987293525, -7.404771620153143], [109.77336822270499, -7.404771620153143], [109.77336822270499, -7.405310606858138], [109.77390720940998, -7.405310606858138], [109.77390720940998, -7.405580100210635], [109.77417670276249, -7.405580100210635], [109.77417670276249, -7.40611908691563], [109.77444619611498, -7.40611908691563], [109.77444619611498, -7.408814020440603], [109.77471568946748, -7.408814020440603], [109.77471568946748, -7.409622500498094], [109.77498518281998, -7.409622500498094], [109.77498518281998, -7.409891993850592], [109.77552416952497, -7.409891993850592], [109.77552416952497, -7.410161487203089], [109.77579366287748, -7.410161487203089], [109.77579366287748, -7.410700473908084], [109.77606315622997, -7.410700473908084], [109.77606315622997, -7.412317434023068], [109.77579366287748, -7.412317434023068], [109.77579366287748, -7.412586927375565], [109.77552416952497, -7.412586927375565], [109.77552416952497, -7.412856420728062], [109.77471568946748, -7.412856420728062], [109.77471568946748, -7.41312591408056], [109.77444619611498, -7.41312591408056], [109.77444619611498, -7.413664900785554], [109.77417670276249, -7.413664900785554], [109.77417670276249, -7.413395407433057], [109.77336822270499, -7.413395407433057], [109.77336822270499, -7.413934394138051], [109.772829236, -7.413934394138051], [109.772829236, -7.414203887490549], [109.7725597426475, -7.414203887490549], [109.7725597426475, -7.414473380843046], [109.77148176923751, -7.414473380843046], [109.77148176923751, -7.414742874195543], [109.77121227588502, -7.414742874195543], [109.77121227588502, -7.415551354253036], [109.77148176923751, -7.415551354253036], [109.77148176923751, -7.415820847605533], [109.77175126259002, -7.415820847605533], [109.77175126259002, -7.41609034095803], [109.7725597426475, -7.41609034095803], [109.7725597426475, -7.416359834310527], [109.772829236, -7.416359834310527], [109.772829236, -7.417707301073014], [109.7730987293525, -7.417707301073014], [109.7730987293525, -7.417976794425511], [109.77336822270499, -7.417976794425511], [109.77336822270499, -7.418515781130505], [109.7736377160575, -7.418515781130505], [109.7736377160575, -7.418785274483003], [109.77444619611498, -7.418785274483003], [109.77444619611498, -7.417976794425511], [109.77417670276249, -7.417976794425511], [109.77417670276249, -7.417437807720517], [109.77390720940998, -7.417437807720517], [109.77390720940998, -7.416629327663024], [109.7736377160575, -7.416629327663024], [109.7736377160575, -7.415820847605533], [109.77336822270499, -7.415820847605533], [109.77336822270499, -7.415012367548041], [109.7736377160575, -7.415012367548041], [109.7736377160575, -7.414742874195543], [109.77471568946748, -7.414742874195543], [109.77471568946748, -7.414473380843046], [109.77498518281998, -7.414473380843046], [109.77498518281998, -7.414203887490549], [109.77525467617248, -7.414203887490549], [109.77525467617248, -7.413934394138051], [109.77633264958246, -7.413934394138051], [109.77633264958246, -7.41312591408056], [109.77660214293496, -7.41312591408056], [109.77660214293496, -7.412856420728062], [109.77687163628745, -7.412856420728062], [109.77687163628745, -7.410161487203089], [109.77660214293496, -7.410161487203089], [109.77660214293496, -7.409353007145597], [109.77633264958246, -7.409353007145597], [109.77633264958246, -7.4090835137931], [109.77606315622997, -7.4090835137931], [109.77606315622997, -7.408814020440603], [109.77579366287748, -7.408814020440603], [109.77579366287748, -7.408005540383111], [109.77552416952497, -7.408005540383111], [109.77552416952497, -7.407736047030614], [109.77525467617248, -7.407736047030614], [109.77525467617248, -7.406658073620624], [109.77552416952497, -7.406658073620624], [109.77552416952497, -7.404771620153143], [109.77525467617248, -7.404771620153143], [109.77525467617248, -7.404232633448149], [109.77498518281998, -7.404232633448149], [109.77498518281998, -7.403963140095652], [109.77444619611498, -7.403963140095652], [109.77444619611498, -7.403693646743154], [109.77417670276249, -7.403693646743154], [109.77417670276249, -7.403154660038159], [109.77444619611498, -7.403154660038159], [109.77444619611498, -7.402615673333164], [109.77471568946748, -7.402615673333164], [109.77471568946748, -7.401268206570678], [109.77444619611498, -7.401268206570678], [109.77444619611498, -7.400998713218181], [109.77552416952497, -7.400998713218181], [109.77552416952497, -7.401268206570678], [109.77579366287748, -7.401268206570678], [109.77579366287748, -7.401537699923176], [109.77606315622997, -7.401537699923176], [109.77606315622997, -7.401807193275673], [109.77633264958246, -7.401807193275673], [109.77633264958246, -7.402346179980667], [109.77768011634495, -7.402346179980667], [109.77768011634495, -7.402615673333164], [109.77794960969744, -7.402615673333164], [109.77794960969744, -7.403154660038159], [109.77875808975494, -7.403154660038159], [109.77875808975494, -7.406388580268127], [109.78037504986992, -7.406388580268127], [109.78037504986992, -7.407197060325619], [109.78414795680489, -7.407197060325619], [109.78414795680489, -7.406658073620624], [109.78441745015738, -7.406658073620624], [109.78441745015738, -7.407197060325619], [109.78576491691987, -7.407197060325619], [109.78576491691987, -7.407466553678116], [109.78684289032986, -7.407466553678116], [109.78684289032986, -7.408005540383111], [109.78765137038735, -7.408005540383111], [109.78765137038735, -7.408814020440603], [109.78872934379734, -7.408814020440603], [109.78872934379734, -7.4090835137931], [109.78926833050234, -7.4090835137931], [109.78926833050234, -7.409622500498094], [109.78980731720733, -7.409622500498094], [109.78980731720733, -7.409891993850592], [109.79007681055982, -7.409891993850592], [109.79007681055982, -7.410430980555587], [109.79061579726482, -7.410430980555587], [109.79061579726482, -7.411508953965575], [109.79088529061731, -7.411508953965575], [109.79088529061731, -7.41204794067057], [109.79115478396982, -7.41204794067057], [109.79115478396982, -7.412317434023068], [109.7914242773223, -7.412317434023068], [109.7914242773223, -7.412586927375565], [109.7919632640273, -7.412586927375565], [109.7919632640273, -7.412856420728062], [109.7930412374373, -7.412856420728062], [109.7930412374373, -7.412586927375565], [109.79438870419979, -7.412586927375565], [109.79438870419979, -7.412317434023068], [109.79492769090477, -7.412317434023068], [109.79492769090477, -7.41204794067057], [109.79546667760977, -7.41204794067057], [109.79546667760977, -7.411778447318073], [109.79573617096227, -7.411778447318073], [109.79573617096227, -7.41204794067057], [109.79654465101976, -7.41204794067057], [109.79654465101976, -7.412317434023068], [109.79762262442975, -7.412317434023068], [109.79762262442975, -7.412586927375565], [109.79789211778225, -7.412586927375565], [109.79789211778225, -7.415551354253036], [109.79762262442975, -7.415551354253036], [109.79762262442975, -7.415820847605533], [109.79681414437226, -7.415820847605533], [109.79681414437226, -7.416359834310527], [109.79654465101976, -7.416359834310527], [109.79654465101976, -7.417168314368019], [109.79681414437226, -7.417168314368019], [109.79681414437226, -7.417707301073014], [109.79708363772475, -7.417707301073014], [109.79708363772475, -7.418246287778008], [109.79681414437226, -7.418246287778008], [109.79681414437226, -7.418785274483003], [109.79654465101976, -7.418785274483003], [109.79654465101976, -7.419593754540495], [109.79600566431476, -7.419593754540495], [109.79600566431476, -7.420402234597987], [109.79654465101976, -7.420402234597987], [109.79654465101976, -7.420671727950484], [109.79735313107726, -7.420671727950484], [109.79735313107726, -7.420402234597987], [109.79762262442975, -7.420402234597987], [109.79762262442975, -7.419324261187998], [109.79789211778225, -7.419324261187998], [109.79789211778225, -7.418785274483003], [109.79843110448724, -7.418785274483003], [109.79843110448724, -7.41609034095803], [109.79870059783974, -7.41609034095803], [109.79870059783974, -7.415551354253036], [109.79897009119223, -7.415551354253036], [109.79897009119223, -7.414742874195543], [109.79923958454474, -7.414742874195543], [109.79923958454474, -7.41312591408056], [109.79897009119223, -7.41312591408056], [109.79897009119223, -7.412586927375565], [109.79870059783974, -7.412586927375565], [109.79870059783974, -7.412317434023068], [109.80112603801221, -7.412317434023068], [109.80112603801221, -7.41204794067057], [109.79789211778225, -7.41204794067057], [109.79789211778225, -7.411778447318073], [109.79735313107726, -7.411778447318073], [109.79735313107726, -7.411508953965575], [109.79681414437226, -7.411508953965575], [109.79681414437226, -7.411239460613078], [109.79654465101976, -7.411239460613078], [109.79654465101976, -7.410969967260582], [109.79681414437226, -7.410969967260582], [109.79681414437226, -7.410430980555587], [109.79492769090477, -7.410430980555587], [109.79492769090477, -7.410700473908084], [109.79465819755228, -7.410700473908084], [109.79465819755228, -7.411239460613078], [109.79438870419979, -7.411239460613078], [109.79438870419979, -7.411508953965575], [109.79411921084728, -7.411508953965575], [109.79411921084728, -7.411778447318073], [109.7938497174948, -7.411778447318073], [109.7938497174948, -7.41204794067057], [109.79223275737981, -7.41204794067057], [109.79223275737981, -7.411778447318073], [109.7919632640273, -7.411778447318073], [109.7919632640273, -7.411508953965575], [109.79169377067481, -7.411508953965575], [109.79169377067481, -7.411239460613078], [109.7914242773223, -7.411239460613078], [109.7914242773223, -7.410700473908084], [109.79115478396982, -7.410700473908084], [109.79115478396982, -7.410161487203089], [109.79088529061731, -7.410161487203089], [109.79088529061731, -7.409622500498094], [109.79115478396982, -7.409622500498094], [109.79115478396982, -7.408814020440603], [109.79088529061731, -7.408814020440603], [109.79088529061731, -7.408544527088106], [109.79034630391233, -7.408544527088106], [109.79034630391233, -7.408275033735608], [109.78980731720733, -7.408275033735608], [109.78980731720733, -7.408005540383111], [109.78926833050234, -7.408005540383111], [109.78926833050234, -7.407736047030614], [109.78872934379734, -7.407736047030614], [109.78872934379734, -7.407466553678116], [109.78792086373984, -7.407466553678116], [109.78792086373984, -7.407197060325619], [109.78738187703485, -7.407197060325619], [109.78738187703485, -7.406927566973121], [109.78711238368236, -7.406927566973121], [109.78711238368236, -7.406658073620624], [109.78684289032986, -7.406658073620624], [109.78684289032986, -7.406388580268127], [109.78657339697736, -7.406388580268127], [109.78657339697736, -7.40611908691563], [109.78603441027236, -7.40611908691563], [109.78603441027236, -7.405849593563133], [109.78522593021488, -7.405849593563133], [109.78522593021488, -7.405580100210635], [109.78441745015738, -7.405580100210635], [109.78441745015738, -7.406388580268127], [109.78387846345238, -7.406388580268127], [109.78387846345238, -7.406658073620624], [109.78172251663241, -7.406658073620624], [109.78172251663241, -7.406388580268127], [109.78091403657491, -7.406388580268127], [109.78091403657491, -7.40611908691563], [109.78037504986992, -7.40611908691563], [109.78037504986992, -7.405849593563133], [109.78010555651743, -7.405849593563133], [109.78010555651743, -7.405580100210635], [109.77983606316492, -7.405580100210635], [109.77983606316492, -7.40504111350564], [109.77956656981243, -7.40504111350564], [109.77956656981243, -7.403424153390657], [109.78010555651743, -7.403424153390657], [109.78010555651743, -7.403154660038159], [109.77983606316492, -7.403154660038159], [109.77983606316492, -7.402885166685662], [109.77956656981243, -7.402885166685662], [109.77956656981243, -7.402346179980667], [109.77929707645994, -7.402346179980667], [109.77929707645994, -7.40207668662817], [109.77902758310744, -7.40207668662817], [109.77902758310744, -7.401807193275673], [109.77848859640244, -7.401807193275673], [109.77848859640244, -7.401537699923176], [109.77821910304995, -7.401537699923176], [109.77821910304995, -7.401268206570678], [109.77794960969744, -7.401268206570678], [109.77794960969744, -7.400998713218181], [109.77741062299245, -7.400998713218181], [109.77741062299245, -7.400729219865684], [109.77687163628745, -7.400729219865684], [109.77687163628745, -7.400459726513186], [109.77660214293496, -7.400459726513186], [109.77660214293496, -7.400190233160689], [109.77633264958246, -7.400190233160689], [109.77633264958246, -7.399920739808191], [109.77552416952497, -7.399920739808191], [109.77552416952497, -7.399651246455694], [109.77417670276249, -7.399651246455694], [109.77417670276249, -7.399381753103197], [109.77336822270499, -7.399381753103197], [109.77336822270499, -7.3991122597507], [109.772290249295, -7.3991122597507]]]}}, {"type": "Feature", "properties": {"fid": 127, "DN": 2, "Keterangan": "Sedang"}, "geometry": {"type": "Polygon", "coordinates": [[[109.82888385331944, -7.419593754540495], [109.82888385331944, -7.419863247892993], [109.82807537326195, -7.419863247892993], [109.82807537326195, -7.420941221302981], [109.82834486661444, -7.420941221302981], [109.82834486661444, -7.421210714655479], [109.82861435996693, -7.421210714655479], [109.82861435996693, -7.420671727950484], [109.82915334667193, -7.420671727950484], [109.82915334667193, -7.420402234597987], [109.82942284002444, -7.420402234597987], [109.82942284002444, -7.42013274124549], [109.82969233337693, -7.42013274124549], [109.82969233337693, -7.419863247892993], [109.82915334667193, -7.419863247892993], [109.82915334667193, -7.419593754540495], [109.82888385331944, -7.419593754540495]]]}}, {"type": "Feature", "properties": {"fid": 128, "DN": 2, "Keterangan": "Sedang"}, "geometry": {"type": "Polygon", "coordinates": [[[109.83077030678692, -7.421480208007976], [109.83077030678692, -7.421749701360473], [109.82942284002444, -7.421749701360473], [109.82942284002444, -7.422019194712971], [109.82969233337693, -7.422019194712971], [109.82969233337693, -7.422288688065468], [109.83023132008192, -7.422288688065468], [109.83023132008192, -7.422019194712971], [109.83130929349191, -7.422019194712971], [109.83130929349191, -7.421749701360473], [109.83157878684442, -7.421749701360473], [109.83157878684442, -7.421480208007976], [109.83077030678692, -7.421480208007976]]]}}, {"type": "Feature", "properties": {"fid": 129, "DN": 2, "Keterangan": "Sedang"}, "geometry": {"type": "Polygon", "coordinates": [[[109.56990074156953, -7.420671727950484], [109.56990074156953, -7.420941221302981], [109.56963124821704, -7.420941221302981], [109.56963124821704, -7.421210714655479], [109.56909226151204, -7.421210714655479], [109.56909226151204, -7.421480208007976], [109.56828378145454, -7.421480208007976], [109.56828378145454, -7.421749701360473], [109.56801428810205, -7.421749701360473], [109.56801428810205, -7.422019194712971], [109.56828378145454, -7.422019194712971], [109.56828378145454, -7.422558181417966], [109.56990074156953, -7.422558181417966], [109.56990074156953, -7.422288688065468], [109.57043972827452, -7.422288688065468], [109.57043972827452, -7.421749701360473], [109.57070922162701, -7.421749701360473], [109.57070922162701, -7.420941221302981], [109.57043972827452, -7.420941221302981], [109.57043972827452, -7.420671727950484], [109.56990074156953, -7.420671727950484]]]}}, {"type": "Feature", "properties": {"fid": 130, "DN": 1, "Keterangan": "Rendah"}, "geometry": {"type": "Polygon", "coordinates": [[[109.81352273222709, -7.414742874195543], [109.81352273222709, -7.415012367548041], [109.81379222557959, -7.415012367548041], [109.81379222557959, -7.415281860900538], [109.81460070563708, -7.415281860900538], [109.81460070563708, -7.41609034095803], [109.81621766575206, -7.41609034095803], [109.81621766575206, -7.416898821015522], [109.81675665245706, -7.416898821015522], [109.81675665245706, -7.417168314368019], [109.81729563916205, -7.417168314368019], [109.81729563916205, -7.417437807720517], [109.81783462586705, -7.417437807720517], [109.81783462586705, -7.418515781130505], [109.81837361257205, -7.418515781130505], [109.81837361257205, -7.418785274483003], [109.81864310592454, -7.418785274483003], [109.81864310592454, -7.4190547678355], [109.81891259927704, -7.4190547678355], [109.81891259927704, -7.419324261187998], [109.81945158598204, -7.419324261187998], [109.81945158598204, -7.419593754540495], [109.81972107933453, -7.419593754540495], [109.81972107933453, -7.419863247892993], [109.82026006603952, -7.419863247892993], [109.82026006603952, -7.420941221302981], [109.82079905274452, -7.420941221302981], [109.82079905274452, -7.421210714655479], [109.82106854609701, -7.421210714655479], [109.82106854609701, -7.421749701360473], [109.82133803944951, -7.421749701360473], [109.82133803944951, -7.422827674770462], [109.821607532802, -7.422827674770462], [109.821607532802, -7.42309716812296], [109.82187702615451, -7.42309716812296], [109.82187702615451, -7.423366661475457], [109.822146519507, -7.423366661475457], [109.822146519507, -7.423636154827954], [109.8224160128595, -7.423636154827954], [109.8224160128595, -7.423905648180452], [109.822685506212, -7.423905648180452], [109.822685506212, -7.424175141532949], [109.8229549995645, -7.424175141532949], [109.8229549995645, -7.424444634885447], [109.8234939862695, -7.424444634885447], [109.8234939862695, -7.424714128237944], [109.82403297297449, -7.424714128237944], [109.82403297297449, -7.424983621590441], [109.82430246632698, -7.424983621590441], [109.82430246632698, -7.425253114942938], [109.82511094638447, -7.425253114942938], [109.82511094638447, -7.425522608295435], [109.82591942644197, -7.425522608295435], [109.82591942644197, -7.424175141532949], [109.82564993308947, -7.424175141532949], [109.82564993308947, -7.423905648180452], [109.82538043973697, -7.423905648180452], [109.82538043973697, -7.423636154827954], [109.82457195967947, -7.423636154827954], [109.82457195967947, -7.423366661475457], [109.82322449291699, -7.423366661475457], [109.82322449291699, -7.422558181417966], [109.82403297297449, -7.422558181417966], [109.82403297297449, -7.421749701360473], [109.82457195967947, -7.421749701360473], [109.82457195967947, -7.421480208007976], [109.82484145303198, -7.421480208007976], [109.82484145303198, -7.421210714655479], [109.82511094638447, -7.421210714655479], [109.82511094638447, -7.420941221302981], [109.82645841314697, -7.420941221302981], [109.82645841314697, -7.420671727950484], [109.82753638655696, -7.420671727950484], [109.82753638655696, -7.422558181417966], [109.82834486661444, -7.422558181417966], [109.82834486661444, -7.423366661475457], [109.82969233337693, -7.423366661475457], [109.82969233337693, -7.422558181417966], [109.8321177735494, -7.422558181417966], [109.8321177735494, -7.42309716812296], [109.8323872669019, -7.42309716812296], [109.8323872669019, -7.423366661475457], [109.8326567602544, -7.423366661475457], [109.8326567602544, -7.42309716812296], [109.8329262536069, -7.42309716812296], [109.8329262536069, -7.422288688065468], [109.8326567602544, -7.422288688065468], [109.8326567602544, -7.422019194712971], [109.83184828019691, -7.422019194712971], [109.83184828019691, -7.421749701360473], [109.83130929349191, -7.421749701360473], [109.83130929349191, -7.422019194712971], [109.83023132008192, -7.422019194712971], [109.83023132008192, -7.422288688065468], [109.82969233337693, -7.422288688065468], [109.82969233337693, -7.422019194712971], [109.82942284002444, -7.422019194712971], [109.82942284002444, -7.421749701360473], [109.82888385331944, -7.421749701360473], [109.82888385331944, -7.421480208007976], [109.82861435996693, -7.421480208007976], [109.82861435996693, -7.421210714655479], [109.82834486661444, -7.421210714655479], [109.82834486661444, -7.420941221302981], [109.82807537326195, -7.420941221302981], [109.82807537326195, -7.419863247892993], [109.82888385331944, -7.419863247892993], [109.82888385331944, -7.419593754540495], [109.82672790649946, -7.419593754540495], [109.82672790649946, -7.419863247892993], [109.82618891979446, -7.419863247892993], [109.82618891979446, -7.42013274124549], [109.82538043973697, -7.42013274124549], [109.82538043973697, -7.420402234597987], [109.82457195967947, -7.420402234597987], [109.82457195967947, -7.420671727950484], [109.82403297297449, -7.420671727950484], [109.82403297297449, -7.420941221302981], [109.8234939862695, -7.420941221302981], [109.8234939862695, -7.421210714655479], [109.822146519507, -7.421210714655479], [109.822146519507, -7.420941221302981], [109.821607532802, -7.420941221302981], [109.821607532802, -7.420671727950484], [109.82133803944951, -7.420671727950484], [109.82133803944951, -7.420402234597987], [109.82106854609701, -7.420402234597987], [109.82106854609701, -7.42013274124549], [109.82079905274452, -7.42013274124549], [109.82079905274452, -7.419863247892993], [109.82052955939203, -7.419863247892993], [109.82052955939203, -7.419593754540495], [109.82026006603952, -7.419593754540495], [109.82026006603952, -7.419324261187998], [109.81999057268703, -7.419324261187998], [109.81999057268703, -7.4190547678355], [109.81972107933453, -7.4190547678355], [109.81972107933453, -7.418785274483003], [109.81945158598204, -7.418785274483003], [109.81945158598204, -7.418515781130505], [109.81918209262953, -7.418515781130505], [109.81918209262953, -7.418246287778008], [109.81891259927704, -7.418246287778008], [109.81891259927704, -7.417707301073014], [109.81864310592454, -7.417707301073014], [109.81864310592454, -7.417168314368019], [109.81837361257205, -7.417168314368019], [109.81837361257205, -7.416359834310527], [109.81810411921954, -7.416359834310527], [109.81810411921954, -7.41609034095803], [109.81783462586705, -7.41609034095803], [109.81783462586705, -7.415820847605533], [109.81729563916205, -7.415820847605533], [109.81729563916205, -7.415551354253036], [109.81675665245706, -7.415551354253036], [109.81675665245706, -7.415281860900538], [109.81567867904707, -7.415281860900538], [109.81567867904707, -7.415012367548041], [109.81460070563708, -7.415012367548041], [109.81460070563708, -7.414742874195543], [109.81352273222709, -7.414742874195543]], [[109.822146519507, -7.421480208007976], [109.822685506212, -7.421480208007976], [109.822685506212, -7.422288688065468], [109.822146519507, -7.422288688065468], [109.822146519507, -7.421480208007976]]]}}, {"type": "Feature", "properties": {"fid": 131, "DN": 1, "Keterangan": "Rendah"}, "geometry": {"type": "Polygon", "coordinates": [[[109.80382097153719, -7.41204794067057], [109.80382097153719, -7.412317434023068], [109.80355147818469, -7.412317434023068], [109.80355147818469, -7.412586927375565], [109.8032819848322, -7.412586927375565], [109.8032819848322, -7.412856420728062], [109.80193451806971, -7.412856420728062], [109.80193451806971, -7.412586927375565], [109.80166502471721, -7.412586927375565], [109.80166502471721, -7.412317434023068], [109.80112603801221, -7.412317434023068], [109.80112603801221, -7.413664900785554], [109.80139553136472, -7.413664900785554], [109.80139553136472, -7.413934394138051], [109.80166502471721, -7.413934394138051], [109.80166502471721, -7.414203887490549], [109.80193451806971, -7.414203887490549], [109.80193451806971, -7.414473380843046], [109.80301249147969, -7.414473380843046], [109.80301249147969, -7.414742874195543], [109.8032819848322, -7.414742874195543], [109.8032819848322, -7.415012367548041], [109.80355147818469, -7.415012367548041], [109.80355147818469, -7.415281860900538], [109.80409046488968, -7.415281860900538], [109.80409046488968, -7.415551354253036], [109.80435995824219, -7.415551354253036], [109.80435995824219, -7.415820847605533], [109.80462945159468, -7.415820847605533], [109.80462945159468, -7.41609034095803], [109.80516843829967, -7.41609034095803], [109.80516843829967, -7.416898821015522], [109.80543793165218, -7.416898821015522], [109.80543793165218, -7.417168314368019], [109.80570742500467, -7.417168314368019], [109.80570742500467, -7.417437807720517], [109.80597691835716, -7.417437807720517], [109.80597691835716, -7.417976794425511], [109.80624641170967, -7.417976794425511], [109.80624641170967, -7.418246287778008], [109.80597691835716, -7.418246287778008], [109.80597691835716, -7.419593754540495], [109.80651590506216, -7.419593754540495], [109.80651590506216, -7.421210714655479], [109.80705489176715, -7.421210714655479], [109.80705489176715, -7.424714128237944], [109.80678539841466, -7.424714128237944], [109.80678539841466, -7.424983621590441], [109.80651590506216, -7.424983621590441], [109.80651590506216, -7.425253114942938], [109.80624641170967, -7.425253114942938], [109.80624641170967, -7.426600581705425], [109.80570742500467, -7.426600581705425], [109.80570742500467, -7.428756528525403], [109.80651590506216, -7.428756528525403], [109.80651590506216, -7.427948048467911], [109.80678539841466, -7.427948048467911], [109.80678539841466, -7.427678555115414], [109.80705489176715, -7.427678555115414], [109.80705489176715, -7.427409061762916], [109.80732438511966, -7.427409061762916], [109.80732438511966, -7.426870075057922], [109.80759387847215, -7.426870075057922], [109.80759387847215, -7.42606159500043], [109.80786337182465, -7.42606159500043], [109.80786337182465, -7.422288688065468], [109.80813286517714, -7.422288688065468], [109.80813286517714, -7.421749701360473], [109.80840235852965, -7.421749701360473], [109.80840235852965, -7.42013274124549], [109.80813286517714, -7.42013274124549], [109.80813286517714, -7.419593754540495], [109.80759387847215, -7.419593754540495], [109.80759387847215, -7.419324261187998], [109.80732438511966, -7.419324261187998], [109.80732438511966, -7.4190547678355], [109.80705489176715, -7.4190547678355], [109.80705489176715, -7.417976794425511], [109.80732438511966, -7.417976794425511], [109.80732438511966, -7.416359834310527], [109.80705489176715, -7.416359834310527], [109.80705489176715, -7.415820847605533], [109.80678539841466, -7.415820847605533], [109.80678539841466, -7.414742874195543], [109.80597691835716, -7.414742874195543], [109.80597691835716, -7.414473380843046], [109.80570742500467, -7.414473380843046], [109.80570742500467, -7.414203887490549], [109.80382097153719, -7.414203887490549], [109.80382097153719, -7.413664900785554], [109.80355147818469, -7.413664900785554], [109.80355147818469, -7.413395407433057], [109.8022040114222, -7.413395407433057], [109.8022040114222, -7.41312591408056], [109.80355147818469, -7.41312591408056], [109.80355147818469, -7.412856420728062], [109.80382097153719, -7.412856420728062], [109.80382097153719, -7.41312591408056], [109.80543793165218, -7.41312591408056], [109.80543793165218, -7.413664900785554], [109.80624641170967, -7.413664900785554], [109.80624641170967, -7.414473380843046], [109.80732438511966, -7.414473380843046], [109.80732438511966, -7.414742874195543], [109.80867185188214, -7.414742874195543], [109.80867185188214, -7.415012367548041], [109.81028881199713, -7.415012367548041], [109.81028881199713, -7.414742874195543], [109.81244475881711, -7.414742874195543], [109.81244475881711, -7.414473380843046], [109.8127142521696, -7.414473380843046], [109.8127142521696, -7.414203887490549], [109.81190577211211, -7.414203887490549], [109.81190577211211, -7.413934394138051], [109.81082779870212, -7.413934394138051], [109.81082779870212, -7.413664900785554], [109.80921083858713, -7.413664900785554], [109.80921083858713, -7.413934394138051], [109.80786337182465, -7.413934394138051], [109.80786337182465, -7.413664900785554], [109.80732438511966, -7.413664900785554], [109.80732438511966, -7.413395407433057], [109.80705489176715, -7.413395407433057], [109.80705489176715, -7.41312591408056], [109.80651590506216, -7.41312591408056], [109.80651590506216, -7.412856420728062], [109.80570742500467, -7.412856420728062], [109.80570742500467, -7.412586927375565], [109.80516843829967, -7.412586927375565], [109.80516843829967, -7.412317434023068], [109.80435995824219, -7.412317434023068], [109.80435995824219, -7.41204794067057], [109.80382097153719, -7.41204794067057]]]}}, {"type": "Feature", "properties": {"fid": 132, "DN": 2, "Keterangan": "Sedang"}, "geometry": {"type": "Polygon", "coordinates": [[[109.62811130570894, -7.429295515230398], [109.62811130570894, -7.429834501935392], [109.62945877247144, -7.429834501935392], [109.62945877247144, -7.429565008582895], [109.62918927911893, -7.429565008582895], [109.62918927911893, -7.429295515230398], [109.62811130570894, -7.429295515230398]]]}}, {"type": "Feature", "properties": {"fid": 133, "DN": 2, "Keterangan": "Sedang"}, "geometry": {"type": "Polygon", "coordinates": [[[109.55885151411714, -7.427409061762916], [109.55885151411714, -7.427678555115414], [109.55561759388716, -7.427678555115414], [109.55561759388716, -7.427948048467911], [109.55480911382968, -7.427948048467911], [109.55480911382968, -7.428217541820409], [109.5526531670097, -7.428217541820409], [109.5526531670097, -7.427948048467911], [109.5523836736572, -7.427948048467911], [109.5523836736572, -7.428217541820409], [109.55157519359972, -7.428217541820409], [109.55157519359972, -7.428487035172906], [109.55130570024721, -7.428487035172906], [109.55130570024721, -7.428756528525403], [109.55076671354222, -7.428756528525403], [109.55076671354222, -7.429026021877901], [109.55049722018973, -7.429026021877901], [109.55049722018973, -7.429295515230398], [109.55022772683722, -7.429295515230398], [109.55022772683722, -7.429565008582895], [109.54995823348473, -7.429565008582895], [109.54995823348473, -7.430373488640387], [109.55049722018973, -7.430373488640387], [109.55049722018973, -7.430642981992884], [109.55103620689472, -7.430642981992884], [109.55103620689472, -7.430373488640387], [109.55588708723967, -7.430373488640387], [109.55588708723967, -7.430642981992884], [109.55669556729715, -7.430642981992884], [109.55669556729715, -7.430373488640387], [109.55750404735466, -7.430373488640387], [109.55750404735466, -7.43010399528789], [109.55777354070715, -7.43010399528789], [109.55777354070715, -7.429834501935392], [109.55804303405965, -7.429834501935392], [109.55804303405965, -7.429565008582895], [109.55831252741214, -7.429565008582895], [109.55831252741214, -7.429295515230398], [109.55858202076465, -7.429295515230398], [109.55858202076465, -7.428756528525403], [109.55885151411714, -7.428756528525403], [109.55885151411714, -7.428487035172906], [109.55912100746964, -7.428487035172906], [109.55912100746964, -7.428217541820409], [109.55965999417462, -7.428217541820409], [109.55965999417462, -7.427948048467911], [109.55992948752713, -7.427948048467911], [109.55992948752713, -7.427409061762916], [109.55885151411714, -7.427409061762916]]]}}, {"type": "Feature", "properties": {"fid": 134, "DN": 2, "Keterangan": "Sedang"}, "geometry": {"type": "Polygon", "coordinates": [[[109.6119417045591, -7.429026021877901], [109.6119417045591, -7.429295515230398], [109.61113322450161, -7.429295515230398], [109.61113322450161, -7.429565008582895], [109.61059423779662, -7.429565008582895], [109.61059423779662, -7.43010399528789], [109.61086373114912, -7.43010399528789], [109.61086373114912, -7.430373488640387], [109.61113322450161, -7.430373488640387], [109.61113322450161, -7.430642981992884], [109.61355866467409, -7.430642981992884], [109.61355866467409, -7.43010399528789], [109.61382815802659, -7.43010399528789], [109.61382815802659, -7.429565008582895], [109.61355866467409, -7.429565008582895], [109.61355866467409, -7.429295515230398], [109.6124806912641, -7.429295515230398], [109.6124806912641, -7.429026021877901], [109.6119417045591, -7.429026021877901]]]}}, {"type": "Feature", "properties": {"fid": 135, "DN": 2, "Keterangan": "Sedang"}, "geometry": {"type": "Polygon", "coordinates": [[[109.6038569039842, -7.429834501935392], [109.6038569039842, -7.43010399528789], [109.6033179172792, -7.43010399528789], [109.6033179172792, -7.430912475345382], [109.60439589068918, -7.430912475345382], [109.60439589068918, -7.43010399528789], [109.60412639733669, -7.43010399528789], [109.60412639733669, -7.429834501935392], [109.6038569039842, -7.429834501935392]]]}}, {"type": "Feature", "properties": {"fid": 136, "DN": 2, "Keterangan": "Sedang"}, "geometry": {"type": "Polygon", "coordinates": [[[109.58930426294933, -7.436571835747825], [109.58930426294933, -7.436841329100322], [109.58768730283435, -7.436841329100322], [109.58768730283435, -7.437110822452819], [109.58741780948185, -7.437110822452819], [109.58741780948185, -7.437380315805317], [109.58849578289184, -7.437380315805317], [109.58849578289184, -7.437110822452819], [109.59092122306431, -7.437110822452819], [109.59092122306431, -7.436841329100322], [109.59011274300683, -7.436841329100322], [109.59011274300683, -7.436571835747825], [109.58930426294933, -7.436571835747825]]]}}, {"type": "Feature", "properties": {"fid": 137, "DN": 2, "Keterangan": "Sedang"}, "geometry": {"type": "Polygon", "coordinates": [[[109.53540559244988, -7.437110822452819], [109.53540559244988, -7.437380315805317], [109.53513609909737, -7.437380315805317], [109.53513609909737, -7.437919302510312], [109.53540559244988, -7.437919302510312], [109.53540559244988, -7.438188795862809], [109.53621407250736, -7.438188795862809], [109.53621407250736, -7.438458289215307], [109.53648356585987, -7.438458289215307], [109.53648356585987, -7.438727782567804], [109.53675305921236, -7.438727782567804], [109.53675305921236, -7.4389972759203], [109.53702255256485, -7.4389972759203], [109.53702255256485, -7.439536262625295], [109.53756153926984, -7.439536262625295], [109.53756153926984, -7.439266769272798], [109.53783103262235, -7.439266769272798], [109.53783103262235, -7.438458289215307], [109.53756153926984, -7.438458289215307], [109.53756153926984, -7.438188795862809], [109.53675305921236, -7.438188795862809], [109.53675305921236, -7.437919302510312], [109.53648356585987, -7.437919302510312], [109.53648356585987, -7.437649809157814], [109.53594457915487, -7.437649809157814], [109.53594457915487, -7.437380315805317], [109.53567508580237, -7.437380315805317], [109.53567508580237, -7.437110822452819], [109.53540559244988, -7.437110822452819]]]}}, {"type": "Feature", "properties": {"fid": 138, "DN": 2, "Keterangan": "Sedang"}, "geometry": {"type": "Polygon", "coordinates": [[[109.58121946237442, -7.439266769272798], [109.58121946237442, -7.439536262625295], [109.58068047566942, -7.439536262625295], [109.58068047566942, -7.439805755977793], [109.58041098231692, -7.439805755977793], [109.58041098231692, -7.44007524933029], [109.57987199561192, -7.44007524933029], [109.57987199561192, -7.440344742682788], [109.57960250225943, -7.440344742682788], [109.57960250225943, -7.440614236035285], [109.57933300890693, -7.440614236035285], [109.57933300890693, -7.441153222740279], [109.57960250225943, -7.441153222740279], [109.57960250225943, -7.441422716092776], [109.57987199561192, -7.441422716092776], [109.57987199561192, -7.441692209445274], [109.58094996902192, -7.441692209445274], [109.58094996902192, -7.441422716092776], [109.58121946237442, -7.441422716092776], [109.58121946237442, -7.441153222740279], [109.5817584490794, -7.441153222740279], [109.5817584490794, -7.440883729387782], [109.5820279424319, -7.440883729387782], [109.5820279424319, -7.440614236035285], [109.5825669291369, -7.440614236035285], [109.5825669291369, -7.440344742682788], [109.5828364224894, -7.440344742682788], [109.5828364224894, -7.44007524933029], [109.5831059158419, -7.44007524933029], [109.5831059158419, -7.439536262625295], [109.58337540919439, -7.439536262625295], [109.58337540919439, -7.439266769272798], [109.58121946237442, -7.439266769272798]]]}}, {"type": "Feature", "properties": {"fid": 139, "DN": 2, "Keterangan": "Sedang"}, "geometry": {"type": "Polygon", "coordinates": [[[109.52732079187496, -7.440883729387782], [109.52732079187496, -7.441153222740279], [109.52651231181746, -7.441153222740279], [109.52651231181746, -7.441422716092776], [109.52624281846497, -7.441422716092776], [109.52624281846497, -7.441692209445274], [109.52597332511246, -7.441692209445274], [109.52597332511246, -7.441961702797771], [109.52624281846497, -7.441961702797771], [109.52624281846497, -7.442231196150269], [109.52705129852245, -7.442231196150269], [109.52705129852245, -7.441961702797771], [109.52785977857995, -7.441961702797771], [109.52785977857995, -7.441692209445274], [109.52839876528495, -7.441692209445274], [109.52839876528495, -7.441422716092776], [109.52866825863744, -7.441422716092776], [109.52866825863744, -7.441153222740279], [109.52920724534243, -7.441153222740279], [109.52920724534243, -7.440883729387782], [109.52732079187496, -7.440883729387782]]]}}, {"type": "Feature", "properties": {"fid": 140, "DN": 1, "Keterangan": "Rendah"}, "geometry": {"type": "Polygon", "coordinates": [[[109.48743577570535, -7.442231196150269], [109.48743577570535, -7.442500689502766], [109.48770526905786, -7.442500689502766], [109.48770526905786, -7.442231196150269], [109.48743577570535, -7.442231196150269]]]}}, {"type": "Feature", "properties": {"fid": 141, "DN": 2, "Keterangan": "Sedang"}, "geometry": {"type": "Polygon", "coordinates": [[[109.48150692195041, -7.441961702797771], [109.48150692195041, -7.442231196150269], [109.48069844189293, -7.442231196150269], [109.48069844189293, -7.442500689502766], [109.48042894854042, -7.442500689502766], [109.48042894854042, -7.442770182855263], [109.48096793524542, -7.442770182855263], [109.48096793524542, -7.443039676207761], [109.48123742859791, -7.443039676207761], [109.48123742859791, -7.443309169560258], [109.4817764153029, -7.443309169560258], [109.4817764153029, -7.443578662912755], [109.4823154020079, -7.443578662912755], [109.4823154020079, -7.443309169560258], [109.4825848953604, -7.443309169560258], [109.4825848953604, -7.443039676207761], [109.4831238820654, -7.443039676207761], [109.4831238820654, -7.442770182855263], [109.48339337541789, -7.442770182855263], [109.48339337541789, -7.442500689502766], [109.4828543887129, -7.442500689502766], [109.4828543887129, -7.442231196150269], [109.4823154020079, -7.442231196150269], [109.4823154020079, -7.441961702797771], [109.48150692195041, -7.441961702797771]]]}}, {"type": "Feature", "properties": {"fid": 142, "DN": 1, "Keterangan": "Rendah"}, "geometry": {"type": "Polygon", "coordinates": [[[109.4728831346705, -7.441692209445274], [109.4728831346705, -7.441961702797771], [109.4723441479655, -7.441961702797771], [109.4723441479655, -7.442231196150269], [109.47207465461301, -7.442231196150269], [109.47207465461301, -7.443039676207761], [109.4718051612605, -7.443039676207761], [109.4718051612605, -7.44411764961775], [109.47207465461301, -7.44411764961775], [109.47207465461301, -7.444656636322744], [109.4723441479655, -7.444656636322744], [109.4723441479655, -7.443848156265252], [109.472613641318, -7.443848156265252], [109.472613641318, -7.443309169560258], [109.4728831346705, -7.443309169560258], [109.4728831346705, -7.442770182855263], [109.473152628023, -7.442770182855263], [109.473152628023, -7.442500689502766], [109.47369161472798, -7.442500689502766], [109.47369161472798, -7.442231196150269], [109.47503908149048, -7.442231196150269], [109.47503908149048, -7.441961702797771], [109.47476958813797, -7.441961702797771], [109.47476958813797, -7.441692209445274], [109.4728831346705, -7.441692209445274]]]}}, {"type": "Feature", "properties": {"fid": 143, "DN": 1, "Keterangan": "Rendah"}, "geometry": {"type": "Polygon", "coordinates": [[[109.48447134882788, -7.444656636322744], [109.48447134882788, -7.444926129675242], [109.48474084218037, -7.444926129675242], [109.48474084218037, -7.444656636322744], [109.48447134882788, -7.444656636322744]]]}}, {"type": "Feature", "properties": {"fid": 144, "DN": 1, "Keterangan": "Rendah"}, "geometry": {"type": "Polygon", "coordinates": [[[109.48474084218037, -7.444926129675242], [109.48474084218037, -7.445195623027739], [109.48501033553288, -7.445195623027739], [109.48501033553288, -7.444926129675242], [109.48474084218037, -7.444926129675242]]]}}, {"type": "Feature", "properties": {"fid": 145, "DN": 2, "Keterangan": "Sedang"}, "geometry": {"type": "Polygon", "coordinates": [[[109.48770526905786, -7.442231196150269], [109.48770526905786, -7.442500689502766], [109.48743577570535, -7.442500689502766], [109.48743577570535, -7.44411764961775], [109.48716628235286, -7.44411764961775], [109.48716628235286, -7.444387142970247], [109.48689678900035, -7.444387142970247], [109.48689678900035, -7.444656636322744], [109.48662729564786, -7.444656636322744], [109.48662729564786, -7.444926129675242], [109.48635780229536, -7.444926129675242], [109.48635780229536, -7.445195623027739], [109.48662729564786, -7.445195623027739], [109.48662729564786, -7.445465116380237], [109.48689678900035, -7.445465116380237], [109.48689678900035, -7.445195623027739], [109.48797476241035, -7.445195623027739], [109.48797476241035, -7.444926129675242], [109.48878324246783, -7.444926129675242], [109.48878324246783, -7.444656636322744], [109.48986121587782, -7.444656636322744], [109.48986121587782, -7.444926129675242], [109.49040020258282, -7.444926129675242], [109.49040020258282, -7.44411764961775], [109.49013070923033, -7.44411764961775], [109.49013070923033, -7.443309169560258], [109.48986121587782, -7.443309169560258], [109.48986121587782, -7.443039676207761], [109.48959172252533, -7.443039676207761], [109.48959172252533, -7.442770182855263], [109.48932222917283, -7.442770182855263], [109.48932222917283, -7.442500689502766], [109.48905273582034, -7.442500689502766], [109.48905273582034, -7.442231196150269], [109.48770526905786, -7.442231196150269]]]}}, {"type": "Feature", "properties": {"fid": 146, "DN": 1, "Keterangan": "Rendah"}, "geometry": {"type": "Polygon", "coordinates": [[[109.48501033553288, -7.445195623027739], [109.48501033553288, -7.445465116380237], [109.48527982888537, -7.445465116380237], [109.48527982888537, -7.445195623027739], [109.48501033553288, -7.445195623027739]]]}}, {"type": "Feature", "properties": {"fid": 147, "DN": 2, "Keterangan": "Sedang"}, "geometry": {"type": "Polygon", "coordinates": [[[109.47692553495796, -7.445465116380237], [109.47692553495796, -7.445734609732733], [109.47719502831045, -7.445734609732733], [109.47719502831045, -7.445465116380237], [109.47692553495796, -7.445465116380237]]]}}, {"type": "Feature", "properties": {"fid": 148, "DN": 2, "Keterangan": "Sedang"}, "geometry": {"type": "Polygon", "coordinates": [[[109.47962046848293, -7.445465116380237], [109.47962046848293, -7.445734609732733], [109.48015945518793, -7.445734609732733], [109.48015945518793, -7.445465116380237], [109.47962046848293, -7.445465116380237]]]}}, {"type": "Feature", "properties": {"fid": 149, "DN": 2, "Keterangan": "Sedang"}, "geometry": {"type": "Polygon", "coordinates": [[[109.47827300172044, -7.445734609732733], [109.47827300172044, -7.44600410308523], [109.47881198842543, -7.44600410308523], [109.47881198842543, -7.445734609732733], [109.47827300172044, -7.445734609732733]]]}}, {"type": "Feature", "properties": {"fid": 150, "DN": 1, "Keterangan": "Rendah"}, "geometry": {"type": "Polygon", "coordinates": [[[109.48878324246783, -7.444656636322744], [109.48878324246783, -7.444926129675242], [109.48932222917283, -7.444926129675242], [109.48932222917283, -7.445195623027739], [109.48959172252533, -7.445195623027739], [109.48959172252533, -7.445465116380237], [109.49013070923033, -7.445465116380237], [109.49013070923033, -7.445734609732733], [109.49040020258282, -7.445734609732733], [109.49040020258282, -7.44600410308523], [109.49066969593532, -7.44600410308523], [109.49066969593532, -7.446273596437728], [109.49093918928781, -7.446273596437728], [109.49093918928781, -7.445734609732733], [109.49066969593532, -7.445734609732733], [109.49066969593532, -7.444926129675242], [109.48986121587782, -7.444926129675242], [109.48986121587782, -7.444656636322744], [109.48878324246783, -7.444656636322744]]]}}, {"type": "Feature", "properties": {"fid": 151, "DN": 1, "Keterangan": "Rendah"}, "geometry": {"type": "Polygon", "coordinates": [[[109.48797476241035, -7.444926129675242], [109.48797476241035, -7.445195623027739], [109.48689678900035, -7.445195623027739], [109.48689678900035, -7.445465116380237], [109.48662729564786, -7.445465116380237], [109.48662729564786, -7.445195623027739], [109.48581881559036, -7.445195623027739], [109.48581881559036, -7.445465116380237], [109.48527982888537, -7.445465116380237], [109.48527982888537, -7.445734609732733], [109.48581881559036, -7.445734609732733], [109.48581881559036, -7.44600410308523], [109.48635780229536, -7.44600410308523], [109.48635780229536, -7.446273596437728], [109.48770526905786, -7.446273596437728], [109.48770526905786, -7.44600410308523], [109.48797476241035, -7.44600410308523], [109.48797476241035, -7.445734609732733], [109.48851374911534, -7.445734609732733], [109.48851374911534, -7.445465116380237], [109.48878324246783, -7.445465116380237], [109.48878324246783, -7.444926129675242], [109.48797476241035, -7.444926129675242]]]}}, {"type": "Feature", "properties": {"fid": 152, "DN": 1, "Keterangan": "Rendah"}, "geometry": {"type": "Polygon", "coordinates": [[[109.48042894854042, -7.441422716092776], [109.48042894854042, -7.441961702797771], [109.48015945518793, -7.441961702797771], [109.48015945518793, -7.442500689502766], [109.48069844189293, -7.442500689502766], [109.48069844189293, -7.442231196150269], [109.48150692195041, -7.442231196150269], [109.48150692195041, -7.441961702797771], [109.4823154020079, -7.441961702797771], [109.4823154020079, -7.442231196150269], [109.4828543887129, -7.442231196150269], [109.4828543887129, -7.442500689502766], [109.48339337541789, -7.442500689502766], [109.48339337541789, -7.442770182855263], [109.4831238820654, -7.442770182855263], [109.4831238820654, -7.443039676207761], [109.4825848953604, -7.443039676207761], [109.4825848953604, -7.443309169560258], [109.4823154020079, -7.443309169560258], [109.4823154020079, -7.443578662912755], [109.48204590865541, -7.443578662912755], [109.48204590865541, -7.44411764961775], [109.4817764153029, -7.44411764961775], [109.4817764153029, -7.444387142970247], [109.48150692195041, -7.444387142970247], [109.48150692195041, -7.444656636322744], [109.48123742859791, -7.444656636322744], [109.48123742859791, -7.444926129675242], [109.48069844189293, -7.444926129675242], [109.48069844189293, -7.445195623027739], [109.48042894854042, -7.445195623027739], [109.48042894854042, -7.445465116380237], [109.48015945518793, -7.445465116380237], [109.48015945518793, -7.445734609732733], [109.47881198842543, -7.445734609732733], [109.47881198842543, -7.44600410308523], [109.47827300172044, -7.44600410308523], [109.47827300172044, -7.445734609732733], [109.47692553495796, -7.445734609732733], [109.47692553495796, -7.445465116380237], [109.47638654825296, -7.445465116380237], [109.47638654825296, -7.445195623027739], [109.47611705490047, -7.445195623027739], [109.47611705490047, -7.444926129675242], [109.47584756154797, -7.444926129675242], [109.47584756154797, -7.444656636322744], [109.47450009478548, -7.444656636322744], [109.47450009478548, -7.444926129675242], [109.47503908149048, -7.444926129675242], [109.47503908149048, -7.445195623027739], [109.47530857484297, -7.445195623027739], [109.47530857484297, -7.445465116380237], [109.47557806819547, -7.445465116380237], [109.47557806819547, -7.446273596437728], [109.47638654825296, -7.446273596437728], [109.47638654825296, -7.446543089790225], [109.47854249507294, -7.446543089790225], [109.47854249507294, -7.446273596437728], [109.48150692195041, -7.446273596437728], [109.48150692195041, -7.444926129675242], [109.4817764153029, -7.444926129675242], [109.4817764153029, -7.444656636322744], [109.4823154020079, -7.444656636322744], [109.4823154020079, -7.44411764961775], [109.4828543887129, -7.44411764961775], [109.4828543887129, -7.443848156265252], [109.4831238820654, -7.443848156265252], [109.4831238820654, -7.443578662912755], [109.48339337541789, -7.443578662912755], [109.48339337541789, -7.443848156265252], [109.48393236212289, -7.443848156265252], [109.48393236212289, -7.44411764961775], [109.48420185547539, -7.44411764961775], [109.48420185547539, -7.444656636322744], [109.48447134882788, -7.444656636322744], [109.48447134882788, -7.443848156265252], [109.48420185547539, -7.443848156265252], [109.48420185547539, -7.443309169560258], [109.48393236212289, -7.443309169560258], [109.48393236212289, -7.442770182855263], [109.4836628687704, -7.442770182855263], [109.4836628687704, -7.442231196150269], [109.48339337541789, -7.442231196150269], [109.48339337541789, -7.441961702797771], [109.4831238820654, -7.441961702797771], [109.4831238820654, -7.441692209445274], [109.4828543887129, -7.441692209445274], [109.4828543887129, -7.441422716092776], [109.48042894854042, -7.441422716092776]]]}}, {"type": "Feature", "properties": {"fid": 153, "DN": 1, "Keterangan": "Rendah"}, "geometry": {"type": "Polygon", "coordinates": [[[109.46425934739058, -7.44600410308523], [109.46425934739058, -7.446273596437728], [109.46372036068558, -7.446273596437728], [109.46372036068558, -7.446543089790225], [109.46506782744808, -7.446543089790225], [109.46506782744808, -7.446273596437728], [109.46533732080057, -7.446273596437728], [109.46533732080057, -7.44600410308523], [109.46425934739058, -7.44600410308523]]]}}, {"type": "Feature", "properties": {"fid": 154, "DN": 1, "Keterangan": "Rendah"}, "geometry": {"type": "Polygon", "coordinates": [[[109.44970670635573, -7.446543089790225], [109.44970670635573, -7.446812583142723], [109.45051518641323, -7.446812583142723], [109.45051518641323, -7.446543089790225], [109.44970670635573, -7.446543089790225]]]}}, {"type": "Feature", "properties": {"fid": 155, "DN": 1, "Keterangan": "Rendah"}, "geometry": {"type": "Polygon", "coordinates": [[[109.4629118806281, -7.446543089790225], [109.4629118806281, -7.446812583142723], [109.4634508673331, -7.446812583142723], [109.4634508673331, -7.446543089790225], [109.4629118806281, -7.446543089790225]]]}}, {"type": "Feature", "properties": {"fid": 156, "DN": 1, "Keterangan": "Rendah"}, "geometry": {"type": "Polygon", "coordinates": [[[109.49093918928781, -7.446273596437728], [109.49093918928781, -7.44708207649522], [109.49147817599281, -7.44708207649522], [109.49147817599281, -7.446812583142723], [109.49120868264032, -7.446812583142723], [109.49120868264032, -7.446273596437728], [109.49093918928781, -7.446273596437728]]]}}, {"type": "Feature", "properties": {"fid": 157, "DN": 1, "Keterangan": "Rendah"}, "geometry": {"type": "Polygon", "coordinates": [[[109.4623728939231, -7.446812583142723], [109.4623728939231, -7.44708207649522], [109.4626423872756, -7.44708207649522], [109.4626423872756, -7.446812583142723], [109.4623728939231, -7.446812583142723]]]}}, {"type": "Feature", "properties": {"fid": 158, "DN": 2, "Keterangan": "Sedang"}, "geometry": {"type": "Polygon", "coordinates": [[[109.47369161472798, -7.442231196150269], [109.47369161472798, -7.442500689502766], [109.473152628023, -7.442500689502766], [109.473152628023, -7.442770182855263], [109.4728831346705, -7.442770182855263], [109.4728831346705, -7.443309169560258], [109.472613641318, -7.443309169560258], [109.472613641318, -7.443848156265252], [109.4723441479655, -7.443848156265252], [109.4723441479655, -7.444656636322744], [109.47207465461301, -7.444656636322744], [109.47207465461301, -7.444926129675242], [109.4723441479655, -7.444926129675242], [109.4723441479655, -7.445465116380237], [109.472613641318, -7.445465116380237], [109.472613641318, -7.44600410308523], [109.4728831346705, -7.44600410308523], [109.4728831346705, -7.446543089790225], [109.473152628023, -7.446543089790225], [109.473152628023, -7.447351569847718], [109.47342212137549, -7.447351569847718], [109.47342212137549, -7.44708207649522], [109.47369161472798, -7.44708207649522], [109.47369161472798, -7.44600410308523], [109.47396110808049, -7.44600410308523], [109.47396110808049, -7.445195623027739], [109.47423060143298, -7.445195623027739], [109.47423060143298, -7.444926129675242], [109.47450009478548, -7.444926129675242], [109.47450009478548, -7.444656636322744], [109.47557806819547, -7.444656636322744], [109.47557806819547, -7.44411764961775], [109.47530857484297, -7.44411764961775], [109.47530857484297, -7.443039676207761], [109.47503908149048, -7.443039676207761], [109.47503908149048, -7.442231196150269], [109.47369161472798, -7.442231196150269]]]}}, {"type": "Feature", "properties": {"fid": 159, "DN": 1, "Keterangan": "Rendah"}, "geometry": {"type": "Polygon", "coordinates": [[[109.49147817599281, -7.44708207649522], [109.49147817599281, -7.447351569847718], [109.49174766934532, -7.447351569847718], [109.49174766934532, -7.44708207649522], [109.49147817599281, -7.44708207649522]]]}}, {"type": "Feature", "properties": {"fid": 160, "DN": 2, "Keterangan": "Sedang"}, "geometry": {"type": "Polygon", "coordinates": [[[109.56504986122458, -7.445195623027739], [109.56504986122458, -7.445465116380237], [109.56451087451958, -7.445465116380237], [109.56451087451958, -7.445734609732733], [109.56424138116708, -7.445734609732733], [109.56424138116708, -7.447351569847718], [109.56451087451958, -7.447351569847718], [109.56451087451958, -7.447621063200215], [109.56531935457707, -7.447621063200215], [109.56531935457707, -7.447351569847718], [109.56612783463457, -7.447351569847718], [109.56612783463457, -7.44708207649522], [109.56666682133957, -7.44708207649522], [109.56666682133957, -7.446812583142723], [109.56693631469206, -7.446812583142723], [109.56693631469206, -7.446273596437728], [109.56720580804455, -7.446273596437728], [109.56720580804455, -7.445734609732733], [109.56639732798706, -7.445734609732733], [109.56639732798706, -7.445465116380237], [109.56531935457707, -7.445465116380237], [109.56531935457707, -7.445195623027739], [109.56504986122458, -7.445195623027739]]]}}, {"type": "Feature", "properties": {"fid": 161, "DN": 1, "Keterangan": "Rendah"}, "geometry": {"type": "Polygon", "coordinates": [[[109.46560681415308, -7.446812583142723], [109.46560681415308, -7.44708207649522], [109.46479833409558, -7.44708207649522], [109.46479833409558, -7.447621063200215], [109.46668478756305, -7.447621063200215], [109.46668478756305, -7.447351569847718], [109.46641529421056, -7.447351569847718], [109.46641529421056, -7.44708207649522], [109.46614580085806, -7.44708207649522], [109.46614580085806, -7.446812583142723], [109.46560681415308, -7.446812583142723]]]}}, {"type": "Feature", "properties": {"fid": 162, "DN": 1, "Keterangan": "Rendah"}, "geometry": {"type": "Polygon", "coordinates": [[[109.46156441386562, -7.447351569847718], [109.46156441386562, -7.447621063200215], [109.46183390721811, -7.447621063200215], [109.46183390721811, -7.447351569847718], [109.46156441386562, -7.447351569847718]]]}}, {"type": "Feature", "properties": {"fid": 163, "DN": 1, "Keterangan": "Rendah"}, "geometry": {"type": "Polygon", "coordinates": [[[109.46668478756305, -7.447621063200215], [109.46668478756305, -7.447890556552712], [109.46722377426805, -7.447890556552712], [109.46722377426805, -7.447621063200215], [109.46668478756305, -7.447621063200215]]]}}, {"type": "Feature", "properties": {"fid": 164, "DN": 1, "Keterangan": "Rendah"}, "geometry": {"type": "Polygon", "coordinates": [[[109.47396110808049, -7.445195623027739], [109.47396110808049, -7.44600410308523], [109.47369161472798, -7.44600410308523], [109.47369161472798, -7.44708207649522], [109.47342212137549, -7.44708207649522], [109.47342212137549, -7.447351569847718], [109.473152628023, -7.447351569847718], [109.473152628023, -7.448160049905209], [109.47369161472798, -7.448160049905209], [109.47369161472798, -7.447890556552712], [109.47396110808049, -7.447890556552712], [109.47396110808049, -7.447351569847718], [109.47423060143298, -7.447351569847718], [109.47423060143298, -7.445195623027739], [109.47396110808049, -7.445195623027739]]]}}, {"type": "Feature", "properties": {"fid": 165, "DN": 1, "Keterangan": "Rendah"}, "geometry": {"type": "Polygon", "coordinates": [[[109.4728831346705, -7.448160049905209], [109.4728831346705, -7.448429543257706], [109.473152628023, -7.448429543257706], [109.473152628023, -7.448160049905209], [109.4728831346705, -7.448160049905209]]]}}, {"type": "Feature", "properties": {"fid": 166, "DN": 1, "Keterangan": "Rendah"}, "geometry": {"type": "Polygon", "coordinates": [[[109.43919646560833, -7.448429543257706], [109.43919646560833, -7.448699036610204], [109.44027443901832, -7.448699036610204], [109.44027443901832, -7.448429543257706], [109.43919646560833, -7.448429543257706]]]}}, {"type": "Feature", "properties": {"fid": 167, "DN": 1, "Keterangan": "Rendah"}, "geometry": {"type": "Polygon", "coordinates": [[[109.5119596707826, -7.448429543257706], [109.5119596707826, -7.448699036610204], [109.5122291641351, -7.448699036610204], [109.5122291641351, -7.448429543257706], [109.5119596707826, -7.448429543257706]]]}}, {"type": "Feature", "properties": {"fid": 168, "DN": 1, "Keterangan": "Rendah"}, "geometry": {"type": "Polygon", "coordinates": [[[109.46749326762055, -7.447890556552712], [109.46749326762055, -7.448160049905209], [109.46776276097305, -7.448160049905209], [109.46776276097305, -7.448699036610204], [109.46830174767804, -7.448699036610204], [109.46830174767804, -7.448968529962701], [109.46964921444052, -7.448968529962701], [109.46964921444052, -7.448699036610204], [109.46911022773554, -7.448699036610204], [109.46911022773554, -7.448429543257706], [109.46857124103055, -7.448429543257706], [109.46857124103055, -7.448160049905209], [109.46803225432555, -7.448160049905209], [109.46803225432555, -7.447890556552712], [109.46749326762055, -7.447890556552712]]]}}, {"type": "Feature", "properties": {"fid": 169, "DN": 1, "Keterangan": "Rendah"}, "geometry": {"type": "Polygon", "coordinates": [[[109.44728126618325, -7.448968529962701], [109.44728126618325, -7.449238023315198], [109.44755075953574, -7.449238023315198], [109.44755075953574, -7.448968529962701], [109.44728126618325, -7.448968529962701]]]}}, {"type": "Feature", "properties": {"fid": 170, "DN": 2, "Keterangan": "Sedang"}, "geometry": {"type": "Polygon", "coordinates": [[[109.50010196327273, -7.448968529962701], [109.50010196327273, -7.449238023315198], [109.50091044333021, -7.449238023315198], [109.50091044333021, -7.448968529962701], [109.50010196327273, -7.448968529962701]]]}}, {"type": "Feature", "properties": {"fid": 171, "DN": 1, "Keterangan": "Rendah"}, "geometry": {"type": "Polygon", "coordinates": [[[109.49174766934532, -7.447351569847718], [109.49174766934532, -7.447890556552712], [109.4920171626978, -7.447890556552712], [109.4920171626978, -7.448699036610204], [109.4925561494028, -7.448699036610204], [109.4925561494028, -7.448968529962701], [109.49282564275529, -7.448968529962701], [109.49282564275529, -7.449507516667696], [109.4936341228128, -7.449507516667696], [109.4936341228128, -7.449238023315198], [109.49336462946029, -7.449238023315198], [109.49336462946029, -7.448968529962701], [109.4930951361078, -7.448968529962701], [109.4930951361078, -7.448699036610204], [109.49282564275529, -7.448699036610204], [109.49282564275529, -7.448429543257706], [109.4925561494028, -7.448429543257706], [109.4925561494028, -7.447890556552712], [109.4922866560503, -7.447890556552712], [109.4922866560503, -7.447621063200215], [109.4920171626978, -7.447621063200215], [109.4920171626978, -7.447351569847718], [109.49174766934532, -7.447351569847718]]]}}, {"type": "Feature", "properties": {"fid": 172, "DN": 1, "Keterangan": "Rendah"}, "geometry": {"type": "Polygon", "coordinates": [[[109.4723441479655, -7.448429543257706], [109.4723441479655, -7.448699036610204], [109.47153566790801, -7.448699036610204], [109.47153566790801, -7.448968529962701], [109.46964921444052, -7.448968529962701], [109.46964921444052, -7.449238023315198], [109.46991870779303, -7.449238023315198], [109.46991870779303, -7.449507516667696], [109.472613641318, -7.449507516667696], [109.472613641318, -7.448968529962701], [109.4728831346705, -7.448968529962701], [109.4728831346705, -7.448429543257706], [109.4723441479655, -7.448429543257706]]]}}, {"type": "Feature", "properties": {"fid": 173, "DN": 2, "Keterangan": "Sedang"}, "geometry": {"type": "Polygon", "coordinates": [[[109.51923599130004, -7.447621063200215], [109.51923599130004, -7.447890556552712], [109.51896649794753, -7.447890556552712], [109.51896649794753, -7.448160049905209], [109.51815801789004, -7.448160049905209], [109.51815801789004, -7.448699036610204], [109.51761903118505, -7.448699036610204], [109.51761903118505, -7.448968529962701], [109.51734953783256, -7.448968529962701], [109.51734953783256, -7.449238023315198], [109.51761903118505, -7.449238023315198], [109.51761903118505, -7.449507516667696], [109.51869700459504, -7.449507516667696], [109.51869700459504, -7.449238023315198], [109.51896649794753, -7.449238023315198], [109.51896649794753, -7.448968529962701], [109.51950548465253, -7.448968529962701], [109.51950548465253, -7.448429543257706], [109.51977497800503, -7.448429543257706], [109.51977497800503, -7.447890556552712], [109.51950548465253, -7.447890556552712], [109.51950548465253, -7.447621063200215], [109.51923599130004, -7.447621063200215]]]}}, {"type": "Feature", "properties": {"fid": 174, "DN": 1, "Keterangan": "Rendah"}, "geometry": {"type": "Polygon", "coordinates": [[[109.4526711332332, -7.450046503372691], [109.4526711332332, -7.450585490077685], [109.45321011993819, -7.450585490077685], [109.45321011993819, -7.450315996725188], [109.4529406265857, -7.450315996725188], [109.4529406265857, -7.450046503372691], [109.4526711332332, -7.450046503372691]]]}}, {"type": "Feature", "properties": {"fid": 175, "DN": 2, "Keterangan": "Sedang"}, "geometry": {"type": "Polygon", "coordinates": [[[109.51411561760258, -7.44708207649522], [109.51411561760258, -7.447351569847718], [109.51357663089759, -7.447351569847718], [109.51357663089759, -7.447621063200215], [109.5133071375451, -7.447621063200215], [109.5133071375451, -7.447890556552712], [109.5127681508401, -7.447890556552712], [109.5127681508401, -7.448160049905209], [109.5124986574876, -7.448160049905209], [109.5124986574876, -7.448429543257706], [109.5122291641351, -7.448429543257706], [109.5122291641351, -7.448699036610204], [109.5119596707826, -7.448699036610204], [109.5119596707826, -7.448968529962701], [109.51169017743011, -7.448968529962701], [109.51169017743011, -7.449238023315198], [109.5114206840776, -7.449238023315198], [109.5114206840776, -7.450046503372691], [109.51169017743011, -7.450046503372691], [109.51169017743011, -7.450315996725188], [109.5122291641351, -7.450315996725188], [109.5122291641351, -7.450585490077685], [109.5127681508401, -7.450585490077685], [109.5127681508401, -7.450854983430182], [109.51357663089759, -7.450854983430182], [109.51357663089759, -7.450585490077685], [109.51411561760258, -7.450585490077685], [109.51411561760258, -7.450315996725188], [109.51438511095509, -7.450315996725188], [109.51438511095509, -7.450046503372691], [109.51465460430758, -7.450046503372691], [109.51465460430758, -7.449777010020193], [109.51492409766007, -7.449777010020193], [109.51492409766007, -7.449507516667696], [109.51546308436507, -7.449507516667696], [109.51546308436507, -7.449238023315198], [109.51600207107006, -7.449238023315198], [109.51600207107006, -7.448968529962701], [109.51627156442257, -7.448968529962701], [109.51627156442257, -7.448160049905209], [109.51573257771757, -7.448160049905209], [109.51573257771757, -7.447890556552712], [109.51546308436507, -7.447890556552712], [109.51546308436507, -7.447621063200215], [109.51519359101258, -7.447621063200215], [109.51519359101258, -7.447351569847718], [109.51465460430758, -7.447351569847718], [109.51465460430758, -7.44708207649522], [109.51411561760258, -7.44708207649522]]]}}, {"type": "Feature", "properties": {"fid": 176, "DN": 2, "Keterangan": "Sedang"}, "geometry": {"type": "Polygon", "coordinates": [[[109.46506782744808, -7.446273596437728], [109.46506782744808, -7.446543089790225], [109.4634508673331, -7.446543089790225], [109.4634508673331, -7.446812583142723], [109.4626423872756, -7.446812583142723], [109.4626423872756, -7.44708207649522], [109.46210340057061, -7.44708207649522], [109.46210340057061, -7.447351569847718], [109.46183390721811, -7.447351569847718], [109.46183390721811, -7.447621063200215], [109.46156441386562, -7.447621063200215], [109.46156441386562, -7.449777010020193], [109.46129492051311, -7.449777010020193], [109.46129492051311, -7.450854983430182], [109.46156441386562, -7.450854983430182], [109.46156441386562, -7.450585490077685], [109.46183390721811, -7.450585490077685], [109.46183390721811, -7.450315996725188], [109.46210340057061, -7.450315996725188], [109.46210340057061, -7.450046503372691], [109.4623728939231, -7.450046503372691], [109.4623728939231, -7.449777010020193], [109.4626423872756, -7.449777010020193], [109.4626423872756, -7.449507516667696], [109.4629118806281, -7.449507516667696], [109.4629118806281, -7.449238023315198], [109.46318137398059, -7.449238023315198], [109.46318137398059, -7.448968529962701], [109.4634508673331, -7.448968529962701], [109.4634508673331, -7.448699036610204], [109.46372036068558, -7.448699036610204], [109.46372036068558, -7.448429543257706], [109.46398985403809, -7.448429543257706], [109.46398985403809, -7.447890556552712], [109.46425934739058, -7.447890556552712], [109.46425934739058, -7.447621063200215], [109.46479833409558, -7.447621063200215], [109.46479833409558, -7.44708207649522], [109.46560681415308, -7.44708207649522], [109.46560681415308, -7.446812583142723], [109.46587630750557, -7.446812583142723], [109.46587630750557, -7.446543089790225], [109.46560681415308, -7.446543089790225], [109.46560681415308, -7.446273596437728], [109.46506782744808, -7.446273596437728]]]}}, {"type": "Feature", "properties": {"fid": 177, "DN": 1, "Keterangan": "Rendah"}, "geometry": {"type": "Polygon", "coordinates": [[[109.60655183750916, -7.389679992413294], [109.60655183750916, -7.391835939233273], [109.60601285080416, -7.391835939233273], [109.60601285080416, -7.39210543258577], [109.60574335745167, -7.39210543258577], [109.60574335745167, -7.392374925938267], [109.60547386409917, -7.392374925938267], [109.60547386409917, -7.392913912643261], [109.60520437074668, -7.392913912643261], [109.60520437074668, -7.393452899348256], [109.60493487739417, -7.393452899348256], [109.60493487739417, -7.393722392700754], [109.60466538404168, -7.393722392700754], [109.60466538404168, -7.393991886053251], [109.60412639733669, -7.393991886053251], [109.60412639733669, -7.394261379405748], [109.60358741063169, -7.394261379405748], [109.60358741063169, -7.394530872758246], [109.60116197045922, -7.394530872758246], [109.60116197045922, -7.394800366110743], [109.60089247710671, -7.394800366110743], [109.60089247710671, -7.39506985946324], [109.60062298375422, -7.39506985946324], [109.60062298375422, -7.395339352815737], [109.60035349040172, -7.395339352815737], [109.60035349040172, -7.395608846168235], [109.60008399704923, -7.395608846168235], [109.60008399704923, -7.396956312930722], [109.59981450369673, -7.396956312930722], [109.59981450369673, -7.397225806283219], [109.59954501034423, -7.397225806283219], [109.59954501034423, -7.397495299635716], [109.59927551699174, -7.397495299635716], [109.59927551699174, -7.39803428634071], [109.59873653028674, -7.39803428634071], [109.59873653028674, -7.398303779693208], [109.59819754358175, -7.398303779693208], [109.59819754358175, -7.398573273045705], [109.59792805022924, -7.398573273045705], [109.59792805022924, -7.398842766398203], [109.59765855687675, -7.398842766398203], [109.59765855687675, -7.3991122597507], [109.59711957017176, -7.3991122597507], [109.59711957017176, -7.399381753103197], [109.59631109011427, -7.399381753103197], [109.59631109011427, -7.399651246455694], [109.59550261005677, -7.399651246455694], [109.59550261005677, -7.399920739808191], [109.59496362335177, -7.399920739808191], [109.59496362335177, -7.400190233160689], [109.59469412999928, -7.400190233160689], [109.59469412999928, -7.400459726513186], [109.59442463664678, -7.400459726513186], [109.59442463664678, -7.400729219865684], [109.59415514329429, -7.400729219865684], [109.59415514329429, -7.400998713218181], [109.59388564994178, -7.400998713218181], [109.59388564994178, -7.401268206570678], [109.59361615658929, -7.401268206570678], [109.59361615658929, -7.401807193275673], [109.59334666323679, -7.401807193275673], [109.59334666323679, -7.402346179980667], [109.5930771698843, -7.402346179980667], [109.5930771698843, -7.402615673333164], [109.5928076765318, -7.402615673333164], [109.5928076765318, -7.402885166685662], [109.5925381831793, -7.402885166685662], [109.5925381831793, -7.403154660038159], [109.59226868982681, -7.403154660038159], [109.59226868982681, -7.403424153390657], [109.59172970312181, -7.403424153390657], [109.59172970312181, -7.403693646743154], [109.59146020976931, -7.403693646743154], [109.59146020976931, -7.404232633448149], [109.59119071641682, -7.404232633448149], [109.59119071641682, -7.404502126800645], [109.59092122306431, -7.404502126800645], [109.59092122306431, -7.404771620153143], [109.59011274300683, -7.404771620153143], [109.59011274300683, -7.405310606858138], [109.58984324965432, -7.405310606858138], [109.58984324965432, -7.405580100210635], [109.58957375630183, -7.405580100210635], [109.58957375630183, -7.405849593563133], [109.58930426294933, -7.405849593563133], [109.58930426294933, -7.40611908691563], [109.58903476959684, -7.40611908691563], [109.58903476959684, -7.406388580268127], [109.58876527624435, -7.406388580268127], [109.58876527624435, -7.406658073620624], [109.58849578289184, -7.406658073620624], [109.58849578289184, -7.406927566973121], [109.58822628953935, -7.406927566973121], [109.58822628953935, -7.407197060325619], [109.58795679618684, -7.407197060325619], [109.58795679618684, -7.407466553678116], [109.58768730283435, -7.407466553678116], [109.58768730283435, -7.407736047030614], [109.58741780948185, -7.407736047030614], [109.58741780948185, -7.409353007145597], [109.58714831612936, -7.409353007145597], [109.58714831612936, -7.409622500498094], [109.58607034271937, -7.409622500498094], [109.58607034271937, -7.409891993850592], [109.58580084936686, -7.409891993850592], [109.58580084936686, -7.411508953965575], [109.58553135601437, -7.411508953965575], [109.58553135601437, -7.41204794067057], [109.58526186266188, -7.41204794067057], [109.58526186266188, -7.412317434023068], [109.58499236930938, -7.412317434023068], [109.58499236930938, -7.412856420728062], [109.58472287595688, -7.412856420728062], [109.58472287595688, -7.41312591408056], [109.58418388925189, -7.41312591408056], [109.58418388925189, -7.413395407433057], [109.5836449025469, -7.413395407433057], [109.5836449025469, -7.413664900785554], [109.58121946237442, -7.413664900785554], [109.58121946237442, -7.413934394138051], [109.58094996902192, -7.413934394138051], [109.58094996902192, -7.414203887490549], [109.58068047566942, -7.414203887490549], [109.58068047566942, -7.414473380843046], [109.57987199561192, -7.414473380843046], [109.57987199561192, -7.414742874195543], [109.57852452884944, -7.414742874195543], [109.57852452884944, -7.415012367548041], [109.57825503549694, -7.415012367548041], [109.57825503549694, -7.415281860900538], [109.57771604879196, -7.415281860900538], [109.57771604879196, -7.415551354253036], [109.57636858202946, -7.415551354253036], [109.57636858202946, -7.41609034095803], [109.57609908867697, -7.41609034095803], [109.57609908867697, -7.416359834310527], [109.57529060861947, -7.416359834310527], [109.57529060861947, -7.416629327663024], [109.57502111526698, -7.416629327663024], [109.57502111526698, -7.416898821015522], [109.57448212856198, -7.416898821015522], [109.57448212856198, -7.417168314368019], [109.57421263520948, -7.417168314368019], [109.57421263520948, -7.416898821015522], [109.5731346617995, -7.416898821015522], [109.5731346617995, -7.417168314368019], [109.572326181742, -7.417168314368019], [109.572326181742, -7.417437807720517], [109.57151770168451, -7.417437807720517], [109.57151770168451, -7.417707301073014], [109.57097871497952, -7.417707301073014], [109.57097871497952, -7.417976794425511], [109.57070922162701, -7.417976794425511], [109.57070922162701, -7.418515781130505], [109.57043972827452, -7.418515781130505], [109.57043972827452, -7.419324261187998], [109.57017023492203, -7.419324261187998], [109.57017023492203, -7.419863247892993], [109.56990074156953, -7.419863247892993], [109.56990074156953, -7.42013274124549], [109.56963124821704, -7.42013274124549], [109.56963124821704, -7.420402234597987], [109.56936175486453, -7.420402234597987], [109.56936175486453, -7.420671727950484], [109.56909226151204, -7.420671727950484], [109.56909226151204, -7.420941221302981], [109.56828378145454, -7.420941221302981], [109.56828378145454, -7.420671727950484], [109.56666682133957, -7.420671727950484], [109.56666682133957, -7.420402234597987], [109.56612783463457, -7.420402234597987], [109.56612783463457, -7.42013274124549], [109.56504986122458, -7.42013274124549], [109.56504986122458, -7.419863247892993], [109.56424138116708, -7.419863247892993], [109.56424138116708, -7.42013274124549], [109.56316340775709, -7.42013274124549], [109.56316340775709, -7.420402234597987], [109.5628939144046, -7.420402234597987], [109.5628939144046, -7.420941221302981], [109.5626244210521, -7.420941221302981], [109.5626244210521, -7.421210714655479], [109.5623549276996, -7.421210714655479], [109.5623549276996, -7.423636154827954], [109.5626244210521, -7.423636154827954], [109.5626244210521, -7.425792101647933], [109.5623549276996, -7.425792101647933], [109.5623549276996, -7.426331088352928], [109.56208543434711, -7.426331088352928], [109.56208543434711, -7.426870075057922], [109.56127695428961, -7.426870075057922], [109.56127695428961, -7.426600581705425], [109.56100746093712, -7.426600581705425], [109.56100746093712, -7.426331088352928], [109.56073796758461, -7.426331088352928], [109.56073796758461, -7.42606159500043], [109.55912100746964, -7.42606159500043], [109.55912100746964, -7.426331088352928], [109.55831252741214, -7.426331088352928], [109.55831252741214, -7.426600581705425], [109.55804303405965, -7.426600581705425], [109.55804303405965, -7.426870075057922], [109.55534810053467, -7.426870075057922], [109.55534810053467, -7.42713956841042], [109.55507860718218, -7.42713956841042], [109.55507860718218, -7.427409061762916], [109.55427012712468, -7.427409061762916], [109.55427012712468, -7.427678555115414], [109.55373114041969, -7.427678555115414], [109.55373114041969, -7.427409061762916], [109.55319215371469, -7.427409061762916], [109.55319215371469, -7.42713956841042], [109.5529226603622, -7.42713956841042], [109.5529226603622, -7.426870075057922], [109.5521141803047, -7.426870075057922], [109.5521141803047, -7.42713956841042], [109.55130570024721, -7.42713956841042], [109.55130570024721, -7.427409061762916], [109.55076671354222, -7.427409061762916], [109.55076671354222, -7.427678555115414], [109.55049722018973, -7.427678555115414], [109.55049722018973, -7.428217541820409], [109.55022772683722, -7.428217541820409], [109.55022772683722, -7.428756528525403], [109.54995823348473, -7.428756528525403], [109.54995823348473, -7.429026021877901], [109.54888026007474, -7.429026021877901], [109.54888026007474, -7.429295515230398], [109.54834127336974, -7.429295515230398], [109.54834127336974, -7.429565008582895], [109.54807178001724, -7.429565008582895], [109.54807178001724, -7.429834501935392], [109.54726329995975, -7.429834501935392], [109.54726329995975, -7.43010399528789], [109.54672431325476, -7.43010399528789], [109.54672431325476, -7.430373488640387], [109.54483785978728, -7.430373488640387], [109.54483785978728, -7.430642981992884], [109.54456836643477, -7.430642981992884], [109.54456836643477, -7.430912475345382], [109.54429887308228, -7.430912475345382], [109.54429887308228, -7.431181968697879], [109.54402937972979, -7.431181968697879], [109.54402937972979, -7.432259942107868], [109.54375988637729, -7.432259942107868], [109.54375988637729, -7.432798928812863], [109.5434903930248, -7.432798928812863], [109.5434903930248, -7.433337915517858], [109.54322089967229, -7.433337915517858], [109.54322089967229, -7.433607408870355], [109.5429514063198, -7.433607408870355], [109.5429514063198, -7.433876902222852], [109.5426819129673, -7.433876902222852], [109.5426819129673, -7.43414639557535], [109.5424124196148, -7.43414639557535], [109.5424124196148, -7.434415888927846], [109.5421429262623, -7.434415888927846], [109.5421429262623, -7.434685382280344], [109.5416039395573, -7.434685382280344], [109.5416039395573, -7.434954875632841], [109.54133444620481, -7.434954875632841], [109.54133444620481, -7.436032849042831], [109.54106495285231, -7.436032849042831], [109.54106495285231, -7.436302342395328], [109.54079545949982, -7.436302342395328], [109.54079545949982, -7.436571835747825], [109.53971748608983, -7.436571835747825], [109.53971748608983, -7.436841329100322], [109.53917849938483, -7.436841329100322], [109.53917849938483, -7.437110822452819], [109.53890900603234, -7.437110822452819], [109.53890900603234, -7.437380315805317], [109.53810052597484, -7.437380315805317], [109.53810052597484, -7.437919302510312], [109.53756153926984, -7.437919302510312], [109.53756153926984, -7.438458289215307], [109.53783103262235, -7.438458289215307], [109.53783103262235, -7.439266769272798], [109.53756153926984, -7.439266769272798], [109.53756153926984, -7.439536262625295], [109.53702255256485, -7.439536262625295], [109.53702255256485, -7.4389972759203], [109.53675305921236, -7.4389972759203], [109.53675305921236, -7.438727782567804], [109.53648356585987, -7.438727782567804], [109.53648356585987, -7.438458289215307], [109.53621407250736, -7.438458289215307], [109.53621407250736, -7.438188795862809], [109.53540559244988, -7.438188795862809], [109.53540559244988, -7.437919302510312], [109.53513609909737, -7.437919302510312], [109.53513609909737, -7.437380315805317], [109.53540559244988, -7.437380315805317], [109.53540559244988, -7.437110822452819], [109.53567508580237, -7.437110822452819], [109.53567508580237, -7.437380315805317], [109.53594457915487, -7.437380315805317], [109.53594457915487, -7.437649809157814], [109.53648356585987, -7.437649809157814], [109.53648356585987, -7.437919302510312], [109.53675305921236, -7.437919302510312], [109.53675305921236, -7.438188795862809], [109.53729204591735, -7.438188795862809], [109.53729204591735, -7.436571835747825], [109.53702255256485, -7.436571835747825], [109.53702255256485, -7.436302342395328], [109.53675305921236, -7.436302342395328], [109.53675305921236, -7.436032849042831], [109.53567508580237, -7.436032849042831], [109.53567508580237, -7.436302342395328], [109.53486660574488, -7.436302342395328], [109.53486660574488, -7.436571835747825], [109.53459711239238, -7.436571835747825], [109.53459711239238, -7.436841329100322], [109.53351913898238, -7.436841329100322], [109.53351913898238, -7.437110822452819], [109.5329801522774, -7.437110822452819], [109.5329801522774, -7.437380315805317], [109.5321716722199, -7.437380315805317], [109.5321716722199, -7.437649809157814], [109.53163268551491, -7.437649809157814], [109.53163268551491, -7.437919302510312], [109.53082420545742, -7.437919302510312], [109.53082420545742, -7.438458289215307], [109.53055471210492, -7.438458289215307], [109.53055471210492, -7.438727782567804], [109.53001572539992, -7.438727782567804], [109.53001572539992, -7.4389972759203], [109.52947673869492, -7.4389972759203], [109.52947673869492, -7.439266769272798], [109.52920724534243, -7.439266769272798], [109.52920724534243, -7.439536262625295], [109.52893775198994, -7.439536262625295], [109.52893775198994, -7.439805755977793], [109.52866825863744, -7.439805755977793], [109.52866825863744, -7.44007524933029], [109.52839876528495, -7.44007524933029], [109.52839876528495, -7.440344742682788], [109.52624281846497, -7.440344742682788], [109.52624281846497, -7.440614236035285], [109.52543433840748, -7.440614236035285], [109.52543433840748, -7.440883729387782], [109.52516484505497, -7.440883729387782], [109.52516484505497, -7.441153222740279], [109.52462585834998, -7.441153222740279], [109.52462585834998, -7.441961702797771], [109.52489535170248, -7.441961702797771], [109.52489535170248, -7.444926129675242], [109.52462585834998, -7.444926129675242], [109.52462585834998, -7.445195623027739], [109.52354788493999, -7.445195623027739], [109.52354788493999, -7.445465116380237], [109.52246991153, -7.445465116380237], [109.52246991153, -7.445195623027739], [109.52139193812002, -7.445195623027739], [109.52139193812002, -7.445465116380237], [109.52112244476751, -7.445465116380237], [109.52112244476751, -7.445734609732733], [109.52058345806252, -7.445734609732733], [109.52058345806252, -7.44600410308523], [109.52004447135752, -7.44600410308523], [109.52004447135752, -7.446273596437728], [109.51977497800503, -7.446273596437728], [109.51977497800503, -7.446543089790225], [109.51923599130004, -7.446543089790225], [109.51923599130004, -7.446812583142723], [109.51869700459504, -7.446812583142723], [109.51869700459504, -7.44708207649522], [109.51788852453755, -7.44708207649522], [109.51788852453755, -7.448429543257706], [109.51734953783256, -7.448429543257706], [109.51734953783256, -7.448160049905209], [109.51708004448005, -7.448160049905209], [109.51708004448005, -7.447890556552712], [109.51681055112756, -7.447890556552712], [109.51681055112756, -7.447621063200215], [109.51654105777506, -7.447621063200215], [109.51654105777506, -7.447351569847718], [109.51627156442257, -7.447351569847718], [109.51627156442257, -7.44708207649522], [109.51573257771757, -7.44708207649522], [109.51573257771757, -7.446812583142723], [109.51546308436507, -7.446812583142723], [109.51546308436507, -7.446543089790225], [109.51492409766007, -7.446543089790225], [109.51492409766007, -7.446273596437728], [109.5133071375451, -7.446273596437728], [109.5133071375451, -7.446812583142723], [109.5130376441926, -7.446812583142723], [109.5130376441926, -7.447351569847718], [109.5127681508401, -7.447351569847718], [109.5127681508401, -7.447621063200215], [109.5124986574876, -7.447621063200215], [109.5124986574876, -7.447890556552712], [109.5122291641351, -7.447890556552712], [109.5122291641351, -7.448429543257706], [109.5124986574876, -7.448429543257706], [109.5124986574876, -7.448160049905209], [109.5127681508401, -7.448160049905209], [109.5127681508401, -7.447890556552712], [109.5133071375451, -7.447890556552712], [109.5133071375451, -7.447621063200215], [109.51357663089759, -7.447621063200215], [109.51357663089759, -7.447351569847718], [109.51411561760258, -7.447351569847718], [109.51411561760258, -7.44708207649522], [109.51465460430758, -7.44708207649522], [109.51465460430758, -7.447351569847718], [109.51519359101258, -7.447351569847718], [109.51519359101258, -7.447621063200215], [109.51546308436507, -7.447621063200215], [109.51546308436507, -7.447890556552712], [109.51573257771757, -7.447890556552712], [109.51573257771757, -7.448160049905209], [109.51627156442257, -7.448160049905209], [109.51627156442257, -7.448968529962701], [109.51600207107006, -7.448968529962701], [109.51600207107006, -7.449238023315198], [109.51546308436507, -7.449238023315198], [109.51546308436507, -7.449507516667696], [109.51492409766007, -7.449507516667696], [109.51492409766007, -7.449777010020193], [109.51465460430758, -7.449777010020193], [109.51465460430758, -7.450046503372691], [109.51438511095509, -7.450046503372691], [109.51438511095509, -7.450315996725188], [109.51411561760258, -7.450315996725188], [109.51411561760258, -7.450585490077685], [109.51357663089759, -7.450585490077685], [109.51357663089759, -7.450854983430182], [109.5127681508401, -7.450854983430182], [109.5127681508401, -7.450585490077685], [109.5122291641351, -7.450585490077685], [109.5122291641351, -7.450315996725188], [109.51169017743011, -7.450315996725188], [109.51169017743011, -7.450046503372691], [109.5114206840776, -7.450046503372691], [109.5114206840776, -7.449238023315198], [109.51169017743011, -7.449238023315198], [109.51169017743011, -7.448968529962701], [109.5119596707826, -7.448968529962701], [109.5119596707826, -7.448699036610204], [109.5114206840776, -7.448699036610204], [109.5114206840776, -7.448429543257706], [109.51088169737261, -7.448429543257706], [109.51088169737261, -7.448160049905209], [109.51034271066763, -7.448160049905209], [109.51034271066763, -7.447890556552712], [109.51007321731512, -7.447890556552712], [109.51007321731512, -7.447621063200215], [109.50980372396263, -7.447621063200215], [109.50980372396263, -7.447351569847718], [109.50953423061013, -7.447351569847718], [109.50953423061013, -7.44708207649522], [109.50899524390513, -7.44708207649522], [109.50899524390513, -7.446812583142723], [109.50791727049514, -7.446812583142723], [109.50791727049514, -7.44708207649522], [109.50764777714265, -7.44708207649522], [109.50764777714265, -7.447890556552712], [109.50710879043766, -7.447890556552712], [109.50710879043766, -7.447621063200215], [109.50630031038017, -7.447621063200215], [109.50630031038017, -7.447890556552712], [109.50603081702766, -7.447890556552712], [109.50603081702766, -7.448699036610204], [109.50630031038017, -7.448699036610204], [109.50630031038017, -7.448968529962701], [109.50603081702766, -7.448968529962701], [109.50603081702766, -7.449507516667696], [109.50576132367517, -7.449507516667696], [109.50576132367517, -7.449777010020193], [109.50549183032267, -7.449777010020193], [109.50549183032267, -7.450046503372691], [109.50468335026518, -7.450046503372691], [109.50468335026518, -7.449777010020193], [109.50441385691268, -7.449777010020193], [109.50441385691268, -7.449238023315198], [109.50414436356019, -7.449238023315198], [109.50414436356019, -7.448968529962701], [109.50387487020768, -7.448968529962701], [109.50387487020768, -7.448699036610204], [109.50360537685519, -7.448699036610204], [109.50360537685519, -7.448429543257706], [109.50333588350269, -7.448429543257706], [109.50333588350269, -7.448160049905209], [109.50171892338771, -7.448160049905209], [109.50171892338771, -7.448429543257706], [109.50091044333021, -7.448429543257706], [109.50091044333021, -7.448699036610204], [109.50037145662522, -7.448699036610204], [109.50037145662522, -7.448968529962701], [109.50091044333021, -7.448968529962701], [109.50091044333021, -7.449238023315198], [109.49956297656773, -7.449238023315198], [109.49956297656773, -7.449507516667696], [109.49902398986274, -7.449507516667696], [109.49902398986274, -7.449238023315198], [109.49875449651024, -7.449238023315198], [109.49875449651024, -7.448699036610204], [109.49848500315774, -7.448699036610204], [109.49848500315774, -7.447890556552712], [109.49821550980525, -7.447890556552712], [109.49821550980525, -7.447621063200215], [109.49794601645274, -7.447621063200215], [109.49794601645274, -7.447351569847718], [109.49767652310025, -7.447351569847718], [109.49767652310025, -7.44708207649522], [109.49740702974775, -7.44708207649522], [109.49740702974775, -7.446812583142723], [109.49605956298527, -7.446812583142723], [109.49605956298527, -7.44708207649522], [109.49579006963276, -7.44708207649522], [109.49579006963276, -7.447621063200215], [109.49552057628027, -7.447621063200215], [109.49552057628027, -7.448160049905209], [109.49525108292778, -7.448160049905209], [109.49525108292778, -7.448429543257706], [109.49498158957527, -7.448429543257706], [109.49498158957527, -7.448699036610204], [109.49471209622278, -7.448699036610204], [109.49471209622278, -7.448968529962701], [109.49444260287028, -7.448968529962701], [109.49444260287028, -7.449238023315198], [109.49417310951779, -7.449238023315198], [109.49417310951779, -7.449507516667696], [109.49552057628027, -7.449507516667696], [109.49552057628027, -7.448968529962701], [109.49579006963276, -7.448968529962701], [109.49579006963276, -7.448699036610204], [109.49632905633776, -7.448699036610204], [109.49632905633776, -7.448429543257706], [109.49659854969026, -7.448429543257706], [109.49659854969026, -7.448160049905209], [109.49713753639526, -7.448160049905209], [109.49713753639526, -7.448429543257706], [109.49740702974775, -7.448429543257706], [109.49740702974775, -7.448699036610204], [109.49767652310025, -7.448699036610204], [109.49767652310025, -7.448968529962701], [109.49821550980525, -7.448968529962701], [109.49821550980525, -7.449507516667696], [109.49848500315774, -7.449507516667696], [109.49848500315774, -7.449777010020193], [109.49875449651024, -7.449777010020193], [109.49875449651024, -7.450046503372691], [109.49902398986274, -7.450046503372691], [109.49902398986274, -7.450315996725188], [109.49929348321524, -7.450315996725188], [109.49929348321524, -7.450854983430182], [109.49956297656773, -7.450854983430182], [109.49956297656773, -7.451124476782679], [109.50037145662522, -7.451124476782679], [109.50037145662522, -7.450854983430182], [109.50064094997772, -7.450854983430182], [109.50064094997772, -7.450585490077685], [109.50091044333021, -7.450585490077685], [109.50091044333021, -7.450315996725188], [109.50117993668272, -7.450315996725188], [109.50117993668272, -7.450046503372691], [109.50144943003521, -7.450046503372691], [109.50144943003521, -7.449777010020193], [109.50171892338771, -7.449777010020193], [109.50171892338771, -7.449507516667696], [109.5019884167402, -7.449507516667696], [109.5019884167402, -7.449238023315198], [109.50225791009271, -7.449238023315198], [109.50225791009271, -7.448968529962701], [109.50333588350269, -7.448968529962701], [109.50333588350269, -7.449507516667696], [109.50360537685519, -7.449507516667696], [109.50360537685519, -7.450046503372691], [109.50387487020768, -7.450046503372691], [109.50387487020768, -7.450315996725188], [109.50603081702766, -7.450315996725188], [109.50603081702766, -7.450046503372691], [109.50630031038017, -7.450046503372691], [109.50630031038017, -7.449507516667696], [109.50656980373266, -7.449507516667696], [109.50656980373266, -7.449238023315198], [109.50683929708516, -7.449238023315198], [109.50683929708516, -7.448968529962701], [109.50710879043766, -7.448968529962701], [109.50710879043766, -7.448699036610204], [109.50872575055264, -7.448699036610204], [109.50872575055264, -7.448968529962701], [109.50926473725764, -7.448968529962701], [109.50926473725764, -7.449238023315198], [109.50953423061013, -7.449238023315198], [109.50953423061013, -7.449507516667696], [109.51007321731512, -7.449507516667696], [109.51007321731512, -7.449777010020193], [109.51061220402012, -7.449777010020193], [109.51061220402012, -7.450315996725188], [109.51088169737261, -7.450315996725188], [109.51088169737261, -7.450585490077685], [109.5119596707826, -7.450585490077685], [109.5119596707826, -7.450854983430182], [109.5122291641351, -7.450854983430182], [109.5122291641351, -7.451124476782679], [109.51492409766007, -7.451124476782679], [109.51492409766007, -7.450854983430182], [109.51519359101258, -7.450854983430182], [109.51519359101258, -7.450046503372691], [109.51546308436507, -7.450046503372691], [109.51546308436507, -7.449777010020193], [109.51573257771757, -7.449777010020193], [109.51573257771757, -7.449507516667696], [109.51627156442257, -7.449507516667696], [109.51627156442257, -7.450315996725188], [109.51734953783256, -7.450315996725188], [109.51734953783256, -7.450585490077685], [109.51869700459504, -7.450585490077685], [109.51869700459504, -7.450315996725188], [109.51896649794753, -7.450315996725188], [109.51896649794753, -7.450046503372691], [109.51977497800503, -7.450046503372691], [109.51977497800503, -7.449507516667696], [109.52031396471003, -7.449507516667696], [109.52031396471003, -7.448429543257706], [109.52058345806252, -7.448429543257706], [109.52058345806252, -7.448160049905209], [109.52085295141502, -7.448160049905209], [109.52085295141502, -7.447890556552712], [109.52112244476751, -7.447890556552712], [109.52112244476751, -7.447621063200215], [109.52139193812002, -7.447621063200215], [109.52139193812002, -7.447351569847718], [109.52300889823499, -7.447351569847718], [109.52300889823499, -7.44708207649522], [109.52408687164498, -7.44708207649522], [109.52408687164498, -7.446812583142723], [109.52462585834998, -7.446812583142723], [109.52462585834998, -7.446273596437728], [109.52489535170248, -7.446273596437728], [109.52489535170248, -7.44600410308523], [109.52543433840748, -7.44600410308523], [109.52543433840748, -7.445465116380237], [109.52570383175997, -7.445465116380237], [109.52570383175997, -7.443039676207761], [109.52651231181746, -7.443039676207761], [109.52651231181746, -7.442770182855263], [109.52785977857995, -7.442770182855263], [109.52785977857995, -7.442500689502766], [109.52866825863744, -7.442500689502766], [109.52866825863744, -7.442231196150269], [109.52947673869492, -7.442231196150269], [109.52947673869492, -7.441961702797771], [109.52974623204743, -7.441961702797771], [109.52974623204743, -7.441692209445274], [109.53028521875243, -7.441692209445274], [109.53028521875243, -7.441153222740279], [109.53055471210492, -7.441153222740279], [109.53055471210492, -7.440614236035285], [109.53082420545742, -7.440614236035285], [109.53082420545742, -7.440344742682788], [109.53109369880991, -7.440344742682788], [109.53109369880991, -7.44007524933029], [109.53136319216242, -7.44007524933029], [109.53136319216242, -7.439805755977793], [109.53163268551491, -7.439805755977793], [109.53163268551491, -7.439536262625295], [109.53190217886741, -7.439536262625295], [109.53190217886741, -7.439266769272798], [109.53351913898238, -7.439266769272798], [109.53351913898238, -7.4389972759203], [109.53405812568738, -7.4389972759203], [109.53405812568738, -7.438727782567804], [109.53513609909737, -7.438727782567804], [109.53513609909737, -7.438458289215307], [109.53567508580237, -7.438458289215307], [109.53567508580237, -7.4389972759203], [109.53594457915487, -7.4389972759203], [109.53594457915487, -7.439805755977793], [109.53621407250736, -7.439805755977793], [109.53621407250736, -7.44007524933029], [109.53648356585987, -7.44007524933029], [109.53648356585987, -7.440614236035285], [109.53837001932735, -7.440614236035285], [109.53837001932735, -7.44007524933029], [109.53863951267984, -7.44007524933029], [109.53863951267984, -7.439805755977793], [109.53917849938483, -7.439805755977793], [109.53917849938483, -7.439266769272798], [109.53944799273734, -7.439266769272798], [109.53944799273734, -7.4389972759203], [109.53998697944233, -7.4389972759203], [109.53998697944233, -7.438188795862809], [109.54079545949982, -7.438188795862809], [109.54079545949982, -7.437380315805317], [109.54133444620481, -7.437380315805317], [109.54133444620481, -7.437110822452819], [109.5416039395573, -7.437110822452819], [109.5416039395573, -7.436841329100322], [109.54187343290981, -7.436841329100322], [109.54187343290981, -7.436571835747825], [109.5421429262623, -7.436571835747825], [109.5421429262623, -7.436302342395328], [109.5424124196148, -7.436302342395328], [109.5424124196148, -7.436032849042831], [109.5426819129673, -7.436032849042831], [109.5426819129673, -7.435763355690333], [109.5434903930248, -7.435763355690333], [109.5434903930248, -7.435493862337836], [109.54375988637729, -7.435493862337836], [109.54375988637729, -7.435224368985339], [109.54429887308228, -7.435224368985339], [109.54429887308228, -7.434954875632841], [109.54483785978728, -7.434954875632841], [109.54483785978728, -7.434415888927846], [109.54510735313977, -7.434415888927846], [109.54510735313977, -7.433876902222852], [109.54537684649227, -7.433876902222852], [109.54537684649227, -7.431990448755371], [109.54618532654976, -7.431990448755371], [109.54618532654976, -7.431720955402874], [109.54780228666475, -7.431720955402874], [109.54780228666475, -7.431451462050377], [109.54807178001724, -7.431451462050377], [109.54807178001724, -7.431181968697879], [109.54888026007474, -7.431181968697879], [109.54888026007474, -7.430912475345382], [109.54968874013223, -7.430912475345382], [109.54968874013223, -7.431181968697879], [109.54995823348473, -7.431181968697879], [109.54995823348473, -7.431451462050377], [109.55130570024721, -7.431451462050377], [109.55130570024721, -7.431181968697879], [109.55157519359972, -7.431181968697879], [109.55157519359972, -7.430912475345382], [109.55373114041969, -7.430912475345382], [109.55373114041969, -7.430642981992884], [109.55561759388716, -7.430642981992884], [109.55561759388716, -7.430912475345382], [109.55777354070715, -7.430912475345382], [109.55777354070715, -7.430373488640387], [109.55804303405965, -7.430373488640387], [109.55804303405965, -7.43010399528789], [109.55858202076465, -7.43010399528789], [109.55858202076465, -7.429834501935392], [109.55885151411714, -7.429834501935392], [109.55885151411714, -7.429295515230398], [109.55912100746964, -7.429295515230398], [109.55912100746964, -7.428487035172906], [109.55992948752713, -7.428487035172906], [109.55992948752713, -7.428756528525403], [109.56019898087962, -7.428756528525403], [109.56019898087962, -7.429026021877901], [109.56073796758461, -7.429026021877901], [109.56073796758461, -7.429295515230398], [109.56343290110959, -7.429295515230398], [109.56343290110959, -7.428756528525403], [109.56370239446208, -7.428756528525403], [109.56370239446208, -7.428487035172906], [109.56397188781459, -7.428487035172906], [109.56397188781459, -7.428217541820409], [109.56424138116708, -7.428217541820409], [109.56424138116708, -7.423366661475457], [109.56397188781459, -7.423366661475457], [109.56397188781459, -7.422827674770462], [109.56370239446208, -7.422827674770462], [109.56370239446208, -7.421210714655479], [109.56424138116708, -7.421210714655479], [109.56424138116708, -7.421480208007976], [109.56478036787207, -7.421480208007976], [109.56478036787207, -7.421749701360473], [109.56504986122458, -7.421749701360473], [109.56504986122458, -7.422019194712971], [109.56531935457707, -7.422019194712971], [109.56531935457707, -7.422288688065468], [109.56666682133957, -7.422288688065468], [109.56666682133957, -7.422558181417966], [109.56720580804455, -7.422558181417966], [109.56720580804455, -7.422827674770462], [109.56747530139705, -7.422827674770462], [109.56747530139705, -7.42309716812296], [109.56936175486453, -7.42309716812296], [109.56936175486453, -7.423366661475457], [109.57070922162701, -7.423366661475457], [109.57070922162701, -7.42309716812296], [109.57097871497952, -7.42309716812296], [109.57097871497952, -7.422827674770462], [109.57124820833201, -7.422827674770462], [109.57124820833201, -7.422558181417966], [109.57151770168451, -7.422558181417966], [109.57151770168451, -7.421749701360473], [109.571787195037, -7.421749701360473], [109.571787195037, -7.419863247892993], [109.57205668838951, -7.419863247892993], [109.57205668838951, -7.419593754540495], [109.572326181742, -7.419593754540495], [109.572326181742, -7.4190547678355], [109.572865168447, -7.4190547678355], [109.572865168447, -7.418785274483003], [109.5731346617995, -7.418785274483003], [109.5731346617995, -7.4190547678355], [109.57340415515199, -7.4190547678355], [109.57340415515199, -7.419324261187998], [109.57421263520948, -7.419324261187998], [109.57421263520948, -7.42013274124549], [109.57582959532446, -7.42013274124549], [109.57582959532446, -7.419863247892993], [109.57636858202946, -7.419863247892993], [109.57636858202946, -7.419324261187998], [109.57663807538196, -7.419324261187998], [109.57663807538196, -7.4190547678355], [109.57690756873446, -7.4190547678355], [109.57690756873446, -7.418785274483003], [109.57717706208696, -7.418785274483003], [109.57717706208696, -7.417707301073014], [109.57744655543945, -7.417707301073014], [109.57744655543945, -7.417437807720517], [109.57798554214445, -7.417437807720517], [109.57798554214445, -7.417168314368019], [109.57906351555444, -7.417168314368019], [109.57906351555444, -7.416898821015522], [109.57960250225943, -7.416898821015522], [109.57960250225943, -7.416629327663024], [109.58041098231692, -7.416629327663024], [109.58041098231692, -7.416898821015522], [109.58121946237442, -7.416898821015522], [109.58121946237442, -7.416629327663024], [109.5817584490794, -7.416629327663024], [109.5817584490794, -7.416359834310527], [109.5820279424319, -7.416359834310527], [109.5820279424319, -7.41609034095803], [109.5822974357844, -7.41609034095803], [109.5822974357844, -7.415820847605533], [109.5828364224894, -7.415820847605533], [109.5828364224894, -7.415551354253036], [109.58337540919439, -7.415551354253036], [109.58337540919439, -7.415281860900538], [109.58391439589938, -7.415281860900538], [109.58391439589938, -7.415012367548041], [109.58418388925189, -7.415012367548041], [109.58418388925189, -7.414473380843046], [109.58607034271937, -7.414473380843046], [109.58607034271937, -7.413395407433057], [109.58660932942436, -7.413395407433057], [109.58660932942436, -7.41312591408056], [109.58687882277685, -7.41312591408056], [109.58687882277685, -7.412317434023068], [109.58714831612936, -7.412317434023068], [109.58714831612936, -7.411508953965575], [109.58741780948185, -7.411508953965575], [109.58741780948185, -7.410430980555587], [109.58768730283435, -7.410430980555587], [109.58768730283435, -7.410161487203089], [109.58795679618684, -7.410161487203089], [109.58795679618684, -7.409891993850592], [109.58822628953935, -7.409891993850592], [109.58822628953935, -7.408275033735608], [109.58849578289184, -7.408275033735608], [109.58849578289184, -7.408005540383111], [109.58930426294933, -7.408005540383111], [109.58930426294933, -7.407466553678116], [109.58957375630183, -7.407466553678116], [109.58957375630183, -7.407197060325619], [109.58984324965432, -7.407197060325619], [109.58984324965432, -7.406927566973121], [109.59146020976931, -7.406927566973121], [109.59146020976931, -7.407736047030614], [109.59119071641682, -7.407736047030614], [109.59119071641682, -7.408005540383111], [109.59092122306431, -7.408005540383111], [109.59092122306431, -7.408814020440603], [109.59119071641682, -7.408814020440603], [109.59119071641682, -7.4090835137931], [109.59172970312181, -7.4090835137931], [109.59172970312181, -7.409622500498094], [109.59226868982681, -7.409622500498094], [109.59226868982681, -7.409891993850592], [109.5925381831793, -7.409891993850592], [109.5925381831793, -7.410161487203089], [109.5928076765318, -7.410161487203089], [109.5928076765318, -7.410969967260582], [109.5930771698843, -7.410969967260582], [109.5930771698843, -7.411508953965575], [109.59334666323679, -7.411508953965575], [109.59334666323679, -7.411778447318073], [109.59388564994178, -7.411778447318073], [109.59388564994178, -7.41204794067057], [109.59442463664678, -7.41204794067057], [109.59442463664678, -7.412317434023068], [109.59469412999928, -7.412317434023068], [109.59469412999928, -7.412586927375565], [109.59604159676176, -7.412586927375565], [109.59604159676176, -7.412317434023068], [109.59658058346676, -7.412317434023068], [109.59658058346676, -7.41204794067057], [109.59685007681925, -7.41204794067057], [109.59685007681925, -7.411778447318073], [109.59711957017176, -7.411778447318073], [109.59711957017176, -7.410969967260582], [109.59738906352425, -7.410969967260582], [109.59738906352425, -7.410430980555587], [109.59765855687675, -7.410430980555587], [109.59765855687675, -7.410161487203089], [109.59792805022924, -7.410161487203089], [109.59792805022924, -7.410430980555587], [109.59846703693424, -7.410430980555587], [109.59846703693424, -7.412317434023068], [109.59981450369673, -7.412317434023068], [109.59981450369673, -7.41204794067057], [109.60008399704923, -7.41204794067057], [109.60008399704923, -7.411508953965575], [109.60035349040172, -7.411508953965575], [109.60035349040172, -7.410430980555587], [109.60089247710671, -7.410430980555587], [109.60089247710671, -7.411508953965575], [109.6014314638117, -7.411508953965575], [109.6014314638117, -7.411778447318073], [109.6027789305742, -7.411778447318073], [109.6027789305742, -7.411508953965575], [109.6033179172792, -7.411508953965575], [109.6033179172792, -7.410700473908084], [109.60358741063169, -7.410700473908084], [109.60358741063169, -7.410430980555587], [109.6038569039842, -7.410430980555587], [109.6038569039842, -7.410161487203089], [109.60493487739417, -7.410161487203089], [109.60493487739417, -7.409891993850592], [109.60574335745167, -7.409891993850592], [109.60574335745167, -7.4090835137931], [109.60601285080416, -7.4090835137931], [109.60601285080416, -7.408005540383111], [109.60736031756666, -7.408005540383111], [109.60736031756666, -7.407736047030614], [109.60897727768163, -7.407736047030614], [109.60897727768163, -7.407466553678116], [109.60924677103414, -7.407466553678116], [109.60924677103414, -7.407197060325619], [109.60951626438663, -7.407197060325619], [109.60951626438663, -7.406927566973121], [109.61059423779662, -7.406927566973121], [109.61059423779662, -7.406658073620624], [109.61086373114912, -7.406658073620624], [109.61086373114912, -7.406388580268127], [109.61113322450161, -7.406388580268127], [109.61113322450161, -7.40611908691563], [109.61140271785412, -7.40611908691563], [109.61140271785412, -7.405849593563133], [109.6124806912641, -7.405849593563133], [109.6124806912641, -7.405580100210635], [109.61301967796909, -7.405580100210635], [109.61301967796909, -7.405849593563133], [109.61382815802659, -7.405849593563133], [109.61382815802659, -7.40611908691563], [109.61409765137908, -7.40611908691563], [109.61409765137908, -7.406388580268127], [109.61436714473159, -7.406388580268127], [109.61436714473159, -7.406658073620624], [109.61679258490406, -7.406658073620624], [109.61679258490406, -7.406388580268127], [109.61706207825655, -7.406388580268127], [109.61706207825655, -7.40611908691563], [109.61760106496155, -7.40611908691563], [109.61760106496155, -7.405849593563133], [109.61787055831405, -7.405849593563133], [109.61787055831405, -7.405580100210635], [109.61814005166654, -7.405580100210635], [109.61814005166654, -7.405310606858138], [109.61867903837154, -7.405310606858138], [109.61867903837154, -7.40504111350564], [109.61921802507653, -7.40504111350564], [109.61921802507653, -7.404232633448149], [109.61894853172404, -7.404232633448149], [109.61894853172404, -7.403424153390657], [109.62029599848653, -7.403424153390657], [109.62029599848653, -7.403693646743154], [109.62110447854401, -7.403693646743154], [109.62110447854401, -7.403963140095652], [109.622182451954, -7.403963140095652], [109.622182451954, -7.403693646743154], [109.623260425364, -7.403693646743154], [109.623260425364, -7.403963140095652], [109.62352991871649, -7.403963140095652], [109.62352991871649, -7.404232633448149], [109.62568586553647, -7.404232633448149], [109.62568586553647, -7.404502126800645], [109.62622485224146, -7.404502126800645], [109.62622485224146, -7.404771620153143], [109.62703333229895, -7.404771620153143], [109.62703333229895, -7.404502126800645], [109.62730282565146, -7.404502126800645], [109.62730282565146, -7.403963140095652], [109.62757231900395, -7.403963140095652], [109.62757231900395, -7.403693646743154], [109.62811130570894, -7.403693646743154], [109.62811130570894, -7.403424153390657], [109.62838079906145, -7.403424153390657], [109.62838079906145, -7.402615673333164], [109.62811130570894, -7.402615673333164], [109.62811130570894, -7.402346179980667], [109.62784181235645, -7.402346179980667], [109.62784181235645, -7.40207668662817], [109.62730282565146, -7.40207668662817], [109.62730282565146, -7.401807193275673], [109.62703333229895, -7.401807193275673], [109.62703333229895, -7.401537699923176], [109.62622485224146, -7.401537699923176], [109.62622485224146, -7.401807193275673], [109.62595535888897, -7.401807193275673], [109.62595535888897, -7.402346179980667], [109.62487738547898, -7.402346179980667], [109.62487738547898, -7.40207668662817], [109.62460789212648, -7.40207668662817], [109.62460789212648, -7.401807193275673], [109.62379941206899, -7.401807193275673], [109.62379941206899, -7.401537699923176], [109.622182451954, -7.401537699923176], [109.622182451954, -7.401807193275673], [109.62164346524901, -7.401807193275673], [109.62164346524901, -7.40207668662817], [109.62083498519152, -7.40207668662817], [109.62083498519152, -7.401807193275673], [109.62002650513402, -7.401807193275673], [109.62002650513402, -7.401537699923176], [109.61867903837154, -7.401537699923176], [109.61867903837154, -7.401807193275673], [109.61814005166654, -7.401807193275673], [109.61814005166654, -7.40207668662817], [109.61787055831405, -7.40207668662817], [109.61787055831405, -7.402346179980667], [109.61652309155156, -7.402346179980667], [109.61652309155156, -7.402615673333164], [109.61490613143658, -7.402615673333164], [109.61490613143658, -7.403693646743154], [109.61355866467409, -7.403693646743154], [109.61355866467409, -7.403963140095652], [109.61005525109162, -7.403963140095652], [109.61005525109162, -7.404232633448149], [109.60843829097664, -7.404232633448149], [109.60843829097664, -7.404502126800645], [109.60762981091915, -7.404502126800645], [109.60762981091915, -7.404771620153143], [109.60601285080416, -7.404771620153143], [109.60601285080416, -7.40504111350564], [109.60574335745167, -7.40504111350564], [109.60574335745167, -7.405580100210635], [109.60547386409917, -7.405580100210635], [109.60547386409917, -7.405849593563133], [109.60520437074668, -7.405849593563133], [109.60520437074668, -7.406658073620624], [109.60493487739417, -7.406658073620624], [109.60493487739417, -7.407466553678116], [109.60358741063169, -7.407466553678116], [109.60358741063169, -7.407736047030614], [109.6033179172792, -7.407736047030614], [109.6033179172792, -7.408005540383111], [109.6030484239267, -7.408005540383111], [109.6030484239267, -7.408275033735608], [109.6025094372217, -7.408275033735608], [109.6025094372217, -7.408544527088106], [109.60223994386921, -7.408544527088106], [109.60223994386921, -7.408814020440603], [109.6019704505167, -7.408814020440603], [109.6019704505167, -7.4090835137931], [109.60170095716421, -7.4090835137931], [109.60170095716421, -7.408814020440603], [109.59954501034423, -7.408814020440603], [109.59954501034423, -7.408544527088106], [109.59927551699174, -7.408544527088106], [109.59927551699174, -7.408275033735608], [109.59900602363923, -7.408275033735608], [109.59900602363923, -7.408005540383111], [109.59873653028674, -7.408005540383111], [109.59873653028674, -7.407736047030614], [109.59846703693424, -7.407736047030614], [109.59846703693424, -7.407466553678116], [109.59819754358175, -7.407466553678116], [109.59819754358175, -7.406658073620624], [109.59711957017176, -7.406658073620624], [109.59711957017176, -7.406927566973121], [109.59685007681925, -7.406927566973121], [109.59685007681925, -7.407197060325619], [109.59658058346676, -7.407197060325619], [109.59658058346676, -7.407466553678116], [109.59577210340927, -7.407466553678116], [109.59577210340927, -7.407736047030614], [109.59523311670428, -7.407736047030614], [109.59523311670428, -7.408275033735608], [109.59496362335177, -7.408275033735608], [109.59496362335177, -7.410161487203089], [109.59523311670428, -7.410161487203089], [109.59523311670428, -7.409891993850592], [109.59550261005677, -7.409891993850592], [109.59550261005677, -7.409622500498094], [109.59577210340927, -7.409622500498094], [109.59577210340927, -7.409353007145597], [109.59711957017176, -7.409353007145597], [109.59711957017176, -7.409622500498094], [109.59685007681925, -7.409622500498094], [109.59685007681925, -7.409891993850592], [109.59658058346676, -7.409891993850592], [109.59658058346676, -7.410161487203089], [109.59631109011427, -7.410161487203089], [109.59631109011427, -7.410430980555587], [109.59604159676176, -7.410430980555587], [109.59604159676176, -7.410700473908084], [109.59469412999928, -7.410700473908084], [109.59469412999928, -7.410430980555587], [109.59442463664678, -7.410430980555587], [109.59442463664678, -7.409891993850592], [109.59415514329429, -7.409891993850592], [109.59415514329429, -7.409622500498094], [109.59388564994178, -7.409622500498094], [109.59388564994178, -7.409353007145597], [109.59361615658929, -7.409353007145597], [109.59361615658929, -7.4090835137931], [109.59334666323679, -7.4090835137931], [109.59334666323679, -7.408814020440603], [109.5928076765318, -7.408814020440603], [109.5928076765318, -7.408544527088106], [109.59226868982681, -7.408544527088106], [109.59226868982681, -7.406658073620624], [109.5925381831793, -7.406658073620624], [109.5925381831793, -7.405310606858138], [109.5928076765318, -7.405310606858138], [109.5928076765318, -7.404502126800645], [109.59361615658929, -7.404502126800645], [109.59361615658929, -7.404232633448149], [109.59415514329429, -7.404232633448149], [109.59415514329429, -7.403693646743154], [109.59442463664678, -7.403693646743154], [109.59442463664678, -7.403424153390657], [109.59469412999928, -7.403424153390657], [109.59469412999928, -7.403154660038159], [109.59496362335177, -7.403154660038159], [109.59496362335177, -7.402346179980667], [109.59523311670428, -7.402346179980667], [109.59523311670428, -7.401268206570678], [109.59685007681925, -7.401268206570678], [109.59685007681925, -7.401537699923176], [109.59711957017176, -7.401537699923176], [109.59711957017176, -7.401807193275673], [109.59738906352425, -7.401807193275673], [109.59738906352425, -7.40207668662817], [109.59873653028674, -7.40207668662817], [109.59873653028674, -7.401807193275673], [109.59900602363923, -7.401807193275673], [109.59900602363923, -7.401537699923176], [109.59927551699174, -7.401537699923176], [109.59927551699174, -7.401268206570678], [109.59954501034423, -7.401268206570678], [109.59954501034423, -7.400998713218181], [109.59981450369673, -7.400998713218181], [109.59981450369673, -7.400190233160689], [109.60008399704923, -7.400190233160689], [109.60008399704923, -7.399381753103197], [109.59981450369673, -7.399381753103197], [109.59981450369673, -7.3991122597507], [109.60035349040172, -7.3991122597507], [109.60035349040172, -7.398573273045705], [109.60062298375422, -7.398573273045705], [109.60062298375422, -7.398303779693208], [109.60089247710671, -7.398303779693208], [109.60089247710671, -7.39803428634071], [109.60116197045922, -7.39803428634071], [109.60116197045922, -7.397764792988213], [109.6014314638117, -7.397764792988213], [109.6014314638117, -7.397495299635716], [109.60170095716421, -7.397495299635716], [109.60170095716421, -7.397225806283219], [109.6019704505167, -7.397225806283219], [109.6019704505167, -7.396956312930722], [109.60223994386921, -7.396956312930722], [109.60223994386921, -7.396417326225727], [109.6027789305742, -7.396417326225727], [109.6027789305742, -7.396147832873229], [109.6030484239267, -7.396147832873229], [109.6030484239267, -7.395878339520732], [109.6033179172792, -7.395878339520732], [109.6033179172792, -7.395608846168235], [109.60520437074668, -7.395608846168235], [109.60520437074668, -7.394800366110743], [109.60547386409917, -7.394800366110743], [109.60547386409917, -7.394261379405748], [109.60574335745167, -7.394261379405748], [109.60574335745167, -7.393991886053251], [109.60601285080416, -7.393991886053251], [109.60601285080416, -7.393452899348256], [109.60628234415667, -7.393452899348256], [109.60628234415667, -7.393183405995759], [109.60655183750916, -7.393183405995759], [109.60655183750916, -7.392913912643261], [109.60709082421415, -7.392913912643261], [109.60709082421415, -7.392374925938267], [109.60736031756666, -7.392374925938267], [109.60736031756666, -7.391835939233273], [109.60762981091915, -7.391835939233273], [109.60762981091915, -7.391566445880775], [109.60789930427164, -7.391566445880775], [109.60789930427164, -7.391296952528278], [109.60762981091915, -7.391296952528278], [109.60762981091915, -7.390757965823283], [109.60736031756666, -7.390757965823283], [109.60736031756666, -7.390488472470786], [109.60709082421415, -7.390488472470786], [109.60709082421415, -7.389949485765792], [109.60682133086166, -7.389949485765792], [109.60682133086166, -7.389679992413294], [109.60655183750916, -7.389679992413294]], [[109.59846703693424, -7.398842766398203], [109.59927551699174, -7.398842766398203], [109.59927551699174, -7.399381753103197], [109.59954501034423, -7.399381753103197], [109.59954501034423, -7.400190233160689], [109.59927551699174, -7.400190233160689], [109.59927551699174, -7.400729219865684], [109.59900602363923, -7.400729219865684], [109.59900602363923, -7.400998713218181], [109.59873653028674, -7.400998713218181], [109.59873653028674, -7.401268206570678], [109.59846703693424, -7.401268206570678], [109.59846703693424, -7.401537699923176], [109.59738906352425, -7.401537699923176], [109.59738906352425, -7.401268206570678], [109.59685007681925, -7.401268206570678], [109.59685007681925, -7.400998713218181], [109.59658058346676, -7.400998713218181], [109.59658058346676, -7.400459726513186], [109.59685007681925, -7.400459726513186], [109.59685007681925, -7.399920739808191], [109.59711957017176, -7.399920739808191], [109.59711957017176, -7.399651246455694], [109.59765855687675, -7.399651246455694], [109.59765855687675, -7.399381753103197], [109.59792805022924, -7.399381753103197], [109.59792805022924, -7.3991122597507], [109.59846703693424, -7.3991122597507], [109.59846703693424, -7.398842766398203]], [[109.61517562478907, -7.403693646743154], [109.61571461149407, -7.403693646743154], [109.61571461149407, -7.403963140095652], [109.61517562478907, -7.403963140095652], [109.61517562478907, -7.403693646743154]], [[109.61706207825655, -7.403963140095652], [109.61760106496155, -7.403963140095652], [109.61760106496155, -7.404232633448149], [109.61733157160906, -7.404232633448149], [109.61733157160906, -7.404771620153143], [109.61706207825655, -7.404771620153143], [109.61706207825655, -7.40504111350564], [109.61652309155156, -7.40504111350564], [109.61652309155156, -7.405580100210635], [109.61571461149407, -7.405580100210635], [109.61571461149407, -7.405849593563133], [109.61517562478907, -7.405849593563133], [109.61517562478907, -7.40504111350564], [109.61544511814157, -7.40504111350564], [109.61544511814157, -7.404771620153143], [109.61598410484656, -7.404771620153143], [109.61598410484656, -7.404502126800645], [109.61679258490406, -7.404502126800645], [109.61679258490406, -7.404232633448149], [109.61706207825655, -7.404232633448149], [109.61706207825655, -7.403963140095652]], [[109.59092122306431, -7.405310606858138], [109.59146020976931, -7.405310606858138], [109.59146020976931, -7.406388580268127], [109.59119071641682, -7.406388580268127], [109.59119071641682, -7.406658073620624], [109.59065172971182, -7.406658073620624], [109.59065172971182, -7.406388580268127], [109.59038223635932, -7.406388580268127], [109.59038223635932, -7.405849593563133], [109.59065172971182, -7.405849593563133], [109.59065172971182, -7.405580100210635], [109.59092122306431, -7.405580100210635], [109.59092122306431, -7.405310606858138]], [[109.60870778432914, -7.405310606858138], [109.61005525109162, -7.405310606858138], [109.61005525109162, -7.405580100210635], [109.61032474444413, -7.405580100210635], [109.61032474444413, -7.40611908691563], [109.61005525109162, -7.40611908691563], [109.61005525109162, -7.406388580268127], [109.60978575773913, -7.406388580268127], [109.60978575773913, -7.406658073620624], [109.60924677103414, -7.406658073620624], [109.60924677103414, -7.406927566973121], [109.60816879762415, -7.406927566973121], [109.60816879762415, -7.407197060325619], [109.60682133086166, -7.407197060325619], [109.60682133086166, -7.40611908691563], [109.60709082421415, -7.40611908691563], [109.60709082421415, -7.405849593563133], [109.60762981091915, -7.405849593563133], [109.60762981091915, -7.405580100210635], [109.60870778432914, -7.405580100210635], [109.60870778432914, -7.405310606858138]], [[109.57556010197197, -7.417168314368019], [109.57609908867697, -7.417168314368019], [109.57609908867697, -7.417437807720517], [109.57636858202946, -7.417437807720517], [109.57636858202946, -7.417976794425511], [109.57609908867697, -7.417976794425511], [109.57609908867697, -7.418785274483003], [109.57556010197197, -7.418785274483003], [109.57556010197197, -7.4190547678355], [109.57448212856198, -7.4190547678355], [109.57448212856198, -7.418785274483003], [109.57421263520948, -7.418785274483003], [109.57421263520948, -7.418515781130505], [109.57394314185699, -7.418515781130505], [109.57394314185699, -7.417976794425511], [109.57421263520948, -7.417976794425511], [109.57421263520948, -7.417707301073014], [109.57475162191447, -7.417707301073014], [109.57475162191447, -7.417437807720517], [109.57556010197197, -7.417437807720517], [109.57556010197197, -7.417168314368019]], [[109.56990074156953, -7.420671727950484], [109.57043972827452, -7.420671727950484], [109.57043972827452, -7.420941221302981], [109.57070922162701, -7.420941221302981], [109.57070922162701, -7.421749701360473], [109.57043972827452, -7.421749701360473], [109.57043972827452, -7.422288688065468], [109.56990074156953, -7.422288688065468], [109.56990074156953, -7.422558181417966], [109.56828378145454, -7.422558181417966], [109.56828378145454, -7.422019194712971], [109.56801428810205, -7.422019194712971], [109.56801428810205, -7.421749701360473], [109.56828378145454, -7.421749701360473], [109.56828378145454, -7.421480208007976], [109.56909226151204, -7.421480208007976], [109.56909226151204, -7.421210714655479], [109.56963124821704, -7.421210714655479], [109.56963124821704, -7.420941221302981], [109.56990074156953, -7.420941221302981], [109.56990074156953, -7.420671727950484]], [[109.55885151411714, -7.427409061762916], [109.55992948752713, -7.427409061762916], [109.55992948752713, -7.427948048467911], [109.55965999417462, -7.427948048467911], [109.55965999417462, -7.428217541820409], [109.55912100746964, -7.428217541820409], [109.55912100746964, -7.428487035172906], [109.55885151411714, -7.428487035172906], [109.55885151411714, -7.428756528525403], [109.55858202076465, -7.428756528525403], [109.55858202076465, -7.429295515230398], [109.55831252741214, -7.429295515230398], [109.55831252741214, -7.429565008582895], [109.55804303405965, -7.429565008582895], [109.55804303405965, -7.429834501935392], [109.55777354070715, -7.429834501935392], [109.55777354070715, -7.43010399528789], [109.55750404735466, -7.43010399528789], [109.55750404735466, -7.430373488640387], [109.55669556729715, -7.430373488640387], [109.55669556729715, -7.430642981992884], [109.55588708723967, -7.430642981992884], [109.55588708723967, -7.430373488640387], [109.55103620689472, -7.430373488640387], [109.55103620689472, -7.430642981992884], [109.55049722018973, -7.430642981992884], [109.55049722018973, -7.430373488640387], [109.54995823348473, -7.430373488640387], [109.54995823348473, -7.429565008582895], [109.55022772683722, -7.429565008582895], [109.55022772683722, -7.429295515230398], [109.55049722018973, -7.429295515230398], [109.55049722018973, -7.429026021877901], [109.55076671354222, -7.429026021877901], [109.55076671354222, -7.428756528525403], [109.55130570024721, -7.428756528525403], [109.55130570024721, -7.428487035172906], [109.55157519359972, -7.428487035172906], [109.55157519359972, -7.428217541820409], [109.5523836736572, -7.428217541820409], [109.5523836736572, -7.427948048467911], [109.5526531670097, -7.427948048467911], [109.5526531670097, -7.428217541820409], [109.55480911382968, -7.428217541820409], [109.55480911382968, -7.427948048467911], [109.55561759388716, -7.427948048467911], [109.55561759388716, -7.427678555115414], [109.55885151411714, -7.427678555115414], [109.55885151411714, -7.427409061762916]], [[109.52732079187496, -7.440883729387782], [109.52920724534243, -7.440883729387782], [109.52920724534243, -7.441153222740279], [109.52866825863744, -7.441153222740279], [109.52866825863744, -7.441422716092776], [109.52839876528495, -7.441422716092776], [109.52839876528495, -7.441692209445274], [109.52785977857995, -7.441692209445274], [109.52785977857995, -7.441961702797771], [109.52705129852245, -7.441961702797771], [109.52705129852245, -7.442231196150269], [109.52624281846497, -7.442231196150269], [109.52624281846497, -7.441961702797771], [109.52597332511246, -7.441961702797771], [109.52597332511246, -7.441692209445274], [109.52624281846497, -7.441692209445274], [109.52624281846497, -7.441422716092776], [109.52651231181746, -7.441422716092776], [109.52651231181746, -7.441153222740279], [109.52732079187496, -7.441153222740279], [109.52732079187496, -7.440883729387782]], [[109.51923599130004, -7.447621063200215], [109.51950548465253, -7.447621063200215], [109.51950548465253, -7.447890556552712], [109.51977497800503, -7.447890556552712], [109.51977497800503, -7.448429543257706], [109.51950548465253, -7.448429543257706], [109.51950548465253, -7.448968529962701], [109.51896649794753, -7.448968529962701], [109.51896649794753, -7.449238023315198], [109.51869700459504, -7.449238023315198], [109.51869700459504, -7.449507516667696], [109.51761903118505, -7.449507516667696], [109.51761903118505, -7.449238023315198], [109.51734953783256, -7.449238023315198], [109.51734953783256, -7.448968529962701], [109.51761903118505, -7.448968529962701], [109.51761903118505, -7.448699036610204], [109.51815801789004, -7.448699036610204], [109.51815801789004, -7.448160049905209], [109.51896649794753, -7.448160049905209], [109.51896649794753, -7.447890556552712], [109.51923599130004, -7.447890556552712], [109.51923599130004, -7.447621063200215]]]}}, {"type": "Feature", "properties": {"fid": 178, "DN": 3, "Keterangan": "Tinggi"}, "geometry": {"type": "Polygon", "coordinates": [[[109.43892697225584, -7.450315996725188], [109.43892697225584, -7.450585490077685], [109.43838798555085, -7.450585490077685], [109.43838798555085, -7.451124476782679], [109.43946595896084, -7.451124476782679], [109.43946595896084, -7.450854983430182], [109.44000494566582, -7.450854983430182], [109.44000494566582, -7.450585490077685], [109.43946595896084, -7.450585490077685], [109.43946595896084, -7.450315996725188], [109.43892697225584, -7.450315996725188]]]}}, {"type": "Feature", "properties": {"fid": 179, "DN": 1, "Keterangan": "Rendah"}, "geometry": {"type": "Polygon", "coordinates": [[[109.44674227947826, -7.449777010020193], [109.44674227947826, -7.451393970135177], [109.44701177283076, -7.451393970135177], [109.44701177283076, -7.449777010020193], [109.44674227947826, -7.449777010020193]]]}}, {"type": "Feature", "properties": {"fid": 180, "DN": 1, "Keterangan": "Rendah"}, "geometry": {"type": "Polygon", "coordinates": [[[109.43650153208335, -7.450046503372691], [109.43650153208335, -7.450315996725188], [109.43623203873086, -7.450315996725188], [109.43623203873086, -7.450854983430182], [109.43596254537837, -7.450854983430182], [109.43596254537837, -7.451663463487674], [109.43623203873086, -7.451663463487674], [109.43623203873086, -7.451932956840172], [109.43650153208335, -7.451932956840172], [109.43650153208335, -7.450585490077685], [109.43677102543586, -7.450585490077685], [109.43677102543586, -7.450046503372691], [109.43650153208335, -7.450046503372691]]]}}, {"type": "Feature", "properties": {"fid": 181, "DN": 1, "Keterangan": "Rendah"}, "geometry": {"type": "Polygon", "coordinates": [[[109.46425934739058, -7.447621063200215], [109.46425934739058, -7.447890556552712], [109.46398985403809, -7.447890556552712], [109.46398985403809, -7.448429543257706], [109.46372036068558, -7.448429543257706], [109.46372036068558, -7.448699036610204], [109.4634508673331, -7.448699036610204], [109.4634508673331, -7.448968529962701], [109.46318137398059, -7.448968529962701], [109.46318137398059, -7.449238023315198], [109.4629118806281, -7.449238023315198], [109.4629118806281, -7.449507516667696], [109.4626423872756, -7.449507516667696], [109.4626423872756, -7.449777010020193], [109.4623728939231, -7.449777010020193], [109.4623728939231, -7.450046503372691], [109.46210340057061, -7.450046503372691], [109.46210340057061, -7.450315996725188], [109.46183390721811, -7.450315996725188], [109.46183390721811, -7.450585490077685], [109.46156441386562, -7.450585490077685], [109.46156441386562, -7.450854983430182], [109.46102542716062, -7.450854983430182], [109.46102542716062, -7.451393970135177], [109.46075593380812, -7.451393970135177], [109.46075593380812, -7.451663463487674], [109.46048644045563, -7.451663463487674], [109.46048644045563, -7.451932956840172], [109.46021694710312, -7.451932956840172], [109.46021694710312, -7.452202450192669], [109.45994745375063, -7.452202450192669], [109.45994745375063, -7.452471943545167], [109.45913897369313, -7.452471943545167], [109.45913897369313, -7.452741436897663], [109.46129492051311, -7.452741436897663], [109.46129492051311, -7.451663463487674], [109.46156441386562, -7.451663463487674], [109.46156441386562, -7.451393970135177], [109.46183390721811, -7.451393970135177], [109.46183390721811, -7.451124476782679], [109.46210340057061, -7.451124476782679], [109.46210340057061, -7.450585490077685], [109.4623728939231, -7.450585490077685], [109.4623728939231, -7.450315996725188], [109.4629118806281, -7.450315996725188], [109.4629118806281, -7.449777010020193], [109.46318137398059, -7.449777010020193], [109.46318137398059, -7.449507516667696], [109.46372036068558, -7.449507516667696], [109.46372036068558, -7.449238023315198], [109.46398985403809, -7.449238023315198], [109.46398985403809, -7.448968529962701], [109.46452884074309, -7.448968529962701], [109.46452884074309, -7.448160049905209], [109.46479833409558, -7.448160049905209], [109.46479833409558, -7.447621063200215], [109.46425934739058, -7.447621063200215]]]}}, {"type": "Feature", "properties": {"fid": 182, "DN": 1, "Keterangan": "Rendah"}, "geometry": {"type": "Polygon", "coordinates": [[[109.45321011993819, -7.450585490077685], [109.45321011993819, -7.452202450192669], [109.4534796132907, -7.452202450192669], [109.4534796132907, -7.452741436897663], [109.45428809334818, -7.452741436897663], [109.45428809334818, -7.45301093025016], [109.45886948034064, -7.45301093025016], [109.45886948034064, -7.452741436897663], [109.45590505346317, -7.452741436897663], [109.45590505346317, -7.452471943545167], [109.45509657340567, -7.452471943545167], [109.45509657340567, -7.452202450192669], [109.45455758670069, -7.452202450192669], [109.45455758670069, -7.451932956840172], [109.45428809334818, -7.451932956840172], [109.45428809334818, -7.451663463487674], [109.45401859999569, -7.451663463487674], [109.45401859999569, -7.451393970135177], [109.45374910664319, -7.451393970135177], [109.45374910664319, -7.451124476782679], [109.4534796132907, -7.451124476782679], [109.4534796132907, -7.450585490077685], [109.45321011993819, -7.450585490077685]]]}}, {"type": "Feature", "properties": {"fid": 183, "DN": 2, "Keterangan": "Sedang"}, "geometry": {"type": "Polygon", "coordinates": [[[109.45051518641323, -7.446543089790225], [109.45051518641323, -7.446812583142723], [109.44943721300324, -7.446812583142723], [109.44943721300324, -7.44708207649522], [109.44916771965073, -7.44708207649522], [109.44916771965073, -7.447351569847718], [109.44889822629824, -7.447351569847718], [109.44889822629824, -7.447621063200215], [109.44862873294574, -7.447621063200215], [109.44862873294574, -7.448160049905209], [109.44835923959324, -7.448160049905209], [109.44835923959324, -7.448429543257706], [109.44808974624074, -7.448429543257706], [109.44808974624074, -7.448699036610204], [109.44782025288825, -7.448699036610204], [109.44782025288825, -7.448968529962701], [109.44755075953574, -7.448968529962701], [109.44755075953574, -7.449238023315198], [109.44728126618325, -7.449238023315198], [109.44728126618325, -7.449507516667696], [109.44701177283076, -7.449507516667696], [109.44701177283076, -7.451663463487674], [109.44728126618325, -7.451663463487674], [109.44728126618325, -7.451932956840172], [109.44755075953574, -7.451932956840172], [109.44755075953574, -7.452202450192669], [109.44782025288825, -7.452202450192669], [109.44782025288825, -7.452471943545167], [109.44808974624074, -7.452471943545167], [109.44808974624074, -7.452741436897663], [109.44835923959324, -7.452741436897663], [109.44835923959324, -7.45301093025016], [109.44862873294574, -7.45301093025016], [109.44862873294574, -7.453280423602658], [109.44889822629824, -7.453280423602658], [109.44889822629824, -7.452202450192669], [109.44916771965073, -7.452202450192669], [109.44916771965073, -7.450046503372691], [109.44943721300324, -7.450046503372691], [109.44943721300324, -7.449777010020193], [109.44970670635573, -7.449777010020193], [109.44970670635573, -7.449507516667696], [109.45024569306072, -7.449507516667696], [109.45024569306072, -7.449238023315198], [109.45132366647071, -7.449238023315198], [109.45132366647071, -7.449507516667696], [109.4521321465282, -7.449507516667696], [109.4521321465282, -7.449777010020193], [109.4526711332332, -7.449777010020193], [109.4526711332332, -7.450046503372691], [109.4529406265857, -7.450046503372691], [109.4529406265857, -7.450315996725188], [109.45321011993819, -7.450315996725188], [109.45321011993819, -7.450585490077685], [109.4534796132907, -7.450585490077685], [109.4534796132907, -7.449238023315198], [109.45321011993819, -7.449238023315198], [109.45321011993819, -7.447890556552712], [109.4529406265857, -7.447890556552712], [109.4529406265857, -7.44708207649522], [109.4526711332332, -7.44708207649522], [109.4526711332332, -7.446812583142723], [109.45186265317571, -7.446812583142723], [109.45186265317571, -7.446543089790225], [109.45051518641323, -7.446543089790225]]]}}, {"type": "Feature", "properties": {"fid": 184, "DN": 1, "Keterangan": "Rendah"}, "geometry": {"type": "Polygon", "coordinates": [[[109.43892697225584, -7.45301093025016], [109.43892697225584, -7.453280423602658], [109.43919646560833, -7.453280423602658], [109.43919646560833, -7.45301093025016], [109.43892697225584, -7.45301093025016]]]}}, {"type": "Feature", "properties": {"fid": 185, "DN": 2, "Keterangan": "Sedang"}, "geometry": {"type": "Polygon", "coordinates": [[[109.43865747890334, -7.448699036610204], [109.43865747890334, -7.448968529962701], [109.43811849219834, -7.448968529962701], [109.43811849219834, -7.449238023315198], [109.43757950549335, -7.449238023315198], [109.43757950549335, -7.449507516667696], [109.43731001214086, -7.449507516667696], [109.43731001214086, -7.449777010020193], [109.43677102543586, -7.449777010020193], [109.43677102543586, -7.450585490077685], [109.43650153208335, -7.450585490077685], [109.43650153208335, -7.451932956840172], [109.43677102543586, -7.451932956840172], [109.43677102543586, -7.452202450192669], [109.43731001214086, -7.452202450192669], [109.43731001214086, -7.452471943545167], [109.43757950549335, -7.452471943545167], [109.43757950549335, -7.452741436897663], [109.43784899884585, -7.452741436897663], [109.43784899884585, -7.453549916955155], [109.43838798555085, -7.453549916955155], [109.43838798555085, -7.453280423602658], [109.43892697225584, -7.453280423602658], [109.43892697225584, -7.45301093025016], [109.44027443901832, -7.45301093025016], [109.44027443901832, -7.448699036610204], [109.43865747890334, -7.448699036610204]], [[109.43892697225584, -7.450315996725188], [109.43946595896084, -7.450315996725188], [109.43946595896084, -7.450585490077685], [109.44000494566582, -7.450585490077685], [109.44000494566582, -7.450854983430182], [109.43946595896084, -7.450854983430182], [109.43946595896084, -7.451124476782679], [109.43838798555085, -7.451124476782679], [109.43838798555085, -7.450585490077685], [109.43892697225584, -7.450585490077685], [109.43892697225584, -7.450315996725188]]]}}, {"type": "Feature", "properties": {"fid": 186, "DN": 2, "Keterangan": "Sedang"}, "geometry": {"type": "Polygon", "coordinates": [[[109.43757950549335, -7.453549916955155], [109.43757950549335, -7.453819410307653], [109.43784899884585, -7.453819410307653], [109.43784899884585, -7.453549916955155], [109.43757950549335, -7.453549916955155]]]}}, {"type": "Feature", "properties": {"fid": 187, "DN": 2, "Keterangan": "Sedang"}, "geometry": {"type": "Polygon", "coordinates": [[[109.55804303405965, -7.453819410307653], [109.55804303405965, -7.454358397012648], [109.55858202076465, -7.454358397012648], [109.55858202076465, -7.45408890366015], [109.55885151411714, -7.45408890366015], [109.55885151411714, -7.453819410307653], [109.55804303405965, -7.453819410307653]]]}}, {"type": "Feature", "properties": {"fid": 188, "DN": 1, "Keterangan": "Rendah"}, "geometry": {"type": "Polygon", "coordinates": [[[109.42706926474595, -7.454627890365145], [109.42706926474595, -7.454897383717642], [109.42653027804096, -7.454897383717642], [109.42653027804096, -7.455166877070139], [109.42599129133596, -7.455166877070139], [109.42599129133596, -7.455436370422636], [109.42572179798347, -7.455436370422636], [109.42572179798347, -7.455975357127631], [109.42599129133596, -7.455975357127631], [109.42599129133596, -7.455705863775134], [109.42626078468847, -7.455705863775134], [109.42626078468847, -7.455436370422636], [109.42679977139346, -7.455436370422636], [109.42679977139346, -7.455166877070139], [109.42814723815594, -7.455166877070139], [109.42814723815594, -7.454897383717642], [109.42733875809846, -7.454897383717642], [109.42733875809846, -7.454627890365145], [109.42706926474595, -7.454627890365145]]]}}, {"type": "Feature", "properties": {"fid": 189, "DN": 1, "Keterangan": "Rendah"}, "geometry": {"type": "Polygon", "coordinates": [[[109.44377785260079, -7.455705863775134], [109.44377785260079, -7.455975357127631], [109.44404734595328, -7.455975357127631], [109.44404734595328, -7.455705863775134], [109.44377785260079, -7.455705863775134]]]}}, {"type": "Feature", "properties": {"fid": 190, "DN": 1, "Keterangan": "Rendah"}, "geometry": {"type": "Polygon", "coordinates": [[[109.45024569306072, -7.449238023315198], [109.45024569306072, -7.449507516667696], [109.44970670635573, -7.449507516667696], [109.44970670635573, -7.449777010020193], [109.44943721300324, -7.449777010020193], [109.44943721300324, -7.450046503372691], [109.44916771965073, -7.450046503372691], [109.44916771965073, -7.452202450192669], [109.44889822629824, -7.452202450192669], [109.44889822629824, -7.453280423602658], [109.44862873294574, -7.453280423602658], [109.44862873294574, -7.45408890366015], [109.44835923959324, -7.45408890366015], [109.44835923959324, -7.454358397012648], [109.44808974624074, -7.454358397012648], [109.44808974624074, -7.454627890365145], [109.44782025288825, -7.454627890365145], [109.44782025288825, -7.455166877070139], [109.44755075953574, -7.455166877070139], [109.44755075953574, -7.455436370422636], [109.44728126618325, -7.455436370422636], [109.44728126618325, -7.455705863775134], [109.44593379942077, -7.455705863775134], [109.44593379942077, -7.455436370422636], [109.44431683930578, -7.455436370422636], [109.44431683930578, -7.455705863775134], [109.44458633265828, -7.455705863775134], [109.44458633265828, -7.455975357127631], [109.44485582601078, -7.455975357127631], [109.44485582601078, -7.456244850480128], [109.44728126618325, -7.456244850480128], [109.44728126618325, -7.455975357127631], [109.44782025288825, -7.455975357127631], [109.44782025288825, -7.455436370422636], [109.44808974624074, -7.455436370422636], [109.44808974624074, -7.455166877070139], [109.44835923959324, -7.455166877070139], [109.44835923959324, -7.454897383717642], [109.44862873294574, -7.454897383717642], [109.44862873294574, -7.454627890365145], [109.44889822629824, -7.454627890365145], [109.44889822629824, -7.454358397012648], [109.44916771965073, -7.454358397012648], [109.44916771965073, -7.453819410307653], [109.44943721300324, -7.453819410307653], [109.44943721300324, -7.452471943545167], [109.44970670635573, -7.452471943545167], [109.44970670635573, -7.452202450192669], [109.44997619970823, -7.452202450192669], [109.44997619970823, -7.451393970135177], [109.45024569306072, -7.451393970135177], [109.45024569306072, -7.450046503372691], [109.45051518641323, -7.450046503372691], [109.45051518641323, -7.449777010020193], [109.45132366647071, -7.449777010020193], [109.45132366647071, -7.450046503372691], [109.4526711332332, -7.450046503372691], [109.4526711332332, -7.449777010020193], [109.4521321465282, -7.449777010020193], [109.4521321465282, -7.449507516667696], [109.45132366647071, -7.449507516667696], [109.45132366647071, -7.449238023315198], [109.45024569306072, -7.449238023315198]]]}}, {"type": "Feature", "properties": {"fid": 191, "DN": 2, "Keterangan": "Sedang"}, "geometry": {"type": "Polygon", "coordinates": [[[109.44081342572332, -7.45408890366015], [109.44081342572332, -7.455705863775134], [109.44108291907581, -7.455705863775134], [109.44108291907581, -7.455975357127631], [109.44135241242832, -7.455975357127631], [109.44135241242832, -7.456514343832626], [109.4426998791908, -7.456514343832626], [109.4426998791908, -7.456244850480128], [109.4432388658958, -7.456244850480128], [109.4432388658958, -7.455975357127631], [109.44377785260079, -7.455975357127631], [109.44377785260079, -7.455705863775134], [109.44431683930578, -7.455705863775134], [109.44431683930578, -7.455436370422636], [109.44539481271578, -7.455436370422636], [109.44539481271578, -7.455166877070139], [109.44485582601078, -7.455166877070139], [109.44485582601078, -7.454897383717642], [109.44431683930578, -7.454897383717642], [109.44431683930578, -7.454627890365145], [109.44404734595328, -7.454627890365145], [109.44404734595328, -7.454358397012648], [109.44350835924828, -7.454358397012648], [109.44350835924828, -7.45408890366015], [109.44081342572332, -7.45408890366015]]]}}, {"type": "Feature", "properties": {"fid": 192, "DN": 1, "Keterangan": "Rendah"}, "geometry": {"type": "Polygon", "coordinates": [[[109.44000494566582, -7.45301093025016], [109.44000494566582, -7.453549916955155], [109.44027443901832, -7.453549916955155], [109.44027443901832, -7.456783837185123], [109.44054393237082, -7.456783837185123], [109.44054393237082, -7.457322823890117], [109.44081342572332, -7.457322823890117], [109.44081342572332, -7.457592317242615], [109.4429693725433, -7.457592317242615], [109.4429693725433, -7.457322823890117], [109.4432388658958, -7.457322823890117], [109.4432388658958, -7.456783837185123], [109.44350835924828, -7.456783837185123], [109.44350835924828, -7.456514343832626], [109.44377785260079, -7.456514343832626], [109.44377785260079, -7.455975357127631], [109.4432388658958, -7.455975357127631], [109.4432388658958, -7.456244850480128], [109.4426998791908, -7.456244850480128], [109.4426998791908, -7.456514343832626], [109.44135241242832, -7.456514343832626], [109.44135241242832, -7.455975357127631], [109.44108291907581, -7.455975357127631], [109.44108291907581, -7.455705863775134], [109.44081342572332, -7.455705863775134], [109.44081342572332, -7.453819410307653], [109.44054393237082, -7.453819410307653], [109.44054393237082, -7.453280423602658], [109.44027443901832, -7.453280423602658], [109.44027443901832, -7.45301093025016], [109.44000494566582, -7.45301093025016]]]}}, {"type": "Feature", "properties": {"fid": 193, "DN": 2, "Keterangan": "Sedang"}, "geometry": {"type": "Polygon", "coordinates": [[[109.4327286251484, -7.457861810595112], [109.4327286251484, -7.458131303947609], [109.4332676118534, -7.458131303947609], [109.4332676118534, -7.457861810595112], [109.4327286251484, -7.457861810595112]]]}}, {"type": "Feature", "properties": {"fid": 194, "DN": 2, "Keterangan": "Sedang"}, "geometry": {"type": "Polygon", "coordinates": [[[109.42679977139346, -7.455166877070139], [109.42679977139346, -7.455436370422636], [109.42626078468847, -7.455436370422636], [109.42626078468847, -7.455705863775134], [109.42599129133596, -7.455705863775134], [109.42599129133596, -7.455975357127631], [109.42572179798347, -7.455975357127631], [109.42572179798347, -7.456514343832626], [109.42599129133596, -7.456514343832626], [109.42599129133596, -7.456783837185123], [109.42626078468847, -7.456783837185123], [109.42626078468847, -7.457053330537621], [109.42679977139346, -7.457053330537621], [109.42679977139346, -7.457322823890117], [109.42706926474595, -7.457322823890117], [109.42706926474595, -7.457592317242615], [109.42760825145095, -7.457592317242615], [109.42760825145095, -7.458400797300107], [109.42922521156594, -7.458400797300107], [109.42922521156594, -7.457861810595112], [109.42895571821343, -7.457861810595112], [109.42895571821343, -7.457322823890117], [109.42868622486094, -7.457322823890117], [109.42868622486094, -7.456244850480128], [109.42841673150845, -7.456244850480128], [109.42841673150845, -7.455166877070139], [109.42679977139346, -7.455166877070139]]]}}, {"type": "Feature", "properties": {"fid": 195, "DN": 2, "Keterangan": "Sedang"}, "geometry": {"type": "Polygon", "coordinates": [[[109.4324591317959, -7.458131303947609], [109.4324591317959, -7.458400797300107], [109.4327286251484, -7.458400797300107], [109.4327286251484, -7.458131303947609], [109.4324591317959, -7.458131303947609]]]}}, {"type": "Feature", "properties": {"fid": 196, "DN": 2, "Keterangan": "Sedang"}, "geometry": {"type": "Polygon", "coordinates": [[[109.43192014509091, -7.458400797300107], [109.43192014509091, -7.458670290652604], [109.43165065173841, -7.458670290652604], [109.43165065173841, -7.458939784005102], [109.4321896384434, -7.458939784005102], [109.4321896384434, -7.458670290652604], [109.4324591317959, -7.458670290652604], [109.4324591317959, -7.458400797300107], [109.43192014509091, -7.458400797300107]]]}}, {"type": "Feature", "properties": {"fid": 197, "DN": 1, "Keterangan": "Rendah"}, "geometry": {"type": "Polygon", "coordinates": [[[109.42868622486094, -7.458400797300107], [109.42868622486094, -7.458670290652604], [109.42895571821343, -7.458670290652604], [109.42895571821343, -7.459209277357599], [109.42949470491843, -7.459209277357599], [109.42949470491843, -7.459478770710096], [109.43003369162342, -7.459478770710096], [109.43003369162342, -7.459209277357599], [109.42976419827093, -7.459209277357599], [109.42976419827093, -7.458939784005102], [109.42949470491843, -7.458939784005102], [109.42949470491843, -7.458670290652604], [109.42922521156594, -7.458670290652604], [109.42922521156594, -7.458400797300107], [109.42868622486094, -7.458400797300107]]]}}, {"type": "Feature", "properties": {"fid": 198, "DN": 1, "Keterangan": "Rendah"}, "geometry": {"type": "Polygon", "coordinates": [[[109.42760825145095, -7.458400797300107], [109.42760825145095, -7.458670290652604], [109.42733875809846, -7.458670290652604], [109.42733875809846, -7.458939784005102], [109.42706926474595, -7.458939784005102], [109.42706926474595, -7.459209277357599], [109.42572179798347, -7.459209277357599], [109.42572179798347, -7.459478770710096], [109.42545230463097, -7.459478770710096], [109.42545230463097, -7.459748264062593], [109.42679977139346, -7.459748264062593], [109.42679977139346, -7.459478770710096], [109.42733875809846, -7.459478770710096], [109.42733875809846, -7.459209277357599], [109.42760825145095, -7.459209277357599], [109.42760825145095, -7.458939784005102], [109.42787774480345, -7.458939784005102], [109.42787774480345, -7.458670290652604], [109.42841673150845, -7.458670290652604], [109.42841673150845, -7.458400797300107], [109.42760825145095, -7.458400797300107]]]}}, {"type": "Feature", "properties": {"fid": 199, "DN": 1, "Keterangan": "Rendah"}, "geometry": {"type": "Polygon", "coordinates": [[[109.43838798555085, -7.453280423602658], [109.43838798555085, -7.453549916955155], [109.43784899884585, -7.453549916955155], [109.43784899884585, -7.453819410307653], [109.43757950549335, -7.453819410307653], [109.43757950549335, -7.45408890366015], [109.43731001214086, -7.45408890366015], [109.43731001214086, -7.454627890365145], [109.43704051878835, -7.454627890365145], [109.43704051878835, -7.455166877070139], [109.43677102543586, -7.455166877070139], [109.43677102543586, -7.455436370422636], [109.43650153208335, -7.455436370422636], [109.43650153208335, -7.455705863775134], [109.43623203873086, -7.455705863775134], [109.43623203873086, -7.455975357127631], [109.43596254537837, -7.455975357127631], [109.43596254537837, -7.456244850480128], [109.43569305202587, -7.456244850480128], [109.43569305202587, -7.456514343832626], [109.43542355867338, -7.456514343832626], [109.43542355867338, -7.456783837185123], [109.43488457196838, -7.456783837185123], [109.43488457196838, -7.457053330537621], [109.43461507861588, -7.457053330537621], [109.43461507861588, -7.457322823890117], [109.43407609191088, -7.457322823890117], [109.43407609191088, -7.457592317242615], [109.43353710520589, -7.457592317242615], [109.43353710520589, -7.457861810595112], [109.4332676118534, -7.457861810595112], [109.4332676118534, -7.458131303947609], [109.4327286251484, -7.458131303947609], [109.4327286251484, -7.458400797300107], [109.4324591317959, -7.458400797300107], [109.4324591317959, -7.458670290652604], [109.4321896384434, -7.458670290652604], [109.4321896384434, -7.458939784005102], [109.43111166503341, -7.458939784005102], [109.43111166503341, -7.459209277357599], [109.43084217168092, -7.459209277357599], [109.43084217168092, -7.459478770710096], [109.43057267832842, -7.459478770710096], [109.43057267832842, -7.459748264062593], [109.4324591317959, -7.459748264062593], [109.4324591317959, -7.459478770710096], [109.43299811850089, -7.459478770710096], [109.43299811850089, -7.459209277357599], [109.43380659855839, -7.459209277357599], [109.43380659855839, -7.458939784005102], [109.43407609191088, -7.458939784005102], [109.43407609191088, -7.458670290652604], [109.43434558526339, -7.458670290652604], [109.43434558526339, -7.458400797300107], [109.43461507861588, -7.458400797300107], [109.43461507861588, -7.458131303947609], [109.43542355867338, -7.458131303947609], [109.43542355867338, -7.457861810595112], [109.43569305202587, -7.457861810595112], [109.43569305202587, -7.457592317242615], [109.43596254537837, -7.457592317242615], [109.43596254537837, -7.457322823890117], [109.43623203873086, -7.457322823890117], [109.43623203873086, -7.457053330537621], [109.43650153208335, -7.457053330537621], [109.43650153208335, -7.456783837185123], [109.43677102543586, -7.456783837185123], [109.43677102543586, -7.456244850480128], [109.43704051878835, -7.456244850480128], [109.43704051878835, -7.455975357127631], [109.43731001214086, -7.455975357127631], [109.43731001214086, -7.455436370422636], [109.43757950549335, -7.455436370422636], [109.43757950549335, -7.455166877070139], [109.43784899884585, -7.455166877070139], [109.43784899884585, -7.454897383717642], [109.43811849219834, -7.454897383717642], [109.43811849219834, -7.454627890365145], [109.43838798555085, -7.454627890365145], [109.43838798555085, -7.45408890366015], [109.43865747890334, -7.45408890366015], [109.43865747890334, -7.453549916955155], [109.43892697225584, -7.453549916955155], [109.43892697225584, -7.453280423602658], [109.43838798555085, -7.453280423602658]]]}}, {"type": "Feature", "properties": {"fid": 200, "DN": 2, "Keterangan": "Sedang"}, "geometry": {"type": "Polygon", "coordinates": [[[109.55400063377219, -7.460287250767588], [109.55400063377219, -7.460556744120085], [109.55427012712468, -7.460556744120085], [109.55427012712468, -7.460287250767588], [109.55400063377219, -7.460287250767588]]]}}, {"type": "Feature", "properties": {"fid": 201, "DN": 2, "Keterangan": "Sedang"}, "geometry": {"type": "Polygon", "coordinates": [[[109.42356585116349, -7.458670290652604], [109.42356585116349, -7.458939784005102], [109.42302686445849, -7.458939784005102], [109.42302686445849, -7.459209277357599], [109.422757371106, -7.459209277357599], [109.422757371106, -7.459748264062593], [109.42302686445849, -7.459748264062593], [109.42302686445849, -7.46001775741509], [109.423296357811, -7.46001775741509], [109.423296357811, -7.460287250767588], [109.42356585116349, -7.460287250767588], [109.42356585116349, -7.460556744120085], [109.423835344516, -7.460556744120085], [109.423835344516, -7.46109573082508], [109.42410483786848, -7.46109573082508], [109.42410483786848, -7.460826237472583], [109.42437433122099, -7.460826237472583], [109.42437433122099, -7.460556744120085], [109.42464382457348, -7.460556744120085], [109.42464382457348, -7.460287250767588], [109.42491331792597, -7.460287250767588], [109.42491331792597, -7.459748264062593], [109.42545230463097, -7.459748264062593], [109.42545230463097, -7.459478770710096], [109.42572179798347, -7.459478770710096], [109.42572179798347, -7.459209277357599], [109.42518281127848, -7.459209277357599], [109.42518281127848, -7.458939784005102], [109.42410483786848, -7.458939784005102], [109.42410483786848, -7.458670290652604], [109.42356585116349, -7.458670290652604]]]}}, {"type": "Feature", "properties": {"fid": 202, "DN": 2, "Keterangan": "Sedang"}, "geometry": {"type": "Polygon", "coordinates": [[[109.42437433122099, -7.465407624465037], [109.42437433122099, -7.465677117817534], [109.42464382457348, -7.465677117817534], [109.42464382457348, -7.465407624465037], [109.42437433122099, -7.465407624465037]]]}}, {"type": "Feature", "properties": {"fid": 203, "DN": 2, "Keterangan": "Sedang"}, "geometry": {"type": "Polygon", "coordinates": [[[109.42464382457348, -7.465677117817534], [109.42464382457348, -7.467294077932518], [109.42491331792597, -7.467294077932518], [109.42491331792597, -7.465677117817534], [109.42464382457348, -7.465677117817534]]]}}, {"type": "Feature", "properties": {"fid": 204, "DN": 1, "Keterangan": "Rendah"}, "geometry": {"type": "Polygon", "coordinates": [[[109.41844547746604, -7.471605971572474], [109.41844547746604, -7.472144958277469], [109.41817598411355, -7.472144958277469], [109.41817598411355, -7.472953438334962], [109.41844547746604, -7.472953438334962], [109.41844547746604, -7.473222931687459], [109.41871497081854, -7.473222931687459], [109.41871497081854, -7.471605971572474], [109.41844547746604, -7.471605971572474]]]}}, {"type": "Feature", "properties": {"fid": 205, "DN": 1, "Keterangan": "Rendah"}, "geometry": {"type": "Polygon", "coordinates": [[[109.7321357397729, -7.446543089790225], [109.7321357397729, -7.447890556552712], [109.73186624642041, -7.447890556552712], [109.73186624642041, -7.448160049905209], [109.7315967530679, -7.448160049905209], [109.7315967530679, -7.448699036610204], [109.73132725971541, -7.448699036610204], [109.73132725971541, -7.450315996725188], [109.73105776636292, -7.450315996725188], [109.73105776636292, -7.451124476782679], [109.73132725971541, -7.451124476782679], [109.73132725971541, -7.451663463487674], [109.7315967530679, -7.451663463487674], [109.7315967530679, -7.455166877070139], [109.73132725971541, -7.455166877070139], [109.73132725971541, -7.457322823890117], [109.7315967530679, -7.457322823890117], [109.7315967530679, -7.457592317242615], [109.73132725971541, -7.457592317242615], [109.73132725971541, -7.462173704235069], [109.7315967530679, -7.462173704235069], [109.7315967530679, -7.463521170997556], [109.73132725971541, -7.463521170997556], [109.73132725971541, -7.463790664350053], [109.73105776636292, -7.463790664350053], [109.73105776636292, -7.46406015770255], [109.73078827301042, -7.46406015770255], [109.73078827301042, -7.465677117817534], [109.73132725971541, -7.465677117817534], [109.73132725971541, -7.465946611170032], [109.7315967530679, -7.465946611170032], [109.7315967530679, -7.466216104522529], [109.7321357397729, -7.466216104522529], [109.7321357397729, -7.466755091227523], [109.7324052331254, -7.466755091227523], [109.7324052331254, -7.467294077932518], [109.7326747264779, -7.467294077932518], [109.7326747264779, -7.467563571285015], [109.7329442198304, -7.467563571285015], [109.7329442198304, -7.468911038047501], [109.7324052331254, -7.468911038047501], [109.7324052331254, -7.469719518104994], [109.7321357397729, -7.469719518104994], [109.7321357397729, -7.472144958277469], [109.7329442198304, -7.472144958277469], [109.7329442198304, -7.472414451629967], [109.73321371318289, -7.472414451629967], [109.73321371318289, -7.472953438334962], [109.7334832065354, -7.472953438334962], [109.7334832065354, -7.473222931687459], [109.73375269988789, -7.473222931687459], [109.73375269988789, -7.473761918392453], [109.73402219324039, -7.473761918392453], [109.73402219324039, -7.47403141174495], [109.73429168659288, -7.47403141174495], [109.73429168659288, -7.474300905097448], [109.73456117994539, -7.474300905097448], [109.73456117994539, -7.473222931687459], [109.73429168659288, -7.473222931687459], [109.73429168659288, -7.472683944982464], [109.73402219324039, -7.472683944982464], [109.73402219324039, -7.472414451629967], [109.73375269988789, -7.472414451629967], [109.73375269988789, -7.472144958277469], [109.73321371318289, -7.472144958277469], [109.73321371318289, -7.471875464924972], [109.7329442198304, -7.471875464924972], [109.7329442198304, -7.471605971572474], [109.7326747264779, -7.471605971572474], [109.7326747264779, -7.471336478219977], [109.7324052331254, -7.471336478219977], [109.7324052331254, -7.469989011457491], [109.7326747264779, -7.469989011457491], [109.7326747264779, -7.469719518104994], [109.7329442198304, -7.469719518104994], [109.7329442198304, -7.469450024752496], [109.73321371318289, -7.469450024752496], [109.73321371318289, -7.468641544695005], [109.7334832065354, -7.468641544695005], [109.7334832065354, -7.467563571285015], [109.73321371318289, -7.467563571285015], [109.73321371318289, -7.467294077932518], [109.7329442198304, -7.467294077932518], [109.7329442198304, -7.46702458458002], [109.7326747264779, -7.46702458458002], [109.7326747264779, -7.466216104522529], [109.7324052331254, -7.466216104522529], [109.7324052331254, -7.465677117817534], [109.7321357397729, -7.465677117817534], [109.7321357397729, -7.465407624465037], [109.73186624642041, -7.465407624465037], [109.73186624642041, -7.465138131112539], [109.7321357397729, -7.465138131112539], [109.7321357397729, -7.463521170997556], [109.7324052331254, -7.463521170997556], [109.7324052331254, -7.462443197587566], [109.7321357397729, -7.462443197587566], [109.7321357397729, -7.462173704235069], [109.73186624642041, -7.462173704235069], [109.73186624642041, -7.461904210882571], [109.7315967530679, -7.461904210882571], [109.7315967530679, -7.46109573082508], [109.73186624642041, -7.46109573082508], [109.73186624642041, -7.460826237472583], [109.7321357397729, -7.460826237472583], [109.7321357397729, -7.459748264062593], [109.7324052331254, -7.459748264062593], [109.7324052331254, -7.458939784005102], [109.7321357397729, -7.458939784005102], [109.7321357397729, -7.457861810595112], [109.7324052331254, -7.457861810595112], [109.7324052331254, -7.457592317242615], [109.7326747264779, -7.457592317242615], [109.7326747264779, -7.456514343832626], [109.7324052331254, -7.456514343832626], [109.7324052331254, -7.455166877070139], [109.7326747264779, -7.455166877070139], [109.7326747264779, -7.453549916955155], [109.7324052331254, -7.453549916955155], [109.7324052331254, -7.45301093025016], [109.7326747264779, -7.45301093025016], [109.7326747264779, -7.451932956840172], [109.7329442198304, -7.451932956840172], [109.7329442198304, -7.451124476782679], [109.7326747264779, -7.451124476782679], [109.7326747264779, -7.450854983430182], [109.7324052331254, -7.450854983430182], [109.7324052331254, -7.450315996725188], [109.7321357397729, -7.450315996725188], [109.7321357397729, -7.449238023315198], [109.7324052331254, -7.449238023315198], [109.7324052331254, -7.448968529962701], [109.7326747264779, -7.448968529962701], [109.7326747264779, -7.448699036610204], [109.7329442198304, -7.448699036610204], [109.7329442198304, -7.448160049905209], [109.73321371318289, -7.448160049905209], [109.73321371318289, -7.44708207649522], [109.7329442198304, -7.44708207649522], [109.7329442198304, -7.446543089790225], [109.7321357397729, -7.446543089790225]]]}}, {"type": "Feature", "properties": {"fid": 206, "DN": 1, "Keterangan": "Rendah"}, "geometry": {"type": "Polygon", "coordinates": [[[109.44593379942077, -7.473761918392453], [109.44593379942077, -7.474570398449945], [109.44620329277326, -7.474570398449945], [109.44620329277326, -7.473761918392453], [109.44593379942077, -7.473761918392453]]]}}, {"type": "Feature", "properties": {"fid": 207, "DN": 2, "Keterangan": "Sedang"}, "geometry": {"type": "Polygon", "coordinates": [[[109.40335384972619, -7.47510938515494], [109.40335384972619, -7.475378878507437], [109.40362334307869, -7.475378878507437], [109.40362334307869, -7.47510938515494], [109.40335384972619, -7.47510938515494]]]}}, {"type": "Feature", "properties": {"fid": 208, "DN": 2, "Keterangan": "Sedang"}, "geometry": {"type": "Polygon", "coordinates": [[[109.53944799273734, -7.473222931687459], [109.53944799273734, -7.473492425039955], [109.53917849938483, -7.473492425039955], [109.53917849938483, -7.47403141174495], [109.53863951267984, -7.47403141174495], [109.53863951267984, -7.474300905097448], [109.53890900603234, -7.474300905097448], [109.53890900603234, -7.474570398449945], [109.53971748608983, -7.474570398449945], [109.53971748608983, -7.474839891802443], [109.54025647279482, -7.474839891802443], [109.54025647279482, -7.47510938515494], [109.54106495285231, -7.47510938515494], [109.54106495285231, -7.475378878507437], [109.54187343290981, -7.475378878507437], [109.54187343290981, -7.475648371859934], [109.5421429262623, -7.475648371859934], [109.5421429262623, -7.475378878507437], [109.5424124196148, -7.475378878507437], [109.5424124196148, -7.47510938515494], [109.5429514063198, -7.47510938515494], [109.5429514063198, -7.474300905097448], [109.5434903930248, -7.474300905097448], [109.5434903930248, -7.47403141174495], [109.5416039395573, -7.47403141174495], [109.5416039395573, -7.473761918392453], [109.54106495285231, -7.473761918392453], [109.54106495285231, -7.473492425039955], [109.54079545949982, -7.473492425039955], [109.54079545949982, -7.473222931687459], [109.53944799273734, -7.473222931687459]]]}}, {"type": "Feature", "properties": {"fid": 209, "DN": 2, "Keterangan": "Sedang"}, "geometry": {"type": "Polygon", "coordinates": [[[109.40092840955371, -7.467294077932518], [109.40092840955371, -7.467563571285015], [109.40065891620122, -7.467563571285015], [109.40065891620122, -7.468372051342507], [109.40092840955371, -7.468372051342507], [109.40092840955371, -7.468911038047501], [109.40119790290622, -7.468911038047501], [109.40119790290622, -7.469180531399999], [109.40146739625871, -7.469180531399999], [109.40146739625871, -7.469450024752496], [109.40173688961121, -7.469450024752496], [109.40173688961121, -7.469719518104994], [109.4020063829637, -7.469719518104994], [109.4020063829637, -7.470258504809988], [109.40227587631621, -7.470258504809988], [109.40227587631621, -7.470527998162486], [109.4025453696687, -7.470527998162486], [109.4025453696687, -7.470797491514983], [109.40281486302119, -7.470797491514983], [109.40281486302119, -7.471336478219977], [109.4030843563737, -7.471336478219977], [109.4030843563737, -7.471875464924972], [109.40335384972619, -7.471875464924972], [109.40335384972619, -7.472683944982464], [109.40362334307869, -7.472683944982464], [109.40362334307869, -7.473761918392453], [109.40389283643118, -7.473761918392453], [109.40389283643118, -7.474300905097448], [109.40362334307869, -7.474300905097448], [109.40362334307869, -7.47510938515494], [109.40389283643118, -7.47510938515494], [109.40389283643118, -7.474839891802443], [109.40416232978369, -7.474839891802443], [109.40416232978369, -7.474570398449945], [109.40443182313618, -7.474570398449945], [109.40443182313618, -7.47403141174495], [109.40470131648868, -7.47403141174495], [109.40470131648868, -7.472144958277469], [109.40497080984117, -7.472144958277469], [109.40497080984117, -7.47106698486748], [109.40524030319368, -7.47106698486748], [109.40524030319368, -7.470797491514983], [109.40631827660366, -7.470797491514983], [109.40631827660366, -7.47106698486748], [109.40712675666116, -7.47106698486748], [109.40712675666116, -7.471336478219977], [109.40766574336615, -7.471336478219977], [109.40766574336615, -7.471605971572474], [109.40820473007115, -7.471605971572474], [109.40820473007115, -7.471875464924972], [109.40901321012863, -7.471875464924972], [109.40901321012863, -7.472144958277469], [109.40982169018613, -7.472144958277469], [109.40982169018613, -7.472414451629967], [109.41063017024362, -7.472414451629967], [109.41063017024362, -7.472683944982464], [109.41089966359611, -7.472683944982464], [109.41089966359611, -7.472953438334962], [109.41116915694862, -7.472953438334962], [109.41116915694862, -7.473222931687459], [109.41143865030111, -7.473222931687459], [109.41143865030111, -7.47403141174495], [109.41170814365361, -7.47403141174495], [109.41170814365361, -7.475917865212431], [109.4119776370061, -7.475917865212431], [109.4119776370061, -7.47510938515494], [109.41224713035861, -7.47510938515494], [109.41224713035861, -7.474300905097448], [109.4125166237111, -7.474300905097448], [109.4125166237111, -7.473492425039955], [109.4127861170636, -7.473492425039955], [109.4127861170636, -7.472683944982464], [109.4130556104161, -7.472683944982464], [109.4130556104161, -7.471875464924972], [109.4133251037686, -7.471875464924972], [109.4133251037686, -7.47106698486748], [109.4130556104161, -7.47106698486748], [109.4130556104161, -7.470797491514983], [109.4127861170636, -7.470797491514983], [109.4127861170636, -7.470527998162486], [109.41116915694862, -7.470527998162486], [109.41116915694862, -7.470797491514983], [109.41063017024362, -7.470797491514983], [109.41063017024362, -7.47106698486748], [109.41009118353863, -7.47106698486748], [109.41009118353863, -7.471336478219977], [109.40955219683363, -7.471336478219977], [109.40955219683363, -7.471605971572474], [109.40901321012863, -7.471605971572474], [109.40901321012863, -7.471336478219977], [109.40793523671864, -7.471336478219977], [109.40793523671864, -7.47106698486748], [109.40766574336615, -7.47106698486748], [109.40766574336615, -7.470797491514983], [109.40712675666116, -7.470797491514983], [109.40712675666116, -7.470527998162486], [109.40685726330865, -7.470527998162486], [109.40685726330865, -7.470258504809988], [109.40658776995616, -7.470258504809988], [109.40658776995616, -7.469989011457491], [109.40631827660366, -7.469989011457491], [109.40631827660366, -7.469719518104994], [109.40577928989867, -7.469719518104994], [109.40577928989867, -7.469450024752496], [109.40550979654617, -7.469450024752496], [109.40550979654617, -7.469180531399999], [109.40524030319368, -7.469180531399999], [109.40524030319368, -7.468911038047501], [109.40497080984117, -7.468911038047501], [109.40497080984117, -7.468641544695005], [109.40470131648868, -7.468641544695005], [109.40470131648868, -7.468372051342507], [109.40416232978369, -7.468372051342507], [109.40416232978369, -7.46810255799001], [109.40389283643118, -7.46810255799001], [109.40389283643118, -7.467833064637513], [109.40362334307869, -7.467833064637513], [109.40362334307869, -7.467563571285015], [109.40335384972619, -7.467563571285015], [109.40335384972619, -7.467294077932518], [109.40092840955371, -7.467294077932518]]]}}, {"type": "Feature", "properties": {"fid": 210, "DN": 2, "Keterangan": "Sedang"}, "geometry": {"type": "Polygon", "coordinates": [[[109.55076671354222, -7.470258504809988], [109.55076671354222, -7.471336478219977], [109.55103620689472, -7.471336478219977], [109.55103620689472, -7.472144958277469], [109.55130570024721, -7.472144958277469], [109.55130570024721, -7.472683944982464], [109.55157519359972, -7.472683944982464], [109.55157519359972, -7.472953438334962], [109.5521141803047, -7.472953438334962], [109.5521141803047, -7.473222931687459], [109.55373114041969, -7.473222931687459], [109.55373114041969, -7.473492425039955], [109.55453962047719, -7.473492425039955], [109.55453962047719, -7.473761918392453], [109.55480911382968, -7.473761918392453], [109.55480911382968, -7.474570398449945], [109.55507860718218, -7.474570398449945], [109.55507860718218, -7.47510938515494], [109.55534810053467, -7.47510938515494], [109.55534810053467, -7.475648371859934], [109.55561759388716, -7.475648371859934], [109.55561759388716, -7.475917865212431], [109.55588708723967, -7.475917865212431], [109.55588708723967, -7.476187358564929], [109.55615658059216, -7.476187358564929], [109.55615658059216, -7.476456851917426], [109.55669556729715, -7.476456851917426], [109.55669556729715, -7.476726345269924], [109.55777354070715, -7.476726345269924], [109.55777354070715, -7.476456851917426], [109.55804303405965, -7.476456851917426], [109.55804303405965, -7.475648371859934], [109.55777354070715, -7.475648371859934], [109.55777354070715, -7.475378878507437], [109.55750404735466, -7.475378878507437], [109.55750404735466, -7.47510938515494], [109.55723455400215, -7.47510938515494], [109.55723455400215, -7.474839891802443], [109.55669556729715, -7.474839891802443], [109.55669556729715, -7.474570398449945], [109.55642607394466, -7.474570398449945], [109.55642607394466, -7.474300905097448], [109.55588708723967, -7.474300905097448], [109.55588708723967, -7.47403141174495], [109.55561759388716, -7.47403141174495], [109.55561759388716, -7.473761918392453], [109.55507860718218, -7.473761918392453], [109.55507860718218, -7.473222931687459], [109.55480911382968, -7.473222931687459], [109.55480911382968, -7.472953438334962], [109.55453962047719, -7.472953438334962], [109.55453962047719, -7.472144958277469], [109.55427012712468, -7.472144958277469], [109.55427012712468, -7.471605971572474], [109.55400063377219, -7.471605971572474], [109.55400063377219, -7.471336478219977], [109.5534616470672, -7.471336478219977], [109.5534616470672, -7.47106698486748], [109.5529226603622, -7.47106698486748], [109.5529226603622, -7.470797491514983], [109.55184468695221, -7.470797491514983], [109.55184468695221, -7.470527998162486], [109.55103620689472, -7.470527998162486], [109.55103620689472, -7.470258504809988], [109.55076671354222, -7.470258504809988]]]}}, {"type": "Feature", "properties": {"fid": 211, "DN": 2, "Keterangan": "Sedang"}, "geometry": {"type": "Polygon", "coordinates": [[[109.4219488910485, -7.469719518104994], [109.4219488910485, -7.469989011457491], [109.4214099043435, -7.469989011457491], [109.4214099043435, -7.470258504809988], [109.42087091763852, -7.470258504809988], [109.42087091763852, -7.470527998162486], [109.42006243758102, -7.470527998162486], [109.42006243758102, -7.470797491514983], [109.41952345087603, -7.470797491514983], [109.41952345087603, -7.47106698486748], [109.41898446417103, -7.47106698486748], [109.41898446417103, -7.471336478219977], [109.41871497081854, -7.471336478219977], [109.41871497081854, -7.473492425039955], [109.41898446417103, -7.473492425039955], [109.41898446417103, -7.473761918392453], [109.41925395752354, -7.473761918392453], [109.41925395752354, -7.47403141174495], [109.41952345087603, -7.47403141174495], [109.41952345087603, -7.474570398449945], [109.41979294422853, -7.474570398449945], [109.41979294422853, -7.474839891802443], [109.42006243758102, -7.474839891802443], [109.42006243758102, -7.476187358564929], [109.41979294422853, -7.476187358564929], [109.41979294422853, -7.477534825327416], [109.42006243758102, -7.477534825327416], [109.42006243758102, -7.477265331974918], [109.42033193093353, -7.477265331974918], [109.42033193093353, -7.476726345269924], [109.42060142428602, -7.476726345269924], [109.42060142428602, -7.476456851917426], [109.42114041099101, -7.476456851917426], [109.42114041099101, -7.476187358564929], [109.4214099043435, -7.476187358564929], [109.4214099043435, -7.475917865212431], [109.422218384401, -7.475917865212431], [109.422218384401, -7.475648371859934], [109.4219488910485, -7.475648371859934], [109.4219488910485, -7.474839891802443], [109.42167939769601, -7.474839891802443], [109.42167939769601, -7.474570398449945], [109.42114041099101, -7.474570398449945], [109.42114041099101, -7.474300905097448], [109.42087091763852, -7.474300905097448], [109.42087091763852, -7.47403141174495], [109.42060142428602, -7.47403141174495], [109.42060142428602, -7.473761918392453], [109.42033193093353, -7.473761918392453], [109.42033193093353, -7.473492425039955], [109.42006243758102, -7.473492425039955], [109.42006243758102, -7.472144958277469], [109.42033193093353, -7.472144958277469], [109.42033193093353, -7.471875464924972], [109.42060142428602, -7.471875464924972], [109.42060142428602, -7.471605971572474], [109.42087091763852, -7.471605971572474], [109.42087091763852, -7.471336478219977], [109.42114041099101, -7.471336478219977], [109.42114041099101, -7.47106698486748], [109.4214099043435, -7.47106698486748], [109.4214099043435, -7.470797491514983], [109.42167939769601, -7.470797491514983], [109.42167939769601, -7.470258504809988], [109.422218384401, -7.470258504809988], [109.422218384401, -7.469719518104994], [109.4219488910485, -7.469719518104994]]]}}, {"type": "Feature", "properties": {"fid": 212, "DN": 1, "Keterangan": "Rendah"}, "geometry": {"type": "Polygon", "coordinates": [[[109.66691834846856, -7.42013274124549], [109.66691834846856, -7.420402234597987], [109.66610986841107, -7.420402234597987], [109.66610986841107, -7.420671727950484], [109.66557088170607, -7.420671727950484], [109.66557088170607, -7.420941221302981], [109.66503189500108, -7.420941221302981], [109.66503189500108, -7.421480208007976], [109.66476240164857, -7.421480208007976], [109.66476240164857, -7.421749701360473], [109.66422341494358, -7.421749701360473], [109.66422341494358, -7.422019194712971], [109.6636844282386, -7.422019194712971], [109.6636844282386, -7.422288688065468], [109.66341493488609, -7.422288688065468], [109.66341493488609, -7.422558181417966], [109.6626064548286, -7.422558181417966], [109.6626064548286, -7.422827674770462], [109.66206746812361, -7.422827674770462], [109.66206746812361, -7.42309716812296], [109.6617979747711, -7.42309716812296], [109.6617979747711, -7.423636154827954], [109.66152848141861, -7.423636154827954], [109.66152848141861, -7.423905648180452], [109.66125898806611, -7.423905648180452], [109.66125898806611, -7.424175141532949], [109.66098949471362, -7.424175141532949], [109.66098949471362, -7.424444634885447], [109.66045050800862, -7.424444634885447], [109.66045050800862, -7.424714128237944], [109.66018101465612, -7.424714128237944], [109.66018101465612, -7.424983621590441], [109.65964202795114, -7.424983621590441], [109.65964202795114, -7.425792101647933], [109.65937253459863, -7.425792101647933], [109.65937253459863, -7.427409061762916], [109.65910304124614, -7.427409061762916], [109.65910304124614, -7.427678555115414], [109.65883354789364, -7.427678555115414], [109.65883354789364, -7.427948048467911], [109.65748608113115, -7.427948048467911], [109.65748608113115, -7.427678555115414], [109.65694709442616, -7.427678555115414], [109.65694709442616, -7.427409061762916], [109.65667760107365, -7.427409061762916], [109.65667760107365, -7.42713956841042], [109.65640810772116, -7.42713956841042], [109.65640810772116, -7.426870075057922], [109.65613861436867, -7.426870075057922], [109.65613861436867, -7.426600581705425], [109.65586912101617, -7.426600581705425], [109.65586912101617, -7.426331088352928], [109.65559962766368, -7.426331088352928], [109.65559962766368, -7.42606159500043], [109.65506064095868, -7.42606159500043], [109.65506064095868, -7.425792101647933], [109.65263520078621, -7.425792101647933], [109.65263520078621, -7.42606159500043], [109.6523657074337, -7.42606159500043], [109.6523657074337, -7.426870075057922], [109.6518267207287, -7.426870075057922], [109.6518267207287, -7.426600581705425], [109.65047925396622, -7.426600581705425], [109.65047925396622, -7.42606159500043], [109.65020976061372, -7.42606159500043], [109.65020976061372, -7.425792101647933], [109.64994026726123, -7.425792101647933], [109.64994026726123, -7.425253114942938], [109.64967077390872, -7.425253114942938], [109.64967077390872, -7.424983621590441], [109.64913178720373, -7.424983621590441], [109.64913178720373, -7.424714128237944], [109.64886229385124, -7.424714128237944], [109.64886229385124, -7.423905648180452], [109.64832330714624, -7.423905648180452], [109.64832330714624, -7.423636154827954], [109.64643685367876, -7.423636154827954], [109.64643685367876, -7.423905648180452], [109.64562837362126, -7.423905648180452], [109.64562837362126, -7.424175141532949], [109.64508938691628, -7.424175141532949], [109.64508938691628, -7.424444634885447], [109.64428090685878, -7.424444634885447], [109.64428090685878, -7.425522608295435], [109.64401141350629, -7.425522608295435], [109.64401141350629, -7.425792101647933], [109.6434724268013, -7.425792101647933], [109.6434724268013, -7.42606159500043], [109.64320293344879, -7.42606159500043], [109.64320293344879, -7.426331088352928], [109.6429334400963, -7.426331088352928], [109.6429334400963, -7.426600581705425], [109.6423944533913, -7.426600581705425], [109.6423944533913, -7.426870075057922], [109.64185546668631, -7.426870075057922], [109.64185546668631, -7.427678555115414], [109.6415859733338, -7.427678555115414], [109.6415859733338, -7.427948048467911], [109.64131647998131, -7.427948048467911], [109.64131647998131, -7.427678555115414], [109.63996901321883, -7.427678555115414], [109.63996901321883, -7.427948048467911], [109.63969951986633, -7.427948048467911], [109.63969951986633, -7.428217541820409], [109.63916053316133, -7.428217541820409], [109.63916053316133, -7.428487035172906], [109.63808255975134, -7.428487035172906], [109.63808255975134, -7.428756528525403], [109.63673509298886, -7.428756528525403], [109.63673509298886, -7.429295515230398], [109.63592661293137, -7.429295515230398], [109.63592661293137, -7.429565008582895], [109.63457914616887, -7.429565008582895], [109.63457914616887, -7.429295515230398], [109.63430965281638, -7.429295515230398], [109.63430965281638, -7.429026021877901], [109.63188421264391, -7.429026021877901], [109.63188421264391, -7.428756528525403], [109.62999775917643, -7.428756528525403], [109.62999775917643, -7.428217541820409], [109.62972826582393, -7.428217541820409], [109.62972826582393, -7.427948048467911], [109.62945877247144, -7.427948048467911], [109.62945877247144, -7.427678555115414], [109.62838079906145, -7.427678555115414], [109.62838079906145, -7.428217541820409], [109.62784181235645, -7.428217541820409], [109.62784181235645, -7.427948048467911], [109.62703333229895, -7.427948048467911], [109.62703333229895, -7.428217541820409], [109.62676383894646, -7.428217541820409], [109.62676383894646, -7.428487035172906], [109.62622485224146, -7.428487035172906], [109.62622485224146, -7.429565008582895], [109.62595535888897, -7.429565008582895], [109.62595535888897, -7.43010399528789], [109.62568586553647, -7.43010399528789], [109.62568586553647, -7.431181968697879], [109.62460789212648, -7.431181968697879], [109.62460789212648, -7.430912475345382], [109.62433839877399, -7.430912475345382], [109.62433839877399, -7.430642981992884], [109.62352991871649, -7.430642981992884], [109.62352991871649, -7.430373488640387], [109.622721438659, -7.430373488640387], [109.622721438659, -7.43010399528789], [109.62137397189652, -7.43010399528789], [109.62137397189652, -7.430373488640387], [109.62110447854401, -7.430373488640387], [109.62110447854401, -7.431181968697879], [109.62002650513402, -7.431181968697879], [109.62002650513402, -7.43010399528789], [109.61975701178153, -7.43010399528789], [109.61975701178153, -7.429565008582895], [109.61867903837154, -7.429565008582895], [109.61867903837154, -7.429834501935392], [109.61814005166654, -7.429834501935392], [109.61814005166654, -7.430373488640387], [109.61787055831405, -7.430373488640387], [109.61787055831405, -7.430642981992884], [109.61760106496155, -7.430642981992884], [109.61760106496155, -7.430912475345382], [109.61679258490406, -7.430912475345382], [109.61679258490406, -7.43010399528789], [109.61544511814157, -7.43010399528789], [109.61544511814157, -7.429834501935392], [109.61490613143658, -7.429834501935392], [109.61490613143658, -7.429565008582895], [109.61409765137908, -7.429565008582895], [109.61409765137908, -7.429026021877901], [109.61382815802659, -7.429026021877901], [109.61382815802659, -7.428756528525403], [109.61490613143658, -7.428756528525403], [109.61490613143658, -7.428487035172906], [109.61544511814157, -7.428487035172906], [109.61544511814157, -7.427678555115414], [109.61490613143658, -7.427678555115414], [109.61490613143658, -7.427409061762916], [109.6132891713216, -7.427409061762916], [109.6132891713216, -7.427678555115414], [109.61301967796909, -7.427678555115414], [109.61301967796909, -7.428217541820409], [109.6122111979116, -7.428217541820409], [109.6122111979116, -7.428487035172906], [109.6119417045591, -7.428487035172906], [109.6119417045591, -7.428217541820409], [109.61113322450161, -7.428217541820409], [109.61113322450161, -7.427948048467911], [109.61086373114912, -7.427948048467911], [109.61086373114912, -7.426870075057922], [109.60978575773913, -7.426870075057922], [109.60978575773913, -7.428756528525403], [109.60951626438663, -7.428756528525403], [109.60951626438663, -7.429295515230398], [109.60655183750916, -7.429295515230398], [109.60655183750916, -7.429834501935392], [109.60574335745167, -7.429834501935392], [109.60574335745167, -7.429565008582895], [109.60547386409917, -7.429565008582895], [109.60547386409917, -7.429295515230398], [109.60520437074668, -7.429295515230398], [109.60520437074668, -7.429026021877901], [109.60466538404168, -7.429026021877901], [109.60466538404168, -7.428756528525403], [109.60439589068918, -7.428756528525403], [109.60439589068918, -7.428487035172906], [109.6038569039842, -7.428487035172906], [109.6038569039842, -7.428217541820409], [109.6025094372217, -7.428217541820409], [109.6025094372217, -7.428756528525403], [109.60223994386921, -7.428756528525403], [109.60223994386921, -7.429565008582895], [109.6019704505167, -7.429565008582895], [109.6019704505167, -7.430912475345382], [109.60223994386921, -7.430912475345382], [109.60223994386921, -7.431990448755371], [109.6019704505167, -7.431990448755371], [109.6019704505167, -7.432259942107868], [109.60089247710671, -7.432259942107868], [109.60089247710671, -7.431990448755371], [109.59981450369673, -7.431990448755371], [109.59981450369673, -7.432259942107868], [109.59954501034423, -7.432259942107868], [109.59954501034423, -7.432529435460365], [109.59927551699174, -7.432529435460365], [109.59927551699174, -7.432259942107868], [109.59711957017176, -7.432259942107868], [109.59711957017176, -7.431990448755371], [109.59631109011427, -7.431990448755371], [109.59631109011427, -7.432259942107868], [109.59577210340927, -7.432259942107868], [109.59577210340927, -7.432529435460365], [109.59550261005677, -7.432529435460365], [109.59550261005677, -7.43306842216536], [109.59469412999928, -7.43306842216536], [109.59469412999928, -7.432798928812863], [109.59442463664678, -7.432798928812863], [109.59442463664678, -7.432529435460365], [109.59415514329429, -7.432529435460365], [109.59415514329429, -7.432259942107868], [109.59388564994178, -7.432259942107868], [109.59388564994178, -7.431990448755371], [109.5925381831793, -7.431990448755371], [109.5925381831793, -7.432259942107868], [109.59226868982681, -7.432259942107868], [109.59226868982681, -7.433607408870355], [109.5925381831793, -7.433607408870355], [109.5925381831793, -7.434415888927846], [109.5928076765318, -7.434415888927846], [109.5928076765318, -7.434685382280344], [109.59226868982681, -7.434685382280344], [109.59226868982681, -7.434954875632841], [109.59065172971182, -7.434954875632841], [109.59065172971182, -7.434685382280344], [109.58930426294933, -7.434685382280344], [109.58930426294933, -7.434954875632841], [109.58768730283435, -7.434954875632841], [109.58768730283435, -7.436302342395328], [109.58714831612936, -7.436302342395328], [109.58714831612936, -7.436032849042831], [109.58633983607186, -7.436032849042831], [109.58633983607186, -7.436302342395328], [109.58607034271937, -7.436302342395328], [109.58607034271937, -7.436571835747825], [109.58499236930938, -7.436571835747825], [109.58499236930938, -7.437110822452819], [109.58472287595688, -7.437110822452819], [109.58472287595688, -7.437380315805317], [109.58445338260438, -7.437380315805317], [109.58445338260438, -7.437649809157814], [109.58418388925189, -7.437649809157814], [109.58418388925189, -7.437919302510312], [109.5836449025469, -7.437919302510312], [109.5836449025469, -7.438188795862809], [109.5828364224894, -7.438188795862809], [109.5828364224894, -7.438458289215307], [109.5822974357844, -7.438458289215307], [109.5822974357844, -7.438188795862809], [109.5820279424319, -7.438188795862809], [109.5820279424319, -7.437919302510312], [109.58121946237442, -7.437919302510312], [109.58121946237442, -7.438188795862809], [109.58068047566942, -7.438188795862809], [109.58068047566942, -7.438458289215307], [109.58041098231692, -7.438458289215307], [109.58041098231692, -7.438727782567804], [109.58014148896443, -7.438727782567804], [109.58014148896443, -7.4389972759203], [109.57987199561192, -7.4389972759203], [109.57987199561192, -7.439536262625295], [109.57933300890693, -7.439536262625295], [109.57933300890693, -7.439805755977793], [109.57906351555444, -7.439805755977793], [109.57906351555444, -7.439536262625295], [109.57852452884944, -7.439536262625295], [109.57852452884944, -7.439266769272798], [109.57636858202946, -7.439266769272798], [109.57636858202946, -7.439536262625295], [109.57582959532446, -7.439536262625295], [109.57582959532446, -7.439805755977793], [109.57448212856198, -7.439805755977793], [109.57448212856198, -7.44007524933029], [109.57394314185699, -7.44007524933029], [109.57394314185699, -7.440614236035285], [109.5736736485045, -7.440614236035285], [109.5736736485045, -7.441422716092776], [109.57340415515199, -7.441422716092776], [109.57340415515199, -7.441961702797771], [109.5731346617995, -7.441961702797771], [109.5731346617995, -7.442500689502766], [109.572865168447, -7.442500689502766], [109.572865168447, -7.442770182855263], [109.572326181742, -7.442770182855263], [109.572326181742, -7.443039676207761], [109.571787195037, -7.443039676207761], [109.571787195037, -7.442770182855263], [109.56963124821704, -7.442770182855263], [109.56963124821704, -7.443039676207761], [109.56936175486453, -7.443039676207761], [109.56936175486453, -7.443848156265252], [109.56909226151204, -7.443848156265252], [109.56909226151204, -7.444387142970247], [109.56882276815954, -7.444387142970247], [109.56882276815954, -7.444656636322744], [109.56828378145454, -7.444656636322744], [109.56828378145454, -7.444926129675242], [109.56747530139705, -7.444926129675242], [109.56747530139705, -7.444656636322744], [109.56639732798706, -7.444656636322744], [109.56639732798706, -7.444926129675242], [109.56585834128207, -7.444926129675242], [109.56585834128207, -7.444656636322744], [109.56531935457707, -7.444656636322744], [109.56531935457707, -7.444387142970247], [109.56504986122458, -7.444387142970247], [109.56504986122458, -7.44411764961775], [109.56451087451958, -7.44411764961775], [109.56451087451958, -7.443848156265252], [109.56424138116708, -7.443848156265252], [109.56424138116708, -7.442770182855263], [109.56343290110959, -7.442770182855263], [109.56343290110959, -7.44411764961775], [109.56316340775709, -7.44411764961775], [109.56316340775709, -7.444387142970247], [109.5628939144046, -7.444387142970247], [109.5628939144046, -7.444656636322744], [109.5626244210521, -7.444656636322744], [109.5626244210521, -7.445465116380237], [109.56316340775709, -7.445465116380237], [109.56316340775709, -7.445734609732733], [109.56343290110959, -7.445734609732733], [109.56343290110959, -7.446273596437728], [109.56370239446208, -7.446273596437728], [109.56370239446208, -7.44708207649522], [109.56343290110959, -7.44708207649522], [109.56343290110959, -7.447351569847718], [109.5626244210521, -7.447351569847718], [109.5626244210521, -7.447621063200215], [109.5618159409946, -7.447621063200215], [109.5618159409946, -7.448429543257706], [109.56154644764212, -7.448429543257706], [109.56154644764212, -7.448699036610204], [109.56127695428961, -7.448699036610204], [109.56127695428961, -7.448968529962701], [109.56100746093712, -7.448968529962701], [109.56100746093712, -7.449238023315198], [109.56073796758461, -7.449238023315198], [109.56073796758461, -7.451124476782679], [109.56046847423212, -7.451124476782679], [109.56046847423212, -7.451393970135177], [109.56019898087962, -7.451393970135177], [109.56019898087962, -7.451663463487674], [109.55992948752713, -7.451663463487674], [109.55992948752713, -7.451932956840172], [109.55965999417462, -7.451932956840172], [109.55965999417462, -7.452202450192669], [109.55885151411714, -7.452202450192669], [109.55885151411714, -7.452471943545167], [109.55804303405965, -7.452471943545167], [109.55804303405965, -7.452202450192669], [109.55696506064966, -7.452202450192669], [109.55696506064966, -7.452471943545167], [109.55669556729715, -7.452471943545167], [109.55669556729715, -7.452741436897663], [109.55642607394466, -7.452741436897663], [109.55642607394466, -7.45408890366015], [109.55669556729715, -7.45408890366015], [109.55669556729715, -7.454627890365145], [109.55696506064966, -7.454627890365145], [109.55696506064966, -7.456514343832626], [109.55669556729715, -7.456514343832626], [109.55669556729715, -7.457322823890117], [109.55642607394466, -7.457322823890117], [109.55642607394466, -7.457592317242615], [109.55615658059216, -7.457592317242615], [109.55615658059216, -7.457861810595112], [109.55561759388716, -7.457861810595112], [109.55561759388716, -7.458131303947609], [109.55480911382968, -7.458131303947609], [109.55480911382968, -7.458400797300107], [109.5534616470672, -7.458400797300107], [109.5534616470672, -7.458670290652604], [109.55319215371469, -7.458670290652604], [109.55319215371469, -7.458939784005102], [109.5529226603622, -7.458939784005102], [109.5529226603622, -7.459209277357599], [109.5526531670097, -7.459209277357599], [109.5526531670097, -7.461634717530075], [109.5523836736572, -7.461634717530075], [109.5523836736572, -7.462173704235069], [109.55157519359972, -7.462173704235069], [109.55157519359972, -7.462443197587566], [109.55130570024721, -7.462443197587566], [109.55130570024721, -7.462712690940064], [109.55103620689472, -7.462712690940064], [109.55103620689472, -7.462982184292561], [109.55049722018973, -7.462982184292561], [109.55049722018973, -7.463251677645058], [109.55022772683722, -7.463251677645058], [109.55022772683722, -7.465946611170032], [109.54995823348473, -7.465946611170032], [109.54995823348473, -7.466216104522529], [109.54968874013223, -7.466216104522529], [109.54968874013223, -7.466485597875026], [109.54941924677973, -7.466485597875026], [109.54941924677973, -7.466755091227523], [109.54914975342723, -7.466755091227523], [109.54914975342723, -7.466485597875026], [109.54780228666475, -7.466485597875026], [109.54780228666475, -7.467294077932518], [109.54861076672223, -7.467294077932518], [109.54861076672223, -7.46810255799001], [109.54888026007474, -7.46810255799001], [109.54888026007474, -7.468911038047501], [109.54914975342723, -7.468911038047501], [109.54914975342723, -7.470527998162486], [109.54941924677973, -7.470527998162486], [109.54941924677973, -7.471336478219977], [109.54995823348473, -7.471336478219977], [109.54995823348473, -7.471605971572474], [109.55049722018973, -7.471605971572474], [109.55049722018973, -7.471875464924972], [109.55076671354222, -7.471875464924972], [109.55076671354222, -7.472683944982464], [109.54995823348473, -7.472683944982464], [109.54995823348473, -7.472953438334962], [109.54941924677973, -7.472953438334962], [109.54941924677973, -7.472683944982464], [109.54888026007474, -7.472683944982464], [109.54888026007474, -7.472414451629967], [109.54726329995975, -7.472414451629967], [109.54726329995975, -7.472683944982464], [109.54699380660726, -7.472683944982464], [109.54699380660726, -7.472953438334962], [109.54672431325476, -7.472953438334962], [109.54672431325476, -7.473492425039955], [109.54591583319727, -7.473492425039955], [109.54591583319727, -7.473222931687459], [109.54564633984477, -7.473222931687459], [109.54564633984477, -7.472953438334962], [109.54483785978728, -7.472953438334962], [109.54483785978728, -7.472683944982464], [109.5429514063198, -7.472683944982464], [109.5429514063198, -7.472953438334962], [109.5421429262623, -7.472953438334962], [109.5421429262623, -7.47403141174495], [109.5434903930248, -7.47403141174495], [109.5434903930248, -7.474300905097448], [109.5429514063198, -7.474300905097448], [109.5429514063198, -7.47510938515494], [109.5424124196148, -7.47510938515494], [109.5424124196148, -7.475378878507437], [109.5421429262623, -7.475378878507437], [109.5421429262623, -7.475648371859934], [109.54187343290981, -7.475648371859934], [109.54187343290981, -7.475378878507437], [109.54106495285231, -7.475378878507437], [109.54106495285231, -7.47510938515494], [109.54025647279482, -7.47510938515494], [109.54025647279482, -7.475378878507437], [109.54052596614733, -7.475378878507437], [109.54052596614733, -7.476187358564929], [109.54133444620481, -7.476187358564929], [109.54133444620481, -7.476456851917426], [109.5421429262623, -7.476456851917426], [109.5421429262623, -7.476726345269924], [109.5429514063198, -7.476726345269924], [109.5429514063198, -7.476456851917426], [109.54322089967229, -7.476456851917426], [109.54322089967229, -7.476187358564929], [109.5434903930248, -7.476187358564929], [109.5434903930248, -7.475378878507437], [109.54375988637729, -7.475378878507437], [109.54375988637729, -7.47510938515494], [109.54402937972979, -7.47510938515494], [109.54402937972979, -7.474839891802443], [109.54429887308228, -7.474839891802443], [109.54429887308228, -7.47510938515494], [109.54456836643477, -7.47510938515494], [109.54456836643477, -7.475378878507437], [109.54510735313977, -7.475378878507437], [109.54510735313977, -7.475648371859934], [109.54537684649227, -7.475648371859934], [109.54537684649227, -7.475917865212431], [109.54645481990227, -7.475917865212431], [109.54645481990227, -7.475648371859934], [109.54726329995975, -7.475648371859934], [109.54726329995975, -7.475378878507437], [109.54834127336974, -7.475378878507437], [109.54834127336974, -7.474839891802443], [109.54861076672223, -7.474839891802443], [109.54861076672223, -7.474570398449945], [109.54888026007474, -7.474570398449945], [109.54888026007474, -7.47403141174495], [109.54941924677973, -7.47403141174495], [109.54941924677973, -7.473761918392453], [109.55373114041969, -7.473761918392453], [109.55373114041969, -7.47403141174495], [109.55427012712468, -7.47403141174495], [109.55427012712468, -7.475378878507437], [109.55453962047719, -7.475378878507437], [109.55453962047719, -7.476187358564929], [109.55480911382968, -7.476187358564929], [109.55480911382968, -7.476456851917426], [109.55534810053467, -7.476456851917426], [109.55534810053467, -7.476726345269924], [109.55561759388716, -7.476726345269924], [109.55561759388716, -7.476995838622421], [109.55615658059216, -7.476995838622421], [109.55615658059216, -7.477534825327416], [109.55642607394466, -7.477534825327416], [109.55642607394466, -7.477804318679913], [109.55777354070715, -7.477804318679913], [109.55777354070715, -7.477265331974918], [109.55831252741214, -7.477265331974918], [109.55831252741214, -7.476995838622421], [109.56046847423212, -7.476995838622421], [109.56046847423212, -7.476187358564929], [109.56019898087962, -7.476187358564929], [109.56019898087962, -7.475917865212431], [109.55965999417462, -7.475917865212431], [109.55965999417462, -7.475378878507437], [109.55885151411714, -7.475378878507437], [109.55885151411714, -7.47510938515494], [109.55858202076465, -7.47510938515494], [109.55858202076465, -7.474570398449945], [109.55696506064966, -7.474570398449945], [109.55696506064966, -7.474300905097448], [109.55642607394466, -7.474300905097448], [109.55642607394466, -7.473761918392453], [109.55615658059216, -7.473761918392453], [109.55615658059216, -7.472144958277469], [109.55480911382968, -7.472144958277469], [109.55480911382968, -7.471875464924972], [109.55453962047719, -7.471875464924972], [109.55453962047719, -7.471605971572474], [109.55507860718218, -7.471605971572474], [109.55507860718218, -7.471336478219977], [109.55561759388716, -7.471336478219977], [109.55561759388716, -7.470527998162486], [109.55427012712468, -7.470527998162486], [109.55427012712468, -7.470258504809988], [109.5534616470672, -7.470258504809988], [109.5534616470672, -7.470527998162486], [109.5523836736572, -7.470527998162486], [109.5523836736572, -7.470258504809988], [109.55184468695221, -7.470258504809988], [109.55184468695221, -7.469989011457491], [109.55157519359972, -7.469989011457491], [109.55157519359972, -7.469719518104994], [109.55130570024721, -7.469719518104994], [109.55130570024721, -7.467294077932518], [109.55157519359972, -7.467294077932518], [109.55157519359972, -7.465407624465037], [109.55184468695221, -7.465407624465037], [109.55184468695221, -7.465138131112539], [109.5521141803047, -7.465138131112539], [109.5521141803047, -7.464868637760042], [109.5523836736572, -7.464868637760042], [109.5523836736572, -7.464329651055047], [109.5526531670097, -7.464329651055047], [109.5526531670097, -7.46406015770255], [109.55319215371469, -7.46406015770255], [109.55319215371469, -7.464329651055047], [109.5534616470672, -7.464329651055047], [109.5534616470672, -7.464868637760042], [109.55480911382968, -7.464868637760042], [109.55480911382968, -7.464599144407545], [109.55507860718218, -7.464599144407545], [109.55507860718218, -7.464329651055047], [109.55534810053467, -7.464329651055047], [109.55534810053467, -7.462443197587566], [109.55480911382968, -7.462443197587566], [109.55480911382968, -7.462173704235069], [109.55453962047719, -7.462173704235069], [109.55453962047719, -7.461904210882571], [109.55480911382968, -7.461904210882571], [109.55480911382968, -7.460556744120085], [109.55507860718218, -7.460556744120085], [109.55507860718218, -7.460287250767588], [109.55696506064966, -7.460287250767588], [109.55696506064966, -7.459209277357599], [109.55750404735466, -7.459209277357599], [109.55750404735466, -7.458939784005102], [109.55777354070715, -7.458939784005102], [109.55777354070715, -7.458670290652604], [109.55804303405965, -7.458670290652604], [109.55804303405965, -7.458400797300107], [109.55831252741214, -7.458400797300107], [109.55831252741214, -7.457592317242615], [109.55885151411714, -7.457592317242615], [109.55885151411714, -7.456514343832626], [109.55912100746964, -7.456514343832626], [109.55912100746964, -7.455975357127631], [109.55939050082213, -7.455975357127631], [109.55939050082213, -7.455166877070139], [109.55912100746964, -7.455166877070139], [109.55912100746964, -7.454897383717642], [109.55885151411714, -7.454897383717642], [109.55885151411714, -7.454627890365145], [109.55912100746964, -7.454627890365145], [109.55912100746964, -7.454358397012648], [109.56316340775709, -7.454358397012648], [109.56316340775709, -7.453549916955155], [109.56154644764212, -7.453549916955155], [109.56154644764212, -7.453280423602658], [109.56127695428961, -7.453280423602658], [109.56127695428961, -7.45301093025016], [109.56100746093712, -7.45301093025016], [109.56100746093712, -7.452741436897663], [109.56073796758461, -7.452741436897663], [109.56073796758461, -7.452202450192669], [109.56100746093712, -7.452202450192669], [109.56100746093712, -7.451932956840172], [109.56127695428961, -7.451932956840172], [109.56127695428961, -7.451663463487674], [109.56154644764212, -7.451663463487674], [109.56154644764212, -7.451393970135177], [109.5628939144046, -7.451393970135177], [109.5628939144046, -7.451124476782679], [109.56343290110959, -7.451124476782679], [109.56343290110959, -7.450315996725188], [109.56316340775709, -7.450315996725188], [109.56316340775709, -7.450046503372691], [109.5628939144046, -7.450046503372691], [109.5628939144046, -7.449777010020193], [109.56370239446208, -7.449777010020193], [109.56370239446208, -7.449507516667696], [109.56424138116708, -7.449507516667696], [109.56424138116708, -7.448968529962701], [109.56451087451958, -7.448968529962701], [109.56451087451958, -7.448699036610204], [109.56478036787207, -7.448699036610204], [109.56478036787207, -7.448429543257706], [109.56531935457707, -7.448429543257706], [109.56531935457707, -7.448160049905209], [109.56585834128207, -7.448160049905209], [109.56585834128207, -7.447890556552712], [109.56693631469206, -7.447890556552712], [109.56693631469206, -7.447621063200215], [109.56720580804455, -7.447621063200215], [109.56720580804455, -7.447351569847718], [109.56774479474954, -7.447351569847718], [109.56774479474954, -7.44708207649522], [109.56828378145454, -7.44708207649522], [109.56828378145454, -7.446812583142723], [109.56882276815954, -7.446812583142723], [109.56882276815954, -7.446543089790225], [109.56990074156953, -7.446543089790225], [109.56990074156953, -7.446273596437728], [109.57070922162701, -7.446273596437728], [109.57070922162701, -7.445465116380237], [109.57097871497952, -7.445465116380237], [109.57097871497952, -7.445195623027739], [109.57151770168451, -7.445195623027739], [109.57151770168451, -7.444926129675242], [109.57205668838951, -7.444926129675242], [109.57205668838951, -7.444656636322744], [109.57394314185699, -7.444656636322744], [109.57394314185699, -7.44411764961775], [109.57421263520948, -7.44411764961775], [109.57421263520948, -7.443848156265252], [109.57475162191447, -7.443848156265252], [109.57475162191447, -7.443039676207761], [109.57502111526698, -7.443039676207761], [109.57502111526698, -7.442500689502766], [109.57529060861947, -7.442500689502766], [109.57529060861947, -7.442231196150269], [109.57556010197197, -7.442231196150269], [109.57556010197197, -7.441961702797771], [109.57582959532446, -7.441961702797771], [109.57582959532446, -7.441692209445274], [109.57609908867697, -7.441692209445274], [109.57609908867697, -7.441422716092776], [109.57663807538196, -7.441422716092776], [109.57663807538196, -7.441153222740279], [109.57744655543945, -7.441153222740279], [109.57744655543945, -7.440883729387782], [109.57825503549694, -7.440883729387782], [109.57825503549694, -7.441422716092776], [109.57852452884944, -7.441422716092776], [109.57852452884944, -7.441692209445274], [109.57879402220193, -7.441692209445274], [109.57879402220193, -7.442231196150269], [109.57906351555444, -7.442231196150269], [109.57906351555444, -7.442770182855263], [109.57933300890693, -7.442770182855263], [109.57933300890693, -7.443039676207761], [109.58041098231692, -7.443039676207761], [109.58041098231692, -7.442770182855263], [109.58094996902192, -7.442770182855263], [109.58094996902192, -7.442500689502766], [109.58148895572691, -7.442500689502766], [109.58148895572691, -7.442231196150269], [109.5817584490794, -7.442231196150269], [109.5817584490794, -7.441692209445274], [109.5822974357844, -7.441692209445274], [109.5822974357844, -7.441422716092776], [109.5831059158419, -7.441422716092776], [109.5831059158419, -7.441153222740279], [109.58418388925189, -7.441153222740279], [109.58418388925189, -7.440344742682788], [109.58445338260438, -7.440344742682788], [109.58445338260438, -7.439805755977793], [109.58472287595688, -7.439805755977793], [109.58472287595688, -7.439536262625295], [109.58526186266188, -7.439536262625295], [109.58526186266188, -7.439266769272798], [109.58553135601437, -7.439266769272798], [109.58553135601437, -7.4389972759203], [109.58795679618684, -7.4389972759203], [109.58795679618684, -7.438727782567804], [109.58822628953935, -7.438727782567804], [109.58822628953935, -7.438458289215307], [109.58930426294933, -7.438458289215307], [109.58930426294933, -7.438188795862809], [109.59011274300683, -7.438188795862809], [109.59011274300683, -7.438458289215307], [109.59172970312181, -7.438458289215307], [109.59172970312181, -7.438188795862809], [109.5925381831793, -7.438188795862809], [109.5925381831793, -7.437649809157814], [109.5930771698843, -7.437649809157814], [109.5930771698843, -7.437380315805317], [109.59334666323679, -7.437380315805317], [109.59334666323679, -7.436571835747825], [109.59361615658929, -7.436571835747825], [109.59361615658929, -7.436302342395328], [109.59388564994178, -7.436302342395328], [109.59388564994178, -7.436032849042831], [109.59415514329429, -7.436032849042831], [109.59415514329429, -7.435224368985339], [109.59442463664678, -7.435224368985339], [109.59442463664678, -7.434685382280344], [109.59496362335177, -7.434685382280344], [109.59496362335177, -7.434954875632841], [109.59604159676176, -7.434954875632841], [109.59604159676176, -7.434685382280344], [109.59631109011427, -7.434685382280344], [109.59631109011427, -7.434415888927846], [109.59658058346676, -7.434415888927846], [109.59658058346676, -7.43414639557535], [109.59685007681925, -7.43414639557535], [109.59685007681925, -7.433876902222852], [109.59792805022924, -7.433876902222852], [109.59792805022924, -7.434415888927846], [109.59819754358175, -7.434415888927846], [109.59819754358175, -7.435224368985339], [109.59846703693424, -7.435224368985339], [109.59846703693424, -7.436571835747825], [109.60062298375422, -7.436571835747825], [109.60062298375422, -7.434954875632841], [109.60035349040172, -7.434954875632841], [109.60035349040172, -7.43414639557535], [109.60008399704923, -7.43414639557535], [109.60008399704923, -7.433876902222852], [109.60035349040172, -7.433876902222852], [109.60035349040172, -7.433337915517858], [109.6027789305742, -7.433337915517858], [109.6027789305742, -7.43306842216536], [109.6030484239267, -7.43306842216536], [109.6030484239267, -7.432798928812863], [109.6033179172792, -7.432798928812863], [109.6033179172792, -7.432529435460365], [109.60358741063169, -7.432529435460365], [109.60358741063169, -7.432259942107868], [109.6038569039842, -7.432259942107868], [109.6038569039842, -7.431720955402874], [109.60412639733669, -7.431720955402874], [109.60412639733669, -7.431451462050377], [109.60439589068918, -7.431451462050377], [109.60439589068918, -7.431181968697879], [109.60493487739417, -7.431181968697879], [109.60493487739417, -7.431451462050377], [109.60574335745167, -7.431451462050377], [109.60574335745167, -7.431181968697879], [109.60709082421415, -7.431181968697879], [109.60709082421415, -7.430912475345382], [109.60736031756666, -7.430912475345382], [109.60736031756666, -7.430642981992884], [109.60870778432914, -7.430642981992884], [109.60870778432914, -7.430912475345382], [109.60924677103414, -7.430912475345382], [109.60924677103414, -7.431181968697879], [109.61113322450161, -7.431181968697879], [109.61113322450161, -7.430912475345382], [109.61140271785412, -7.430912475345382], [109.61140271785412, -7.431181968697879], [109.61301967796909, -7.431181968697879], [109.61301967796909, -7.431451462050377], [109.61598410484656, -7.431451462050377], [109.61598410484656, -7.431990448755371], [109.61625359819907, -7.431990448755371], [109.61625359819907, -7.432259942107868], [109.61652309155156, -7.432259942107868], [109.61652309155156, -7.432529435460365], [109.61814005166654, -7.432529435460365], [109.61814005166654, -7.432259942107868], [109.61840954501905, -7.432259942107868], [109.61840954501905, -7.431990448755371], [109.61867903837154, -7.431990448755371], [109.61867903837154, -7.431720955402874], [109.61894853172404, -7.431720955402874], [109.61894853172404, -7.431451462050377], [109.61921802507653, -7.431451462050377], [109.61921802507653, -7.431720955402874], [109.61948751842903, -7.431720955402874], [109.61948751842903, -7.431990448755371], [109.61975701178153, -7.431990448755371], [109.61975701178153, -7.432259942107868], [109.62029599848653, -7.432259942107868], [109.62029599848653, -7.432529435460365], [109.62164346524901, -7.432529435460365], [109.62164346524901, -7.432259942107868], [109.62191295860151, -7.432259942107868], [109.62191295860151, -7.431990448755371], [109.622182451954, -7.431990448755371], [109.622182451954, -7.431720955402874], [109.62245194530651, -7.431720955402874], [109.62245194530651, -7.431451462050377], [109.622721438659, -7.431451462050377], [109.622721438659, -7.431990448755371], [109.62299093201149, -7.431990448755371], [109.62299093201149, -7.432259942107868], [109.62406890542148, -7.432259942107868], [109.62406890542148, -7.432529435460365], [109.62541637218398, -7.432529435460365], [109.62541637218398, -7.432259942107868], [109.62649434559395, -7.432259942107868], [109.62649434559395, -7.431720955402874], [109.62703333229895, -7.431720955402874], [109.62703333229895, -7.431181968697879], [109.62730282565146, -7.431181968697879], [109.62730282565146, -7.430642981992884], [109.62784181235645, -7.430642981992884], [109.62784181235645, -7.430373488640387], [109.62838079906145, -7.430373488640387], [109.62838079906145, -7.430642981992884], [109.62865029241394, -7.430642981992884], [109.62865029241394, -7.430912475345382], [109.63053674588141, -7.430912475345382], [109.63053674588141, -7.430642981992884], [109.6316147192914, -7.430642981992884], [109.6316147192914, -7.430912475345382], [109.63188421264391, -7.430912475345382], [109.63188421264391, -7.431181968697879], [109.6335011727589, -7.431181968697879], [109.6335011727589, -7.430642981992884], [109.63404015946388, -7.430642981992884], [109.63404015946388, -7.430912475345382], [109.63457914616887, -7.430912475345382], [109.63457914616887, -7.431181968697879], [109.63484863952138, -7.431181968697879], [109.63484863952138, -7.431451462050377], [109.63511813287387, -7.431451462050377], [109.63511813287387, -7.431990448755371], [109.63592661293137, -7.431990448755371], [109.63592661293137, -7.430912475345382], [109.63619610628386, -7.430912475345382], [109.63619610628386, -7.430642981992884], [109.63673509298886, -7.430642981992884], [109.63673509298886, -7.430373488640387], [109.63727407969385, -7.430373488640387], [109.63727407969385, -7.430642981992884], [109.63808255975134, -7.430642981992884], [109.63808255975134, -7.430912475345382], [109.63835205310384, -7.430912475345382], [109.63835205310384, -7.431181968697879], [109.63996901321883, -7.431181968697879], [109.63996901321883, -7.430373488640387], [109.64023850657132, -7.430373488640387], [109.64023850657132, -7.429834501935392], [109.64077749327632, -7.429834501935392], [109.64077749327632, -7.429565008582895], [109.6415859733338, -7.429565008582895], [109.6415859733338, -7.429026021877901], [109.6421249600388, -7.429026021877901], [109.6421249600388, -7.428756528525403], [109.64320293344879, -7.428756528525403], [109.64320293344879, -7.428487035172906], [109.6434724268013, -7.428487035172906], [109.6434724268013, -7.428217541820409], [109.64374192015379, -7.428217541820409], [109.64374192015379, -7.427948048467911], [109.64401141350629, -7.427948048467911], [109.64401141350629, -7.427678555115414], [109.64535888026877, -7.427678555115414], [109.64535888026877, -7.427409061762916], [109.64562837362126, -7.427409061762916], [109.64562837362126, -7.426870075057922], [109.64616736032626, -7.426870075057922], [109.64616736032626, -7.42606159500043], [109.64697584038376, -7.42606159500043], [109.64697584038376, -7.426331088352928], [109.64778432044125, -7.426331088352928], [109.64778432044125, -7.426600581705425], [109.64832330714624, -7.426600581705425], [109.64832330714624, -7.426870075057922], [109.64886229385124, -7.426870075057922], [109.64886229385124, -7.427948048467911], [109.64913178720373, -7.427948048467911], [109.64913178720373, -7.428487035172906], [109.64940128055623, -7.428487035172906], [109.64940128055623, -7.428756528525403], [109.65047925396622, -7.428756528525403], [109.65047925396622, -7.428487035172906], [109.65074874731872, -7.428487035172906], [109.65074874731872, -7.428756528525403], [109.65101824067122, -7.428756528525403], [109.65101824067122, -7.429026021877901], [109.6523657074337, -7.429026021877901], [109.6523657074337, -7.428487035172906], [109.65263520078621, -7.428487035172906], [109.65263520078621, -7.427948048467911], [109.6529046941387, -7.427948048467911], [109.6529046941387, -7.427678555115414], [109.6534436808437, -7.427678555115414], [109.6534436808437, -7.427948048467911], [109.65371317419618, -7.427948048467911], [109.65371317419618, -7.428217541820409], [109.65398266754869, -7.428217541820409], [109.65398266754869, -7.428487035172906], [109.65506064095868, -7.428487035172906], [109.65506064095868, -7.428756528525403], [109.65613861436867, -7.428756528525403], [109.65613861436867, -7.429026021877901], [109.65721658777865, -7.429026021877901], [109.65721658777865, -7.429295515230398], [109.65802506783615, -7.429295515230398], [109.65802506783615, -7.429026021877901], [109.65937253459863, -7.429026021877901], [109.65937253459863, -7.428756528525403], [109.65991152130363, -7.428756528525403], [109.65991152130363, -7.428487035172906], [109.6617979747711, -7.428487035172906], [109.6617979747711, -7.427678555115414], [109.66125898806611, -7.427678555115414], [109.66125898806611, -7.427409061762916], [109.66098949471362, -7.427409061762916], [109.66098949471362, -7.42713956841042], [109.66125898806611, -7.42713956841042], [109.66125898806611, -7.426331088352928], [109.66152848141861, -7.426331088352928], [109.66152848141861, -7.42606159500043], [109.6617979747711, -7.42606159500043], [109.6617979747711, -7.425792101647933], [109.66206746812361, -7.425792101647933], [109.66206746812361, -7.425522608295435], [109.6623369614761, -7.425522608295435], [109.6623369614761, -7.425253114942938], [109.6628759481811, -7.425253114942938], [109.6628759481811, -7.424983621590441], [109.66341493488609, -7.424983621590441], [109.66341493488609, -7.424714128237944], [109.66422341494358, -7.424714128237944], [109.66422341494358, -7.424444634885447], [109.66503189500108, -7.424444634885447], [109.66503189500108, -7.424175141532949], [109.66530138835357, -7.424175141532949], [109.66530138835357, -7.423905648180452], [109.66557088170607, -7.423905648180452], [109.66557088170607, -7.423636154827954], [109.66584037505856, -7.423636154827954], [109.66584037505856, -7.423366661475457], [109.66610986841107, -7.423366661475457], [109.66610986841107, -7.42309716812296], [109.66664885511607, -7.42309716812296], [109.66664885511607, -7.422827674770462], [109.66691834846856, -7.422827674770462], [109.66691834846856, -7.422019194712971], [109.66745733517355, -7.422019194712971], [109.66745733517355, -7.421749701360473], [109.66772682852604, -7.421749701360473], [109.66772682852604, -7.421480208007976], [109.66880480193603, -7.421480208007976], [109.66880480193603, -7.421749701360473], [109.66907429528854, -7.421749701360473], [109.66907429528854, -7.422019194712971], [109.66934378864103, -7.422019194712971], [109.66934378864103, -7.422288688065468], [109.67069125540353, -7.422288688065468], [109.67069125540353, -7.422558181417966], [109.67123024210852, -7.422558181417966], [109.67123024210852, -7.422827674770462], [109.672577708871, -7.422827674770462], [109.672577708871, -7.422558181417966], [109.673655682281, -7.422558181417966], [109.673655682281, -7.422827674770462], [109.67419466898599, -7.422827674770462], [109.67419466898599, -7.42309716812296], [109.67500314904348, -7.42309716812296], [109.67500314904348, -7.422019194712971], [109.67527264239597, -7.422019194712971], [109.67527264239597, -7.421210714655479], [109.67500314904348, -7.421210714655479], [109.67500314904348, -7.420941221302981], [109.67419466898599, -7.420941221302981], [109.67419466898599, -7.420671727950484], [109.67392517563349, -7.420671727950484], [109.67392517563349, -7.420402234597987], [109.67015226869853, -7.420402234597987], [109.67015226869853, -7.42013274124549], [109.66934378864103, -7.42013274124549], [109.66934378864103, -7.420402234597987], [109.66907429528854, -7.420402234597987], [109.66907429528854, -7.42013274124549], [109.66691834846856, -7.42013274124549]], [[109.6119417045591, -7.429026021877901], [109.6124806912641, -7.429026021877901], [109.6124806912641, -7.429295515230398], [109.61355866467409, -7.429295515230398], [109.61355866467409, -7.429565008582895], [109.61382815802659, -7.429565008582895], [109.61382815802659, -7.43010399528789], [109.61355866467409, -7.43010399528789], [109.61355866467409, -7.430642981992884], [109.61113322450161, -7.430642981992884], [109.61113322450161, -7.430373488640387], [109.61086373114912, -7.430373488640387], [109.61086373114912, -7.43010399528789], [109.61059423779662, -7.43010399528789], [109.61059423779662, -7.429565008582895], [109.61113322450161, -7.429565008582895], [109.61113322450161, -7.429295515230398], [109.6119417045591, -7.429295515230398], [109.6119417045591, -7.429026021877901]], [[109.62811130570894, -7.429295515230398], [109.62918927911893, -7.429295515230398], [109.62918927911893, -7.429565008582895], [109.62945877247144, -7.429565008582895], [109.62945877247144, -7.429834501935392], [109.62811130570894, -7.429834501935392], [109.62811130570894, -7.429295515230398]], [[109.6038569039842, -7.429834501935392], [109.60412639733669, -7.429834501935392], [109.60412639733669, -7.43010399528789], [109.60439589068918, -7.43010399528789], [109.60439589068918, -7.430912475345382], [109.6033179172792, -7.430912475345382], [109.6033179172792, -7.43010399528789], [109.6038569039842, -7.43010399528789], [109.6038569039842, -7.429834501935392]], [[109.58930426294933, -7.436571835747825], [109.59011274300683, -7.436571835747825], [109.59011274300683, -7.436841329100322], [109.59092122306431, -7.436841329100322], [109.59092122306431, -7.437110822452819], [109.58849578289184, -7.437110822452819], [109.58849578289184, -7.437380315805317], [109.58741780948185, -7.437380315805317], [109.58741780948185, -7.437110822452819], [109.58768730283435, -7.437110822452819], [109.58768730283435, -7.436841329100322], [109.58930426294933, -7.436841329100322], [109.58930426294933, -7.436571835747825]], [[109.58121946237442, -7.439266769272798], [109.58337540919439, -7.439266769272798], [109.58337540919439, -7.439536262625295], [109.5831059158419, -7.439536262625295], [109.5831059158419, -7.44007524933029], [109.5828364224894, -7.44007524933029], [109.5828364224894, -7.440344742682788], [109.5825669291369, -7.440344742682788], [109.5825669291369, -7.440614236035285], [109.5820279424319, -7.440614236035285], [109.5820279424319, -7.440883729387782], [109.5817584490794, -7.440883729387782], [109.5817584490794, -7.441153222740279], [109.58121946237442, -7.441153222740279], [109.58121946237442, -7.441422716092776], [109.58094996902192, -7.441422716092776], [109.58094996902192, -7.441692209445274], [109.57987199561192, -7.441692209445274], [109.57987199561192, -7.441422716092776], [109.57960250225943, -7.441422716092776], [109.57960250225943, -7.441153222740279], [109.57933300890693, -7.441153222740279], [109.57933300890693, -7.440614236035285], [109.57960250225943, -7.440614236035285], [109.57960250225943, -7.440344742682788], [109.57987199561192, -7.440344742682788], [109.57987199561192, -7.44007524933029], [109.58041098231692, -7.44007524933029], [109.58041098231692, -7.439805755977793], [109.58068047566942, -7.439805755977793], [109.58068047566942, -7.439536262625295], [109.58121946237442, -7.439536262625295], [109.58121946237442, -7.439266769272798]], [[109.56504986122458, -7.445195623027739], [109.56531935457707, -7.445195623027739], [109.56531935457707, -7.445465116380237], [109.56639732798706, -7.445465116380237], [109.56639732798706, -7.445734609732733], [109.56720580804455, -7.445734609732733], [109.56720580804455, -7.446273596437728], [109.56693631469206, -7.446273596437728], [109.56693631469206, -7.446812583142723], [109.56666682133957, -7.446812583142723], [109.56666682133957, -7.44708207649522], [109.56612783463457, -7.44708207649522], [109.56612783463457, -7.447351569847718], [109.56531935457707, -7.447351569847718], [109.56531935457707, -7.447621063200215], [109.56451087451958, -7.447621063200215], [109.56451087451958, -7.447351569847718], [109.56424138116708, -7.447351569847718], [109.56424138116708, -7.445734609732733], [109.56451087451958, -7.445734609732733], [109.56451087451958, -7.445465116380237], [109.56504986122458, -7.445465116380237], [109.56504986122458, -7.445195623027739]], [[109.55804303405965, -7.453819410307653], [109.55885151411714, -7.453819410307653], [109.55885151411714, -7.45408890366015], [109.55858202076465, -7.45408890366015], [109.55858202076465, -7.454358397012648], [109.55804303405965, -7.454358397012648], [109.55804303405965, -7.453819410307653]], [[109.55400063377219, -7.460287250767588], [109.55427012712468, -7.460287250767588], [109.55427012712468, -7.460556744120085], [109.55400063377219, -7.460556744120085], [109.55400063377219, -7.460287250767588]], [[109.55076671354222, -7.470258504809988], [109.55103620689472, -7.470258504809988], [109.55103620689472, -7.470527998162486], [109.55184468695221, -7.470527998162486], [109.55184468695221, -7.470797491514983], [109.5529226603622, -7.470797491514983], [109.5529226603622, -7.47106698486748], [109.5534616470672, -7.47106698486748], [109.5534616470672, -7.471336478219977], [109.55400063377219, -7.471336478219977], [109.55400063377219, -7.471605971572474], [109.55427012712468, -7.471605971572474], [109.55427012712468, -7.472144958277469], [109.55453962047719, -7.472144958277469], [109.55453962047719, -7.472953438334962], [109.55480911382968, -7.472953438334962], [109.55480911382968, -7.473222931687459], [109.55507860718218, -7.473222931687459], [109.55507860718218, -7.473761918392453], [109.55561759388716, -7.473761918392453], [109.55561759388716, -7.47403141174495], [109.55588708723967, -7.47403141174495], [109.55588708723967, -7.474300905097448], [109.55642607394466, -7.474300905097448], [109.55642607394466, -7.474570398449945], [109.55669556729715, -7.474570398449945], [109.55669556729715, -7.474839891802443], [109.55723455400215, -7.474839891802443], [109.55723455400215, -7.47510938515494], [109.55750404735466, -7.47510938515494], [109.55750404735466, -7.475378878507437], [109.55777354070715, -7.475378878507437], [109.55777354070715, -7.475648371859934], [109.55804303405965, -7.475648371859934], [109.55804303405965, -7.476456851917426], [109.55777354070715, -7.476456851917426], [109.55777354070715, -7.476726345269924], [109.55669556729715, -7.476726345269924], [109.55669556729715, -7.476456851917426], [109.55615658059216, -7.476456851917426], [109.55615658059216, -7.476187358564929], [109.55588708723967, -7.476187358564929], [109.55588708723967, -7.475917865212431], [109.55561759388716, -7.475917865212431], [109.55561759388716, -7.475648371859934], [109.55534810053467, -7.475648371859934], [109.55534810053467, -7.47510938515494], [109.55507860718218, -7.47510938515494], [109.55507860718218, -7.474570398449945], [109.55480911382968, -7.474570398449945], [109.55480911382968, -7.473761918392453], [109.55453962047719, -7.473761918392453], [109.55453962047719, -7.473492425039955], [109.55373114041969, -7.473492425039955], [109.55373114041969, -7.473222931687459], [109.5521141803047, -7.473222931687459], [109.5521141803047, -7.472953438334962], [109.55157519359972, -7.472953438334962], [109.55157519359972, -7.472683944982464], [109.55130570024721, -7.472683944982464], [109.55130570024721, -7.472144958277469], [109.55103620689472, -7.472144958277469], [109.55103620689472, -7.471336478219977], [109.55076671354222, -7.471336478219977], [109.55076671354222, -7.470258504809988]]]}}, {"type": "Feature", "properties": {"fid": 213, "DN": 1, "Keterangan": "Rendah"}, "geometry": {"type": "Polygon", "coordinates": [[[109.44647278612577, -7.475378878507437], [109.44647278612577, -7.476187358564929], [109.44674227947826, -7.476187358564929], [109.44674227947826, -7.476726345269924], [109.44647278612577, -7.476726345269924], [109.44647278612577, -7.476995838622421], [109.44620329277326, -7.476995838622421], [109.44620329277326, -7.476726345269924], [109.44539481271578, -7.476726345269924], [109.44539481271578, -7.477804318679913], [109.44593379942077, -7.477804318679913], [109.44593379942077, -7.47807381203241], [109.44674227947826, -7.47807381203241], [109.44674227947826, -7.477265331974918], [109.44701177283076, -7.477265331974918], [109.44701177283076, -7.476187358564929], [109.44728126618325, -7.476187358564929], [109.44728126618325, -7.475378878507437], [109.44647278612577, -7.475378878507437]]]}}, {"type": "Feature", "properties": {"fid": 214, "DN": 2, "Keterangan": "Sedang"}, "geometry": {"type": "Polygon", "coordinates": [[[109.41952345087603, -7.477534825327416], [109.41952345087603, -7.47807381203241], [109.41979294422853, -7.47807381203241], [109.41979294422853, -7.477534825327416], [109.41952345087603, -7.477534825327416]]]}}, {"type": "Feature", "properties": {"fid": 215, "DN": 1, "Keterangan": "Rendah"}, "geometry": {"type": "Polygon", "coordinates": [[[109.73483067329788, -7.474570398449945], [109.73483067329788, -7.47510938515494], [109.73456117994539, -7.47510938515494], [109.73456117994539, -7.475378878507437], [109.73375269988789, -7.475378878507437], [109.73375269988789, -7.476187358564929], [109.73321371318289, -7.476187358564929], [109.73321371318289, -7.476726345269924], [109.7329442198304, -7.476726345269924], [109.7329442198304, -7.476995838622421], [109.7326747264779, -7.476995838622421], [109.7326747264779, -7.478343305384907], [109.73321371318289, -7.478343305384907], [109.73321371318289, -7.47807381203241], [109.7334832065354, -7.47807381203241], [109.7334832065354, -7.476726345269924], [109.73375269988789, -7.476726345269924], [109.73375269988789, -7.476456851917426], [109.73429168659288, -7.476456851917426], [109.73429168659288, -7.476187358564929], [109.73483067329788, -7.476187358564929], [109.73483067329788, -7.475917865212431], [109.73510016665037, -7.475917865212431], [109.73510016665037, -7.475648371859934], [109.73536966000287, -7.475648371859934], [109.73536966000287, -7.475378878507437], [109.73563915335536, -7.475378878507437], [109.73563915335536, -7.47510938515494], [109.73590864670787, -7.47510938515494], [109.73590864670787, -7.474570398449945], [109.73483067329788, -7.474570398449945]]]}}, {"type": "Feature", "properties": {"fid": 216, "DN": 2, "Keterangan": "Sedang"}, "geometry": {"type": "Polygon", "coordinates": [[[109.41925395752354, -7.47807381203241], [109.41925395752354, -7.478612798737405], [109.41952345087603, -7.478612798737405], [109.41952345087603, -7.47807381203241], [109.41925395752354, -7.47807381203241]]]}}, {"type": "Feature", "properties": {"fid": 217, "DN": 2, "Keterangan": "Sedang"}, "geometry": {"type": "Polygon", "coordinates": [[[109.41898446417103, -7.478612798737405], [109.41898446417103, -7.478882292089902], [109.41925395752354, -7.478882292089902], [109.41925395752354, -7.478612798737405], [109.41898446417103, -7.478612798737405]]]}}, {"type": "Feature", "properties": {"fid": 218, "DN": 2, "Keterangan": "Sedang"}, "geometry": {"type": "Polygon", "coordinates": [[[109.423835344516, -7.477265331974918], [109.423835344516, -7.477804318679913], [109.42410483786848, -7.477804318679913], [109.42410483786848, -7.478343305384907], [109.42437433122099, -7.478343305384907], [109.42437433122099, -7.478612798737405], [109.42491331792597, -7.478612798737405], [109.42491331792597, -7.478882292089902], [109.42518281127848, -7.478882292089902], [109.42518281127848, -7.479151785442399], [109.42733875809846, -7.479151785442399], [109.42733875809846, -7.478612798737405], [109.42760825145095, -7.478612798737405], [109.42760825145095, -7.47807381203241], [109.42733875809846, -7.47807381203241], [109.42733875809846, -7.477804318679913], [109.42706926474595, -7.477804318679913], [109.42706926474595, -7.477534825327416], [109.42679977139346, -7.477534825327416], [109.42679977139346, -7.477265331974918], [109.423835344516, -7.477265331974918]]]}}, {"type": "Feature", "properties": {"fid": 219, "DN": 2, "Keterangan": "Sedang"}, "geometry": {"type": "Polygon", "coordinates": [[[109.41224713035861, -7.47807381203241], [109.41224713035861, -7.478343305384907], [109.4125166237111, -7.478343305384907], [109.4125166237111, -7.478612798737405], [109.4130556104161, -7.478612798737405], [109.4130556104161, -7.478882292089902], [109.41359459712109, -7.478882292089902], [109.41359459712109, -7.479151785442399], [109.41548105058857, -7.479151785442399], [109.41548105058857, -7.478882292089902], [109.41440307717858, -7.478882292089902], [109.41440307717858, -7.478612798737405], [109.41359459712109, -7.478612798737405], [109.41359459712109, -7.478343305384907], [109.4127861170636, -7.478343305384907], [109.4127861170636, -7.47807381203241], [109.41224713035861, -7.47807381203241]]]}}, {"type": "Feature", "properties": {"fid": 220, "DN": 2, "Keterangan": "Sedang"}, "geometry": {"type": "Polygon", "coordinates": [[[109.41844547746604, -7.478882292089902], [109.41844547746604, -7.479151785442399], [109.41898446417103, -7.479151785442399], [109.41898446417103, -7.478882292089902], [109.41844547746604, -7.478882292089902]]]}}, {"type": "Feature", "properties": {"fid": 221, "DN": 2, "Keterangan": "Sedang"}, "geometry": {"type": "Polygon", "coordinates": [[[109.52866825863744, -7.476187358564929], [109.52866825863744, -7.476456851917426], [109.52812927193244, -7.476456851917426], [109.52812927193244, -7.477534825327416], [109.52839876528495, -7.477534825327416], [109.52839876528495, -7.477804318679913], [109.52866825863744, -7.477804318679913], [109.52866825863744, -7.47807381203241], [109.52893775198994, -7.47807381203241], [109.52893775198994, -7.478343305384907], [109.52920724534243, -7.478343305384907], [109.52920724534243, -7.478612798737405], [109.52947673869492, -7.478612798737405], [109.52947673869492, -7.478882292089902], [109.52974623204743, -7.478882292089902], [109.52974623204743, -7.479151785442399], [109.53028521875243, -7.479151785442399], [109.53028521875243, -7.479421278794897], [109.53163268551491, -7.479421278794897], [109.53163268551491, -7.478612798737405], [109.53136319216242, -7.478612798737405], [109.53136319216242, -7.47807381203241], [109.53109369880991, -7.47807381203241], [109.53109369880991, -7.476456851917426], [109.53082420545742, -7.476456851917426], [109.53082420545742, -7.476187358564929], [109.52866825863744, -7.476187358564929]]]}}, {"type": "Feature", "properties": {"fid": 222, "DN": 2, "Keterangan": "Sedang"}, "geometry": {"type": "Polygon", "coordinates": [[[109.5332496456299, -7.479690772147394], [109.5332496456299, -7.479960265499892], [109.53378863233489, -7.479960265499892], [109.53378863233489, -7.480499252204885], [109.53405812568738, -7.480499252204885], [109.53405812568738, -7.479690772147394], [109.5332496456299, -7.479690772147394]]]}}, {"type": "Feature", "properties": {"fid": 223, "DN": 1, "Keterangan": "Rendah"}, "geometry": {"type": "Polygon", "coordinates": [[[109.37667400782895, -7.481307732262378], [109.37667400782895, -7.481577225614875], [109.37694350118146, -7.481577225614875], [109.37694350118146, -7.481307732262378], [109.37667400782895, -7.481307732262378]]]}}, {"type": "Feature", "properties": {"fid": 224, "DN": 1, "Keterangan": "Rendah"}, "geometry": {"type": "Polygon", "coordinates": [[[109.37694350118146, -7.481577225614875], [109.37694350118146, -7.481846718967373], [109.37721299453395, -7.481846718967373], [109.37721299453395, -7.481577225614875], [109.37694350118146, -7.481577225614875]]]}}, {"type": "Feature", "properties": {"fid": 225, "DN": 1, "Keterangan": "Rendah"}, "geometry": {"type": "Polygon", "coordinates": [[[109.37721299453395, -7.481846718967373], [109.37721299453395, -7.482385705672367], [109.37802147459145, -7.482385705672367], [109.37802147459145, -7.48211621231987], [109.37775198123894, -7.48211621231987], [109.37775198123894, -7.481846718967373], [109.37721299453395, -7.481846718967373]]]}}, {"type": "Feature", "properties": {"fid": 226, "DN": 1, "Keterangan": "Rendah"}, "geometry": {"type": "Polygon", "coordinates": [[[109.37829096794394, -7.482385705672367], [109.37829096794394, -7.482655199024864], [109.37856046129644, -7.482655199024864], [109.37856046129644, -7.482385705672367], [109.37829096794394, -7.482385705672367]]]}}, {"type": "Feature", "properties": {"fid": 227, "DN": 1, "Keterangan": "Rendah"}, "geometry": {"type": "Polygon", "coordinates": [[[109.37856046129644, -7.482655199024864], [109.37856046129644, -7.482924692377361], [109.37882995464894, -7.482924692377361], [109.37882995464894, -7.483194185729859], [109.37936894135393, -7.483194185729859], [109.37936894135393, -7.482924692377361], [109.37909944800144, -7.482924692377361], [109.37909944800144, -7.482655199024864], [109.37856046129644, -7.482655199024864]]]}}, {"type": "Feature", "properties": {"fid": 228, "DN": 2, "Keterangan": "Sedang"}, "geometry": {"type": "Polygon", "coordinates": [[[109.43946595896084, -7.47106698486748], [109.43946595896084, -7.471336478219977], [109.43838798555085, -7.471336478219977], [109.43838798555085, -7.471605971572474], [109.43784899884585, -7.471605971572474], [109.43784899884585, -7.471875464924972], [109.43757950549335, -7.471875464924972], [109.43757950549335, -7.472144958277469], [109.43731001214086, -7.472144958277469], [109.43731001214086, -7.472414451629967], [109.43704051878835, -7.472414451629967], [109.43704051878835, -7.472683944982464], [109.43677102543586, -7.472683944982464], [109.43677102543586, -7.472953438334962], [109.43650153208335, -7.472953438334962], [109.43650153208335, -7.473222931687459], [109.43596254537837, -7.473222931687459], [109.43596254537837, -7.474570398449945], [109.43623203873086, -7.474570398449945], [109.43623203873086, -7.475378878507437], [109.43650153208335, -7.475378878507437], [109.43650153208335, -7.476187358564929], [109.43677102543586, -7.476187358564929], [109.43677102543586, -7.476995838622421], [109.43650153208335, -7.476995838622421], [109.43650153208335, -7.477265331974918], [109.43623203873086, -7.477265331974918], [109.43623203873086, -7.477534825327416], [109.43596254537837, -7.477534825327416], [109.43596254537837, -7.477804318679913], [109.43542355867338, -7.477804318679913], [109.43542355867338, -7.47807381203241], [109.43407609191088, -7.47807381203241], [109.43407609191088, -7.478343305384907], [109.43380659855839, -7.478343305384907], [109.43380659855839, -7.478612798737405], [109.4332676118534, -7.478612798737405], [109.4332676118534, -7.478882292089902], [109.43299811850089, -7.478882292089902], [109.43299811850089, -7.479151785442399], [109.4332676118534, -7.479151785442399], [109.4332676118534, -7.479421278794897], [109.43380659855839, -7.479421278794897], [109.43380659855839, -7.479690772147394], [109.43461507861588, -7.479690772147394], [109.43461507861588, -7.479960265499892], [109.43542355867338, -7.479960265499892], [109.43542355867338, -7.480229758852388], [109.43596254537837, -7.480229758852388], [109.43596254537837, -7.480499252204885], [109.43650153208335, -7.480499252204885], [109.43650153208335, -7.480768745557383], [109.43757950549335, -7.480768745557383], [109.43757950549335, -7.480499252204885], [109.43919646560833, -7.480499252204885], [109.43919646560833, -7.48103823890988], [109.43946595896084, -7.48103823890988], [109.43946595896084, -7.481307732262378], [109.43973545231333, -7.481307732262378], [109.43973545231333, -7.481577225614875], [109.44000494566582, -7.481577225614875], [109.44000494566582, -7.48211621231987], [109.44027443901832, -7.48211621231987], [109.44027443901832, -7.482655199024864], [109.44054393237082, -7.482655199024864], [109.44054393237082, -7.482924692377361], [109.44081342572332, -7.482924692377361], [109.44081342572332, -7.483194185729859], [109.44108291907581, -7.483194185729859], [109.44108291907581, -7.483463679082356], [109.4426998791908, -7.483463679082356], [109.4426998791908, -7.483194185729859], [109.4429693725433, -7.483194185729859], [109.4429693725433, -7.482924692377361], [109.4426998791908, -7.482924692377361], [109.4426998791908, -7.482655199024864], [109.4424303858383, -7.482655199024864], [109.4424303858383, -7.48211621231987], [109.4421608924858, -7.48211621231987], [109.4421608924858, -7.481846718967373], [109.44189139913331, -7.481846718967373], [109.44189139913331, -7.478612798737405], [109.4416219057808, -7.478612798737405], [109.4416219057808, -7.47807381203241], [109.44108291907581, -7.47807381203241], [109.44108291907581, -7.477804318679913], [109.44054393237082, -7.477804318679913], [109.44054393237082, -7.477534825327416], [109.43946595896084, -7.477534825327416], [109.43946595896084, -7.477265331974918], [109.43838798555085, -7.477265331974918], [109.43838798555085, -7.476995838622421], [109.43784899884585, -7.476995838622421], [109.43784899884585, -7.476726345269924], [109.43757950549335, -7.476726345269924], [109.43757950549335, -7.476456851917426], [109.43784899884585, -7.476456851917426], [109.43784899884585, -7.475917865212431], [109.43865747890334, -7.475917865212431], [109.43865747890334, -7.475648371859934], [109.43946595896084, -7.475648371859934], [109.43946595896084, -7.475378878507437], [109.44000494566582, -7.475378878507437], [109.44000494566582, -7.47510938515494], [109.44081342572332, -7.47510938515494], [109.44081342572332, -7.474839891802443], [109.4421608924858, -7.474839891802443], [109.4421608924858, -7.47510938515494], [109.4432388658958, -7.47510938515494], [109.4432388658958, -7.475378878507437], [109.44377785260079, -7.475378878507437], [109.44377785260079, -7.475648371859934], [109.44431683930578, -7.475648371859934], [109.44431683930578, -7.475917865212431], [109.44458633265828, -7.475917865212431], [109.44458633265828, -7.476187358564929], [109.44512531936327, -7.476187358564929], [109.44512531936327, -7.476456851917426], [109.44539481271578, -7.476456851917426], [109.44539481271578, -7.476726345269924], [109.44620329277326, -7.476726345269924], [109.44620329277326, -7.476995838622421], [109.44647278612577, -7.476995838622421], [109.44647278612577, -7.476726345269924], [109.44674227947826, -7.476726345269924], [109.44674227947826, -7.476187358564929], [109.44647278612577, -7.476187358564929], [109.44647278612577, -7.475378878507437], [109.44620329277326, -7.475378878507437], [109.44620329277326, -7.47510938515494], [109.44593379942077, -7.47510938515494], [109.44593379942077, -7.473761918392453], [109.44620329277326, -7.473761918392453], [109.44620329277326, -7.473222931687459], [109.44593379942077, -7.473222931687459], [109.44593379942077, -7.472683944982464], [109.44566430606827, -7.472683944982464], [109.44566430606827, -7.472414451629967], [109.44539481271578, -7.472414451629967], [109.44539481271578, -7.472144958277469], [109.44512531936327, -7.472144958277469], [109.44512531936327, -7.471875464924972], [109.44458633265828, -7.471875464924972], [109.44458633265828, -7.471605971572474], [109.4424303858383, -7.471605971572474], [109.4424303858383, -7.471336478219977], [109.44108291907581, -7.471336478219977], [109.44108291907581, -7.47106698486748], [109.43946595896084, -7.47106698486748]], [[109.44377785260079, -7.47403141174495], [109.44458633265828, -7.47403141174495], [109.44458633265828, -7.474300905097448], [109.44485582601078, -7.474300905097448], [109.44485582601078, -7.474839891802443], [109.44404734595328, -7.474839891802443], [109.44404734595328, -7.474300905097448], [109.44377785260079, -7.474300905097448], [109.44377785260079, -7.47403141174495]]]}}, {"type": "Feature", "properties": {"fid": 229, "DN": 1, "Keterangan": "Rendah"}, "geometry": {"type": "Polygon", "coordinates": [[[109.37963843470644, -7.483194185729859], [109.37963843470644, -7.483463679082356], [109.37990792805893, -7.483463679082356], [109.37990792805893, -7.483194185729859], [109.37963843470644, -7.483194185729859]]]}}, {"type": "Feature", "properties": {"fid": 230, "DN": 2, "Keterangan": "Sedang"}, "geometry": {"type": "Polygon", "coordinates": [[[109.41979294422853, -7.480229758852388], [109.41979294422853, -7.481577225614875], [109.42033193093353, -7.481577225614875], [109.42033193093353, -7.481846718967373], [109.42087091763852, -7.481846718967373], [109.42087091763852, -7.48211621231987], [109.42114041099101, -7.48211621231987], [109.42114041099101, -7.482385705672367], [109.4219488910485, -7.482385705672367], [109.4219488910485, -7.482655199024864], [109.422218384401, -7.482655199024864], [109.422218384401, -7.482924692377361], [109.422757371106, -7.482924692377361], [109.422757371106, -7.483463679082356], [109.42302686445849, -7.483463679082356], [109.42302686445849, -7.484272159139848], [109.423296357811, -7.484272159139848], [109.423296357811, -7.484811145844843], [109.42356585116349, -7.484811145844843], [109.42356585116349, -7.48508063919734], [109.423835344516, -7.48508063919734], [109.423835344516, -7.484811145844843], [109.42410483786848, -7.484811145844843], [109.42410483786848, -7.484541652492346], [109.423835344516, -7.484541652492346], [109.423835344516, -7.484002665787351], [109.42356585116349, -7.484002665787351], [109.42356585116349, -7.483733172434853], [109.423296357811, -7.483733172434853], [109.423296357811, -7.482924692377361], [109.42302686445849, -7.482924692377361], [109.42302686445849, -7.482655199024864], [109.422757371106, -7.482655199024864], [109.422757371106, -7.48211621231987], [109.4224878777535, -7.48211621231987], [109.4224878777535, -7.481846718967373], [109.422218384401, -7.481846718967373], [109.422218384401, -7.481307732262378], [109.4219488910485, -7.481307732262378], [109.4219488910485, -7.48103823890988], [109.42167939769601, -7.48103823890988], [109.42167939769601, -7.480768745557383], [109.4214099043435, -7.480768745557383], [109.4214099043435, -7.480499252204885], [109.42060142428602, -7.480499252204885], [109.42060142428602, -7.480229758852388], [109.41979294422853, -7.480229758852388]]]}}, {"type": "Feature", "properties": {"fid": 231, "DN": 2, "Keterangan": "Sedang"}, "geometry": {"type": "Polygon", "coordinates": [[[109.37101464742652, -7.48508063919734], [109.37101464742652, -7.485350132549837], [109.37155363413152, -7.485350132549837], [109.37155363413152, -7.48508063919734], [109.37101464742652, -7.48508063919734]]]}}, {"type": "Feature", "properties": {"fid": 232, "DN": 1, "Keterangan": "Rendah"}, "geometry": {"type": "Polygon", "coordinates": [[[109.44081342572332, -7.474839891802443], [109.44081342572332, -7.47510938515494], [109.44000494566582, -7.47510938515494], [109.44000494566582, -7.475378878507437], [109.43946595896084, -7.475378878507437], [109.43946595896084, -7.475648371859934], [109.43865747890334, -7.475648371859934], [109.43865747890334, -7.475917865212431], [109.43811849219834, -7.475917865212431], [109.43811849219834, -7.476187358564929], [109.43838798555085, -7.476187358564929], [109.43838798555085, -7.476456851917426], [109.43757950549335, -7.476456851917426], [109.43757950549335, -7.476726345269924], [109.43784899884585, -7.476726345269924], [109.43784899884585, -7.476995838622421], [109.43838798555085, -7.476995838622421], [109.43838798555085, -7.477265331974918], [109.43946595896084, -7.477265331974918], [109.43946595896084, -7.477534825327416], [109.44054393237082, -7.477534825327416], [109.44054393237082, -7.477804318679913], [109.44108291907581, -7.477804318679913], [109.44108291907581, -7.47807381203241], [109.4416219057808, -7.47807381203241], [109.4416219057808, -7.478612798737405], [109.44189139913331, -7.478612798737405], [109.44189139913331, -7.481846718967373], [109.4421608924858, -7.481846718967373], [109.4421608924858, -7.48211621231987], [109.4424303858383, -7.48211621231987], [109.4424303858383, -7.482655199024864], [109.4426998791908, -7.482655199024864], [109.4426998791908, -7.482924692377361], [109.4429693725433, -7.482924692377361], [109.4429693725433, -7.483194185729859], [109.4426998791908, -7.483194185729859], [109.4426998791908, -7.483463679082356], [109.44108291907581, -7.483463679082356], [109.44108291907581, -7.483194185729859], [109.44081342572332, -7.483194185729859], [109.44081342572332, -7.482924692377361], [109.44054393237082, -7.482924692377361], [109.44054393237082, -7.482655199024864], [109.44027443901832, -7.482655199024864], [109.44027443901832, -7.48211621231987], [109.44000494566582, -7.48211621231987], [109.44000494566582, -7.481577225614875], [109.43973545231333, -7.481577225614875], [109.43973545231333, -7.481307732262378], [109.43946595896084, -7.481307732262378], [109.43946595896084, -7.48103823890988], [109.43919646560833, -7.48103823890988], [109.43919646560833, -7.481846718967373], [109.43946595896084, -7.481846718967373], [109.43946595896084, -7.482924692377361], [109.43973545231333, -7.482924692377361], [109.43973545231333, -7.483194185729859], [109.44000494566582, -7.483194185729859], [109.44000494566582, -7.483733172434853], [109.44027443901832, -7.483733172434853], [109.44027443901832, -7.484002665787351], [109.44054393237082, -7.484002665787351], [109.44054393237082, -7.484272159139848], [109.44081342572332, -7.484272159139848], [109.44081342572332, -7.48508063919734], [109.44189139913331, -7.48508063919734], [109.44189139913331, -7.484811145844843], [109.4421608924858, -7.484811145844843], [109.4421608924858, -7.484541652492346], [109.4429693725433, -7.484541652492346], [109.4429693725433, -7.484272159139848], [109.44377785260079, -7.484272159139848], [109.44377785260079, -7.484541652492346], [109.44404734595328, -7.484541652492346], [109.44404734595328, -7.484811145844843], [109.44458633265828, -7.484811145844843], [109.44458633265828, -7.48508063919734], [109.44485582601078, -7.48508063919734], [109.44485582601078, -7.485350132549837], [109.44512531936327, -7.485350132549837], [109.44512531936327, -7.485619625902334], [109.44593379942077, -7.485619625902334], [109.44593379942077, -7.485350132549837], [109.44620329277326, -7.485350132549837], [109.44620329277326, -7.48508063919734], [109.44647278612577, -7.48508063919734], [109.44647278612577, -7.484811145844843], [109.44674227947826, -7.484811145844843], [109.44674227947826, -7.484541652492346], [109.44620329277326, -7.484541652492346], [109.44620329277326, -7.484272159139848], [109.44566430606827, -7.484272159139848], [109.44566430606827, -7.484002665787351], [109.44539481271578, -7.484002665787351], [109.44539481271578, -7.483463679082356], [109.44566430606827, -7.483463679082356], [109.44566430606827, -7.482924692377361], [109.44593379942077, -7.482924692377361], [109.44593379942077, -7.482655199024864], [109.44620329277326, -7.482655199024864], [109.44620329277326, -7.482385705672367], [109.44647278612577, -7.482385705672367], [109.44647278612577, -7.48211621231987], [109.44701177283076, -7.48211621231987], [109.44701177283076, -7.481846718967373], [109.44862873294574, -7.481846718967373], [109.44862873294574, -7.48211621231987], [109.44916771965073, -7.48211621231987], [109.44916771965073, -7.482385705672367], [109.44943721300324, -7.482385705672367], [109.44943721300324, -7.48103823890988], [109.44916771965073, -7.48103823890988], [109.44916771965073, -7.480768745557383], [109.44889822629824, -7.480768745557383], [109.44889822629824, -7.480499252204885], [109.44755075953574, -7.480499252204885], [109.44755075953574, -7.480768745557383], [109.44728126618325, -7.480768745557383], [109.44728126618325, -7.481307732262378], [109.44674227947826, -7.481307732262378], [109.44674227947826, -7.480499252204885], [109.44566430606827, -7.480499252204885], [109.44566430606827, -7.480768745557383], [109.44539481271578, -7.480768745557383], [109.44539481271578, -7.48103823890988], [109.44512531936327, -7.48103823890988], [109.44512531936327, -7.482655199024864], [109.44458633265828, -7.482655199024864], [109.44458633265828, -7.482385705672367], [109.44431683930578, -7.482385705672367], [109.44431683930578, -7.48211621231987], [109.4429693725433, -7.48211621231987], [109.4429693725433, -7.481846718967373], [109.4426998791908, -7.481846718967373], [109.4426998791908, -7.481577225614875], [109.4424303858383, -7.481577225614875], [109.4424303858383, -7.481307732262378], [109.4421608924858, -7.481307732262378], [109.4421608924858, -7.480768745557383], [109.4424303858383, -7.480768745557383], [109.4424303858383, -7.479960265499892], [109.4426998791908, -7.479960265499892], [109.4426998791908, -7.479690772147394], [109.4429693725433, -7.479690772147394], [109.4429693725433, -7.47807381203241], [109.44350835924828, -7.47807381203241], [109.44350835924828, -7.477804318679913], [109.44377785260079, -7.477804318679913], [109.44377785260079, -7.476726345269924], [109.44539481271578, -7.476726345269924], [109.44539481271578, -7.476456851917426], [109.44512531936327, -7.476456851917426], [109.44512531936327, -7.476187358564929], [109.44458633265828, -7.476187358564929], [109.44458633265828, -7.475917865212431], [109.44431683930578, -7.475917865212431], [109.44431683930578, -7.475648371859934], [109.44377785260079, -7.475648371859934], [109.44377785260079, -7.475378878507437], [109.4432388658958, -7.475378878507437], [109.4432388658958, -7.47510938515494], [109.4421608924858, -7.47510938515494], [109.4421608924858, -7.474839891802443], [109.44081342572332, -7.474839891802443]], [[109.44054393237082, -7.475648371859934], [109.4424303858383, -7.475648371859934], [109.4424303858383, -7.475917865212431], [109.4429693725433, -7.475917865212431], [109.4429693725433, -7.476456851917426], [109.4416219057808, -7.476456851917426], [109.4416219057808, -7.476726345269924], [109.44135241242832, -7.476726345269924], [109.44135241242832, -7.476995838622421], [109.44054393237082, -7.476995838622421], [109.44054393237082, -7.476726345269924], [109.43973545231333, -7.476726345269924], [109.43973545231333, -7.476456851917426], [109.44000494566582, -7.476456851917426], [109.44000494566582, -7.476187358564929], [109.44027443901832, -7.476187358564929], [109.44027443901832, -7.475917865212431], [109.44054393237082, -7.475917865212431], [109.44054393237082, -7.475648371859934]]]}}, {"type": "Feature", "properties": {"fid": 233, "DN": 2, "Keterangan": "Sedang"}, "geometry": {"type": "Polygon", "coordinates": [[[109.37020616736902, -7.485350132549837], [109.37020616736902, -7.485619625902334], [109.37047566072152, -7.485619625902334], [109.37047566072152, -7.485350132549837], [109.37020616736902, -7.485350132549837]]]}}, {"type": "Feature", "properties": {"fid": 234, "DN": 1, "Keterangan": "Rendah"}, "geometry": {"type": "Polygon", "coordinates": [[[109.37451806100898, -7.479960265499892], [109.37451806100898, -7.480768745557383], [109.37424856765648, -7.480768745557383], [109.37424856765648, -7.482385705672367], [109.37397907430399, -7.482385705672367], [109.37397907430399, -7.483463679082356], [109.37370958095148, -7.483463679082356], [109.37370958095148, -7.484002665787351], [109.373440087599, -7.484002665787351], [109.373440087599, -7.484272159139848], [109.37317059424649, -7.484272159139848], [109.37317059424649, -7.484541652492346], [109.372901100894, -7.484541652492346], [109.372901100894, -7.484811145844843], [109.372362114189, -7.484811145844843], [109.372362114189, -7.48508063919734], [109.37155363413152, -7.48508063919734], [109.37155363413152, -7.485350132549837], [109.37047566072152, -7.485350132549837], [109.37047566072152, -7.485619625902334], [109.37209262083651, -7.485619625902334], [109.37209262083651, -7.485350132549837], [109.372901100894, -7.485350132549837], [109.372901100894, -7.48508063919734], [109.373440087599, -7.48508063919734], [109.373440087599, -7.484811145844843], [109.37370958095148, -7.484811145844843], [109.37370958095148, -7.484541652492346], [109.37397907430399, -7.484541652492346], [109.37397907430399, -7.484272159139848], [109.37424856765648, -7.484272159139848], [109.37424856765648, -7.483194185729859], [109.37451806100898, -7.483194185729859], [109.37451806100898, -7.482655199024864], [109.37478755436148, -7.482655199024864], [109.37478755436148, -7.48103823890988], [109.37613502112397, -7.48103823890988], [109.37613502112397, -7.481307732262378], [109.37667400782895, -7.481307732262378], [109.37667400782895, -7.48103823890988], [109.37640451447646, -7.48103823890988], [109.37640451447646, -7.480768745557383], [109.37613502112397, -7.480768745557383], [109.37613502112397, -7.480499252204885], [109.37586552777147, -7.480499252204885], [109.37586552777147, -7.480229758852388], [109.37559603441898, -7.480229758852388], [109.37559603441898, -7.479960265499892], [109.37451806100898, -7.479960265499892]]]}}, {"type": "Feature", "properties": {"fid": 235, "DN": 1, "Keterangan": "Rendah"}, "geometry": {"type": "Polygon", "coordinates": [[[109.36966718066402, -7.485619625902334], [109.36966718066402, -7.485889119254832], [109.36993667401653, -7.485889119254832], [109.36993667401653, -7.485619625902334], [109.36966718066402, -7.485619625902334]]]}}, {"type": "Feature", "properties": {"fid": 236, "DN": 1, "Keterangan": "Rendah"}, "geometry": {"type": "Polygon", "coordinates": [[[109.49740702974775, -7.485619625902334], [109.49740702974775, -7.485889119254832], [109.49794601645274, -7.485889119254832], [109.49794601645274, -7.485619625902334], [109.49740702974775, -7.485619625902334]]]}}, {"type": "Feature", "properties": {"fid": 237, "DN": 1, "Keterangan": "Rendah"}, "geometry": {"type": "Polygon", "coordinates": [[[109.49821550980525, -7.485619625902334], [109.49821550980525, -7.485889119254832], [109.49848500315774, -7.485889119254832], [109.49848500315774, -7.485619625902334], [109.49821550980525, -7.485619625902334]]]}}, {"type": "Feature", "properties": {"fid": 238, "DN": 1, "Keterangan": "Rendah"}, "geometry": {"type": "Polygon", "coordinates": [[[109.49713753639526, -7.485889119254832], [109.49713753639526, -7.486158612607329], [109.49740702974775, -7.486158612607329], [109.49740702974775, -7.485889119254832], [109.49713753639526, -7.485889119254832]]]}}, {"type": "Feature", "properties": {"fid": 239, "DN": 1, "Keterangan": "Rendah"}, "geometry": {"type": "Polygon", "coordinates": [[[109.36912819395903, -7.485889119254832], [109.36912819395903, -7.486158612607329], [109.36858920725405, -7.486158612607329], [109.36858920725405, -7.486428105959827], [109.36805022054905, -7.486428105959827], [109.36805022054905, -7.486697599312324], [109.36885870060654, -7.486697599312324], [109.36885870060654, -7.486428105959827], [109.36939768731153, -7.486428105959827], [109.36939768731153, -7.486158612607329], [109.36966718066402, -7.486158612607329], [109.36966718066402, -7.485889119254832], [109.36912819395903, -7.485889119254832]]]}}, {"type": "Feature", "properties": {"fid": 240, "DN": 1, "Keterangan": "Rendah"}, "geometry": {"type": "Polygon", "coordinates": [[[109.49659854969026, -7.486428105959827], [109.49659854969026, -7.486697599312324], [109.49686804304275, -7.486697599312324], [109.49686804304275, -7.486428105959827], [109.49659854969026, -7.486428105959827]]]}}, {"type": "Feature", "properties": {"fid": 241, "DN": 1, "Keterangan": "Rendah"}, "geometry": {"type": "Polygon", "coordinates": [[[109.44701177283076, -7.484811145844843], [109.44701177283076, -7.485350132549837], [109.44728126618325, -7.485350132549837], [109.44728126618325, -7.485619625902334], [109.44755075953574, -7.485619625902334], [109.44755075953574, -7.485889119254832], [109.44782025288825, -7.485889119254832], [109.44782025288825, -7.486428105959827], [109.44808974624074, -7.486428105959827], [109.44808974624074, -7.486697599312324], [109.44835923959324, -7.486697599312324], [109.44835923959324, -7.486967092664822], [109.45024569306072, -7.486967092664822], [109.45024569306072, -7.486697599312324], [109.44997619970823, -7.486697599312324], [109.44997619970823, -7.486428105959827], [109.44943721300324, -7.486428105959827], [109.44943721300324, -7.486158612607329], [109.44916771965073, -7.486158612607329], [109.44916771965073, -7.485889119254832], [109.44862873294574, -7.485889119254832], [109.44862873294574, -7.485619625902334], [109.44835923959324, -7.485619625902334], [109.44835923959324, -7.485350132549837], [109.44808974624074, -7.485350132549837], [109.44808974624074, -7.48508063919734], [109.44755075953574, -7.48508063919734], [109.44755075953574, -7.484811145844843], [109.44701177283076, -7.484811145844843]]]}}, {"type": "Feature", "properties": {"fid": 242, "DN": 1, "Keterangan": "Rendah"}, "geometry": {"type": "Polygon", "coordinates": [[[109.36724174049155, -7.486697599312324], [109.36724174049155, -7.486967092664822], [109.36778072719655, -7.486967092664822], [109.36778072719655, -7.486697599312324], [109.36724174049155, -7.486697599312324]]]}}, {"type": "Feature", "properties": {"fid": 243, "DN": 1, "Keterangan": "Rendah"}, "geometry": {"type": "Polygon", "coordinates": [[[109.45590505346317, -7.486967092664822], [109.45590505346317, -7.487236586017318], [109.45617454681566, -7.487236586017318], [109.45617454681566, -7.486967092664822], [109.45590505346317, -7.486967092664822]]]}}, {"type": "Feature", "properties": {"fid": 244, "DN": 3, "Keterangan": "Tinggi"}, "geometry": {"type": "Polygon", "coordinates": [[[109.3615823800891, -7.485350132549837], [109.3615823800891, -7.485889119254832], [109.36131288673661, -7.485889119254832], [109.36131288673661, -7.486697599312324], [109.3615823800891, -7.486697599312324], [109.3615823800891, -7.486967092664822], [109.3621213667941, -7.486967092664822], [109.3621213667941, -7.487236586017318], [109.3623908601466, -7.487236586017318], [109.3623908601466, -7.487506079369815], [109.3626603534991, -7.487506079369815], [109.3626603534991, -7.487775572722313], [109.36319934020409, -7.487775572722313], [109.36319934020409, -7.48804506607481], [109.3634688335566, -7.48804506607481], [109.3634688335566, -7.487775572722313], [109.36373832690909, -7.487775572722313], [109.36373832690909, -7.487506079369815], [109.36427731361408, -7.487506079369815], [109.36427731361408, -7.487236586017318], [109.36373832690909, -7.487236586017318], [109.36373832690909, -7.486967092664822], [109.3634688335566, -7.486967092664822], [109.3634688335566, -7.486697599312324], [109.36319934020409, -7.486697599312324], [109.36319934020409, -7.486428105959827], [109.3629298468516, -7.486428105959827], [109.3629298468516, -7.486158612607329], [109.3626603534991, -7.486158612607329], [109.3626603534991, -7.485889119254832], [109.3623908601466, -7.485889119254832], [109.3623908601466, -7.485619625902334], [109.36185187344161, -7.485619625902334], [109.36185187344161, -7.485350132549837], [109.3615823800891, -7.485350132549837]]]}}, {"type": "Feature", "properties": {"fid": 245, "DN": 2, "Keterangan": "Sedang"}, "geometry": {"type": "Polygon", "coordinates": [[[109.39419107574129, -7.474300905097448], [109.39419107574129, -7.474570398449945], [109.3936520890363, -7.474570398449945], [109.3936520890363, -7.474839891802443], [109.39338259568379, -7.474839891802443], [109.39338259568379, -7.47510938515494], [109.3931131023313, -7.47510938515494], [109.3931131023313, -7.475378878507437], [109.3928436089788, -7.475378878507437], [109.3928436089788, -7.475648371859934], [109.3923046222738, -7.475648371859934], [109.3923046222738, -7.475917865212431], [109.3917656355688, -7.475917865212431], [109.3917656355688, -7.476187358564929], [109.39068766215883, -7.476187358564929], [109.39068766215883, -7.476456851917426], [109.38987918210132, -7.476456851917426], [109.38987918210132, -7.476726345269924], [109.38880120869133, -7.476726345269924], [109.38880120869133, -7.476995838622421], [109.38772323528134, -7.476995838622421], [109.38772323528134, -7.477265331974918], [109.38691475522386, -7.477265331974918], [109.38691475522386, -7.477534825327416], [109.38610627516637, -7.477534825327416], [109.38610627516637, -7.477804318679913], [109.38583678181386, -7.477804318679913], [109.38583678181386, -7.47807381203241], [109.38556728846137, -7.47807381203241], [109.38556728846137, -7.478343305384907], [109.38529779510887, -7.478343305384907], [109.38529779510887, -7.478612798737405], [109.38502830175638, -7.478612798737405], [109.38502830175638, -7.478882292089902], [109.38448931505138, -7.478882292089902], [109.38448931505138, -7.479151785442399], [109.38395032834639, -7.479151785442399], [109.38395032834639, -7.479421278794897], [109.38341134164139, -7.479421278794897], [109.38341134164139, -7.479690772147394], [109.3828723549364, -7.479690772147394], [109.3828723549364, -7.479960265499892], [109.3826028615839, -7.479960265499892], [109.3826028615839, -7.480229758852388], [109.3823333682314, -7.480229758852388], [109.3823333682314, -7.480499252204885], [109.38206387487891, -7.480499252204885], [109.38206387487891, -7.480768745557383], [109.3817943815264, -7.480768745557383], [109.3817943815264, -7.48103823890988], [109.38152488817391, -7.48103823890988], [109.38152488817391, -7.48211621231987], [109.38125539482141, -7.48211621231987], [109.38125539482141, -7.482655199024864], [109.38098590146892, -7.482655199024864], [109.38098590146892, -7.482924692377361], [109.38071640811641, -7.482924692377361], [109.38071640811641, -7.482655199024864], [109.38017742141142, -7.482655199024864], [109.38017742141142, -7.482385705672367], [109.37963843470644, -7.482385705672367], [109.37963843470644, -7.48211621231987], [109.37909944800144, -7.48211621231987], [109.37909944800144, -7.481846718967373], [109.37882995464894, -7.481846718967373], [109.37882995464894, -7.481577225614875], [109.37829096794394, -7.481577225614875], [109.37829096794394, -7.481307732262378], [109.37802147459145, -7.481307732262378], [109.37802147459145, -7.48103823890988], [109.37775198123894, -7.48103823890988], [109.37775198123894, -7.480768745557383], [109.37748248788645, -7.480768745557383], [109.37748248788645, -7.480499252204885], [109.37721299453395, -7.480499252204885], [109.37721299453395, -7.480229758852388], [109.37694350118146, -7.480229758852388], [109.37694350118146, -7.479960265499892], [109.37667400782895, -7.479960265499892], [109.37667400782895, -7.479421278794897], [109.37640451447646, -7.479421278794897], [109.37640451447646, -7.478882292089902], [109.37586552777147, -7.478882292089902], [109.37586552777147, -7.478612798737405], [109.37559603441898, -7.478612798737405], [109.37559603441898, -7.478343305384907], [109.37505704771398, -7.478343305384907], [109.37505704771398, -7.47807381203241], [109.37478755436148, -7.47807381203241], [109.37478755436148, -7.477804318679913], [109.37317059424649, -7.477804318679913], [109.37317059424649, -7.47807381203241], [109.372901100894, -7.47807381203241], [109.372901100894, -7.478612798737405], [109.37263160754149, -7.478612798737405], [109.37263160754149, -7.479960265499892], [109.372901100894, -7.479960265499892], [109.372901100894, -7.481846718967373], [109.37317059424649, -7.481846718967373], [109.37317059424649, -7.48211621231987], [109.372901100894, -7.48211621231987], [109.372901100894, -7.483194185729859], [109.37263160754149, -7.483194185729859], [109.37263160754149, -7.483733172434853], [109.372362114189, -7.483733172434853], [109.372362114189, -7.484272159139848], [109.37209262083651, -7.484272159139848], [109.37209262083651, -7.484541652492346], [109.371823127484, -7.484541652492346], [109.371823127484, -7.484811145844843], [109.37155363413152, -7.484811145844843], [109.37155363413152, -7.48508063919734], [109.372362114189, -7.48508063919734], [109.372362114189, -7.484811145844843], [109.372901100894, -7.484811145844843], [109.372901100894, -7.484541652492346], [109.37317059424649, -7.484541652492346], [109.37317059424649, -7.484272159139848], [109.373440087599, -7.484272159139848], [109.373440087599, -7.484002665787351], [109.37370958095148, -7.484002665787351], [109.37370958095148, -7.483463679082356], [109.37397907430399, -7.483463679082356], [109.37397907430399, -7.482385705672367], [109.37424856765648, -7.482385705672367], [109.37424856765648, -7.480768745557383], [109.37451806100898, -7.480768745557383], [109.37451806100898, -7.479960265499892], [109.37559603441898, -7.479960265499892], [109.37559603441898, -7.480229758852388], [109.37586552777147, -7.480229758852388], [109.37586552777147, -7.480499252204885], [109.37613502112397, -7.480499252204885], [109.37613502112397, -7.480768745557383], [109.37640451447646, -7.480768745557383], [109.37640451447646, -7.48103823890988], [109.37667400782895, -7.48103823890988], [109.37667400782895, -7.481307732262378], [109.37694350118146, -7.481307732262378], [109.37694350118146, -7.481577225614875], [109.37721299453395, -7.481577225614875], [109.37721299453395, -7.481846718967373], [109.37775198123894, -7.481846718967373], [109.37775198123894, -7.48211621231987], [109.37802147459145, -7.48211621231987], [109.37802147459145, -7.482385705672367], [109.37856046129644, -7.482385705672367], [109.37856046129644, -7.482655199024864], [109.37909944800144, -7.482655199024864], [109.37909944800144, -7.482924692377361], [109.37936894135393, -7.482924692377361], [109.37936894135393, -7.483194185729859], [109.37990792805893, -7.483194185729859], [109.37990792805893, -7.483463679082356], [109.38098590146892, -7.483463679082356], [109.38098590146892, -7.483733172434853], [109.3828723549364, -7.483733172434853], [109.3828723549364, -7.484002665787351], [109.3836808349939, -7.484002665787351], [109.3836808349939, -7.484272159139848], [109.38395032834639, -7.484272159139848], [109.38395032834639, -7.484541652492346], [109.38448931505138, -7.484541652492346], [109.38448931505138, -7.484811145844843], [109.38772323528134, -7.484811145844843], [109.38772323528134, -7.484541652492346], [109.38799272863385, -7.484541652492346], [109.38799272863385, -7.484272159139848], [109.38853171533884, -7.484272159139848], [109.38853171533884, -7.484002665787351], [109.39014867545383, -7.484002665787351], [109.39014867545383, -7.484272159139848], [109.39041816880632, -7.484272159139848], [109.39041816880632, -7.484541652492346], [109.39068766215883, -7.484541652492346], [109.39068766215883, -7.484811145844843], [109.3912266488638, -7.484811145844843], [109.3912266488638, -7.485350132549837], [109.39149614221631, -7.485350132549837], [109.39149614221631, -7.487775572722313], [109.3917656355688, -7.487775572722313], [109.3917656355688, -7.48804506607481], [109.39203512892131, -7.48804506607481], [109.39203512892131, -7.488314559427308], [109.3923046222738, -7.488314559427308], [109.3923046222738, -7.488584052779805], [109.3936520890363, -7.488584052779805], [109.3936520890363, -7.488314559427308], [109.39446056909378, -7.488314559427308], [109.39446056909378, -7.48804506607481], [109.39473006244629, -7.48804506607481], [109.39473006244629, -7.486967092664822], [109.39446056909378, -7.486967092664822], [109.39446056909378, -7.486697599312324], [109.39419107574129, -7.486697599312324], [109.39419107574129, -7.486158612607329], [109.3936520890363, -7.486158612607329], [109.3936520890363, -7.485889119254832], [109.39338259568379, -7.485889119254832], [109.39338259568379, -7.485619625902334], [109.3931131023313, -7.485619625902334], [109.3931131023313, -7.485350132549837], [109.3928436089788, -7.485350132549837], [109.3928436089788, -7.48508063919734], [109.3925741156263, -7.48508063919734], [109.3925741156263, -7.484541652492346], [109.3923046222738, -7.484541652492346], [109.3923046222738, -7.483733172434853], [109.39203512892131, -7.483733172434853], [109.39203512892131, -7.483463679082356], [109.3917656355688, -7.483463679082356], [109.3917656355688, -7.483194185729859], [109.39149614221631, -7.483194185729859], [109.39149614221631, -7.482924692377361], [109.38529779510887, -7.482924692377361], [109.38529779510887, -7.483194185729859], [109.38475880840387, -7.483194185729859], [109.38475880840387, -7.482924692377361], [109.3836808349939, -7.482924692377361], [109.3836808349939, -7.482655199024864], [109.38341134164139, -7.482655199024864], [109.38341134164139, -7.48103823890988], [109.3836808349939, -7.48103823890988], [109.3836808349939, -7.480499252204885], [109.38395032834639, -7.480499252204885], [109.38395032834639, -7.479960265499892], [109.38421982169888, -7.479960265499892], [109.38421982169888, -7.479690772147394], [109.38448931505138, -7.479690772147394], [109.38448931505138, -7.479421278794897], [109.38502830175638, -7.479421278794897], [109.38502830175638, -7.479151785442399], [109.38556728846137, -7.479151785442399], [109.38556728846137, -7.478882292089902], [109.38610627516637, -7.478882292089902], [109.38610627516637, -7.478612798737405], [109.38691475522386, -7.478612798737405], [109.38691475522386, -7.478343305384907], [109.38772323528134, -7.478343305384907], [109.38772323528134, -7.47807381203241], [109.38880120869133, -7.47807381203241], [109.38880120869133, -7.477804318679913], [109.38987918210132, -7.477804318679913], [109.38987918210132, -7.477534825327416], [109.39068766215883, -7.477534825327416], [109.39068766215883, -7.477265331974918], [109.39095715551132, -7.477265331974918], [109.39095715551132, -7.476995838622421], [109.39149614221631, -7.476995838622421], [109.39149614221631, -7.476726345269924], [109.3917656355688, -7.476726345269924], [109.3917656355688, -7.476456851917426], [109.39203512892131, -7.476456851917426], [109.39203512892131, -7.476187358564929], [109.3925741156263, -7.476187358564929], [109.3925741156263, -7.475917865212431], [109.39473006244629, -7.475917865212431], [109.39473006244629, -7.475648371859934], [109.39553854250377, -7.475648371859934], [109.39553854250377, -7.475378878507437], [109.39634702256126, -7.475378878507437], [109.39634702256126, -7.47510938515494], [109.39715550261876, -7.47510938515494], [109.39715550261876, -7.474839891802443], [109.39796398267625, -7.474839891802443], [109.39796398267625, -7.474570398449945], [109.39769448932375, -7.474570398449945], [109.39769448932375, -7.474300905097448], [109.39419107574129, -7.474300905097448]]]}}, {"type": "Feature", "properties": {"fid": 246, "DN": 1, "Keterangan": "Rendah"}, "geometry": {"type": "Polygon", "coordinates": [[[109.49605956298527, -7.486697599312324], [109.49605956298527, -7.486967092664822], [109.49579006963276, -7.486967092664822], [109.49579006963276, -7.487236586017318], [109.49525108292778, -7.487236586017318], [109.49525108292778, -7.487506079369815], [109.49498158957527, -7.487506079369815], [109.49498158957527, -7.487775572722313], [109.49417310951779, -7.487775572722313], [109.49417310951779, -7.488314559427308], [109.49390361616528, -7.488314559427308], [109.49390361616528, -7.488584052779805], [109.49444260287028, -7.488584052779805], [109.49444260287028, -7.488314559427308], [109.49632905633776, -7.488314559427308], [109.49632905633776, -7.487236586017318], [109.49659854969026, -7.487236586017318], [109.49659854969026, -7.486697599312324], [109.49605956298527, -7.486697599312324]]]}}, {"type": "Feature", "properties": {"fid": 247, "DN": 1, "Keterangan": "Rendah"}, "geometry": {"type": "Polygon", "coordinates": [[[109.4936341228128, -7.488584052779805], [109.4936341228128, -7.488853546132303], [109.49390361616528, -7.488853546132303], [109.49390361616528, -7.488584052779805], [109.4936341228128, -7.488584052779805]]]}}, {"type": "Feature", "properties": {"fid": 248, "DN": 1, "Keterangan": "Rendah"}, "geometry": {"type": "Polygon", "coordinates": [[[109.50710879043766, -7.4891230394848], [109.50710879043766, -7.489392532837297], [109.50818676384765, -7.489392532837297], [109.50818676384765, -7.4891230394848], [109.50710879043766, -7.4891230394848]]]}}, {"type": "Feature", "properties": {"fid": 249, "DN": 1, "Keterangan": "Rendah"}, "geometry": {"type": "Polygon", "coordinates": [[[109.45024569306072, -7.486967092664822], [109.45024569306072, -7.4891230394848], [109.45051518641323, -7.4891230394848], [109.45051518641323, -7.489662026189794], [109.4521321465282, -7.489662026189794], [109.4521321465282, -7.489392532837297], [109.45321011993819, -7.489392532837297], [109.45321011993819, -7.488853546132303], [109.4534796132907, -7.488853546132303], [109.4534796132907, -7.488584052779805], [109.45374910664319, -7.488584052779805], [109.45374910664319, -7.488314559427308], [109.45509657340567, -7.488314559427308], [109.45509657340567, -7.487236586017318], [109.45536606675817, -7.487236586017318], [109.45536606675817, -7.486967092664822], [109.45455758670069, -7.486967092664822], [109.45455758670069, -7.487236586017318], [109.45401859999569, -7.487236586017318], [109.45401859999569, -7.487506079369815], [109.4534796132907, -7.487506079369815], [109.4534796132907, -7.487775572722313], [109.4529406265857, -7.487775572722313], [109.4529406265857, -7.48804506607481], [109.4524016398807, -7.48804506607481], [109.4524016398807, -7.488314559427308], [109.45186265317571, -7.488314559427308], [109.45186265317571, -7.48804506607481], [109.45132366647071, -7.48804506607481], [109.45132366647071, -7.487775572722313], [109.45105417311821, -7.487775572722313], [109.45105417311821, -7.487506079369815], [109.45078467976572, -7.487506079369815], [109.45078467976572, -7.486967092664822], [109.45024569306072, -7.486967092664822]]]}}, {"type": "Feature", "properties": {"fid": 250, "DN": 2, "Keterangan": "Sedang"}, "geometry": {"type": "Polygon", "coordinates": [[[109.44701177283076, -7.481846718967373], [109.44701177283076, -7.48211621231987], [109.44647278612577, -7.48211621231987], [109.44647278612577, -7.482385705672367], [109.44620329277326, -7.482385705672367], [109.44620329277326, -7.482655199024864], [109.44593379942077, -7.482655199024864], [109.44593379942077, -7.482924692377361], [109.44566430606827, -7.482924692377361], [109.44566430606827, -7.483463679082356], [109.44539481271578, -7.483463679082356], [109.44539481271578, -7.484002665787351], [109.44566430606827, -7.484002665787351], [109.44566430606827, -7.484272159139848], [109.44620329277326, -7.484272159139848], [109.44620329277326, -7.484541652492346], [109.44674227947826, -7.484541652492346], [109.44674227947826, -7.484811145844843], [109.44755075953574, -7.484811145844843], [109.44755075953574, -7.48508063919734], [109.44808974624074, -7.48508063919734], [109.44808974624074, -7.485350132549837], [109.44835923959324, -7.485350132549837], [109.44835923959324, -7.485619625902334], [109.44862873294574, -7.485619625902334], [109.44862873294574, -7.485889119254832], [109.44916771965073, -7.485889119254832], [109.44916771965073, -7.486158612607329], [109.44943721300324, -7.486158612607329], [109.44943721300324, -7.486428105959827], [109.44997619970823, -7.486428105959827], [109.44997619970823, -7.486697599312324], [109.45024569306072, -7.486697599312324], [109.45024569306072, -7.486967092664822], [109.45078467976572, -7.486967092664822], [109.45078467976572, -7.487506079369815], [109.45105417311821, -7.487506079369815], [109.45105417311821, -7.487775572722313], [109.45132366647071, -7.487775572722313], [109.45132366647071, -7.48804506607481], [109.45186265317571, -7.48804506607481], [109.45186265317571, -7.488314559427308], [109.4524016398807, -7.488314559427308], [109.4524016398807, -7.48804506607481], [109.4529406265857, -7.48804506607481], [109.4529406265857, -7.487775572722313], [109.4534796132907, -7.487775572722313], [109.4534796132907, -7.487506079369815], [109.45401859999569, -7.487506079369815], [109.45401859999569, -7.487236586017318], [109.45455758670069, -7.487236586017318], [109.45455758670069, -7.486967092664822], [109.45617454681566, -7.486967092664822], [109.45617454681566, -7.487236586017318], [109.45671353352066, -7.487236586017318], [109.45671353352066, -7.487506079369815], [109.45725252022565, -7.487506079369815], [109.45725252022565, -7.487775572722313], [109.45752201357816, -7.487775572722313], [109.45752201357816, -7.48804506607481], [109.45806100028315, -7.48804506607481], [109.45806100028315, -7.488314559427308], [109.45886948034064, -7.488314559427308], [109.45886948034064, -7.488584052779805], [109.45967796039812, -7.488584052779805], [109.45967796039812, -7.488853546132303], [109.46048644045563, -7.488853546132303], [109.46048644045563, -7.4891230394848], [109.46102542716062, -7.4891230394848], [109.46102542716062, -7.489662026189794], [109.46156441386562, -7.489662026189794], [109.46156441386562, -7.489931519542291], [109.46210340057061, -7.489931519542291], [109.46210340057061, -7.489392532837297], [109.46156441386562, -7.489392532837297], [109.46156441386562, -7.4891230394848], [109.46129492051311, -7.4891230394848], [109.46129492051311, -7.488584052779805], [109.46102542716062, -7.488584052779805], [109.46102542716062, -7.488314559427308], [109.46075593380812, -7.488314559427308], [109.46075593380812, -7.487506079369815], [109.46048644045563, -7.487506079369815], [109.46048644045563, -7.486967092664822], [109.46021694710312, -7.486967092664822], [109.46021694710312, -7.486697599312324], [109.45967796039812, -7.486697599312324], [109.45967796039812, -7.486428105959827], [109.45940846704563, -7.486428105959827], [109.45940846704563, -7.486158612607329], [109.45859998698813, -7.486158612607329], [109.45859998698813, -7.485889119254832], [109.45806100028315, -7.485889119254832], [109.45806100028315, -7.485619625902334], [109.45752201357816, -7.485619625902334], [109.45752201357816, -7.485350132549837], [109.45698302687316, -7.485350132549837], [109.45698302687316, -7.48508063919734], [109.45617454681566, -7.48508063919734], [109.45617454681566, -7.484811145844843], [109.45563556011066, -7.484811145844843], [109.45563556011066, -7.484541652492346], [109.45482708005318, -7.484541652492346], [109.45482708005318, -7.484272159139848], [109.45428809334818, -7.484272159139848], [109.45428809334818, -7.484002665787351], [109.4534796132907, -7.484002665787351], [109.4534796132907, -7.483733172434853], [109.4526711332332, -7.483733172434853], [109.4526711332332, -7.483463679082356], [109.45186265317571, -7.483463679082356], [109.45186265317571, -7.483194185729859], [109.45078467976572, -7.483194185729859], [109.45078467976572, -7.482924692377361], [109.44997619970823, -7.482924692377361], [109.44997619970823, -7.482655199024864], [109.44943721300324, -7.482655199024864], [109.44943721300324, -7.482385705672367], [109.44916771965073, -7.482385705672367], [109.44916771965073, -7.48211621231987], [109.44862873294574, -7.48211621231987], [109.44862873294574, -7.481846718967373], [109.44701177283076, -7.481846718967373]]]}}, {"type": "Feature", "properties": {"fid": 251, "DN": 2, "Keterangan": "Sedang"}, "geometry": {"type": "Polygon", "coordinates": [[[109.36885870060654, -7.485619625902334], [109.36885870060654, -7.485889119254832], [109.36697224713906, -7.485889119254832], [109.36697224713906, -7.486158612607329], [109.36643326043406, -7.486158612607329], [109.36643326043406, -7.486428105959827], [109.36589427372907, -7.486428105959827], [109.36589427372907, -7.486697599312324], [109.36535528702407, -7.486697599312324], [109.36535528702407, -7.486967092664822], [109.36481630031908, -7.486967092664822], [109.36481630031908, -7.487236586017318], [109.36427731361408, -7.487236586017318], [109.36427731361408, -7.487506079369815], [109.36373832690909, -7.487506079369815], [109.36373832690909, -7.487775572722313], [109.3634688335566, -7.487775572722313], [109.3634688335566, -7.48804506607481], [109.36319934020409, -7.48804506607481], [109.36319934020409, -7.487775572722313], [109.3626603534991, -7.487775572722313], [109.3626603534991, -7.487506079369815], [109.3623908601466, -7.487506079369815], [109.3623908601466, -7.487236586017318], [109.3621213667941, -7.487236586017318], [109.3621213667941, -7.486967092664822], [109.3615823800891, -7.486967092664822], [109.3615823800891, -7.487775572722313], [109.36185187344161, -7.487775572722313], [109.36185187344161, -7.488853546132303], [109.3621213667941, -7.488853546132303], [109.3621213667941, -7.488584052779805], [109.36319934020409, -7.488584052779805], [109.36319934020409, -7.489662026189794], [109.3634688335566, -7.489662026189794], [109.3634688335566, -7.489931519542291], [109.36373832690909, -7.489931519542291], [109.36373832690909, -7.489662026189794], [109.36400782026159, -7.489662026189794], [109.36400782026159, -7.489392532837297], [109.36427731361408, -7.489392532837297], [109.36427731361408, -7.4891230394848], [109.36454680696659, -7.4891230394848], [109.36454680696659, -7.488584052779805], [109.36481630031908, -7.488584052779805], [109.36481630031908, -7.488314559427308], [109.36508579367157, -7.488314559427308], [109.36508579367157, -7.48804506607481], [109.36535528702407, -7.48804506607481], [109.36535528702407, -7.487775572722313], [109.36562478037656, -7.487775572722313], [109.36562478037656, -7.487506079369815], [109.36616376708156, -7.487506079369815], [109.36616376708156, -7.487236586017318], [109.36643326043406, -7.487236586017318], [109.36643326043406, -7.486967092664822], [109.36724174049155, -7.486967092664822], [109.36724174049155, -7.486697599312324], [109.36805022054905, -7.486697599312324], [109.36805022054905, -7.486428105959827], [109.36858920725405, -7.486428105959827], [109.36858920725405, -7.486158612607329], [109.36912819395903, -7.486158612607329], [109.36912819395903, -7.485889119254832], [109.36966718066402, -7.485889119254832], [109.36966718066402, -7.485619625902334], [109.36885870060654, -7.485619625902334]]]}}, {"type": "Feature", "properties": {"fid": 252, "DN": 2, "Keterangan": "Sedang"}, "geometry": {"type": "Polygon", "coordinates": [[[109.47503908149048, -7.484811145844843], [109.47503908149048, -7.48508063919734], [109.47450009478548, -7.48508063919734], [109.47450009478548, -7.485350132549837], [109.47423060143298, -7.485350132549837], [109.47423060143298, -7.485619625902334], [109.47369161472798, -7.485619625902334], [109.47369161472798, -7.485889119254832], [109.473152628023, -7.485889119254832], [109.473152628023, -7.486158612607329], [109.472613641318, -7.486158612607329], [109.472613641318, -7.486428105959827], [109.47207465461301, -7.486428105959827], [109.47207465461301, -7.486697599312324], [109.47045769449802, -7.486697599312324], [109.47045769449802, -7.486428105959827], [109.46937972108803, -7.486428105959827], [109.46937972108803, -7.486697599312324], [109.46830174767804, -7.486697599312324], [109.46830174767804, -7.486967092664822], [109.46776276097305, -7.486967092664822], [109.46776276097305, -7.487236586017318], [109.46722377426805, -7.487236586017318], [109.46722377426805, -7.487506079369815], [109.46695428091556, -7.487506079369815], [109.46695428091556, -7.48804506607481], [109.46668478756305, -7.48804506607481], [109.46668478756305, -7.488584052779805], [109.46641529421056, -7.488584052779805], [109.46641529421056, -7.489392532837297], [109.46614580085806, -7.489392532837297], [109.46614580085806, -7.489662026189794], [109.46749326762055, -7.489662026189794], [109.46749326762055, -7.489392532837297], [109.46776276097305, -7.489392532837297], [109.46776276097305, -7.4891230394848], [109.46884073438304, -7.4891230394848], [109.46884073438304, -7.488853546132303], [109.46911022773554, -7.488853546132303], [109.46911022773554, -7.4891230394848], [109.47045769449802, -7.4891230394848], [109.47045769449802, -7.489392532837297], [109.4718051612605, -7.489392532837297], [109.4718051612605, -7.4891230394848], [109.47396110808049, -7.4891230394848], [109.47396110808049, -7.489392532837297], [109.47530857484297, -7.489392532837297], [109.47530857484297, -7.489662026189794], [109.47665604160547, -7.489662026189794], [109.47665604160547, -7.489931519542291], [109.47800350836795, -7.489931519542291], [109.47800350836795, -7.4891230394848], [109.47773401501544, -7.4891230394848], [109.47773401501544, -7.488314559427308], [109.47746452166295, -7.488314559427308], [109.47746452166295, -7.485350132549837], [109.47719502831045, -7.485350132549837], [109.47719502831045, -7.48508063919734], [109.47665604160547, -7.48508063919734], [109.47665604160547, -7.484811145844843], [109.47503908149048, -7.484811145844843]]]}}, {"type": "Feature", "properties": {"fid": 253, "DN": 2, "Keterangan": "Sedang"}, "geometry": {"type": "Polygon", "coordinates": [[[109.40119790290622, -7.490201012894789], [109.40119790290622, -7.490470506247286], [109.4020063829637, -7.490470506247286], [109.4020063829637, -7.490739999599784], [109.40281486302119, -7.490739999599784], [109.40281486302119, -7.490470506247286], [109.4030843563737, -7.490470506247286], [109.4030843563737, -7.490201012894789], [109.40119790290622, -7.490201012894789]]]}}, {"type": "Feature", "properties": {"fid": 254, "DN": 2, "Keterangan": "Sedang"}, "geometry": {"type": "Polygon", "coordinates": [[[109.49605956298527, -7.484002665787351], [109.49605956298527, -7.484272159139848], [109.49525108292778, -7.484272159139848], [109.49525108292778, -7.484541652492346], [109.49444260287028, -7.484541652492346], [109.49444260287028, -7.484811145844843], [109.49390361616528, -7.484811145844843], [109.49390361616528, -7.48508063919734], [109.4936341228128, -7.48508063919734], [109.4936341228128, -7.485350132549837], [109.49336462946029, -7.485350132549837], [109.49336462946029, -7.485619625902334], [109.4930951361078, -7.485619625902334], [109.4930951361078, -7.485889119254832], [109.4925561494028, -7.485889119254832], [109.4925561494028, -7.486158612607329], [109.4920171626978, -7.486158612607329], [109.4920171626978, -7.486428105959827], [109.49147817599281, -7.486428105959827], [109.49147817599281, -7.486697599312324], [109.49120868264032, -7.486697599312324], [109.49120868264032, -7.486967092664822], [109.49093918928781, -7.486967092664822], [109.49093918928781, -7.487506079369815], [109.49066969593532, -7.487506079369815], [109.49066969593532, -7.489392532837297], [109.49093918928781, -7.489392532837297], [109.49093918928781, -7.490201012894789], [109.49120868264032, -7.490201012894789], [109.49120868264032, -7.491009492952281], [109.49147817599281, -7.491009492952281], [109.49147817599281, -7.491278986304778], [109.49282564275529, -7.491278986304778], [109.49282564275529, -7.491009492952281], [109.4930951361078, -7.491009492952281], [109.4930951361078, -7.490739999599784], [109.49336462946029, -7.490739999599784], [109.49336462946029, -7.489931519542291], [109.4936341228128, -7.489931519542291], [109.4936341228128, -7.488584052779805], [109.49390361616528, -7.488584052779805], [109.49390361616528, -7.488314559427308], [109.49417310951779, -7.488314559427308], [109.49417310951779, -7.487775572722313], [109.49498158957527, -7.487775572722313], [109.49498158957527, -7.487506079369815], [109.49525108292778, -7.487506079369815], [109.49525108292778, -7.487236586017318], [109.49579006963276, -7.487236586017318], [109.49579006963276, -7.486967092664822], [109.49605956298527, -7.486967092664822], [109.49605956298527, -7.486697599312324], [109.49659854969026, -7.486697599312324], [109.49659854969026, -7.486428105959827], [109.49686804304275, -7.486428105959827], [109.49686804304275, -7.486158612607329], [109.49713753639526, -7.486158612607329], [109.49713753639526, -7.485889119254832], [109.49740702974775, -7.485889119254832], [109.49740702974775, -7.485619625902334], [109.49848500315774, -7.485619625902334], [109.49848500315774, -7.485889119254832], [109.49902398986274, -7.485889119254832], [109.49902398986274, -7.486158612607329], [109.49956297656773, -7.486158612607329], [109.49956297656773, -7.486428105959827], [109.49983246992022, -7.486428105959827], [109.49983246992022, -7.487236586017318], [109.50037145662522, -7.487236586017318], [109.50037145662522, -7.486967092664822], [109.50010196327273, -7.486967092664822], [109.50010196327273, -7.485889119254832], [109.49983246992022, -7.485889119254832], [109.49983246992022, -7.485350132549837], [109.49956297656773, -7.485350132549837], [109.49956297656773, -7.484541652492346], [109.49902398986274, -7.484541652492346], [109.49902398986274, -7.484272159139848], [109.49848500315774, -7.484272159139848], [109.49848500315774, -7.484002665787351], [109.49605956298527, -7.484002665787351]]]}}, {"type": "Feature", "properties": {"fid": 255, "DN": 1, "Keterangan": "Rendah"}, "geometry": {"type": "Polygon", "coordinates": [[[109.49120868264032, -7.491009492952281], [109.49120868264032, -7.491278986304778], [109.49147817599281, -7.491278986304778], [109.49147817599281, -7.491009492952281], [109.49120868264032, -7.491009492952281]]]}}, {"type": "Feature", "properties": {"fid": 256, "DN": 2, "Keterangan": "Sedang"}, "geometry": {"type": "Polygon", "coordinates": [[[109.48581881559036, -7.491817973009772], [109.48581881559036, -7.49208746636227], [109.48635780229536, -7.49208746636227], [109.48635780229536, -7.491817973009772], [109.48581881559036, -7.491817973009772]]]}}, {"type": "Feature", "properties": {"fid": 257, "DN": 2, "Keterangan": "Sedang"}, "geometry": {"type": "Polygon", "coordinates": [[[109.51519359101258, -7.481846718967373], [109.51519359101258, -7.48211621231987], [109.51492409766007, -7.48211621231987], [109.51492409766007, -7.482924692377361], [109.51465460430758, -7.482924692377361], [109.51465460430758, -7.483194185729859], [109.51438511095509, -7.483194185729859], [109.51438511095509, -7.484002665787351], [109.51411561760258, -7.484002665787351], [109.51411561760258, -7.484541652492346], [109.5138461242501, -7.484541652492346], [109.5138461242501, -7.484811145844843], [109.51357663089759, -7.484811145844843], [109.51357663089759, -7.48508063919734], [109.5133071375451, -7.48508063919734], [109.5133071375451, -7.485350132549837], [109.5130376441926, -7.485350132549837], [109.5130376441926, -7.485619625902334], [109.5124986574876, -7.485619625902334], [109.5124986574876, -7.485889119254832], [109.5122291641351, -7.485889119254832], [109.5122291641351, -7.486158612607329], [109.51169017743011, -7.486158612607329], [109.51169017743011, -7.486428105959827], [109.5114206840776, -7.486428105959827], [109.5114206840776, -7.486697599312324], [109.51115119072512, -7.486697599312324], [109.51115119072512, -7.486967092664822], [109.51088169737261, -7.486967092664822], [109.51088169737261, -7.487236586017318], [109.51061220402012, -7.487236586017318], [109.51061220402012, -7.487506079369815], [109.51034271066763, -7.487506079369815], [109.51034271066763, -7.48804506607481], [109.51007321731512, -7.48804506607481], [109.51007321731512, -7.488314559427308], [109.50980372396263, -7.488314559427308], [109.50980372396263, -7.488584052779805], [109.50926473725764, -7.488584052779805], [109.50926473725764, -7.488853546132303], [109.50899524390513, -7.488853546132303], [109.50899524390513, -7.4891230394848], [109.50818676384765, -7.4891230394848], [109.50818676384765, -7.489392532837297], [109.50710879043766, -7.489392532837297], [109.50710879043766, -7.4891230394848], [109.50656980373266, -7.4891230394848], [109.50656980373266, -7.488853546132303], [109.50630031038017, -7.488853546132303], [109.50630031038017, -7.488584052779805], [109.50603081702766, -7.488584052779805], [109.50603081702766, -7.48804506607481], [109.50576132367517, -7.48804506607481], [109.50576132367517, -7.487506079369815], [109.50549183032267, -7.487506079369815], [109.50549183032267, -7.487236586017318], [109.50522233697018, -7.487236586017318], [109.50522233697018, -7.486967092664822], [109.50441385691268, -7.486967092664822], [109.50441385691268, -7.486697599312324], [109.50414436356019, -7.486697599312324], [109.50414436356019, -7.486967092664822], [109.50360537685519, -7.486967092664822], [109.50360537685519, -7.488584052779805], [109.50387487020768, -7.488584052779805], [109.50387487020768, -7.489662026189794], [109.50414436356019, -7.489662026189794], [109.50414436356019, -7.490470506247286], [109.50441385691268, -7.490470506247286], [109.50441385691268, -7.490739999599784], [109.50468335026518, -7.490739999599784], [109.50468335026518, -7.491278986304778], [109.50522233697018, -7.491278986304778], [109.50522233697018, -7.491548479657276], [109.50576132367517, -7.491548479657276], [109.50576132367517, -7.491817973009772], [109.50630031038017, -7.491817973009772], [109.50630031038017, -7.49208746636227], [109.50656980373266, -7.49208746636227], [109.50656980373266, -7.492356959714767], [109.50710879043766, -7.492356959714767], [109.50710879043766, -7.492626453067264], [109.50764777714265, -7.492626453067264], [109.50764777714265, -7.492895946419762], [109.50845625720014, -7.492895946419762], [109.50845625720014, -7.492626453067264], [109.50899524390513, -7.492626453067264], [109.50899524390513, -7.492356959714767], [109.50926473725764, -7.492356959714767], [109.50926473725764, -7.49208746636227], [109.50953423061013, -7.49208746636227], [109.50953423061013, -7.491817973009772], [109.50980372396263, -7.491817973009772], [109.50980372396263, -7.491548479657276], [109.51007321731512, -7.491548479657276], [109.51007321731512, -7.491278986304778], [109.51034271066763, -7.491278986304778], [109.51034271066763, -7.491009492952281], [109.51061220402012, -7.491009492952281], [109.51061220402012, -7.490739999599784], [109.51088169737261, -7.490739999599784], [109.51088169737261, -7.490470506247286], [109.5114206840776, -7.490470506247286], [109.5114206840776, -7.490201012894789], [109.5122291641351, -7.490201012894789], [109.5122291641351, -7.489931519542291], [109.5133071375451, -7.489931519542291], [109.5133071375451, -7.489662026189794], [109.5138461242501, -7.489662026189794], [109.5138461242501, -7.489392532837297], [109.51438511095509, -7.489392532837297], [109.51438511095509, -7.4891230394848], [109.51465460430758, -7.4891230394848], [109.51465460430758, -7.488853546132303], [109.51492409766007, -7.488853546132303], [109.51492409766007, -7.488584052779805], [109.51519359101258, -7.488584052779805], [109.51519359101258, -7.488314559427308], [109.51546308436507, -7.488314559427308], [109.51546308436507, -7.48804506607481], [109.51573257771757, -7.48804506607481], [109.51573257771757, -7.487775572722313], [109.51600207107006, -7.487775572722313], [109.51600207107006, -7.486428105959827], [109.51627156442257, -7.486428105959827], [109.51627156442257, -7.485619625902334], [109.51600207107006, -7.485619625902334], [109.51600207107006, -7.484811145844843], [109.51573257771757, -7.484811145844843], [109.51573257771757, -7.484002665787351], [109.51546308436507, -7.484002665787351], [109.51546308436507, -7.483463679082356], [109.51573257771757, -7.483463679082356], [109.51573257771757, -7.482924692377361], [109.51600207107006, -7.482924692377361], [109.51600207107006, -7.482655199024864], [109.51627156442257, -7.482655199024864], [109.51627156442257, -7.482385705672367], [109.51654105777506, -7.482385705672367], [109.51654105777506, -7.48211621231987], [109.51600207107006, -7.48211621231987], [109.51600207107006, -7.481846718967373], [109.51519359101258, -7.481846718967373]]]}}, {"type": "Feature", "properties": {"fid": 258, "DN": 2, "Keterangan": "Sedang"}, "geometry": {"type": "Polygon", "coordinates": [[[109.4825848953604, -7.4891230394848], [109.4825848953604, -7.489392532837297], [109.4823154020079, -7.489392532837297], [109.4823154020079, -7.489662026189794], [109.48204590865541, -7.489662026189794], [109.48204590865541, -7.489931519542291], [109.4817764153029, -7.489931519542291], [109.4817764153029, -7.490470506247286], [109.48150692195041, -7.490470506247286], [109.48150692195041, -7.490739999599784], [109.48096793524542, -7.490739999599784], [109.48096793524542, -7.491009492952281], [109.48042894854042, -7.491009492952281], [109.48042894854042, -7.491278986304778], [109.47935097513043, -7.491278986304778], [109.47935097513043, -7.491548479657276], [109.47908148177794, -7.491548479657276], [109.47908148177794, -7.491817973009772], [109.47881198842543, -7.491817973009772], [109.47881198842543, -7.49208746636227], [109.47908148177794, -7.49208746636227], [109.47908148177794, -7.492356959714767], [109.47935097513043, -7.492356959714767], [109.47935097513043, -7.492895946419762], [109.48015945518793, -7.492895946419762], [109.48015945518793, -7.493165439772259], [109.48123742859791, -7.493165439772259], [109.48123742859791, -7.492895946419762], [109.4817764153029, -7.492895946419762], [109.4817764153029, -7.492626453067264], [109.48204590865541, -7.492626453067264], [109.48204590865541, -7.492356959714767], [109.4823154020079, -7.492356959714767], [109.4823154020079, -7.49208746636227], [109.4825848953604, -7.49208746636227], [109.4825848953604, -7.491817973009772], [109.4828543887129, -7.491817973009772], [109.4828543887129, -7.490201012894789], [109.4831238820654, -7.490201012894789], [109.4831238820654, -7.490470506247286], [109.4836628687704, -7.490470506247286], [109.4836628687704, -7.490739999599784], [109.48393236212289, -7.490739999599784], [109.48393236212289, -7.491009492952281], [109.48447134882788, -7.491009492952281], [109.48447134882788, -7.490739999599784], [109.48474084218037, -7.490739999599784], [109.48474084218037, -7.490201012894789], [109.48447134882788, -7.490201012894789], [109.48447134882788, -7.489392532837297], [109.48393236212289, -7.489392532837297], [109.48393236212289, -7.4891230394848], [109.4825848953604, -7.4891230394848]]]}}, {"type": "Feature", "properties": {"fid": 259, "DN": 1, "Keterangan": "Rendah"}, "geometry": {"type": "Polygon", "coordinates": [[[109.4825848953604, -7.491817973009772], [109.4825848953604, -7.49208746636227], [109.4823154020079, -7.49208746636227], [109.4823154020079, -7.492356959714767], [109.48204590865541, -7.492356959714767], [109.48204590865541, -7.492626453067264], [109.4817764153029, -7.492626453067264], [109.4817764153029, -7.492895946419762], [109.48123742859791, -7.492895946419762], [109.48123742859791, -7.493165439772259], [109.48204590865541, -7.493165439772259], [109.48204590865541, -7.492895946419762], [109.4823154020079, -7.492895946419762], [109.4823154020079, -7.492626453067264], [109.4825848953604, -7.492626453067264], [109.4825848953604, -7.492356959714767], [109.4828543887129, -7.492356959714767], [109.4828543887129, -7.491817973009772], [109.4825848953604, -7.491817973009772]]]}}, {"type": "Feature", "properties": {"fid": 260, "DN": 2, "Keterangan": "Sedang"}, "geometry": {"type": "Polygon", "coordinates": [[[109.4219488910485, -7.489392532837297], [109.4219488910485, -7.489662026189794], [109.4214099043435, -7.489662026189794], [109.4214099043435, -7.489931519542291], [109.42114041099101, -7.489931519542291], [109.42114041099101, -7.490470506247286], [109.42087091763852, -7.490470506247286], [109.42087091763852, -7.491009492952281], [109.42060142428602, -7.491009492952281], [109.42060142428602, -7.491548479657276], [109.42087091763852, -7.491548479657276], [109.42087091763852, -7.49208746636227], [109.4214099043435, -7.49208746636227], [109.4214099043435, -7.492356959714767], [109.4219488910485, -7.492356959714767], [109.4219488910485, -7.492626453067264], [109.4224878777535, -7.492626453067264], [109.4224878777535, -7.492895946419762], [109.423296357811, -7.492895946419762], [109.423296357811, -7.493165439772259], [109.423835344516, -7.493165439772259], [109.423835344516, -7.493434933124757], [109.42491331792597, -7.493434933124757], [109.42491331792597, -7.493165439772259], [109.42518281127848, -7.493165439772259], [109.42518281127848, -7.492356959714767], [109.42491331792597, -7.492356959714767], [109.42491331792597, -7.491817973009772], [109.42437433122099, -7.491817973009772], [109.42437433122099, -7.491548479657276], [109.42410483786848, -7.491548479657276], [109.42410483786848, -7.491278986304778], [109.423835344516, -7.491278986304778], [109.423835344516, -7.491009492952281], [109.42356585116349, -7.491009492952281], [109.42356585116349, -7.490739999599784], [109.423296357811, -7.490739999599784], [109.423296357811, -7.490201012894789], [109.42302686445849, -7.490201012894789], [109.42302686445849, -7.489662026189794], [109.4224878777535, -7.489662026189794], [109.4224878777535, -7.489392532837297], [109.4219488910485, -7.489392532837297]]]}}, {"type": "Feature", "properties": {"fid": 261, "DN": 1, "Keterangan": "Rendah"}, "geometry": {"type": "Polygon", "coordinates": [[[109.36373832690909, -7.493434933124757], [109.36373832690909, -7.493704426477254], [109.3634688335566, -7.493704426477254], [109.3634688335566, -7.493973919829751], [109.36319934020409, -7.493973919829751], [109.36319934020409, -7.494512906534745], [109.3629298468516, -7.494512906534745], [109.3629298468516, -7.494782399887243], [109.36319934020409, -7.494782399887243], [109.36319934020409, -7.49505189323974], [109.3634688335566, -7.49505189323974], [109.3634688335566, -7.494782399887243], [109.36373832690909, -7.494782399887243], [109.36373832690909, -7.494243413182248], [109.36400782026159, -7.494243413182248], [109.36400782026159, -7.493434933124757], [109.36373832690909, -7.493434933124757]]]}}, {"type": "Feature", "properties": {"fid": 262, "DN": 3, "Keterangan": "Tinggi"}, "geometry": {"type": "Polygon", "coordinates": [[[109.37990792805893, -7.491817973009772], [109.37990792805893, -7.49208746636227], [109.37640451447646, -7.49208746636227], [109.37640451447646, -7.492356959714767], [109.37532654106647, -7.492356959714767], [109.37532654106647, -7.492626453067264], [109.373440087599, -7.492626453067264], [109.373440087599, -7.492895946419762], [109.37263160754149, -7.492895946419762], [109.37263160754149, -7.493165439772259], [109.37074515407402, -7.493165439772259], [109.37074515407402, -7.493434933124757], [109.36993667401653, -7.493434933124757], [109.36993667401653, -7.493165439772259], [109.36778072719655, -7.493165439772259], [109.36778072719655, -7.493434933124757], [109.36724174049155, -7.493434933124757], [109.36724174049155, -7.493704426477254], [109.36751123384406, -7.493704426477254], [109.36751123384406, -7.494243413182248], [109.36778072719655, -7.494243413182248], [109.36778072719655, -7.494512906534745], [109.36805022054905, -7.494512906534745], [109.36805022054905, -7.494782399887243], [109.36831971390154, -7.494782399887243], [109.36831971390154, -7.49505189323974], [109.36858920725405, -7.49505189323974], [109.36858920725405, -7.495321386592238], [109.36885870060654, -7.495321386592238], [109.36885870060654, -7.495590879944735], [109.37397907430399, -7.495590879944735], [109.37397907430399, -7.495321386592238], [109.37478755436148, -7.495321386592238], [109.37478755436148, -7.49505189323974], [109.37532654106647, -7.49505189323974], [109.37532654106647, -7.494782399887243], [109.37802147459145, -7.494782399887243], [109.37802147459145, -7.494512906534745], [109.37856046129644, -7.494512906534745], [109.37856046129644, -7.494243413182248], [109.37882995464894, -7.494243413182248], [109.37882995464894, -7.493973919829751], [109.37909944800144, -7.493973919829751], [109.37909944800144, -7.493704426477254], [109.37963843470644, -7.493704426477254], [109.37963843470644, -7.493434933124757], [109.37990792805893, -7.493434933124757], [109.37990792805893, -7.493165439772259], [109.38017742141142, -7.493165439772259], [109.38017742141142, -7.492895946419762], [109.38071640811641, -7.492895946419762], [109.38071640811641, -7.49208746636227], [109.38098590146892, -7.49208746636227], [109.38098590146892, -7.491817973009772], [109.37990792805893, -7.491817973009772]]]}}, {"type": "Feature", "properties": {"fid": 263, "DN": 1, "Keterangan": "Rendah"}, "geometry": {"type": "Polygon", "coordinates": [[[109.67015226869853, -7.451393970135177], [109.67015226869853, -7.451932956840172], [109.66988277534603, -7.451932956840172], [109.66988277534603, -7.452471943545167], [109.66961328199353, -7.452471943545167], [109.66961328199353, -7.452741436897663], [109.66934378864103, -7.452741436897663], [109.66934378864103, -7.453280423602658], [109.66907429528854, -7.453280423602658], [109.66907429528854, -7.453549916955155], [109.66880480193603, -7.453549916955155], [109.66880480193603, -7.453819410307653], [109.66799632187855, -7.453819410307653], [109.66799632187855, -7.45408890366015], [109.66772682852604, -7.45408890366015], [109.66772682852604, -7.454358397012648], [109.66745733517355, -7.454358397012648], [109.66745733517355, -7.455166877070139], [109.66718784182106, -7.455166877070139], [109.66718784182106, -7.456244850480128], [109.66691834846856, -7.456244850480128], [109.66691834846856, -7.457322823890117], [109.66664885511607, -7.457322823890117], [109.66664885511607, -7.458131303947609], [109.66610986841107, -7.458131303947609], [109.66610986841107, -7.458400797300107], [109.66557088170607, -7.458400797300107], [109.66557088170607, -7.458670290652604], [109.66530138835357, -7.458670290652604], [109.66530138835357, -7.458939784005102], [109.66476240164857, -7.458939784005102], [109.66476240164857, -7.459209277357599], [109.66422341494358, -7.459209277357599], [109.66422341494358, -7.459478770710096], [109.66395392159109, -7.459478770710096], [109.66395392159109, -7.461365224177577], [109.66341493488609, -7.461365224177577], [109.66341493488609, -7.461634717530075], [109.6631454415336, -7.461634717530075], [109.6631454415336, -7.465138131112539], [109.66341493488609, -7.465138131112539], [109.66341493488609, -7.465407624465037], [109.6636844282386, -7.465407624465037], [109.6636844282386, -7.465677117817534], [109.66395392159109, -7.465677117817534], [109.66395392159109, -7.466216104522529], [109.66422341494358, -7.466216104522529], [109.66422341494358, -7.466485597875026], [109.66449290829608, -7.466485597875026], [109.66449290829608, -7.466755091227523], [109.66476240164857, -7.466755091227523], [109.66476240164857, -7.46702458458002], [109.66422341494358, -7.46702458458002], [109.66422341494358, -7.467294077932518], [109.66395392159109, -7.467294077932518], [109.66395392159109, -7.46810255799001], [109.66422341494358, -7.46810255799001], [109.66422341494358, -7.469989011457491], [109.66449290829608, -7.469989011457491], [109.66449290829608, -7.470258504809988], [109.66476240164857, -7.470258504809988], [109.66476240164857, -7.470527998162486], [109.66503189500108, -7.470527998162486], [109.66503189500108, -7.472953438334962], [109.66557088170607, -7.472953438334962], [109.66557088170607, -7.473222931687459], [109.66691834846856, -7.473222931687459], [109.66691834846856, -7.473492425039955], [109.66745733517355, -7.473492425039955], [109.66745733517355, -7.473761918392453], [109.66799632187855, -7.473761918392453], [109.66799632187855, -7.475648371859934], [109.66772682852604, -7.475648371859934], [109.66772682852604, -7.475917865212431], [109.66745733517355, -7.475917865212431], [109.66745733517355, -7.476187358564929], [109.66718784182106, -7.476187358564929], [109.66718784182106, -7.477265331974918], [109.66691834846856, -7.477265331974918], [109.66691834846856, -7.477534825327416], [109.66637936176356, -7.477534825327416], [109.66637936176356, -7.477804318679913], [109.66610986841107, -7.477804318679913], [109.66610986841107, -7.47807381203241], [109.66584037505856, -7.47807381203241], [109.66584037505856, -7.478343305384907], [109.66530138835357, -7.478343305384907], [109.66530138835357, -7.478612798737405], [109.66503189500108, -7.478612798737405], [109.66503189500108, -7.478882292089902], [109.66476240164857, -7.478882292089902], [109.66476240164857, -7.479151785442399], [109.66449290829608, -7.479151785442399], [109.66449290829608, -7.479421278794897], [109.66395392159109, -7.479421278794897], [109.66395392159109, -7.479690772147394], [109.6631454415336, -7.479690772147394], [109.6631454415336, -7.479960265499892], [109.6628759481811, -7.479960265499892], [109.6628759481811, -7.480229758852388], [109.66098949471362, -7.480229758852388], [109.66098949471362, -7.48103823890988], [109.66072000136111, -7.48103823890988], [109.66072000136111, -7.481307732262378], [109.66018101465612, -7.481307732262378], [109.66018101465612, -7.481577225614875], [109.65991152130363, -7.481577225614875], [109.65991152130363, -7.48211621231987], [109.65910304124614, -7.48211621231987], [109.65910304124614, -7.482385705672367], [109.65883354789364, -7.482385705672367], [109.65883354789364, -7.482655199024864], [109.65856405454115, -7.482655199024864], [109.65856405454115, -7.483194185729859], [109.65829456118864, -7.483194185729859], [109.65829456118864, -7.482924692377361], [109.65802506783615, -7.482924692377361], [109.65802506783615, -7.482655199024864], [109.65721658777865, -7.482655199024864], [109.65721658777865, -7.482924692377361], [109.65694709442616, -7.482924692377361], [109.65694709442616, -7.483194185729859], [109.65640810772116, -7.483194185729859], [109.65640810772116, -7.483463679082356], [109.65586912101617, -7.483463679082356], [109.65586912101617, -7.483733172434853], [109.65559962766368, -7.483733172434853], [109.65559962766368, -7.484272159139848], [109.65533013431117, -7.484272159139848], [109.65533013431117, -7.486428105959827], [109.65559962766368, -7.486428105959827], [109.65559962766368, -7.487775572722313], [109.65640810772116, -7.487775572722313], [109.65640810772116, -7.48804506607481], [109.65667760107365, -7.48804506607481], [109.65667760107365, -7.488314559427308], [109.65721658777865, -7.488314559427308], [109.65721658777865, -7.489662026189794], [109.65613861436867, -7.489662026189794], [109.65613861436867, -7.489931519542291], [109.65533013431117, -7.489931519542291], [109.65533013431117, -7.490470506247286], [109.65479114760618, -7.490470506247286], [109.65479114760618, -7.490739999599784], [109.65452165425368, -7.490739999599784], [109.65452165425368, -7.491278986304778], [109.65425216090118, -7.491278986304778], [109.65425216090118, -7.491548479657276], [109.65398266754869, -7.491548479657276], [109.65398266754869, -7.492895946419762], [109.65128773402371, -7.492895946419762], [109.65128773402371, -7.493165439772259], [109.65047925396622, -7.493165439772259], [109.65047925396622, -7.493434933124757], [109.65020976061372, -7.493434933124757], [109.65020976061372, -7.495860373297232], [109.6518267207287, -7.495860373297232], [109.6518267207287, -7.49612986664973], [109.65317418749119, -7.49612986664973], [109.65317418749119, -7.495860373297232], [109.6529046941387, -7.495860373297232], [109.6529046941387, -7.495590879944735], [109.65263520078621, -7.495590879944735], [109.65263520078621, -7.495321386592238], [109.6523657074337, -7.495321386592238], [109.6523657074337, -7.49505189323974], [109.6518267207287, -7.49505189323974], [109.6518267207287, -7.494243413182248], [109.65263520078621, -7.494243413182248], [109.65263520078621, -7.493973919829751], [109.65506064095868, -7.493973919829751], [109.65506064095868, -7.492895946419762], [109.65559962766368, -7.492895946419762], [109.65559962766368, -7.49208746636227], [109.65586912101617, -7.49208746636227], [109.65586912101617, -7.491817973009772], [109.65640810772116, -7.491817973009772], [109.65640810772116, -7.491548479657276], [109.65667760107365, -7.491548479657276], [109.65667760107365, -7.491009492952281], [109.65694709442616, -7.491009492952281], [109.65694709442616, -7.490739999599784], [109.65775557448364, -7.490739999599784], [109.65775557448364, -7.490470506247286], [109.65856405454115, -7.490470506247286], [109.65856405454115, -7.490201012894789], [109.65883354789364, -7.490201012894789], [109.65883354789364, -7.489931519542291], [109.65910304124614, -7.489931519542291], [109.65910304124614, -7.488584052779805], [109.65883354789364, -7.488584052779805], [109.65883354789364, -7.488314559427308], [109.65829456118864, -7.488314559427308], [109.65829456118864, -7.48804506607481], [109.65802506783615, -7.48804506607481], [109.65802506783615, -7.486697599312324], [109.65775557448364, -7.486697599312324], [109.65775557448364, -7.486428105959827], [109.65748608113115, -7.486428105959827], [109.65748608113115, -7.48508063919734], [109.65775557448364, -7.48508063919734], [109.65775557448364, -7.484541652492346], [109.65856405454115, -7.484541652492346], [109.65856405454115, -7.484272159139848], [109.65883354789364, -7.484272159139848], [109.65883354789364, -7.484002665787351], [109.65910304124614, -7.484002665787351], [109.65910304124614, -7.483733172434853], [109.65937253459863, -7.483733172434853], [109.65937253459863, -7.483463679082356], [109.65964202795114, -7.483463679082356], [109.65964202795114, -7.482924692377361], [109.66045050800862, -7.482924692377361], [109.66045050800862, -7.482655199024864], [109.66072000136111, -7.482655199024864], [109.66072000136111, -7.48211621231987], [109.66125898806611, -7.48211621231987], [109.66125898806611, -7.481846718967373], [109.6628759481811, -7.481846718967373], [109.6628759481811, -7.481577225614875], [109.6631454415336, -7.481577225614875], [109.6631454415336, -7.481307732262378], [109.66341493488609, -7.481307732262378], [109.66341493488609, -7.48103823890988], [109.6636844282386, -7.48103823890988], [109.6636844282386, -7.480499252204885], [109.66449290829608, -7.480499252204885], [109.66449290829608, -7.480229758852388], [109.66503189500108, -7.480229758852388], [109.66503189500108, -7.479960265499892], [109.66530138835357, -7.479960265499892], [109.66530138835357, -7.479690772147394], [109.66557088170607, -7.479690772147394], [109.66557088170607, -7.479421278794897], [109.66637936176356, -7.479421278794897], [109.66637936176356, -7.479151785442399], [109.66664885511607, -7.479151785442399], [109.66664885511607, -7.478612798737405], [109.66745733517355, -7.478612798737405], [109.66745733517355, -7.47807381203241], [109.66799632187855, -7.47807381203241], [109.66799632187855, -7.477804318679913], [109.66853530858354, -7.477804318679913], [109.66853530858354, -7.476726345269924], [109.66826581523104, -7.476726345269924], [109.66826581523104, -7.476456851917426], [109.66853530858354, -7.476456851917426], [109.66853530858354, -7.476187358564929], [109.66880480193603, -7.476187358564929], [109.66880480193603, -7.473222931687459], [109.66853530858354, -7.473222931687459], [109.66853530858354, -7.472683944982464], [109.66745733517355, -7.472683944982464], [109.66745733517355, -7.472144958277469], [109.66664885511607, -7.472144958277469], [109.66664885511607, -7.471875464924972], [109.66637936176356, -7.471875464924972], [109.66637936176356, -7.470258504809988], [109.66610986841107, -7.470258504809988], [109.66610986841107, -7.469989011457491], [109.66584037505856, -7.469989011457491], [109.66584037505856, -7.468911038047501], [109.66557088170607, -7.468911038047501], [109.66557088170607, -7.466216104522529], [109.66530138835357, -7.466216104522529], [109.66530138835357, -7.465946611170032], [109.66503189500108, -7.465946611170032], [109.66503189500108, -7.465138131112539], [109.66449290829608, -7.465138131112539], [109.66449290829608, -7.464868637760042], [109.66422341494358, -7.464868637760042], [109.66422341494358, -7.464599144407545], [109.66395392159109, -7.464599144407545], [109.66395392159109, -7.463521170997556], [109.66422341494358, -7.463521170997556], [109.66422341494358, -7.462712690940064], [109.66449290829608, -7.462712690940064], [109.66449290829608, -7.461904210882571], [109.66476240164857, -7.461904210882571], [109.66476240164857, -7.46109573082508], [109.66503189500108, -7.46109573082508], [109.66503189500108, -7.46001775741509], [109.66530138835357, -7.46001775741509], [109.66530138835357, -7.459748264062593], [109.66584037505856, -7.459748264062593], [109.66584037505856, -7.459478770710096], [109.66610986841107, -7.459478770710096], [109.66610986841107, -7.459209277357599], [109.66664885511607, -7.459209277357599], [109.66664885511607, -7.458939784005102], [109.66718784182106, -7.458939784005102], [109.66718784182106, -7.458670290652604], [109.66745733517355, -7.458670290652604], [109.66745733517355, -7.458400797300107], [109.66772682852604, -7.458400797300107], [109.66772682852604, -7.456783837185123], [109.66799632187855, -7.456783837185123], [109.66799632187855, -7.455705863775134], [109.66826581523104, -7.455705863775134], [109.66826581523104, -7.454897383717642], [109.66907429528854, -7.454897383717642], [109.66907429528854, -7.454627890365145], [109.66934378864103, -7.454627890365145], [109.66934378864103, -7.454358397012648], [109.66961328199353, -7.454358397012648], [109.66961328199353, -7.45408890366015], [109.67069125540353, -7.45408890366015], [109.67069125540353, -7.453549916955155], [109.67096074875602, -7.453549916955155], [109.67096074875602, -7.45301093025016], [109.67123024210852, -7.45301093025016], [109.67123024210852, -7.452741436897663], [109.67149973546101, -7.452741436897663], [109.67149973546101, -7.451932956840172], [109.67123024210852, -7.451932956840172], [109.67123024210852, -7.451393970135177], [109.67015226869853, -7.451393970135177]]]}}, {"type": "Feature", "properties": {"fid": 264, "DN": 1, "Keterangan": "Rendah"}, "geometry": {"type": "Polygon", "coordinates": [[[109.36508579367157, -7.495860373297232], [109.36508579367157, -7.49612986664973], [109.36535528702407, -7.49612986664973], [109.36535528702407, -7.496399360002227], [109.36616376708156, -7.496399360002227], [109.36616376708156, -7.49612986664973], [109.36589427372907, -7.49612986664973], [109.36589427372907, -7.495860373297232], [109.36508579367157, -7.495860373297232]]]}}, {"type": "Feature", "properties": {"fid": 265, "DN": 2, "Keterangan": "Sedang"}, "geometry": {"type": "Polygon", "coordinates": [[[109.38017742141142, -7.490201012894789], [109.38017742141142, -7.490470506247286], [109.37775198123894, -7.490470506247286], [109.37775198123894, -7.490739999599784], [109.37317059424649, -7.490739999599784], [109.37317059424649, -7.491009492952281], [109.372362114189, -7.491009492952281], [109.372362114189, -7.491278986304778], [109.37155363413152, -7.491278986304778], [109.37155363413152, -7.491548479657276], [109.36778072719655, -7.491548479657276], [109.36778072719655, -7.491278986304778], [109.36616376708156, -7.491278986304778], [109.36616376708156, -7.491548479657276], [109.36508579367157, -7.491548479657276], [109.36508579367157, -7.491817973009772], [109.36481630031908, -7.491817973009772], [109.36481630031908, -7.492356959714767], [109.36454680696659, -7.492356959714767], [109.36454680696659, -7.492895946419762], [109.36427731361408, -7.492895946419762], [109.36427731361408, -7.493434933124757], [109.36400782026159, -7.493434933124757], [109.36400782026159, -7.494243413182248], [109.36373832690909, -7.494243413182248], [109.36373832690909, -7.494782399887243], [109.36481630031908, -7.494782399887243], [109.36481630031908, -7.495590879944735], [109.36454680696659, -7.495590879944735], [109.36454680696659, -7.495860373297232], [109.36589427372907, -7.495860373297232], [109.36589427372907, -7.49612986664973], [109.36670275378656, -7.49612986664973], [109.36670275378656, -7.496668853354724], [109.36697224713906, -7.496668853354724], [109.36697224713906, -7.496938346707221], [109.36724174049155, -7.496938346707221], [109.36724174049155, -7.497207840059719], [109.36778072719655, -7.497207840059719], [109.36778072719655, -7.497477333412216], [109.36939768731153, -7.497477333412216], [109.36939768731153, -7.497207840059719], [109.37155363413152, -7.497207840059719], [109.37155363413152, -7.497477333412216], [109.372362114189, -7.497477333412216], [109.372362114189, -7.497746826764713], [109.372901100894, -7.497746826764713], [109.372901100894, -7.498016320117211], [109.37397907430399, -7.498016320117211], [109.37397907430399, -7.497746826764713], [109.37424856765648, -7.497746826764713], [109.37424856765648, -7.497477333412216], [109.37478755436148, -7.497477333412216], [109.37478755436148, -7.497207840059719], [109.37505704771398, -7.497207840059719], [109.37505704771398, -7.496938346707221], [109.37559603441898, -7.496938346707221], [109.37559603441898, -7.496668853354724], [109.37748248788645, -7.496668853354724], [109.37748248788645, -7.496938346707221], [109.37856046129644, -7.496938346707221], [109.37856046129644, -7.496668853354724], [109.37882995464894, -7.496668853354724], [109.37882995464894, -7.496399360002227], [109.37909944800144, -7.496399360002227], [109.37909944800144, -7.49612986664973], [109.37936894135393, -7.49612986664973], [109.37936894135393, -7.495860373297232], [109.37963843470644, -7.495860373297232], [109.37963843470644, -7.495590879944735], [109.37990792805893, -7.495590879944735], [109.37990792805893, -7.495321386592238], [109.38044691476392, -7.495321386592238], [109.38044691476392, -7.49505189323974], [109.38098590146892, -7.49505189323974], [109.38098590146892, -7.494782399887243], [109.38152488817391, -7.494782399887243], [109.38152488817391, -7.494512906534745], [109.3823333682314, -7.494512906534745], [109.3823333682314, -7.494243413182248], [109.3828723549364, -7.494243413182248], [109.3828723549364, -7.493973919829751], [109.3831418482889, -7.493973919829751], [109.3831418482889, -7.493434933124757], [109.38341134164139, -7.493434933124757], [109.38341134164139, -7.492895946419762], [109.3836808349939, -7.492895946419762], [109.3836808349939, -7.49208746636227], [109.38395032834639, -7.49208746636227], [109.38395032834639, -7.491817973009772], [109.3836808349939, -7.491817973009772], [109.3836808349939, -7.491278986304778], [109.38341134164139, -7.491278986304778], [109.38341134164139, -7.491009492952281], [109.3831418482889, -7.491009492952281], [109.3831418482889, -7.490739999599784], [109.3828723549364, -7.490739999599784], [109.3828723549364, -7.490470506247286], [109.3823333682314, -7.490470506247286], [109.3823333682314, -7.490201012894789], [109.38017742141142, -7.490201012894789]], [[109.37990792805893, -7.491817973009772], [109.38098590146892, -7.491817973009772], [109.38098590146892, -7.49208746636227], [109.38071640811641, -7.49208746636227], [109.38071640811641, -7.492895946419762], [109.38017742141142, -7.492895946419762], [109.38017742141142, -7.493165439772259], [109.37990792805893, -7.493165439772259], [109.37990792805893, -7.493434933124757], [109.37963843470644, -7.493434933124757], [109.37963843470644, -7.493704426477254], [109.37909944800144, -7.493704426477254], [109.37909944800144, -7.493973919829751], [109.37882995464894, -7.493973919829751], [109.37882995464894, -7.494243413182248], [109.37856046129644, -7.494243413182248], [109.37856046129644, -7.494512906534745], [109.37802147459145, -7.494512906534745], [109.37802147459145, -7.494782399887243], [109.37532654106647, -7.494782399887243], [109.37532654106647, -7.49505189323974], [109.37478755436148, -7.49505189323974], [109.37478755436148, -7.495321386592238], [109.37397907430399, -7.495321386592238], [109.37397907430399, -7.495590879944735], [109.36885870060654, -7.495590879944735], [109.36885870060654, -7.495321386592238], [109.36858920725405, -7.495321386592238], [109.36858920725405, -7.49505189323974], [109.36831971390154, -7.49505189323974], [109.36831971390154, -7.494782399887243], [109.36805022054905, -7.494782399887243], [109.36805022054905, -7.494512906534745], [109.36778072719655, -7.494512906534745], [109.36778072719655, -7.494243413182248], [109.36751123384406, -7.494243413182248], [109.36751123384406, -7.493704426477254], [109.36724174049155, -7.493704426477254], [109.36724174049155, -7.493434933124757], [109.36778072719655, -7.493434933124757], [109.36778072719655, -7.493165439772259], [109.36993667401653, -7.493165439772259], [109.36993667401653, -7.493434933124757], [109.37074515407402, -7.493434933124757], [109.37074515407402, -7.493165439772259], [109.37263160754149, -7.493165439772259], [109.37263160754149, -7.492895946419762], [109.373440087599, -7.492895946419762], [109.373440087599, -7.492626453067264], [109.37532654106647, -7.492626453067264], [109.37532654106647, -7.492356959714767], [109.37640451447646, -7.492356959714767], [109.37640451447646, -7.49208746636227], [109.37990792805893, -7.49208746636227], [109.37990792805893, -7.491817973009772]]]}}, {"type": "Feature", "properties": {"fid": 266, "DN": 1, "Keterangan": "Rendah"}, "geometry": {"type": "Polygon", "coordinates": [[[109.53998697944233, -7.471875464924972], [109.53998697944233, -7.472144958277469], [109.53944799273734, -7.472144958277469], [109.53944799273734, -7.472414451629967], [109.53917849938483, -7.472414451629967], [109.53917849938483, -7.472683944982464], [109.53890900603234, -7.472683944982464], [109.53890900603234, -7.473222931687459], [109.53863951267984, -7.473222931687459], [109.53863951267984, -7.473492425039955], [109.53756153926984, -7.473492425039955], [109.53756153926984, -7.473761918392453], [109.53594457915487, -7.473761918392453], [109.53594457915487, -7.474300905097448], [109.53567508580237, -7.474300905097448], [109.53567508580237, -7.474570398449945], [109.53513609909737, -7.474570398449945], [109.53513609909737, -7.475648371859934], [109.53432761903989, -7.475648371859934], [109.53432761903989, -7.475378878507437], [109.53351913898238, -7.475378878507437], [109.53351913898238, -7.47510938515494], [109.53082420545742, -7.47510938515494], [109.53082420545742, -7.475378878507437], [109.53028521875243, -7.475378878507437], [109.53028521875243, -7.475648371859934], [109.52785977857995, -7.475648371859934], [109.52785977857995, -7.475378878507437], [109.52624281846497, -7.475378878507437], [109.52624281846497, -7.475648371859934], [109.52597332511246, -7.475648371859934], [109.52597332511246, -7.475917865212431], [109.52543433840748, -7.475917865212431], [109.52543433840748, -7.476187358564929], [109.52489535170248, -7.476187358564929], [109.52489535170248, -7.476456851917426], [109.52462585834998, -7.476456851917426], [109.52462585834998, -7.476726345269924], [109.52435636499749, -7.476726345269924], [109.52435636499749, -7.476995838622421], [109.52408687164498, -7.476995838622421], [109.52408687164498, -7.477804318679913], [109.52381737829249, -7.477804318679913], [109.52381737829249, -7.478612798737405], [109.52354788493999, -7.478612798737405], [109.52354788493999, -7.479151785442399], [109.5232783915875, -7.479151785442399], [109.5232783915875, -7.479421278794897], [109.52300889823499, -7.479421278794897], [109.52300889823499, -7.479690772147394], [109.5227394048825, -7.479690772147394], [109.5227394048825, -7.480768745557383], [109.52300889823499, -7.480768745557383], [109.52300889823499, -7.48103823890988], [109.5227394048825, -7.48103823890988], [109.5227394048825, -7.481307732262378], [109.52246991153, -7.481307732262378], [109.52246991153, -7.481577225614875], [109.5222004181775, -7.481577225614875], [109.5222004181775, -7.481846718967373], [109.521930924825, -7.481846718967373], [109.521930924825, -7.48211621231987], [109.52031396471003, -7.48211621231987], [109.52031396471003, -7.481577225614875], [109.52004447135752, -7.481577225614875], [109.52004447135752, -7.481307732262378], [109.51896649794753, -7.481307732262378], [109.51896649794753, -7.48103823890988], [109.51654105777506, -7.48103823890988], [109.51654105777506, -7.480768745557383], [109.51438511095509, -7.480768745557383], [109.51438511095509, -7.48103823890988], [109.51411561760258, -7.48103823890988], [109.51411561760258, -7.481307732262378], [109.5138461242501, -7.481307732262378], [109.5138461242501, -7.482655199024864], [109.51357663089759, -7.482655199024864], [109.51357663089759, -7.483463679082356], [109.5133071375451, -7.483463679082356], [109.5133071375451, -7.484811145844843], [109.5127681508401, -7.484811145844843], [109.5127681508401, -7.48508063919734], [109.51088169737261, -7.48508063919734], [109.51088169737261, -7.485350132549837], [109.51061220402012, -7.485350132549837], [109.51061220402012, -7.485619625902334], [109.51034271066763, -7.485619625902334], [109.51034271066763, -7.486158612607329], [109.51007321731512, -7.486158612607329], [109.51007321731512, -7.486697599312324], [109.50980372396263, -7.486697599312324], [109.50980372396263, -7.487775572722313], [109.50953423061013, -7.487775572722313], [109.50953423061013, -7.48804506607481], [109.50926473725764, -7.48804506607481], [109.50926473725764, -7.488314559427308], [109.50899524390513, -7.488314559427308], [109.50899524390513, -7.488584052779805], [109.50845625720014, -7.488584052779805], [109.50845625720014, -7.488853546132303], [109.50818676384765, -7.488853546132303], [109.50818676384765, -7.4891230394848], [109.50899524390513, -7.4891230394848], [109.50899524390513, -7.488853546132303], [109.50926473725764, -7.488853546132303], [109.50926473725764, -7.488584052779805], [109.50980372396263, -7.488584052779805], [109.50980372396263, -7.488314559427308], [109.51007321731512, -7.488314559427308], [109.51007321731512, -7.48804506607481], [109.51034271066763, -7.48804506607481], [109.51034271066763, -7.487506079369815], [109.51061220402012, -7.487506079369815], [109.51061220402012, -7.487236586017318], [109.51088169737261, -7.487236586017318], [109.51088169737261, -7.486967092664822], [109.51115119072512, -7.486967092664822], [109.51115119072512, -7.486697599312324], [109.5114206840776, -7.486697599312324], [109.5114206840776, -7.486428105959827], [109.51169017743011, -7.486428105959827], [109.51169017743011, -7.486158612607329], [109.5122291641351, -7.486158612607329], [109.5122291641351, -7.485889119254832], [109.5124986574876, -7.485889119254832], [109.5124986574876, -7.485619625902334], [109.5130376441926, -7.485619625902334], [109.5130376441926, -7.485350132549837], [109.5133071375451, -7.485350132549837], [109.5133071375451, -7.48508063919734], [109.51357663089759, -7.48508063919734], [109.51357663089759, -7.484811145844843], [109.5138461242501, -7.484811145844843], [109.5138461242501, -7.484541652492346], [109.51411561760258, -7.484541652492346], [109.51411561760258, -7.484002665787351], [109.51438511095509, -7.484002665787351], [109.51438511095509, -7.483194185729859], [109.51465460430758, -7.483194185729859], [109.51465460430758, -7.482924692377361], [109.51492409766007, -7.482924692377361], [109.51492409766007, -7.48211621231987], [109.51519359101258, -7.48211621231987], [109.51519359101258, -7.481846718967373], [109.51600207107006, -7.481846718967373], [109.51600207107006, -7.48211621231987], [109.51654105777506, -7.48211621231987], [109.51654105777506, -7.482385705672367], [109.51627156442257, -7.482385705672367], [109.51627156442257, -7.482655199024864], [109.51600207107006, -7.482655199024864], [109.51600207107006, -7.482924692377361], [109.51573257771757, -7.482924692377361], [109.51573257771757, -7.483463679082356], [109.51546308436507, -7.483463679082356], [109.51546308436507, -7.484002665787351], [109.51573257771757, -7.484002665787351], [109.51573257771757, -7.484811145844843], [109.51600207107006, -7.484811145844843], [109.51600207107006, -7.485619625902334], [109.51627156442257, -7.485619625902334], [109.51627156442257, -7.486428105959827], [109.51600207107006, -7.486428105959827], [109.51600207107006, -7.487775572722313], [109.51573257771757, -7.487775572722313], [109.51573257771757, -7.48804506607481], [109.51546308436507, -7.48804506607481], [109.51546308436507, -7.488314559427308], [109.51519359101258, -7.488314559427308], [109.51519359101258, -7.488584052779805], [109.51492409766007, -7.488584052779805], [109.51492409766007, -7.488853546132303], [109.51465460430758, -7.488853546132303], [109.51465460430758, -7.4891230394848], [109.51438511095509, -7.4891230394848], [109.51438511095509, -7.489392532837297], [109.5138461242501, -7.489392532837297], [109.5138461242501, -7.489662026189794], [109.5133071375451, -7.489662026189794], [109.5133071375451, -7.489931519542291], [109.5122291641351, -7.489931519542291], [109.5122291641351, -7.490201012894789], [109.5114206840776, -7.490201012894789], [109.5114206840776, -7.490470506247286], [109.51088169737261, -7.490470506247286], [109.51088169737261, -7.490739999599784], [109.51061220402012, -7.490739999599784], [109.51061220402012, -7.491009492952281], [109.51034271066763, -7.491009492952281], [109.51034271066763, -7.491278986304778], [109.51007321731512, -7.491278986304778], [109.51007321731512, -7.491548479657276], [109.50980372396263, -7.491548479657276], [109.50980372396263, -7.491817973009772], [109.50953423061013, -7.491817973009772], [109.50953423061013, -7.49208746636227], [109.50926473725764, -7.49208746636227], [109.50926473725764, -7.492356959714767], [109.50899524390513, -7.492356959714767], [109.50899524390513, -7.492626453067264], [109.50845625720014, -7.492626453067264], [109.50845625720014, -7.492895946419762], [109.50764777714265, -7.492895946419762], [109.50764777714265, -7.492626453067264], [109.50710879043766, -7.492626453067264], [109.50710879043766, -7.492356959714767], [109.50656980373266, -7.492356959714767], [109.50656980373266, -7.49208746636227], [109.50630031038017, -7.49208746636227], [109.50630031038017, -7.491817973009772], [109.50576132367517, -7.491817973009772], [109.50576132367517, -7.491548479657276], [109.50522233697018, -7.491548479657276], [109.50522233697018, -7.491278986304778], [109.50468335026518, -7.491278986304778], [109.50468335026518, -7.490739999599784], [109.50441385691268, -7.490739999599784], [109.50441385691268, -7.490470506247286], [109.50414436356019, -7.490470506247286], [109.50414436356019, -7.489662026189794], [109.50387487020768, -7.489662026189794], [109.50387487020768, -7.488584052779805], [109.50360537685519, -7.488584052779805], [109.50360537685519, -7.486967092664822], [109.50414436356019, -7.486967092664822], [109.50414436356019, -7.486697599312324], [109.50441385691268, -7.486697599312324], [109.50441385691268, -7.486967092664822], [109.50522233697018, -7.486967092664822], [109.50522233697018, -7.487236586017318], [109.50549183032267, -7.487236586017318], [109.50549183032267, -7.487506079369815], [109.50576132367517, -7.487506079369815], [109.50576132367517, -7.48804506607481], [109.50603081702766, -7.48804506607481], [109.50603081702766, -7.488584052779805], [109.50630031038017, -7.488584052779805], [109.50630031038017, -7.488853546132303], [109.50656980373266, -7.488853546132303], [109.50656980373266, -7.4891230394848], [109.50683929708516, -7.4891230394848], [109.50683929708516, -7.488314559427308], [109.50656980373266, -7.488314559427308], [109.50656980373266, -7.48804506607481], [109.50630031038017, -7.48804506607481], [109.50630031038017, -7.487775572722313], [109.50603081702766, -7.487775572722313], [109.50603081702766, -7.486428105959827], [109.50549183032267, -7.486428105959827], [109.50549183032267, -7.486158612607329], [109.50522233697018, -7.486158612607329], [109.50522233697018, -7.485889119254832], [109.50495284361767, -7.485889119254832], [109.50495284361767, -7.485619625902334], [109.5027968967977, -7.485619625902334], [109.5027968967977, -7.485889119254832], [109.50225791009271, -7.485889119254832], [109.50225791009271, -7.486158612607329], [109.50144943003521, -7.486158612607329], [109.50144943003521, -7.486428105959827], [109.50091044333021, -7.486428105959827], [109.50091044333021, -7.486158612607329], [109.50064094997772, -7.486158612607329], [109.50064094997772, -7.485889119254832], [109.50037145662522, -7.485889119254832], [109.50037145662522, -7.484002665787351], [109.50010196327273, -7.484002665787351], [109.50010196327273, -7.483463679082356], [109.49956297656773, -7.483463679082356], [109.49956297656773, -7.483194185729859], [109.49605956298527, -7.483194185729859], [109.49605956298527, -7.483463679082356], [109.49417310951779, -7.483463679082356], [109.49417310951779, -7.483733172434853], [109.4936341228128, -7.483733172434853], [109.4936341228128, -7.484002665787351], [109.4930951361078, -7.484002665787351], [109.4930951361078, -7.484272159139848], [109.49282564275529, -7.484272159139848], [109.49282564275529, -7.485350132549837], [109.4920171626978, -7.485350132549837], [109.4920171626978, -7.48508063919734], [109.49120868264032, -7.48508063919734], [109.49120868264032, -7.485350132549837], [109.49093918928781, -7.485350132549837], [109.49093918928781, -7.485619625902334], [109.49040020258282, -7.485619625902334], [109.49040020258282, -7.486158612607329], [109.49013070923033, -7.486158612607329], [109.49013070923033, -7.489662026189794], [109.49040020258282, -7.489662026189794], [109.49040020258282, -7.490201012894789], [109.48986121587782, -7.490201012894789], [109.48986121587782, -7.489931519542291], [109.48797476241035, -7.489931519542291], [109.48797476241035, -7.490201012894789], [109.48770526905786, -7.490201012894789], [109.48770526905786, -7.490470506247286], [109.48716628235286, -7.490470506247286], [109.48716628235286, -7.490739999599784], [109.48689678900035, -7.490739999599784], [109.48689678900035, -7.491009492952281], [109.48581881559036, -7.491009492952281], [109.48581881559036, -7.489392532837297], [109.48554932223787, -7.489392532837297], [109.48554932223787, -7.488584052779805], [109.48420185547539, -7.488584052779805], [109.48420185547539, -7.488314559427308], [109.4836628687704, -7.488314559427308], [109.4836628687704, -7.48804506607481], [109.48339337541789, -7.48804506607481], [109.48339337541789, -7.487775572722313], [109.4831238820654, -7.487775572722313], [109.4831238820654, -7.487236586017318], [109.48204590865541, -7.487236586017318], [109.48204590865541, -7.487506079369815], [109.4817764153029, -7.487506079369815], [109.4817764153029, -7.487775572722313], [109.48150692195041, -7.487775572722313], [109.48150692195041, -7.488314559427308], [109.48123742859791, -7.488314559427308], [109.48123742859791, -7.489662026189794], [109.48096793524542, -7.489662026189794], [109.48096793524542, -7.489931519542291], [109.47935097513043, -7.489931519542291], [109.47935097513043, -7.490201012894789], [109.47908148177794, -7.490201012894789], [109.47908148177794, -7.489931519542291], [109.47881198842543, -7.489931519542291], [109.47881198842543, -7.488853546132303], [109.47854249507294, -7.488853546132303], [109.47854249507294, -7.488584052779805], [109.47827300172044, -7.488584052779805], [109.47827300172044, -7.48804506607481], [109.47800350836795, -7.48804506607481], [109.47800350836795, -7.487775572722313], [109.47773401501544, -7.487775572722313], [109.47773401501544, -7.485619625902334], [109.47800350836795, -7.485619625902334], [109.47800350836795, -7.485350132549837], [109.47854249507294, -7.485350132549837], [109.47854249507294, -7.485619625902334], [109.47881198842543, -7.485619625902334], [109.47881198842543, -7.485889119254832], [109.47908148177794, -7.485889119254832], [109.47908148177794, -7.486158612607329], [109.48015945518793, -7.486158612607329], [109.48015945518793, -7.486428105959827], [109.48069844189293, -7.486428105959827], [109.48069844189293, -7.486697599312324], [109.4823154020079, -7.486697599312324], [109.4823154020079, -7.486428105959827], [109.4825848953604, -7.486428105959827], [109.4825848953604, -7.486158612607329], [109.4828543887129, -7.486158612607329], [109.4828543887129, -7.485889119254832], [109.4831238820654, -7.485889119254832], [109.4831238820654, -7.484811145844843], [109.4823154020079, -7.484811145844843], [109.4823154020079, -7.484541652492346], [109.48150692195041, -7.484541652492346], [109.48150692195041, -7.484811145844843], [109.47935097513043, -7.484811145844843], [109.47935097513043, -7.484272159139848], [109.47908148177794, -7.484272159139848], [109.47908148177794, -7.484002665787351], [109.47854249507294, -7.484002665787351], [109.47854249507294, -7.483733172434853], [109.47827300172044, -7.483733172434853], [109.47827300172044, -7.483463679082356], [109.47746452166295, -7.483463679082356], [109.47746452166295, -7.483733172434853], [109.47719502831045, -7.483733172434853], [109.47719502831045, -7.484002665787351], [109.47692553495796, -7.484002665787351], [109.47692553495796, -7.483733172434853], [109.47638654825296, -7.483733172434853], [109.47638654825296, -7.483463679082356], [109.47476958813797, -7.483463679082356], [109.47476958813797, -7.483194185729859], [109.47369161472798, -7.483194185729859], [109.47369161472798, -7.483463679082356], [109.47342212137549, -7.483463679082356], [109.47342212137549, -7.484272159139848], [109.47369161472798, -7.484272159139848], [109.47369161472798, -7.484811145844843], [109.473152628023, -7.484811145844843], [109.473152628023, -7.48508063919734], [109.4728831346705, -7.48508063919734], [109.4728831346705, -7.485350132549837], [109.47207465461301, -7.485350132549837], [109.47207465461301, -7.485619625902334], [109.4718051612605, -7.485619625902334], [109.4718051612605, -7.485350132549837], [109.47126617455551, -7.485350132549837], [109.47126617455551, -7.48508063919734], [109.47018820114552, -7.48508063919734], [109.47018820114552, -7.485350132549837], [109.46964921444052, -7.485350132549837], [109.46964921444052, -7.485619625902334], [109.46937972108803, -7.485619625902334], [109.46937972108803, -7.485350132549837], [109.46857124103055, -7.485350132549837], [109.46857124103055, -7.485619625902334], [109.46803225432555, -7.485619625902334], [109.46803225432555, -7.486158612607329], [109.46695428091556, -7.486158612607329], [109.46695428091556, -7.486428105959827], [109.46614580085806, -7.486428105959827], [109.46614580085806, -7.486697599312324], [109.46587630750557, -7.486697599312324], [109.46587630750557, -7.488314559427308], [109.46560681415308, -7.488314559427308], [109.46560681415308, -7.489392532837297], [109.46425934739058, -7.489392532837297], [109.46425934739058, -7.4891230394848], [109.46318137398059, -7.4891230394848], [109.46318137398059, -7.488853546132303], [109.4623728939231, -7.488853546132303], [109.4623728939231, -7.488584052779805], [109.46183390721811, -7.488584052779805], [109.46183390721811, -7.488314559427308], [109.46156441386562, -7.488314559427308], [109.46156441386562, -7.487775572722313], [109.46129492051311, -7.487775572722313], [109.46129492051311, -7.487236586017318], [109.46156441386562, -7.487236586017318], [109.46156441386562, -7.485889119254832], [109.46102542716062, -7.485889119254832], [109.46102542716062, -7.485619625902334], [109.45940846704563, -7.485619625902334], [109.45940846704563, -7.485350132549837], [109.45859998698813, -7.485350132549837], [109.45859998698813, -7.48508063919734], [109.45833049363564, -7.48508063919734], [109.45833049363564, -7.484811145844843], [109.45752201357816, -7.484811145844843], [109.45752201357816, -7.484541652492346], [109.45725252022565, -7.484541652492346], [109.45725252022565, -7.484272159139848], [109.45698302687316, -7.484272159139848], [109.45698302687316, -7.484002665787351], [109.45563556011066, -7.484002665787351], [109.45563556011066, -7.483733172434853], [109.45509657340567, -7.483733172434853], [109.45509657340567, -7.483463679082356], [109.45455758670069, -7.483463679082356], [109.45455758670069, -7.483194185729859], [109.45401859999569, -7.483194185729859], [109.45401859999569, -7.482924692377361], [109.4521321465282, -7.482924692377361], [109.4521321465282, -7.481846718967373], [109.45051518641323, -7.481846718967373], [109.45051518641323, -7.48211621231987], [109.44997619970823, -7.48211621231987], [109.44997619970823, -7.482385705672367], [109.44943721300324, -7.482385705672367], [109.44943721300324, -7.482655199024864], [109.44997619970823, -7.482655199024864], [109.44997619970823, -7.482924692377361], [109.45078467976572, -7.482924692377361], [109.45078467976572, -7.483194185729859], [109.45186265317571, -7.483194185729859], [109.45186265317571, -7.483463679082356], [109.4526711332332, -7.483463679082356], [109.4526711332332, -7.483733172434853], [109.4534796132907, -7.483733172434853], [109.4534796132907, -7.484002665787351], [109.45428809334818, -7.484002665787351], [109.45428809334818, -7.484272159139848], [109.45482708005318, -7.484272159139848], [109.45482708005318, -7.484541652492346], [109.45563556011066, -7.484541652492346], [109.45563556011066, -7.484811145844843], [109.45617454681566, -7.484811145844843], [109.45617454681566, -7.48508063919734], [109.45698302687316, -7.48508063919734], [109.45698302687316, -7.485350132549837], [109.45752201357816, -7.485350132549837], [109.45752201357816, -7.485619625902334], [109.45806100028315, -7.485619625902334], [109.45806100028315, -7.485889119254832], [109.45859998698813, -7.485889119254832], [109.45859998698813, -7.486158612607329], [109.45940846704563, -7.486158612607329], [109.45940846704563, -7.486428105959827], [109.45967796039812, -7.486428105959827], [109.45967796039812, -7.486697599312324], [109.46021694710312, -7.486697599312324], [109.46021694710312, -7.486967092664822], [109.46048644045563, -7.486967092664822], [109.46048644045563, -7.487506079369815], [109.46075593380812, -7.487506079369815], [109.46075593380812, -7.488314559427308], [109.46102542716062, -7.488314559427308], [109.46102542716062, -7.488584052779805], [109.46129492051311, -7.488584052779805], [109.46129492051311, -7.4891230394848], [109.46156441386562, -7.4891230394848], [109.46156441386562, -7.489392532837297], [109.46210340057061, -7.489392532837297], [109.46210340057061, -7.489931519542291], [109.46156441386562, -7.489931519542291], [109.46156441386562, -7.489662026189794], [109.46102542716062, -7.489662026189794], [109.46102542716062, -7.4891230394848], [109.46048644045563, -7.4891230394848], [109.46048644045563, -7.488853546132303], [109.45967796039812, -7.488853546132303], [109.45967796039812, -7.488584052779805], [109.45886948034064, -7.488584052779805], [109.45886948034064, -7.488314559427308], [109.45806100028315, -7.488314559427308], [109.45806100028315, -7.48804506607481], [109.45752201357816, -7.48804506607481], [109.45752201357816, -7.487775572722313], [109.45725252022565, -7.487775572722313], [109.45725252022565, -7.487506079369815], [109.45671353352066, -7.487506079369815], [109.45671353352066, -7.487236586017318], [109.45617454681566, -7.487236586017318], [109.45617454681566, -7.488314559427308], [109.45671353352066, -7.488314559427308], [109.45671353352066, -7.488584052779805], [109.45725252022565, -7.488584052779805], [109.45725252022565, -7.488853546132303], [109.45752201357816, -7.488853546132303], [109.45752201357816, -7.4891230394848], [109.45779150693065, -7.4891230394848], [109.45779150693065, -7.489392532837297], [109.45940846704563, -7.489392532837297], [109.45940846704563, -7.489662026189794], [109.45967796039812, -7.489662026189794], [109.45967796039812, -7.489931519542291], [109.45994745375063, -7.489931519542291], [109.45994745375063, -7.490201012894789], [109.46021694710312, -7.490201012894789], [109.46021694710312, -7.490470506247286], [109.46048644045563, -7.490470506247286], [109.46048644045563, -7.490739999599784], [109.46075593380812, -7.490739999599784], [109.46075593380812, -7.491009492952281], [109.46102542716062, -7.491009492952281], [109.46102542716062, -7.491278986304778], [109.46129492051311, -7.491278986304778], [109.46129492051311, -7.492356959714767], [109.46210340057061, -7.492356959714767], [109.46210340057061, -7.49208746636227], [109.4623728939231, -7.49208746636227], [109.4623728939231, -7.491817973009772], [109.4626423872756, -7.491817973009772], [109.4626423872756, -7.491548479657276], [109.46318137398059, -7.491548479657276], [109.46318137398059, -7.491278986304778], [109.46372036068558, -7.491278986304778], [109.46372036068558, -7.491009492952281], [109.46668478756305, -7.491009492952281], [109.46668478756305, -7.49208746636227], [109.46695428091556, -7.49208746636227], [109.46695428091556, -7.492356959714767], [109.46776276097305, -7.492356959714767], [109.46776276097305, -7.491817973009772], [109.46803225432555, -7.491817973009772], [109.46803225432555, -7.489662026189794], [109.46830174767804, -7.489662026189794], [109.46830174767804, -7.489392532837297], [109.46884073438304, -7.489392532837297], [109.46884073438304, -7.489662026189794], [109.46911022773554, -7.489662026189794], [109.46911022773554, -7.489931519542291], [109.46937972108803, -7.489931519542291], [109.46937972108803, -7.490201012894789], [109.47207465461301, -7.490201012894789], [109.47207465461301, -7.489931519542291], [109.47369161472798, -7.489931519542291], [109.47369161472798, -7.490201012894789], [109.47396110808049, -7.490201012894789], [109.47396110808049, -7.490470506247286], [109.47423060143298, -7.490470506247286], [109.47423060143298, -7.490739999599784], [109.47476958813797, -7.490739999599784], [109.47476958813797, -7.491009492952281], [109.47503908149048, -7.491009492952281], [109.47503908149048, -7.491278986304778], [109.47692553495796, -7.491278986304778], [109.47692553495796, -7.491548479657276], [109.47719502831045, -7.491548479657276], [109.47719502831045, -7.491817973009772], [109.47854249507294, -7.491817973009772], [109.47854249507294, -7.492626453067264], [109.47881198842543, -7.492626453067264], [109.47881198842543, -7.492895946419762], [109.47935097513043, -7.492895946419762], [109.47935097513043, -7.492356959714767], [109.47908148177794, -7.492356959714767], [109.47908148177794, -7.49208746636227], [109.47881198842543, -7.49208746636227], [109.47881198842543, -7.491817973009772], [109.47908148177794, -7.491817973009772], [109.47908148177794, -7.491548479657276], [109.47935097513043, -7.491548479657276], [109.47935097513043, -7.491278986304778], [109.48042894854042, -7.491278986304778], [109.48042894854042, -7.491009492952281], [109.48096793524542, -7.491009492952281], [109.48096793524542, -7.490739999599784], [109.48150692195041, -7.490739999599784], [109.48150692195041, -7.490470506247286], [109.4817764153029, -7.490470506247286], [109.4817764153029, -7.489931519542291], [109.48204590865541, -7.489931519542291], [109.48204590865541, -7.489662026189794], [109.4823154020079, -7.489662026189794], [109.4823154020079, -7.489392532837297], [109.4825848953604, -7.489392532837297], [109.4825848953604, -7.4891230394848], [109.48393236212289, -7.4891230394848], [109.48393236212289, -7.489392532837297], [109.48447134882788, -7.489392532837297], [109.48447134882788, -7.490201012894789], [109.48474084218037, -7.490201012894789], [109.48474084218037, -7.490739999599784], [109.48447134882788, -7.490739999599784], [109.48447134882788, -7.491009492952281], [109.48393236212289, -7.491009492952281], [109.48393236212289, -7.49208746636227], [109.48420185547539, -7.49208746636227], [109.48420185547539, -7.492356959714767], [109.48474084218037, -7.492356959714767], [109.48474084218037, -7.492626453067264], [109.48501033553288, -7.492626453067264], [109.48501033553288, -7.494243413182248], [109.48527982888537, -7.494243413182248], [109.48527982888537, -7.495860373297232], [109.48501033553288, -7.495860373297232], [109.48501033553288, -7.49612986664973], [109.48474084218037, -7.49612986664973], [109.48474084218037, -7.496399360002227], [109.48447134882788, -7.496399360002227], [109.48447134882788, -7.496938346707221], [109.48420185547539, -7.496938346707221], [109.48420185547539, -7.497207840059719], [109.48393236212289, -7.497207840059719], [109.48393236212289, -7.498016320117211], [109.48420185547539, -7.498016320117211], [109.48420185547539, -7.498285813469708], [109.48554932223787, -7.498285813469708], [109.48554932223787, -7.498016320117211], [109.48581881559036, -7.498016320117211], [109.48581881559036, -7.497477333412216], [109.48662729564786, -7.497477333412216], [109.48662729564786, -7.497207840059719], [109.48689678900035, -7.497207840059719], [109.48689678900035, -7.496668853354724], [109.48716628235286, -7.496668853354724], [109.48716628235286, -7.494782399887243], [109.48689678900035, -7.494782399887243], [109.48689678900035, -7.494512906534745], [109.48662729564786, -7.494512906534745], [109.48662729564786, -7.493704426477254], [109.48689678900035, -7.493704426477254], [109.48689678900035, -7.493434933124757], [109.48716628235286, -7.493434933124757], [109.48716628235286, -7.492895946419762], [109.48743577570535, -7.492895946419762], [109.48743577570535, -7.492626453067264], [109.48851374911534, -7.492626453067264], [109.48851374911534, -7.492356959714767], [109.48905273582034, -7.492356959714767], [109.48905273582034, -7.493165439772259], [109.48986121587782, -7.493165439772259], [109.48986121587782, -7.493434933124757], [109.49093918928781, -7.493434933124757], [109.49093918928781, -7.493704426477254], [109.49120868264032, -7.493704426477254], [109.49120868264032, -7.493973919829751], [109.49147817599281, -7.493973919829751], [109.49147817599281, -7.494243413182248], [109.4925561494028, -7.494243413182248], [109.4925561494028, -7.493973919829751], [109.49282564275529, -7.493973919829751], [109.49282564275529, -7.49208746636227], [109.4930951361078, -7.49208746636227], [109.4930951361078, -7.491817973009772], [109.4936341228128, -7.491817973009772], [109.4936341228128, -7.491548479657276], [109.49390361616528, -7.491548479657276], [109.49390361616528, -7.491278986304778], [109.49417310951779, -7.491278986304778], [109.49417310951779, -7.491009492952281], [109.49444260287028, -7.491009492952281], [109.49444260287028, -7.490739999599784], [109.49498158957527, -7.490739999599784], [109.49498158957527, -7.489931519542291], [109.49444260287028, -7.489931519542291], [109.49444260287028, -7.489662026189794], [109.49390361616528, -7.489662026189794], [109.49390361616528, -7.489392532837297], [109.4936341228128, -7.489392532837297], [109.4936341228128, -7.489931519542291], [109.49336462946029, -7.489931519542291], [109.49336462946029, -7.490739999599784], [109.4930951361078, -7.490739999599784], [109.4930951361078, -7.491009492952281], [109.49282564275529, -7.491009492952281], [109.49282564275529, -7.491278986304778], [109.49147817599281, -7.491278986304778], [109.49147817599281, -7.491548479657276], [109.49093918928781, -7.491548479657276], [109.49093918928781, -7.491009492952281], [109.49120868264032, -7.491009492952281], [109.49120868264032, -7.490201012894789], [109.49093918928781, -7.490201012894789], [109.49093918928781, -7.489392532837297], [109.49066969593532, -7.489392532837297], [109.49066969593532, -7.487506079369815], [109.49093918928781, -7.487506079369815], [109.49093918928781, -7.486967092664822], [109.49120868264032, -7.486967092664822], [109.49120868264032, -7.486697599312324], [109.49147817599281, -7.486697599312324], [109.49147817599281, -7.486428105959827], [109.4920171626978, -7.486428105959827], [109.4920171626978, -7.486158612607329], [109.4925561494028, -7.486158612607329], [109.4925561494028, -7.485889119254832], [109.4930951361078, -7.485889119254832], [109.4930951361078, -7.485619625902334], [109.49336462946029, -7.485619625902334], [109.49336462946029, -7.485350132549837], [109.4936341228128, -7.485350132549837], [109.4936341228128, -7.48508063919734], [109.49390361616528, -7.48508063919734], [109.49390361616528, -7.484811145844843], [109.49444260287028, -7.484811145844843], [109.49444260287028, -7.484541652492346], [109.49525108292778, -7.484541652492346], [109.49525108292778, -7.484272159139848], [109.49605956298527, -7.484272159139848], [109.49605956298527, -7.484002665787351], [109.49848500315774, -7.484002665787351], [109.49848500315774, -7.484272159139848], [109.49902398986274, -7.484272159139848], [109.49902398986274, -7.484541652492346], [109.49956297656773, -7.484541652492346], [109.49956297656773, -7.485350132549837], [109.49983246992022, -7.485350132549837], [109.49983246992022, -7.485889119254832], [109.50010196327273, -7.485889119254832], [109.50010196327273, -7.486967092664822], [109.50037145662522, -7.486967092664822], [109.50037145662522, -7.487236586017318], [109.49983246992022, -7.487236586017318], [109.49983246992022, -7.486428105959827], [109.49956297656773, -7.486428105959827], [109.49956297656773, -7.486158612607329], [109.49902398986274, -7.486158612607329], [109.49902398986274, -7.485889119254832], [109.49848500315774, -7.485889119254832], [109.49848500315774, -7.486967092664822], [109.49875449651024, -7.486967092664822], [109.49875449651024, -7.488314559427308], [109.49902398986274, -7.488314559427308], [109.49902398986274, -7.488584052779805], [109.49956297656773, -7.488584052779805], [109.49956297656773, -7.488853546132303], [109.50091044333021, -7.488853546132303], [109.50091044333021, -7.488584052779805], [109.50144943003521, -7.488584052779805], [109.50144943003521, -7.488314559427308], [109.5030663901502, -7.488314559427308], [109.5030663901502, -7.489931519542291], [109.50333588350269, -7.489931519542291], [109.50333588350269, -7.491278986304778], [109.50360537685519, -7.491278986304778], [109.50360537685519, -7.492356959714767], [109.50387487020768, -7.492356959714767], [109.50387487020768, -7.492626453067264], [109.50522233697018, -7.492626453067264], [109.50522233697018, -7.492356959714767], [109.50576132367517, -7.492356959714767], [109.50576132367517, -7.492626453067264], [109.50603081702766, -7.492626453067264], [109.50603081702766, -7.493704426477254], [109.50630031038017, -7.493704426477254], [109.50630031038017, -7.493973919829751], [109.50656980373266, -7.493973919829751], [109.50656980373266, -7.494243413182248], [109.50926473725764, -7.494243413182248], [109.50926473725764, -7.493973919829751], [109.50980372396263, -7.493973919829751], [109.50980372396263, -7.493704426477254], [109.51007321731512, -7.493704426477254], [109.51007321731512, -7.493165439772259], [109.51034271066763, -7.493165439772259], [109.51034271066763, -7.491817973009772], [109.51088169737261, -7.491817973009772], [109.51088169737261, -7.491278986304778], [109.5114206840776, -7.491278986304778], [109.5114206840776, -7.491009492952281], [109.5119596707826, -7.491009492952281], [109.5119596707826, -7.490739999599784], [109.51411561760258, -7.490739999599784], [109.51411561760258, -7.490470506247286], [109.51438511095509, -7.490470506247286], [109.51438511095509, -7.490201012894789], [109.51465460430758, -7.490201012894789], [109.51465460430758, -7.489931519542291], [109.51492409766007, -7.489931519542291], [109.51492409766007, -7.489392532837297], [109.51519359101258, -7.489392532837297], [109.51519359101258, -7.4891230394848], [109.51573257771757, -7.4891230394848], [109.51573257771757, -7.489392532837297], [109.51734953783256, -7.489392532837297], [109.51734953783256, -7.4891230394848], [109.51788852453755, -7.4891230394848], [109.51788852453755, -7.48804506607481], [109.51681055112756, -7.48804506607481], [109.51681055112756, -7.487775572722313], [109.51654105777506, -7.487775572722313], [109.51654105777506, -7.487236586017318], [109.51681055112756, -7.487236586017318], [109.51681055112756, -7.486158612607329], [109.51708004448005, -7.486158612607329], [109.51708004448005, -7.485889119254832], [109.51734953783256, -7.485889119254832], [109.51734953783256, -7.48508063919734], [109.51708004448005, -7.48508063919734], [109.51708004448005, -7.484541652492346], [109.51681055112756, -7.484541652492346], [109.51681055112756, -7.483733172434853], [109.51654105777506, -7.483733172434853], [109.51654105777506, -7.483463679082356], [109.51734953783256, -7.483463679082356], [109.51734953783256, -7.483194185729859], [109.51788852453755, -7.483194185729859], [109.51788852453755, -7.482924692377361], [109.51896649794753, -7.482924692377361], [109.51896649794753, -7.482655199024864], [109.51977497800503, -7.482655199024864], [109.51977497800503, -7.483194185729859], [109.52031396471003, -7.483194185729859], [109.52031396471003, -7.483463679082356], [109.5227394048825, -7.483463679082356], [109.5227394048825, -7.482924692377361], [109.5232783915875, -7.482924692377361], [109.5232783915875, -7.482655199024864], [109.52354788493999, -7.482655199024864], [109.52354788493999, -7.48211621231987], [109.52408687164498, -7.48211621231987], [109.52408687164498, -7.481846718967373], [109.52435636499749, -7.481846718967373], [109.52435636499749, -7.481577225614875], [109.52462585834998, -7.481577225614875], [109.52462585834998, -7.481307732262378], [109.52489535170248, -7.481307732262378], [109.52489535170248, -7.480768745557383], [109.52516484505497, -7.480768745557383], [109.52516484505497, -7.480229758852388], [109.52543433840748, -7.480229758852388], [109.52543433840748, -7.47807381203241], [109.52570383175997, -7.47807381203241], [109.52570383175997, -7.477804318679913], [109.52624281846497, -7.477804318679913], [109.52624281846497, -7.477265331974918], [109.52732079187496, -7.477265331974918], [109.52732079187496, -7.477534825327416], [109.52759028522745, -7.477534825327416], [109.52759028522745, -7.478343305384907], [109.52785977857995, -7.478343305384907], [109.52785977857995, -7.478882292089902], [109.52893775198994, -7.478882292089902], [109.52893775198994, -7.479421278794897], [109.52920724534243, -7.479421278794897], [109.52920724534243, -7.479960265499892], [109.52947673869492, -7.479960265499892], [109.52947673869492, -7.480229758852388], [109.53028521875243, -7.480229758852388], [109.53028521875243, -7.480499252204885], [109.53190217886741, -7.480499252204885], [109.53190217886741, -7.480229758852388], [109.53244116557241, -7.480229758852388], [109.53244116557241, -7.480499252204885], [109.5329801522774, -7.480499252204885], [109.5329801522774, -7.480768745557383], [109.5332496456299, -7.480768745557383], [109.5332496456299, -7.481577225614875], [109.5327106589249, -7.481577225614875], [109.5327106589249, -7.48211621231987], [109.53244116557241, -7.48211621231987], [109.53244116557241, -7.483733172434853], [109.53351913898238, -7.483733172434853], [109.53351913898238, -7.483463679082356], [109.53378863233489, -7.483463679082356], [109.53378863233489, -7.482924692377361], [109.53405812568738, -7.482924692377361], [109.53405812568738, -7.482655199024864], [109.53513609909737, -7.482655199024864], [109.53513609909737, -7.48211621231987], [109.53540559244988, -7.48211621231987], [109.53540559244988, -7.481846718967373], [109.53594457915487, -7.481846718967373], [109.53594457915487, -7.479421278794897], [109.53567508580237, -7.479421278794897], [109.53567508580237, -7.478882292089902], [109.53540559244988, -7.478882292089902], [109.53540559244988, -7.478612798737405], [109.53486660574488, -7.478612798737405], [109.53486660574488, -7.478343305384907], [109.53136319216242, -7.478343305384907], [109.53136319216242, -7.478612798737405], [109.53163268551491, -7.478612798737405], [109.53163268551491, -7.479421278794897], [109.53028521875243, -7.479421278794897], [109.53028521875243, -7.479151785442399], [109.52974623204743, -7.479151785442399], [109.52974623204743, -7.478882292089902], [109.52947673869492, -7.478882292089902], [109.52947673869492, -7.478612798737405], [109.52920724534243, -7.478612798737405], [109.52920724534243, -7.478343305384907], [109.52893775198994, -7.478343305384907], [109.52893775198994, -7.47807381203241], [109.52866825863744, -7.47807381203241], [109.52866825863744, -7.477804318679913], [109.52839876528495, -7.477804318679913], [109.52839876528495, -7.477534825327416], [109.52812927193244, -7.477534825327416], [109.52812927193244, -7.476456851917426], [109.52866825863744, -7.476456851917426], [109.52866825863744, -7.476187358564929], [109.53082420545742, -7.476187358564929], [109.53082420545742, -7.476456851917426], [109.53109369880991, -7.476456851917426], [109.53109369880991, -7.477534825327416], [109.53136319216242, -7.477534825327416], [109.53136319216242, -7.476995838622421], [109.5329801522774, -7.476995838622421], [109.5329801522774, -7.477265331974918], [109.53621407250736, -7.477265331974918], [109.53621407250736, -7.476995838622421], [109.53675305921236, -7.476995838622421], [109.53675305921236, -7.476456851917426], [109.53702255256485, -7.476456851917426], [109.53702255256485, -7.475917865212431], [109.53729204591735, -7.475917865212431], [109.53729204591735, -7.475648371859934], [109.53917849938483, -7.475648371859934], [109.53917849938483, -7.475378878507437], [109.53998697944233, -7.475378878507437], [109.53998697944233, -7.47510938515494], [109.54025647279482, -7.47510938515494], [109.54025647279482, -7.474839891802443], [109.53971748608983, -7.474839891802443], [109.53971748608983, -7.474570398449945], [109.53890900603234, -7.474570398449945], [109.53890900603234, -7.474300905097448], [109.53863951267984, -7.474300905097448], [109.53863951267984, -7.47403141174495], [109.53917849938483, -7.47403141174495], [109.53917849938483, -7.473492425039955], [109.53944799273734, -7.473492425039955], [109.53944799273734, -7.473222931687459], [109.54079545949982, -7.473222931687459], [109.54079545949982, -7.473492425039955], [109.54106495285231, -7.473492425039955], [109.54106495285231, -7.473761918392453], [109.5416039395573, -7.473761918392453], [109.5416039395573, -7.47403141174495], [109.54187343290981, -7.47403141174495], [109.54187343290981, -7.473492425039955], [109.5416039395573, -7.473492425039955], [109.5416039395573, -7.472144958277469], [109.54106495285231, -7.472144958277469], [109.54106495285231, -7.471875464924972], [109.53998697944233, -7.471875464924972]], [[109.5332496456299, -7.479690772147394], [109.53405812568738, -7.479690772147394], [109.53405812568738, -7.480499252204885], [109.53378863233489, -7.480499252204885], [109.53378863233489, -7.479960265499892], [109.5332496456299, -7.479960265499892], [109.5332496456299, -7.479690772147394]], [[109.47503908149048, -7.484811145844843], [109.47665604160547, -7.484811145844843], [109.47665604160547, -7.48508063919734], [109.47719502831045, -7.48508063919734], [109.47719502831045, -7.485350132549837], [109.47746452166295, -7.485350132549837], [109.47746452166295, -7.488314559427308], [109.47773401501544, -7.488314559427308], [109.47773401501544, -7.4891230394848], [109.47800350836795, -7.4891230394848], [109.47800350836795, -7.489931519542291], [109.47665604160547, -7.489931519542291], [109.47665604160547, -7.489662026189794], [109.47530857484297, -7.489662026189794], [109.47530857484297, -7.489392532837297], [109.47396110808049, -7.489392532837297], [109.47396110808049, -7.4891230394848], [109.4718051612605, -7.4891230394848], [109.4718051612605, -7.489392532837297], [109.47045769449802, -7.489392532837297], [109.47045769449802, -7.4891230394848], [109.46911022773554, -7.4891230394848], [109.46911022773554, -7.488853546132303], [109.46884073438304, -7.488853546132303], [109.46884073438304, -7.4891230394848], [109.46776276097305, -7.4891230394848], [109.46776276097305, -7.489392532837297], [109.46749326762055, -7.489392532837297], [109.46749326762055, -7.489662026189794], [109.46614580085806, -7.489662026189794], [109.46614580085806, -7.489392532837297], [109.46641529421056, -7.489392532837297], [109.46641529421056, -7.488584052779805], [109.46668478756305, -7.488584052779805], [109.46668478756305, -7.48804506607481], [109.46695428091556, -7.48804506607481], [109.46695428091556, -7.487506079369815], [109.46722377426805, -7.487506079369815], [109.46722377426805, -7.487236586017318], [109.46776276097305, -7.487236586017318], [109.46776276097305, -7.486967092664822], [109.46830174767804, -7.486967092664822], [109.46830174767804, -7.486697599312324], [109.46937972108803, -7.486697599312324], [109.46937972108803, -7.486428105959827], [109.47045769449802, -7.486428105959827], [109.47045769449802, -7.486697599312324], [109.47207465461301, -7.486697599312324], [109.47207465461301, -7.486428105959827], [109.472613641318, -7.486428105959827], [109.472613641318, -7.486158612607329], [109.473152628023, -7.486158612607329], [109.473152628023, -7.485889119254832], [109.47369161472798, -7.485889119254832], [109.47369161472798, -7.485619625902334], [109.47423060143298, -7.485619625902334], [109.47423060143298, -7.485350132549837], [109.47450009478548, -7.485350132549837], [109.47450009478548, -7.48508063919734], [109.47503908149048, -7.48508063919734], [109.47503908149048, -7.484811145844843]], [[109.48581881559036, -7.491817973009772], [109.48635780229536, -7.491817973009772], [109.48635780229536, -7.49208746636227], [109.48581881559036, -7.49208746636227], [109.48581881559036, -7.491817973009772]]]}}, {"type": "Feature", "properties": {"fid": 267, "DN": 1, "Keterangan": "Rendah"}, "geometry": {"type": "Polygon", "coordinates": [[[109.36562478037656, -7.487506079369815], [109.36562478037656, -7.487775572722313], [109.36535528702407, -7.487775572722313], [109.36535528702407, -7.48804506607481], [109.36508579367157, -7.48804506607481], [109.36508579367157, -7.488314559427308], [109.36481630031908, -7.488314559427308], [109.36481630031908, -7.488584052779805], [109.36454680696659, -7.488584052779805], [109.36454680696659, -7.4891230394848], [109.36427731361408, -7.4891230394848], [109.36427731361408, -7.489392532837297], [109.36400782026159, -7.489392532837297], [109.36400782026159, -7.489662026189794], [109.36373832690909, -7.489662026189794], [109.36373832690909, -7.490470506247286], [109.3634688335566, -7.490470506247286], [109.3634688335566, -7.491009492952281], [109.36373832690909, -7.491009492952281], [109.36373832690909, -7.491278986304778], [109.36400782026159, -7.491278986304778], [109.36400782026159, -7.493434933124757], [109.36427731361408, -7.493434933124757], [109.36427731361408, -7.492895946419762], [109.36454680696659, -7.492895946419762], [109.36454680696659, -7.492356959714767], [109.36481630031908, -7.492356959714767], [109.36481630031908, -7.491817973009772], [109.36508579367157, -7.491817973009772], [109.36508579367157, -7.491548479657276], [109.36616376708156, -7.491548479657276], [109.36616376708156, -7.491278986304778], [109.36778072719655, -7.491278986304778], [109.36778072719655, -7.491548479657276], [109.37155363413152, -7.491548479657276], [109.37155363413152, -7.491278986304778], [109.372362114189, -7.491278986304778], [109.372362114189, -7.491009492952281], [109.37317059424649, -7.491009492952281], [109.37317059424649, -7.490739999599784], [109.37775198123894, -7.490739999599784], [109.37775198123894, -7.490470506247286], [109.38017742141142, -7.490470506247286], [109.38017742141142, -7.490201012894789], [109.3823333682314, -7.490201012894789], [109.3823333682314, -7.490470506247286], [109.3828723549364, -7.490470506247286], [109.3828723549364, -7.490739999599784], [109.3831418482889, -7.490739999599784], [109.3831418482889, -7.491009492952281], [109.38341134164139, -7.491009492952281], [109.38341134164139, -7.491278986304778], [109.3836808349939, -7.491278986304778], [109.3836808349939, -7.491817973009772], [109.38395032834639, -7.491817973009772], [109.38395032834639, -7.49208746636227], [109.3836808349939, -7.49208746636227], [109.3836808349939, -7.492895946419762], [109.38341134164139, -7.492895946419762], [109.38341134164139, -7.493434933124757], [109.3831418482889, -7.493434933124757], [109.3831418482889, -7.493973919829751], [109.3828723549364, -7.493973919829751], [109.3828723549364, -7.494243413182248], [109.3823333682314, -7.494243413182248], [109.3823333682314, -7.494512906534745], [109.38152488817391, -7.494512906534745], [109.38152488817391, -7.494782399887243], [109.38098590146892, -7.494782399887243], [109.38098590146892, -7.49505189323974], [109.38044691476392, -7.49505189323974], [109.38044691476392, -7.495321386592238], [109.37990792805893, -7.495321386592238], [109.37990792805893, -7.495590879944735], [109.37963843470644, -7.495590879944735], [109.37963843470644, -7.495860373297232], [109.37936894135393, -7.495860373297232], [109.37936894135393, -7.49612986664973], [109.37909944800144, -7.49612986664973], [109.37909944800144, -7.496399360002227], [109.37882995464894, -7.496399360002227], [109.37882995464894, -7.496668853354724], [109.37856046129644, -7.496668853354724], [109.37856046129644, -7.496938346707221], [109.37748248788645, -7.496938346707221], [109.37748248788645, -7.496668853354724], [109.37559603441898, -7.496668853354724], [109.37559603441898, -7.496938346707221], [109.37505704771398, -7.496938346707221], [109.37505704771398, -7.497207840059719], [109.37478755436148, -7.497207840059719], [109.37478755436148, -7.497477333412216], [109.37424856765648, -7.497477333412216], [109.37424856765648, -7.497746826764713], [109.37397907430399, -7.497746826764713], [109.37397907430399, -7.498016320117211], [109.372901100894, -7.498016320117211], [109.372901100894, -7.497746826764713], [109.372362114189, -7.497746826764713], [109.372362114189, -7.497477333412216], [109.37155363413152, -7.497477333412216], [109.37155363413152, -7.497207840059719], [109.36939768731153, -7.497207840059719], [109.36939768731153, -7.497477333412216], [109.36778072719655, -7.497477333412216], [109.36778072719655, -7.497207840059719], [109.36724174049155, -7.497207840059719], [109.36724174049155, -7.499633280232194], [109.36697224713906, -7.499633280232194], [109.36697224713906, -7.499902773584692], [109.36670275378656, -7.499902773584692], [109.36670275378656, -7.500172266937189], [109.36643326043406, -7.500172266937189], [109.36643326043406, -7.502328213757168], [109.36616376708156, -7.502328213757168], [109.36616376708156, -7.502597707109665], [109.36589427372907, -7.502597707109665], [109.36589427372907, -7.502867200462163], [109.36562478037656, -7.502867200462163], [109.36562478037656, -7.50313669381466], [109.36535528702407, -7.50313669381466], [109.36535528702407, -7.503675680519654], [109.36508579367157, -7.503675680519654], [109.36508579367157, -7.505292640634638], [109.36535528702407, -7.505292640634638], [109.36535528702407, -7.505831627339632], [109.36508579367157, -7.505831627339632], [109.36508579367157, -7.50610112069213], [109.36481630031908, -7.50610112069213], [109.36481630031908, -7.507179094102119], [109.36508579367157, -7.507179094102119], [109.36508579367157, -7.508257067512108], [109.36481630031908, -7.508257067512108], [109.36481630031908, -7.5090655475696], [109.36508579367157, -7.5090655475696], [109.36508579367157, -7.508526560864605], [109.36535528702407, -7.508526560864605], [109.36535528702407, -7.50798757415961], [109.36562478037656, -7.50798757415961], [109.36562478037656, -7.507179094102119], [109.36589427372907, -7.507179094102119], [109.36589427372907, -7.506909600749622], [109.36616376708156, -7.506909600749622], [109.36616376708156, -7.506640107397124], [109.36643326043406, -7.506640107397124], [109.36643326043406, -7.506370614044627], [109.36670275378656, -7.506370614044627], [109.36670275378656, -7.505292640634638], [109.36643326043406, -7.505292640634638], [109.36643326043406, -7.503945173872151], [109.36697224713906, -7.503945173872151], [109.36697224713906, -7.50313669381466], [109.36751123384406, -7.50313669381466], [109.36751123384406, -7.50205872040467], [109.36778072719655, -7.50205872040467], [109.36778072719655, -7.500980746994681], [109.36805022054905, -7.500980746994681], [109.36805022054905, -7.500711253642184], [109.36858920725405, -7.500711253642184], [109.36858920725405, -7.498285813469708], [109.36966718066402, -7.498285813469708], [109.36966718066402, -7.498016320117211], [109.37047566072152, -7.498016320117211], [109.37047566072152, -7.498285813469708], [109.37074515407402, -7.498285813469708], [109.37074515407402, -7.498555306822206], [109.37101464742652, -7.498555306822206], [109.37101464742652, -7.4990942935272], [109.371823127484, -7.4990942935272], [109.371823127484, -7.499633280232194], [109.37209262083651, -7.499633280232194], [109.37209262083651, -7.499902773584692], [109.373440087599, -7.499902773584692], [109.373440087599, -7.499633280232194], [109.37397907430399, -7.499633280232194], [109.37397907430399, -7.499363786879697], [109.37451806100898, -7.499363786879697], [109.37451806100898, -7.4990942935272], [109.37478755436148, -7.4990942935272], [109.37478755436148, -7.498824800174702], [109.37532654106647, -7.498824800174702], [109.37532654106647, -7.498555306822206], [109.37559603441898, -7.498555306822206], [109.37559603441898, -7.498016320117211], [109.37586552777147, -7.498016320117211], [109.37586552777147, -7.497746826764713], [109.37613502112397, -7.497746826764713], [109.37613502112397, -7.497477333412216], [109.37640451447646, -7.497477333412216], [109.37640451447646, -7.497207840059719], [109.37694350118146, -7.497207840059719], [109.37694350118146, -7.497477333412216], [109.37748248788645, -7.497477333412216], [109.37748248788645, -7.497746826764713], [109.37721299453395, -7.497746826764713], [109.37721299453395, -7.499633280232194], [109.37748248788645, -7.499633280232194], [109.37748248788645, -7.499902773584692], [109.37829096794394, -7.499902773584692], [109.37829096794394, -7.499633280232194], [109.37856046129644, -7.499633280232194], [109.37856046129644, -7.4990942935272], [109.37909944800144, -7.4990942935272], [109.37909944800144, -7.498824800174702], [109.37936894135393, -7.498824800174702], [109.37936894135393, -7.497746826764713], [109.37963843470644, -7.497746826764713], [109.37963843470644, -7.496668853354724], [109.38017742141142, -7.496668853354724], [109.38017742141142, -7.496399360002227], [109.38098590146892, -7.496399360002227], [109.38098590146892, -7.49612986664973], [109.38125539482141, -7.49612986664973], [109.38125539482141, -7.496399360002227], [109.38206387487891, -7.496399360002227], [109.38206387487891, -7.49612986664973], [109.3823333682314, -7.49612986664973], [109.3823333682314, -7.495860373297232], [109.38341134164139, -7.495860373297232], [109.38341134164139, -7.495590879944735], [109.38395032834639, -7.495590879944735], [109.38395032834639, -7.49505189323974], [109.38421982169888, -7.49505189323974], [109.38421982169888, -7.494512906534745], [109.38448931505138, -7.494512906534745], [109.38448931505138, -7.494782399887243], [109.38556728846137, -7.494782399887243], [109.38556728846137, -7.493704426477254], [109.38583678181386, -7.493704426477254], [109.38583678181386, -7.493434933124757], [109.38637576851886, -7.493434933124757], [109.38637576851886, -7.493165439772259], [109.38853171533884, -7.493165439772259], [109.38853171533884, -7.492356959714767], [109.38772323528134, -7.492356959714767], [109.38772323528134, -7.49208746636227], [109.38718424857636, -7.49208746636227], [109.38718424857636, -7.491817973009772], [109.38664526187137, -7.491817973009772], [109.38664526187137, -7.491548479657276], [109.38637576851886, -7.491548479657276], [109.38637576851886, -7.490739999599784], [109.38583678181386, -7.490739999599784], [109.38583678181386, -7.490470506247286], [109.38421982169888, -7.490470506247286], [109.38421982169888, -7.490201012894789], [109.38395032834639, -7.490201012894789], [109.38395032834639, -7.489662026189794], [109.3828723549364, -7.489662026189794], [109.3828723549364, -7.489931519542291], [109.3826028615839, -7.489931519542291], [109.3826028615839, -7.489662026189794], [109.38017742141142, -7.489662026189794], [109.38017742141142, -7.489931519542291], [109.37936894135393, -7.489931519542291], [109.37936894135393, -7.490201012894789], [109.37451806100898, -7.490201012894789], [109.37451806100898, -7.489662026189794], [109.37263160754149, -7.489662026189794], [109.37263160754149, -7.490201012894789], [109.372362114189, -7.490201012894789], [109.372362114189, -7.490470506247286], [109.36966718066402, -7.490470506247286], [109.36966718066402, -7.489931519542291], [109.36993667401653, -7.489931519542291], [109.36993667401653, -7.489662026189794], [109.37020616736902, -7.489662026189794], [109.37020616736902, -7.488853546132303], [109.36939768731153, -7.488853546132303], [109.36939768731153, -7.4891230394848], [109.36858920725405, -7.4891230394848], [109.36858920725405, -7.489662026189794], [109.36831971390154, -7.489662026189794], [109.36831971390154, -7.491009492952281], [109.36805022054905, -7.491009492952281], [109.36805022054905, -7.490739999599784], [109.36778072719655, -7.490739999599784], [109.36778072719655, -7.490470506247286], [109.36724174049155, -7.490470506247286], [109.36724174049155, -7.490201012894789], [109.36697224713906, -7.490201012894789], [109.36697224713906, -7.489931519542291], [109.36670275378656, -7.489931519542291], [109.36670275378656, -7.489662026189794], [109.36589427372907, -7.489662026189794], [109.36589427372907, -7.489931519542291], [109.36508579367157, -7.489931519542291], [109.36508579367157, -7.489392532837297], [109.36481630031908, -7.489392532837297], [109.36481630031908, -7.488853546132303], [109.36508579367157, -7.488853546132303], [109.36508579367157, -7.488584052779805], [109.36562478037656, -7.488584052779805], [109.36562478037656, -7.488314559427308], [109.36616376708156, -7.488314559427308], [109.36616376708156, -7.487506079369815], [109.36562478037656, -7.487506079369815]]]}}, {"type": "Feature", "properties": {"fid": 268, "DN": 1, "Keterangan": "Rendah"}, "geometry": {"type": "Polygon", "coordinates": [[[109.3634688335566, -7.510682507684584], [109.3634688335566, -7.511221494389579], [109.36373832690909, -7.511221494389579], [109.36373832690909, -7.510952001037081], [109.36427731361408, -7.510952001037081], [109.36427731361408, -7.510682507684584], [109.3634688335566, -7.510682507684584]]]}}, {"type": "Feature", "properties": {"fid": 269, "DN": 1, "Keterangan": "Rendah"}, "geometry": {"type": "Polygon", "coordinates": [[[109.42464382457348, -7.460287250767588], [109.42464382457348, -7.460556744120085], [109.42437433122099, -7.460556744120085], [109.42437433122099, -7.460826237472583], [109.42410483786848, -7.460826237472583], [109.42410483786848, -7.46109573082508], [109.423835344516, -7.46109573082508], [109.423835344516, -7.463521170997556], [109.42410483786848, -7.463521170997556], [109.42410483786848, -7.46406015770255], [109.42437433122099, -7.46406015770255], [109.42437433122099, -7.465407624465037], [109.42464382457348, -7.465407624465037], [109.42464382457348, -7.465677117817534], [109.42491331792597, -7.465677117817534], [109.42491331792597, -7.467294077932518], [109.42464382457348, -7.467294077932518], [109.42464382457348, -7.467833064637513], [109.42437433122099, -7.467833064637513], [109.42437433122099, -7.46810255799001], [109.42410483786848, -7.46810255799001], [109.42410483786848, -7.468372051342507], [109.423835344516, -7.468372051342507], [109.423835344516, -7.468911038047501], [109.423296357811, -7.468911038047501], [109.423296357811, -7.469180531399999], [109.42302686445849, -7.469180531399999], [109.42302686445849, -7.469450024752496], [109.4224878777535, -7.469450024752496], [109.4224878777535, -7.469719518104994], [109.422218384401, -7.469719518104994], [109.422218384401, -7.470258504809988], [109.42167939769601, -7.470258504809988], [109.42167939769601, -7.470797491514983], [109.4214099043435, -7.470797491514983], [109.4214099043435, -7.47106698486748], [109.42114041099101, -7.47106698486748], [109.42114041099101, -7.471336478219977], [109.42087091763852, -7.471336478219977], [109.42087091763852, -7.471605971572474], [109.42060142428602, -7.471605971572474], [109.42060142428602, -7.471875464924972], [109.42033193093353, -7.471875464924972], [109.42033193093353, -7.472144958277469], [109.42006243758102, -7.472144958277469], [109.42006243758102, -7.473492425039955], [109.42033193093353, -7.473492425039955], [109.42033193093353, -7.473761918392453], [109.42060142428602, -7.473761918392453], [109.42060142428602, -7.47403141174495], [109.42087091763852, -7.47403141174495], [109.42087091763852, -7.474300905097448], [109.42114041099101, -7.474300905097448], [109.42114041099101, -7.474570398449945], [109.42167939769601, -7.474570398449945], [109.42167939769601, -7.474839891802443], [109.4219488910485, -7.474839891802443], [109.4219488910485, -7.475648371859934], [109.422218384401, -7.475648371859934], [109.422218384401, -7.475917865212431], [109.4214099043435, -7.475917865212431], [109.4214099043435, -7.476187358564929], [109.42114041099101, -7.476187358564929], [109.42114041099101, -7.476456851917426], [109.42060142428602, -7.476456851917426], [109.42060142428602, -7.476726345269924], [109.42033193093353, -7.476726345269924], [109.42033193093353, -7.477265331974918], [109.42006243758102, -7.477265331974918], [109.42006243758102, -7.477534825327416], [109.41979294422853, -7.477534825327416], [109.41979294422853, -7.47807381203241], [109.41952345087603, -7.47807381203241], [109.41952345087603, -7.478612798737405], [109.41925395752354, -7.478612798737405], [109.41925395752354, -7.478882292089902], [109.41898446417103, -7.478882292089902], [109.41898446417103, -7.479151785442399], [109.41736750405605, -7.479151785442399], [109.41736750405605, -7.478882292089902], [109.41548105058857, -7.478882292089902], [109.41548105058857, -7.479151785442399], [109.41359459712109, -7.479151785442399], [109.41359459712109, -7.478882292089902], [109.4130556104161, -7.478882292089902], [109.4130556104161, -7.478612798737405], [109.4125166237111, -7.478612798737405], [109.4125166237111, -7.478343305384907], [109.41224713035861, -7.478343305384907], [109.41224713035861, -7.477804318679913], [109.41170814365361, -7.477804318679913], [109.41170814365361, -7.477265331974918], [109.41143865030111, -7.477265331974918], [109.41143865030111, -7.476456851917426], [109.41170814365361, -7.476456851917426], [109.41170814365361, -7.47403141174495], [109.41143865030111, -7.47403141174495], [109.41143865030111, -7.473222931687459], [109.41116915694862, -7.473222931687459], [109.41116915694862, -7.472953438334962], [109.41089966359611, -7.472953438334962], [109.41089966359611, -7.472683944982464], [109.41063017024362, -7.472683944982464], [109.41063017024362, -7.472414451629967], [109.40982169018613, -7.472414451629967], [109.40982169018613, -7.472144958277469], [109.40901321012863, -7.472144958277469], [109.40901321012863, -7.471875464924972], [109.40820473007115, -7.471875464924972], [109.40820473007115, -7.471605971572474], [109.40766574336615, -7.471605971572474], [109.40766574336615, -7.471336478219977], [109.40712675666116, -7.471336478219977], [109.40712675666116, -7.47106698486748], [109.40631827660366, -7.47106698486748], [109.40631827660366, -7.470797491514983], [109.40524030319368, -7.470797491514983], [109.40524030319368, -7.47106698486748], [109.40497080984117, -7.47106698486748], [109.40497080984117, -7.472144958277469], [109.40470131648868, -7.472144958277469], [109.40470131648868, -7.47403141174495], [109.40443182313618, -7.47403141174495], [109.40443182313618, -7.474570398449945], [109.40416232978369, -7.474570398449945], [109.40416232978369, -7.474839891802443], [109.40389283643118, -7.474839891802443], [109.40389283643118, -7.47510938515494], [109.40362334307869, -7.47510938515494], [109.40362334307869, -7.475378878507437], [109.4030843563737, -7.475378878507437], [109.4030843563737, -7.475648371859934], [109.40281486302119, -7.475648371859934], [109.40281486302119, -7.475917865212431], [109.40146739625871, -7.475917865212431], [109.40146739625871, -7.475648371859934], [109.40065891620122, -7.475648371859934], [109.40065891620122, -7.475378878507437], [109.39985043614372, -7.475378878507437], [109.39985043614372, -7.47510938515494], [109.39931144943873, -7.47510938515494], [109.39931144943873, -7.474839891802443], [109.39877246273373, -7.474839891802443], [109.39877246273373, -7.474570398449945], [109.39796398267625, -7.474570398449945], [109.39796398267625, -7.474839891802443], [109.39715550261876, -7.474839891802443], [109.39715550261876, -7.47510938515494], [109.39634702256126, -7.47510938515494], [109.39634702256126, -7.475378878507437], [109.39553854250377, -7.475378878507437], [109.39553854250377, -7.475648371859934], [109.39473006244629, -7.475648371859934], [109.39473006244629, -7.475917865212431], [109.3925741156263, -7.475917865212431], [109.3925741156263, -7.476187358564929], [109.39203512892131, -7.476187358564929], [109.39203512892131, -7.476456851917426], [109.3917656355688, -7.476456851917426], [109.3917656355688, -7.476726345269924], [109.39149614221631, -7.476726345269924], [109.39149614221631, -7.476995838622421], [109.39095715551132, -7.476995838622421], [109.39095715551132, -7.477265331974918], [109.39068766215883, -7.477265331974918], [109.39068766215883, -7.477534825327416], [109.38987918210132, -7.477534825327416], [109.38987918210132, -7.477804318679913], [109.38880120869133, -7.477804318679913], [109.38880120869133, -7.47807381203241], [109.38772323528134, -7.47807381203241], [109.38772323528134, -7.478343305384907], [109.38691475522386, -7.478343305384907], [109.38691475522386, -7.478612798737405], [109.38610627516637, -7.478612798737405], [109.38610627516637, -7.478882292089902], [109.38556728846137, -7.478882292089902], [109.38556728846137, -7.479151785442399], [109.38502830175638, -7.479151785442399], [109.38502830175638, -7.479421278794897], [109.38448931505138, -7.479421278794897], [109.38448931505138, -7.479690772147394], [109.38421982169888, -7.479690772147394], [109.38421982169888, -7.479960265499892], [109.38395032834639, -7.479960265499892], [109.38395032834639, -7.480499252204885], [109.3836808349939, -7.480499252204885], [109.3836808349939, -7.48103823890988], [109.38341134164139, -7.48103823890988], [109.38341134164139, -7.482655199024864], [109.3836808349939, -7.482655199024864], [109.3836808349939, -7.482924692377361], [109.38475880840387, -7.482924692377361], [109.38475880840387, -7.483194185729859], [109.38529779510887, -7.483194185729859], [109.38529779510887, -7.482924692377361], [109.39149614221631, -7.482924692377361], [109.39149614221631, -7.483194185729859], [109.3917656355688, -7.483194185729859], [109.3917656355688, -7.483463679082356], [109.39203512892131, -7.483463679082356], [109.39203512892131, -7.483733172434853], [109.3923046222738, -7.483733172434853], [109.3923046222738, -7.484541652492346], [109.3925741156263, -7.484541652492346], [109.3925741156263, -7.48508063919734], [109.3928436089788, -7.48508063919734], [109.3928436089788, -7.485350132549837], [109.3931131023313, -7.485350132549837], [109.3931131023313, -7.485619625902334], [109.39338259568379, -7.485619625902334], [109.39338259568379, -7.485889119254832], [109.3936520890363, -7.485889119254832], [109.3936520890363, -7.486158612607329], [109.39419107574129, -7.486158612607329], [109.39419107574129, -7.486697599312324], [109.39446056909378, -7.486697599312324], [109.39446056909378, -7.486967092664822], [109.39473006244629, -7.486967092664822], [109.39473006244629, -7.48804506607481], [109.39446056909378, -7.48804506607481], [109.39446056909378, -7.488314559427308], [109.3936520890363, -7.488314559427308], [109.3936520890363, -7.488584052779805], [109.3923046222738, -7.488584052779805], [109.3923046222738, -7.488314559427308], [109.39203512892131, -7.488314559427308], [109.39203512892131, -7.48804506607481], [109.3917656355688, -7.48804506607481], [109.3917656355688, -7.487775572722313], [109.39149614221631, -7.487775572722313], [109.39149614221631, -7.485350132549837], [109.3912266488638, -7.485350132549837], [109.3912266488638, -7.484811145844843], [109.39068766215883, -7.484811145844843], [109.39068766215883, -7.484541652492346], [109.39041816880632, -7.484541652492346], [109.39041816880632, -7.484272159139848], [109.39014867545383, -7.484272159139848], [109.39014867545383, -7.484002665787351], [109.38853171533884, -7.484002665787351], [109.38853171533884, -7.484272159139848], [109.38799272863385, -7.484272159139848], [109.38799272863385, -7.484541652492346], [109.38772323528134, -7.484541652492346], [109.38772323528134, -7.484811145844843], [109.38448931505138, -7.484811145844843], [109.38448931505138, -7.484541652492346], [109.38395032834639, -7.484541652492346], [109.38395032834639, -7.484272159139848], [109.3836808349939, -7.484272159139848], [109.3836808349939, -7.484002665787351], [109.3828723549364, -7.484002665787351], [109.3828723549364, -7.483733172434853], [109.38098590146892, -7.483733172434853], [109.38098590146892, -7.483463679082356], [109.37990792805893, -7.483463679082356], [109.37990792805893, -7.483733172434853], [109.38017742141142, -7.483733172434853], [109.38017742141142, -7.484002665787351], [109.38044691476392, -7.484002665787351], [109.38044691476392, -7.484272159139848], [109.38071640811641, -7.484272159139848], [109.38071640811641, -7.484541652492346], [109.38125539482141, -7.484541652492346], [109.38125539482141, -7.484811145844843], [109.38152488817391, -7.484811145844843], [109.38152488817391, -7.48508063919734], [109.3831418482889, -7.48508063919734], [109.3831418482889, -7.485619625902334], [109.38610627516637, -7.485619625902334], [109.38610627516637, -7.485889119254832], [109.38691475522386, -7.485889119254832], [109.38691475522386, -7.486158612607329], [109.38799272863385, -7.486158612607329], [109.38799272863385, -7.485889119254832], [109.38826222198634, -7.485889119254832], [109.38826222198634, -7.485619625902334], [109.38853171533884, -7.485619625902334], [109.38853171533884, -7.48508063919734], [109.38880120869133, -7.48508063919734], [109.38880120869133, -7.484811145844843], [109.38934019539633, -7.484811145844843], [109.38934019539633, -7.485350132549837], [109.39014867545383, -7.485350132549837], [109.39014867545383, -7.485619625902334], [109.39068766215883, -7.485619625902334], [109.39068766215883, -7.487775572722313], [109.39041816880632, -7.487775572722313], [109.39041816880632, -7.48804506607481], [109.39014867545383, -7.48804506607481], [109.39014867545383, -7.488314559427308], [109.38987918210132, -7.488314559427308], [109.38987918210132, -7.488853546132303], [109.38934019539633, -7.488853546132303], [109.38934019539633, -7.4891230394848], [109.38880120869133, -7.4891230394848], [109.38880120869133, -7.490739999599784], [109.38907070204384, -7.490739999599784], [109.38907070204384, -7.491009492952281], [109.39041816880632, -7.491009492952281], [109.39041816880632, -7.490739999599784], [109.39068766215883, -7.490739999599784], [109.39068766215883, -7.489392532837297], [109.3917656355688, -7.489392532837297], [109.3917656355688, -7.489662026189794], [109.39203512892131, -7.489662026189794], [109.39203512892131, -7.489931519542291], [109.39338259568379, -7.489931519542291], [109.39338259568379, -7.489392532837297], [109.39419107574129, -7.489392532837297], [109.39419107574129, -7.4891230394848], [109.39473006244629, -7.4891230394848], [109.39473006244629, -7.489392532837297], [109.39634702256126, -7.489392532837297], [109.39634702256126, -7.489662026189794], [109.39661651591376, -7.489662026189794], [109.39661651591376, -7.489931519542291], [109.39688600926625, -7.489931519542291], [109.39688600926625, -7.490201012894789], [109.39796398267625, -7.490201012894789], [109.39796398267625, -7.489931519542291], [109.39850296938124, -7.489931519542291], [109.39850296938124, -7.490470506247286], [109.39877246273373, -7.490470506247286], [109.39877246273373, -7.491009492952281], [109.39904195608624, -7.491009492952281], [109.39904195608624, -7.491278986304778], [109.40011992949623, -7.491278986304778], [109.40011992949623, -7.491009492952281], [109.40038942284872, -7.491009492952281], [109.40038942284872, -7.491817973009772], [109.4025453696687, -7.491817973009772], [109.4025453696687, -7.49208746636227], [109.4030843563737, -7.49208746636227], [109.4030843563737, -7.492626453067264], [109.40281486302119, -7.492626453067264], [109.40281486302119, -7.493704426477254], [109.4025453696687, -7.493704426477254], [109.4025453696687, -7.494512906534745], [109.40281486302119, -7.494512906534745], [109.40281486302119, -7.494782399887243], [109.4030843563737, -7.494782399887243], [109.4030843563737, -7.49505189323974], [109.40335384972619, -7.49505189323974], [109.40335384972619, -7.495860373297232], [109.4030843563737, -7.495860373297232], [109.4030843563737, -7.496668853354724], [109.40362334307869, -7.496668853354724], [109.40362334307869, -7.497207840059719], [109.40443182313618, -7.497207840059719], [109.40443182313618, -7.496938346707221], [109.40470131648868, -7.496938346707221], [109.40470131648868, -7.497207840059719], [109.40497080984117, -7.497207840059719], [109.40497080984117, -7.497477333412216], [109.40443182313618, -7.497477333412216], [109.40443182313618, -7.499902773584692], [109.40470131648868, -7.499902773584692], [109.40470131648868, -7.500172266937189], [109.40524030319368, -7.500172266937189], [109.40524030319368, -7.500711253642184], [109.40497080984117, -7.500711253642184], [109.40497080984117, -7.501519733699675], [109.40524030319368, -7.501519733699675], [109.40524030319368, -7.502328213757168], [109.40550979654617, -7.502328213757168], [109.40550979654617, -7.502597707109665], [109.40577928989867, -7.502597707109665], [109.40577928989867, -7.502867200462163], [109.40685726330865, -7.502867200462163], [109.40685726330865, -7.50313669381466], [109.40739625001365, -7.50313669381466], [109.40739625001365, -7.503406187167156], [109.40766574336615, -7.503406187167156], [109.40766574336615, -7.504753653929643], [109.40793523671864, -7.504753653929643], [109.40793523671864, -7.505292640634638], [109.40820473007115, -7.505292640634638], [109.40820473007115, -7.505831627339632], [109.40847422342364, -7.505831627339632], [109.40847422342364, -7.506370614044627], [109.40793523671864, -7.506370614044627], [109.40793523671864, -7.506640107397124], [109.40766574336615, -7.506640107397124], [109.40766574336615, -7.511760481094573], [109.40793523671864, -7.511760481094573], [109.40793523671864, -7.513377441209557], [109.40820473007115, -7.513377441209557], [109.40820473007115, -7.513646934562054], [109.40793523671864, -7.513646934562054], [109.40793523671864, -7.514994401324541], [109.40820473007115, -7.514994401324541], [109.40820473007115, -7.515263894677038], [109.40874371677614, -7.515263894677038], [109.40874371677614, -7.516611361439525], [109.40901321012863, -7.516611361439525], [109.40901321012863, -7.517689334849514], [109.40982169018613, -7.517689334849514], [109.40982169018613, -7.517419841497016], [109.4125166237111, -7.517419841497016], [109.4125166237111, -7.517150348144519], [109.4133251037686, -7.517150348144519], [109.4133251037686, -7.517419841497016], [109.41359459712109, -7.517419841497016], [109.41359459712109, -7.517689334849514], [109.41386409047358, -7.517689334849514], [109.41386409047358, -7.517958828202011], [109.41494206388357, -7.517958828202011], [109.41494206388357, -7.518228321554509], [109.41521155723608, -7.518228321554509], [109.41521155723608, -7.518497814907006], [109.41602003729356, -7.518497814907006], [109.41602003729356, -7.517419841497016], [109.41548105058857, -7.517419841497016], [109.41548105058857, -7.517150348144519], [109.41440307717858, -7.517150348144519], [109.41440307717858, -7.516611361439525], [109.41386409047358, -7.516611361439525], [109.41386409047358, -7.516341868087028], [109.41143865030111, -7.516341868087028], [109.41143865030111, -7.51607237473453], [109.41116915694862, -7.51607237473453], [109.41116915694862, -7.515802881382033], [109.41009118353863, -7.515802881382033], [109.41009118353863, -7.515533388029535], [109.40982169018613, -7.515533388029535], [109.40982169018613, -7.514455414619547], [109.40928270348114, -7.514455414619547], [109.40928270348114, -7.513646934562054], [109.40955219683363, -7.513646934562054], [109.40955219683363, -7.511760481094573], [109.40928270348114, -7.511760481094573], [109.40928270348114, -7.511490987742076], [109.40901321012863, -7.511490987742076], [109.40901321012863, -7.509604534274595], [109.40874371677614, -7.509604534274595], [109.40874371677614, -7.5090655475696], [109.40901321012863, -7.5090655475696], [109.40901321012863, -7.50798757415961], [109.40928270348114, -7.50798757415961], [109.40928270348114, -7.507179094102119], [109.40955219683363, -7.507179094102119], [109.40955219683363, -7.506909600749622], [109.41036067689112, -7.506909600749622], [109.41036067689112, -7.504214667224649], [109.41009118353863, -7.504214667224649], [109.41009118353863, -7.503675680519654], [109.40955219683363, -7.503675680519654], [109.40955219683363, -7.503406187167156], [109.40928270348114, -7.503406187167156], [109.40928270348114, -7.50313669381466], [109.40901321012863, -7.50313669381466], [109.40901321012863, -7.50205872040467], [109.40793523671864, -7.50205872040467], [109.40793523671864, -7.501789227052173], [109.40766574336615, -7.501789227052173], [109.40766574336615, -7.501519733699675], [109.40739625001365, -7.501519733699675], [109.40739625001365, -7.501250240347178], [109.40685726330865, -7.501250240347178], [109.40685726330865, -7.499902773584692], [109.40658776995616, -7.499902773584692], [109.40658776995616, -7.499363786879697], [109.40631827660366, -7.499363786879697], [109.40631827660366, -7.498824800174702], [109.40658776995616, -7.498824800174702], [109.40658776995616, -7.498016320117211], [109.40685726330865, -7.498016320117211], [109.40685726330865, -7.496668853354724], [109.40658776995616, -7.496668853354724], [109.40658776995616, -7.496399360002227], [109.40631827660366, -7.496399360002227], [109.40631827660366, -7.49612986664973], [109.40604878325117, -7.49612986664973], [109.40604878325117, -7.495860373297232], [109.40550979654617, -7.495860373297232], [109.40550979654617, -7.495590879944735], [109.40524030319368, -7.495590879944735], [109.40524030319368, -7.495321386592238], [109.40497080984117, -7.495321386592238], [109.40497080984117, -7.49505189323974], [109.40470131648868, -7.49505189323974], [109.40470131648868, -7.494243413182248], [109.40443182313618, -7.494243413182248], [109.40443182313618, -7.493973919829751], [109.40389283643118, -7.493973919829751], [109.40389283643118, -7.492895946419762], [109.40416232978369, -7.492895946419762], [109.40416232978369, -7.49208746636227], [109.40497080984117, -7.49208746636227], [109.40497080984117, -7.491548479657276], [109.40524030319368, -7.491548479657276], [109.40524030319368, -7.490470506247286], [109.40497080984117, -7.490470506247286], [109.40497080984117, -7.490201012894789], [109.40470131648868, -7.490201012894789], [109.40470131648868, -7.489931519542291], [109.40443182313618, -7.489931519542291], [109.40443182313618, -7.489662026189794], [109.40416232978369, -7.489662026189794], [109.40416232978369, -7.489392532837297], [109.40335384972619, -7.489392532837297], [109.40335384972619, -7.4891230394848], [109.4025453696687, -7.4891230394848], [109.4025453696687, -7.489392532837297], [109.40146739625871, -7.489392532837297], [109.40146739625871, -7.489662026189794], [109.40119790290622, -7.489662026189794], [109.40119790290622, -7.489392532837297], [109.40092840955371, -7.489392532837297], [109.40092840955371, -7.4891230394848], [109.40065891620122, -7.4891230394848], [109.40065891620122, -7.488853546132303], [109.39985043614372, -7.488853546132303], [109.39985043614372, -7.4891230394848], [109.39931144943873, -7.4891230394848], [109.39931144943873, -7.489392532837297], [109.39904195608624, -7.489392532837297], [109.39904195608624, -7.488853546132303], [109.39931144943873, -7.488853546132303], [109.39931144943873, -7.487775572722313], [109.39904195608624, -7.487775572722313], [109.39904195608624, -7.487506079369815], [109.39877246273373, -7.487506079369815], [109.39877246273373, -7.487236586017318], [109.39796398267625, -7.487236586017318], [109.39796398267625, -7.488314559427308], [109.39742499597125, -7.488314559427308], [109.39742499597125, -7.488584052779805], [109.39715550261876, -7.488584052779805], [109.39715550261876, -7.488314559427308], [109.39661651591376, -7.488314559427308], [109.39661651591376, -7.48804506607481], [109.39634702256126, -7.48804506607481], [109.39634702256126, -7.487775572722313], [109.39607752920877, -7.487775572722313], [109.39607752920877, -7.487236586017318], [109.39553854250377, -7.487236586017318], [109.39553854250377, -7.486967092664822], [109.39580803585626, -7.486967092664822], [109.39580803585626, -7.486697599312324], [109.39607752920877, -7.486697599312324], [109.39607752920877, -7.485889119254832], [109.39580803585626, -7.485889119254832], [109.39580803585626, -7.485619625902334], [109.39526904915127, -7.485619625902334], [109.39526904915127, -7.484811145844843], [109.39499955579878, -7.484811145844843], [109.39499955579878, -7.484541652492346], [109.39473006244629, -7.484541652492346], [109.39473006244629, -7.484272159139848], [109.39392158238878, -7.484272159139848], [109.39392158238878, -7.483194185729859], [109.3936520890363, -7.483194185729859], [109.3936520890363, -7.482924692377361], [109.3928436089788, -7.482924692377361], [109.3928436089788, -7.482655199024864], [109.3925741156263, -7.482655199024864], [109.3925741156263, -7.48211621231987], [109.39203512892131, -7.48211621231987], [109.39203512892131, -7.481577225614875], [109.3917656355688, -7.481577225614875], [109.3917656355688, -7.48103823890988], [109.39014867545383, -7.48103823890988], [109.39014867545383, -7.481307732262378], [109.38987918210132, -7.481307732262378], [109.38987918210132, -7.481577225614875], [109.38880120869133, -7.481577225614875], [109.38880120869133, -7.480768745557383], [109.38745374192885, -7.480768745557383], [109.38745374192885, -7.481577225614875], [109.38718424857636, -7.481577225614875], [109.38718424857636, -7.481307732262378], [109.38610627516637, -7.481307732262378], [109.38610627516637, -7.481577225614875], [109.38556728846137, -7.481577225614875], [109.38556728846137, -7.481846718967373], [109.38529779510887, -7.481846718967373], [109.38529779510887, -7.48211621231987], [109.38502830175638, -7.48211621231987], [109.38502830175638, -7.482655199024864], [109.38475880840387, -7.482655199024864], [109.38475880840387, -7.482385705672367], [109.38421982169888, -7.482385705672367], [109.38421982169888, -7.481846718967373], [109.38475880840387, -7.481846718967373], [109.38475880840387, -7.479960265499892], [109.38529779510887, -7.479960265499892], [109.38529779510887, -7.479690772147394], [109.38664526187137, -7.479690772147394], [109.38664526187137, -7.479421278794897], [109.38772323528134, -7.479421278794897], [109.38772323528134, -7.479960265499892], [109.38799272863385, -7.479960265499892], [109.38799272863385, -7.480229758852388], [109.39041816880632, -7.480229758852388], [109.39041816880632, -7.479690772147394], [109.39068766215883, -7.479690772147394], [109.39068766215883, -7.479421278794897], [109.39095715551132, -7.479421278794897], [109.39095715551132, -7.479690772147394], [109.3912266488638, -7.479690772147394], [109.3912266488638, -7.479960265499892], [109.39149614221631, -7.479960265499892], [109.39149614221631, -7.480499252204885], [109.39203512892131, -7.480499252204885], [109.39203512892131, -7.480768745557383], [109.39338259568379, -7.480768745557383], [109.39338259568379, -7.48103823890988], [109.39392158238878, -7.48103823890988], [109.39392158238878, -7.481307732262378], [109.39419107574129, -7.481307732262378], [109.39419107574129, -7.481577225614875], [109.39553854250377, -7.481577225614875], [109.39553854250377, -7.481307732262378], [109.39607752920877, -7.481307732262378], [109.39607752920877, -7.48103823890988], [109.39634702256126, -7.48103823890988], [109.39634702256126, -7.479960265499892], [109.39607752920877, -7.479960265499892], [109.39607752920877, -7.479421278794897], [109.39634702256126, -7.479421278794897], [109.39634702256126, -7.478882292089902], [109.39904195608624, -7.478882292089902], [109.39904195608624, -7.479421278794897], [109.39958094279123, -7.479421278794897], [109.39958094279123, -7.479690772147394], [109.39985043614372, -7.479690772147394], [109.39985043614372, -7.479960265499892], [109.39958094279123, -7.479960265499892], [109.39958094279123, -7.480229758852388], [109.39769448932375, -7.480229758852388], [109.39769448932375, -7.48103823890988], [109.39877246273373, -7.48103823890988], [109.39877246273373, -7.481307732262378], [109.40038942284872, -7.481307732262378], [109.40038942284872, -7.48103823890988], [109.40092840955371, -7.48103823890988], [109.40092840955371, -7.480768745557383], [109.40173688961121, -7.480768745557383], [109.40173688961121, -7.480499252204885], [109.4020063829637, -7.480499252204885], [109.4020063829637, -7.480768745557383], [109.4025453696687, -7.480768745557383], [109.4025453696687, -7.48103823890988], [109.40335384972619, -7.48103823890988], [109.40335384972619, -7.480768745557383], [109.40362334307869, -7.480768745557383], [109.40362334307869, -7.479421278794897], [109.40335384972619, -7.479421278794897], [109.40335384972619, -7.479151785442399], [109.40146739625871, -7.479151785442399], [109.40146739625871, -7.478882292089902], [109.40119790290622, -7.478882292089902], [109.40119790290622, -7.478612798737405], [109.40092840955371, -7.478612798737405], [109.40092840955371, -7.477804318679913], [109.39958094279123, -7.477804318679913], [109.39958094279123, -7.477534825327416], [109.39580803585626, -7.477534825327416], [109.39580803585626, -7.477804318679913], [109.39553854250377, -7.477804318679913], [109.39553854250377, -7.477534825327416], [109.39392158238878, -7.477534825327416], [109.39392158238878, -7.477804318679913], [109.3936520890363, -7.477804318679913], [109.3936520890363, -7.47807381203241], [109.39338259568379, -7.47807381203241], [109.39338259568379, -7.478343305384907], [109.3928436089788, -7.478343305384907], [109.3928436089788, -7.47807381203241], [109.3925741156263, -7.47807381203241], [109.3925741156263, -7.477804318679913], [109.3923046222738, -7.477804318679913], [109.3923046222738, -7.477534825327416], [109.39203512892131, -7.477534825327416], [109.39203512892131, -7.477265331974918], [109.39526904915127, -7.477265331974918], [109.39526904915127, -7.476995838622421], [109.39580803585626, -7.476995838622421], [109.39580803585626, -7.476726345269924], [109.39634702256126, -7.476726345269924], [109.39634702256126, -7.476456851917426], [109.39688600926625, -7.476456851917426], [109.39688600926625, -7.475917865212431], [109.39715550261876, -7.475917865212431], [109.39715550261876, -7.475648371859934], [109.39769448932375, -7.475648371859934], [109.39769448932375, -7.475917865212431], [109.39958094279123, -7.475917865212431], [109.39958094279123, -7.476187358564929], [109.39985043614372, -7.476187358564929], [109.39985043614372, -7.476456851917426], [109.40119790290622, -7.476456851917426], [109.40119790290622, -7.476726345269924], [109.4030843563737, -7.476726345269924], [109.4030843563737, -7.476456851917426], [109.40389283643118, -7.476456851917426], [109.40389283643118, -7.476187358564929], [109.40416232978369, -7.476187358564929], [109.40416232978369, -7.475917865212431], [109.40443182313618, -7.475917865212431], [109.40443182313618, -7.475648371859934], [109.40497080984117, -7.475648371859934], [109.40497080984117, -7.475378878507437], [109.40524030319368, -7.475378878507437], [109.40524030319368, -7.474570398449945], [109.40550979654617, -7.474570398449945], [109.40550979654617, -7.472414451629967], [109.40577928989867, -7.472414451629967], [109.40577928989867, -7.472144958277469], [109.40604878325117, -7.472144958277469], [109.40604878325117, -7.471875464924972], [109.40766574336615, -7.471875464924972], [109.40766574336615, -7.472953438334962], [109.40793523671864, -7.472953438334962], [109.40793523671864, -7.473222931687459], [109.40901321012863, -7.473222931687459], [109.40901321012863, -7.472953438334962], [109.40928270348114, -7.472953438334962], [109.40928270348114, -7.473222931687459], [109.40955219683363, -7.473222931687459], [109.40955219683363, -7.473492425039955], [109.40982169018613, -7.473492425039955], [109.40982169018613, -7.47403141174495], [109.41009118353863, -7.47403141174495], [109.41009118353863, -7.474300905097448], [109.41036067689112, -7.474300905097448], [109.41036067689112, -7.474570398449945], [109.41063017024362, -7.474570398449945], [109.41063017024362, -7.474839891802443], [109.41089966359611, -7.474839891802443], [109.41089966359611, -7.476456851917426], [109.41063017024362, -7.476456851917426], [109.41063017024362, -7.477804318679913], [109.41089966359611, -7.477804318679913], [109.41089966359611, -7.478343305384907], [109.41116915694862, -7.478343305384907], [109.41116915694862, -7.479151785442399], [109.4125166237111, -7.479151785442399], [109.4125166237111, -7.479421278794897], [109.4130556104161, -7.479421278794897], [109.4130556104161, -7.479690772147394], [109.41440307717858, -7.479690772147394], [109.41440307717858, -7.479960265499892], [109.41548105058857, -7.479960265499892], [109.41548105058857, -7.479690772147394], [109.41575054394107, -7.479690772147394], [109.41575054394107, -7.479421278794897], [109.41790649076104, -7.479421278794897], [109.41790649076104, -7.479690772147394], [109.41871497081854, -7.479690772147394], [109.41871497081854, -7.480229758852388], [109.41844547746604, -7.480229758852388], [109.41844547746604, -7.480499252204885], [109.41817598411355, -7.480499252204885], [109.41817598411355, -7.480768745557383], [109.41790649076104, -7.480768745557383], [109.41790649076104, -7.482924692377361], [109.41817598411355, -7.482924692377361], [109.41817598411355, -7.483194185729859], [109.41844547746604, -7.483194185729859], [109.41844547746604, -7.484002665787351], [109.41871497081854, -7.484002665787351], [109.41871497081854, -7.484272159139848], [109.41898446417103, -7.484272159139848], [109.41898446417103, -7.484541652492346], [109.42033193093353, -7.484541652492346], [109.42033193093353, -7.484002665787351], [109.42060142428602, -7.484002665787351], [109.42060142428602, -7.483463679082356], [109.42114041099101, -7.483463679082356], [109.42114041099101, -7.482924692377361], [109.4214099043435, -7.482924692377361], [109.4214099043435, -7.483463679082356], [109.42167939769601, -7.483463679082356], [109.42167939769601, -7.483733172434853], [109.4219488910485, -7.483733172434853], [109.4219488910485, -7.485350132549837], [109.422218384401, -7.485350132549837], [109.422218384401, -7.485889119254832], [109.4224878777535, -7.485889119254832], [109.4224878777535, -7.486158612607329], [109.422757371106, -7.486158612607329], [109.422757371106, -7.486967092664822], [109.4224878777535, -7.486967092664822], [109.4224878777535, -7.487775572722313], [109.422757371106, -7.487775572722313], [109.422757371106, -7.488584052779805], [109.4224878777535, -7.488584052779805], [109.4224878777535, -7.488314559427308], [109.42167939769601, -7.488314559427308], [109.42167939769601, -7.488584052779805], [109.4214099043435, -7.488584052779805], [109.4214099043435, -7.488853546132303], [109.42114041099101, -7.488853546132303], [109.42114041099101, -7.489392532837297], [109.42060142428602, -7.489392532837297], [109.42060142428602, -7.489931519542291], [109.42033193093353, -7.489931519542291], [109.42033193093353, -7.490201012894789], [109.42006243758102, -7.490201012894789], [109.42006243758102, -7.490470506247286], [109.41979294422853, -7.490470506247286], [109.41979294422853, -7.490739999599784], [109.41925395752354, -7.490739999599784], [109.41925395752354, -7.491009492952281], [109.41898446417103, -7.491009492952281], [109.41898446417103, -7.491278986304778], [109.41844547746604, -7.491278986304778], [109.41844547746604, -7.491548479657276], [109.41817598411355, -7.491548479657276], [109.41817598411355, -7.492626453067264], [109.41844547746604, -7.492626453067264], [109.41844547746604, -7.493165439772259], [109.42087091763852, -7.493165439772259], [109.42087091763852, -7.493434933124757], [109.4214099043435, -7.493434933124757], [109.4214099043435, -7.493704426477254], [109.4219488910485, -7.493704426477254], [109.4219488910485, -7.493973919829751], [109.4224878777535, -7.493973919829751], [109.4224878777535, -7.49505189323974], [109.42302686445849, -7.49505189323974], [109.42302686445849, -7.495321386592238], [109.423296357811, -7.495321386592238], [109.423296357811, -7.495860373297232], [109.42356585116349, -7.495860373297232], [109.42356585116349, -7.49612986664973], [109.42464382457348, -7.49612986664973], [109.42464382457348, -7.495860373297232], [109.42653027804096, -7.495860373297232], [109.42653027804096, -7.495590879944735], [109.42706926474595, -7.495590879944735], [109.42706926474595, -7.495321386592238], [109.42733875809846, -7.495321386592238], [109.42733875809846, -7.49505189323974], [109.42760825145095, -7.49505189323974], [109.42760825145095, -7.494782399887243], [109.42787774480345, -7.494782399887243], [109.42787774480345, -7.494512906534745], [109.42814723815594, -7.494512906534745], [109.42814723815594, -7.494243413182248], [109.42841673150845, -7.494243413182248], [109.42841673150845, -7.493973919829751], [109.42895571821343, -7.493973919829751], [109.42895571821343, -7.493704426477254], [109.42976419827093, -7.493704426477254], [109.42976419827093, -7.493434933124757], [109.43030318497593, -7.493434933124757], [109.43030318497593, -7.492895946419762], [109.43057267832842, -7.492895946419762], [109.43057267832842, -7.492626453067264], [109.43111166503341, -7.492626453067264], [109.43111166503341, -7.492356959714767], [109.43138115838592, -7.492356959714767], [109.43138115838592, -7.491548479657276], [109.43111166503341, -7.491548479657276], [109.43111166503341, -7.491278986304778], [109.42922521156594, -7.491278986304778], [109.42922521156594, -7.491548479657276], [109.42841673150845, -7.491548479657276], [109.42841673150845, -7.491278986304778], [109.42814723815594, -7.491278986304778], [109.42814723815594, -7.491009492952281], [109.42787774480345, -7.491009492952281], [109.42787774480345, -7.490739999599784], [109.42572179798347, -7.490739999599784], [109.42572179798347, -7.490470506247286], [109.42545230463097, -7.490470506247286], [109.42545230463097, -7.490201012894789], [109.42437433122099, -7.490201012894789], [109.42437433122099, -7.489931519542291], [109.42410483786848, -7.489931519542291], [109.42410483786848, -7.489662026189794], [109.42356585116349, -7.489662026189794], [109.42356585116349, -7.489392532837297], [109.423835344516, -7.489392532837297], [109.423835344516, -7.4891230394848], [109.42410483786848, -7.4891230394848], [109.42410483786848, -7.488853546132303], [109.42437433122099, -7.488853546132303], [109.42437433122099, -7.486967092664822], [109.423835344516, -7.486967092664822], [109.423835344516, -7.486697599312324], [109.42464382457348, -7.486697599312324], [109.42464382457348, -7.486428105959827], [109.42518281127848, -7.486428105959827], [109.42518281127848, -7.486697599312324], [109.42679977139346, -7.486697599312324], [109.42679977139346, -7.48508063919734], [109.42653027804096, -7.48508063919734], [109.42653027804096, -7.484811145844843], [109.42545230463097, -7.484811145844843], [109.42545230463097, -7.484272159139848], [109.42518281127848, -7.484272159139848], [109.42518281127848, -7.483733172434853], [109.42491331792597, -7.483733172434853], [109.42491331792597, -7.483194185729859], [109.42464382457348, -7.483194185729859], [109.42464382457348, -7.482924692377361], [109.42437433122099, -7.482924692377361], [109.42437433122099, -7.481577225614875], [109.42410483786848, -7.481577225614875], [109.42410483786848, -7.481307732262378], [109.423296357811, -7.481307732262378], [109.423296357811, -7.48103823890988], [109.42302686445849, -7.48103823890988], [109.42302686445849, -7.480229758852388], [109.4224878777535, -7.480229758852388], [109.4224878777535, -7.479960265499892], [109.422218384401, -7.479960265499892], [109.422218384401, -7.479690772147394], [109.4214099043435, -7.479690772147394], [109.4214099043435, -7.479421278794897], [109.42006243758102, -7.479421278794897], [109.42006243758102, -7.479151785442399], [109.41979294422853, -7.479151785442399], [109.41979294422853, -7.478882292089902], [109.42006243758102, -7.478882292089902], [109.42006243758102, -7.478343305384907], [109.42033193093353, -7.478343305384907], [109.42033193093353, -7.47807381203241], [109.42060142428602, -7.47807381203241], [109.42060142428602, -7.477804318679913], [109.42087091763852, -7.477804318679913], [109.42087091763852, -7.477534825327416], [109.42114041099101, -7.477534825327416], [109.42114041099101, -7.476726345269924], [109.4214099043435, -7.476726345269924], [109.4214099043435, -7.476456851917426], [109.42167939769601, -7.476456851917426], [109.42167939769601, -7.476726345269924], [109.4219488910485, -7.476726345269924], [109.4219488910485, -7.476995838622421], [109.422218384401, -7.476995838622421], [109.422218384401, -7.477265331974918], [109.4224878777535, -7.477265331974918], [109.4224878777535, -7.477804318679913], [109.422757371106, -7.477804318679913], [109.422757371106, -7.478343305384907], [109.42302686445849, -7.478343305384907], [109.42302686445849, -7.478612798737405], [109.423296357811, -7.478612798737405], [109.423296357811, -7.478882292089902], [109.42410483786848, -7.478882292089902], [109.42410483786848, -7.479151785442399], [109.42437433122099, -7.479151785442399], [109.42437433122099, -7.479421278794897], [109.42518281127848, -7.479421278794897], [109.42518281127848, -7.479690772147394], [109.42545230463097, -7.479690772147394], [109.42545230463097, -7.479960265499892], [109.43057267832842, -7.479960265499892], [109.43057267832842, -7.480229758852388], [109.43084217168092, -7.480229758852388], [109.43084217168092, -7.480499252204885], [109.43138115838592, -7.480499252204885], [109.43138115838592, -7.480768745557383], [109.4327286251484, -7.480768745557383], [109.4327286251484, -7.480499252204885], [109.43353710520589, -7.480499252204885], [109.43353710520589, -7.480229758852388], [109.43434558526339, -7.480229758852388], [109.43434558526339, -7.480499252204885], [109.43488457196838, -7.480499252204885], [109.43488457196838, -7.480768745557383], [109.43596254537837, -7.480768745557383], [109.43596254537837, -7.481307732262378], [109.43838798555085, -7.481307732262378], [109.43838798555085, -7.48103823890988], [109.43865747890334, -7.48103823890988], [109.43865747890334, -7.480499252204885], [109.43757950549335, -7.480499252204885], [109.43757950549335, -7.480768745557383], [109.43650153208335, -7.480768745557383], [109.43650153208335, -7.480499252204885], [109.43596254537837, -7.480499252204885], [109.43596254537837, -7.480229758852388], [109.43542355867338, -7.480229758852388], [109.43542355867338, -7.479960265499892], [109.43461507861588, -7.479960265499892], [109.43461507861588, -7.479690772147394], [109.43380659855839, -7.479690772147394], [109.43380659855839, -7.479421278794897], [109.4332676118534, -7.479421278794897], [109.4332676118534, -7.479151785442399], [109.43299811850089, -7.479151785442399], [109.43299811850089, -7.478882292089902], [109.4332676118534, -7.478882292089902], [109.4332676118534, -7.478612798737405], [109.43380659855839, -7.478612798737405], [109.43380659855839, -7.478343305384907], [109.43407609191088, -7.478343305384907], [109.43407609191088, -7.47807381203241], [109.43542355867338, -7.47807381203241], [109.43542355867338, -7.477804318679913], [109.43596254537837, -7.477804318679913], [109.43596254537837, -7.477534825327416], [109.43623203873086, -7.477534825327416], [109.43623203873086, -7.477265331974918], [109.43650153208335, -7.477265331974918], [109.43650153208335, -7.476995838622421], [109.43677102543586, -7.476995838622421], [109.43677102543586, -7.476187358564929], [109.43650153208335, -7.476187358564929], [109.43650153208335, -7.475378878507437], [109.43623203873086, -7.475378878507437], [109.43623203873086, -7.474570398449945], [109.43596254537837, -7.474570398449945], [109.43596254537837, -7.473222931687459], [109.43650153208335, -7.473222931687459], [109.43650153208335, -7.472953438334962], [109.43677102543586, -7.472953438334962], [109.43677102543586, -7.472683944982464], [109.43704051878835, -7.472683944982464], [109.43704051878835, -7.472414451629967], [109.43731001214086, -7.472414451629967], [109.43731001214086, -7.472144958277469], [109.43757950549335, -7.472144958277469], [109.43757950549335, -7.471875464924972], [109.43784899884585, -7.471875464924972], [109.43784899884585, -7.471605971572474], [109.43838798555085, -7.471605971572474], [109.43838798555085, -7.471336478219977], [109.43946595896084, -7.471336478219977], [109.43946595896084, -7.47106698486748], [109.44108291907581, -7.47106698486748], [109.44108291907581, -7.471336478219977], [109.4424303858383, -7.471336478219977], [109.4424303858383, -7.471605971572474], [109.44458633265828, -7.471605971572474], [109.44458633265828, -7.471875464924972], [109.44512531936327, -7.471875464924972], [109.44512531936327, -7.472144958277469], [109.44539481271578, -7.472144958277469], [109.44539481271578, -7.472414451629967], [109.44566430606827, -7.472414451629967], [109.44566430606827, -7.472683944982464], [109.44593379942077, -7.472683944982464], [109.44593379942077, -7.473222931687459], [109.44620329277326, -7.473222931687459], [109.44620329277326, -7.473492425039955], [109.44647278612577, -7.473492425039955], [109.44647278612577, -7.473222931687459], [109.44674227947826, -7.473222931687459], [109.44674227947826, -7.472144958277469], [109.44620329277326, -7.472144958277469], [109.44620329277326, -7.471875464924972], [109.44566430606827, -7.471875464924972], [109.44566430606827, -7.471336478219977], [109.44647278612577, -7.471336478219977], [109.44647278612577, -7.470527998162486], [109.4432388658958, -7.470527998162486], [109.4432388658958, -7.470797491514983], [109.4429693725433, -7.470797491514983], [109.4429693725433, -7.47106698486748], [109.4421608924858, -7.47106698486748], [109.4421608924858, -7.470258504809988], [109.44189139913331, -7.470258504809988], [109.44189139913331, -7.469989011457491], [109.44054393237082, -7.469989011457491], [109.44054393237082, -7.470797491514983], [109.44027443901832, -7.470797491514983], [109.44027443901832, -7.470527998162486], [109.43973545231333, -7.470527998162486], [109.43973545231333, -7.470258504809988], [109.43946595896084, -7.470258504809988], [109.43946595896084, -7.469989011457491], [109.43838798555085, -7.469989011457491], [109.43838798555085, -7.470258504809988], [109.43811849219834, -7.470258504809988], [109.43811849219834, -7.470797491514983], [109.43757950549335, -7.470797491514983], [109.43757950549335, -7.471605971572474], [109.43731001214086, -7.471605971572474], [109.43731001214086, -7.471875464924972], [109.43677102543586, -7.471875464924972], [109.43677102543586, -7.471605971572474], [109.43650153208335, -7.471605971572474], [109.43650153208335, -7.471336478219977], [109.43407609191088, -7.471336478219977], [109.43407609191088, -7.471605971572474], [109.43380659855839, -7.471605971572474], [109.43380659855839, -7.471875464924972], [109.43353710520589, -7.471875464924972], [109.43353710520589, -7.470797491514983], [109.43380659855839, -7.470797491514983], [109.43380659855839, -7.470527998162486], [109.43434558526339, -7.470527998162486], [109.43434558526339, -7.469989011457491], [109.43488457196838, -7.469989011457491], [109.43488457196838, -7.468911038047501], [109.43299811850089, -7.468911038047501], [109.43299811850089, -7.469450024752496], [109.43165065173841, -7.469450024752496], [109.43165065173841, -7.469719518104994], [109.43138115838592, -7.469719518104994], [109.43138115838592, -7.470527998162486], [109.43165065173841, -7.470527998162486], [109.43165065173841, -7.470797491514983], [109.43192014509091, -7.470797491514983], [109.43192014509091, -7.47106698486748], [109.4321896384434, -7.47106698486748], [109.4321896384434, -7.472144958277469], [109.4324591317959, -7.472144958277469], [109.4324591317959, -7.472414451629967], [109.4327286251484, -7.472414451629967], [109.4327286251484, -7.473222931687459], [109.4324591317959, -7.473222931687459], [109.4324591317959, -7.473492425039955], [109.4321896384434, -7.473492425039955], [109.4321896384434, -7.473761918392453], [109.43192014509091, -7.473761918392453], [109.43192014509091, -7.474570398449945], [109.4324591317959, -7.474570398449945], [109.4324591317959, -7.474839891802443], [109.43299811850089, -7.474839891802443], [109.43299811850089, -7.475378878507437], [109.43407609191088, -7.475378878507437], [109.43407609191088, -7.47510938515494], [109.43434558526339, -7.47510938515494], [109.43434558526339, -7.474839891802443], [109.43542355867338, -7.474839891802443], [109.43542355867338, -7.47510938515494], [109.43569305202587, -7.47510938515494], [109.43569305202587, -7.475648371859934], [109.43596254537837, -7.475648371859934], [109.43596254537837, -7.476456851917426], [109.43569305202587, -7.476456851917426], [109.43569305202587, -7.477265331974918], [109.43407609191088, -7.477265331974918], [109.43407609191088, -7.477534825327416], [109.4332676118534, -7.477534825327416], [109.4332676118534, -7.477804318679913], [109.43299811850089, -7.477804318679913], [109.43299811850089, -7.47807381203241], [109.4327286251484, -7.47807381203241], [109.4327286251484, -7.478343305384907], [109.43192014509091, -7.478343305384907], [109.43192014509091, -7.47807381203241], [109.43111166503341, -7.47807381203241], [109.43111166503341, -7.477804318679913], [109.42922521156594, -7.477804318679913], [109.42922521156594, -7.47807381203241], [109.42868622486094, -7.47807381203241], [109.42868622486094, -7.477804318679913], [109.42895571821343, -7.477804318679913], [109.42895571821343, -7.476726345269924], [109.42868622486094, -7.476726345269924], [109.42868622486094, -7.475378878507437], [109.42841673150845, -7.475378878507437], [109.42841673150845, -7.47510938515494], [109.42733875809846, -7.47510938515494], [109.42733875809846, -7.475378878507437], [109.42706926474595, -7.475378878507437], [109.42706926474595, -7.475648371859934], [109.42653027804096, -7.475648371859934], [109.42653027804096, -7.475917865212431], [109.42518281127848, -7.475917865212431], [109.42518281127848, -7.476187358564929], [109.42491331792597, -7.476187358564929], [109.42491331792597, -7.476456851917426], [109.42464382457348, -7.476456851917426], [109.42464382457348, -7.476187358564929], [109.42437433122099, -7.476187358564929], [109.42437433122099, -7.474570398449945], [109.42302686445849, -7.474570398449945], [109.42302686445849, -7.474300905097448], [109.422218384401, -7.474300905097448], [109.422218384401, -7.47403141174495], [109.42167939769601, -7.47403141174495], [109.42167939769601, -7.473761918392453], [109.4214099043435, -7.473761918392453], [109.4214099043435, -7.473492425039955], [109.42114041099101, -7.473492425039955], [109.42114041099101, -7.472953438334962], [109.42060142428602, -7.472953438334962], [109.42060142428602, -7.472683944982464], [109.42087091763852, -7.472683944982464], [109.42087091763852, -7.472414451629967], [109.4214099043435, -7.472414451629967], [109.4214099043435, -7.472144958277469], [109.4219488910485, -7.472144958277469], [109.4219488910485, -7.471605971572474], [109.422218384401, -7.471605971572474], [109.422218384401, -7.47106698486748], [109.4224878777535, -7.47106698486748], [109.4224878777535, -7.470797491514983], [109.423296357811, -7.470797491514983], [109.423296357811, -7.470527998162486], [109.42356585116349, -7.470527998162486], [109.42356585116349, -7.470258504809988], [109.423835344516, -7.470258504809988], [109.423835344516, -7.469989011457491], [109.42410483786848, -7.469989011457491], [109.42410483786848, -7.469719518104994], [109.42464382457348, -7.469719518104994], [109.42464382457348, -7.469450024752496], [109.42491331792597, -7.469450024752496], [109.42491331792597, -7.469180531399999], [109.42545230463097, -7.469180531399999], [109.42545230463097, -7.467833064637513], [109.42572179798347, -7.467833064637513], [109.42572179798347, -7.46702458458002], [109.42653027804096, -7.46702458458002], [109.42653027804096, -7.465946611170032], [109.42572179798347, -7.465946611170032], [109.42572179798347, -7.464868637760042], [109.42679977139346, -7.464868637760042], [109.42679977139346, -7.46406015770255], [109.42545230463097, -7.46406015770255], [109.42545230463097, -7.463251677645058], [109.42491331792597, -7.463251677645058], [109.42491331792597, -7.462712690940064], [109.42464382457348, -7.462712690940064], [109.42464382457348, -7.460826237472583], [109.42491331792597, -7.460826237472583], [109.42491331792597, -7.460287250767588], [109.42464382457348, -7.460287250767588]], [[109.423835344516, -7.477265331974918], [109.42679977139346, -7.477265331974918], [109.42679977139346, -7.477534825327416], [109.42706926474595, -7.477534825327416], [109.42706926474595, -7.477804318679913], [109.42733875809846, -7.477804318679913], [109.42733875809846, -7.47807381203241], [109.42760825145095, -7.47807381203241], [109.42760825145095, -7.478612798737405], [109.42733875809846, -7.478612798737405], [109.42733875809846, -7.479151785442399], [109.42518281127848, -7.479151785442399], [109.42518281127848, -7.478882292089902], [109.42491331792597, -7.478882292089902], [109.42491331792597, -7.478612798737405], [109.42437433122099, -7.478612798737405], [109.42437433122099, -7.478343305384907], [109.42410483786848, -7.478343305384907], [109.42410483786848, -7.477804318679913], [109.423835344516, -7.477804318679913], [109.423835344516, -7.477265331974918]], [[109.41871497081854, -7.479421278794897], [109.41898446417103, -7.479421278794897], [109.41898446417103, -7.479690772147394], [109.41871497081854, -7.479690772147394], [109.41871497081854, -7.479421278794897]], [[109.41979294422853, -7.480229758852388], [109.42060142428602, -7.480229758852388], [109.42060142428602, -7.480499252204885], [109.4214099043435, -7.480499252204885], [109.4214099043435, -7.480768745557383], [109.42167939769601, -7.480768745557383], [109.42167939769601, -7.48103823890988], [109.4219488910485, -7.48103823890988], [109.4219488910485, -7.481307732262378], [109.422218384401, -7.481307732262378], [109.422218384401, -7.481846718967373], [109.4224878777535, -7.481846718967373], [109.4224878777535, -7.48211621231987], [109.422757371106, -7.48211621231987], [109.422757371106, -7.482655199024864], [109.42302686445849, -7.482655199024864], [109.42302686445849, -7.482924692377361], [109.423296357811, -7.482924692377361], [109.423296357811, -7.483733172434853], [109.42356585116349, -7.483733172434853], [109.42356585116349, -7.484002665787351], [109.423835344516, -7.484002665787351], [109.423835344516, -7.484541652492346], [109.42410483786848, -7.484541652492346], [109.42410483786848, -7.484811145844843], [109.423835344516, -7.484811145844843], [109.423835344516, -7.48508063919734], [109.42356585116349, -7.48508063919734], [109.42356585116349, -7.484811145844843], [109.423296357811, -7.484811145844843], [109.423296357811, -7.484272159139848], [109.42302686445849, -7.484272159139848], [109.42302686445849, -7.483463679082356], [109.422757371106, -7.483463679082356], [109.422757371106, -7.482924692377361], [109.422218384401, -7.482924692377361], [109.422218384401, -7.482655199024864], [109.4219488910485, -7.482655199024864], [109.4219488910485, -7.482385705672367], [109.42114041099101, -7.482385705672367], [109.42114041099101, -7.48211621231987], [109.42087091763852, -7.48211621231987], [109.42087091763852, -7.481846718967373], [109.42033193093353, -7.481846718967373], [109.42033193093353, -7.481577225614875], [109.41979294422853, -7.481577225614875], [109.41979294422853, -7.480229758852388]], [[109.38745374192885, -7.481846718967373], [109.38772323528134, -7.481846718967373], [109.38772323528134, -7.48211621231987], [109.38745374192885, -7.48211621231987], [109.38745374192885, -7.481846718967373]], [[109.4219488910485, -7.489392532837297], [109.4224878777535, -7.489392532837297], [109.4224878777535, -7.489662026189794], [109.42302686445849, -7.489662026189794], [109.42302686445849, -7.490201012894789], [109.423296357811, -7.490201012894789], [109.423296357811, -7.490739999599784], [109.42356585116349, -7.490739999599784], [109.42356585116349, -7.491009492952281], [109.423835344516, -7.491009492952281], [109.423835344516, -7.491278986304778], [109.42410483786848, -7.491278986304778], [109.42410483786848, -7.491548479657276], [109.42437433122099, -7.491548479657276], [109.42437433122099, -7.491817973009772], [109.42491331792597, -7.491817973009772], [109.42491331792597, -7.492356959714767], [109.42518281127848, -7.492356959714767], [109.42518281127848, -7.493165439772259], [109.42491331792597, -7.493165439772259], [109.42491331792597, -7.493434933124757], [109.423835344516, -7.493434933124757], [109.423835344516, -7.493165439772259], [109.423296357811, -7.493165439772259], [109.423296357811, -7.492895946419762], [109.4224878777535, -7.492895946419762], [109.4224878777535, -7.492626453067264], [109.4219488910485, -7.492626453067264], [109.4219488910485, -7.492356959714767], [109.4214099043435, -7.492356959714767], [109.4214099043435, -7.49208746636227], [109.42087091763852, -7.49208746636227], [109.42087091763852, -7.491548479657276], [109.42060142428602, -7.491548479657276], [109.42060142428602, -7.491009492952281], [109.42087091763852, -7.491009492952281], [109.42087091763852, -7.490470506247286], [109.42114041099101, -7.490470506247286], [109.42114041099101, -7.489931519542291], [109.4214099043435, -7.489931519542291], [109.4214099043435, -7.489662026189794], [109.4219488910485, -7.489662026189794], [109.4219488910485, -7.489392532837297]], [[109.40119790290622, -7.490201012894789], [109.4030843563737, -7.490201012894789], [109.4030843563737, -7.490470506247286], [109.40281486302119, -7.490470506247286], [109.40281486302119, -7.490739999599784], [109.4020063829637, -7.490739999599784], [109.4020063829637, -7.490470506247286], [109.40119790290622, -7.490470506247286], [109.40119790290622, -7.490201012894789]]]}}, {"type": "Feature", "properties": {"fid": 270, "DN": 1, "Keterangan": "Rendah"}, "geometry": {"type": "Polygon", "coordinates": [[[109.36319934020409, -7.512029974447071], [109.36319934020409, -7.512299467799568], [109.3629298468516, -7.512299467799568], [109.3629298468516, -7.512838454504562], [109.3626603534991, -7.512838454504562], [109.3626603534991, -7.51310794785706], [109.3623908601466, -7.51310794785706], [109.3623908601466, -7.513377441209557], [109.3621213667941, -7.513377441209557], [109.3621213667941, -7.514455414619547], [109.3623908601466, -7.514455414619547], [109.3623908601466, -7.515263894677038], [109.3626603534991, -7.515263894677038], [109.3626603534991, -7.515533388029535], [109.3629298468516, -7.515533388029535], [109.3629298468516, -7.51607237473453], [109.36319934020409, -7.51607237473453], [109.36319934020409, -7.516341868087028], [109.3634688335566, -7.516341868087028], [109.3634688335566, -7.516611361439525], [109.36373832690909, -7.516611361439525], [109.36373832690909, -7.516880854792022], [109.36400782026159, -7.516880854792022], [109.36400782026159, -7.517150348144519], [109.36427731361408, -7.517150348144519], [109.36427731361408, -7.517419841497016], [109.36481630031908, -7.517419841497016], [109.36481630031908, -7.517689334849514], [109.36670275378656, -7.517689334849514], [109.36670275378656, -7.517419841497016], [109.36697224713906, -7.517419841497016], [109.36697224713906, -7.516880854792022], [109.36724174049155, -7.516880854792022], [109.36724174049155, -7.516611361439525], [109.36751123384406, -7.516611361439525], [109.36751123384406, -7.516341868087028], [109.36831971390154, -7.516341868087028], [109.36831971390154, -7.516611361439525], [109.36858920725405, -7.516611361439525], [109.36858920725405, -7.516880854792022], [109.36939768731153, -7.516880854792022], [109.36939768731153, -7.517150348144519], [109.36966718066402, -7.517150348144519], [109.36966718066402, -7.517419841497016], [109.36993667401653, -7.517419841497016], [109.36993667401653, -7.517689334849514], [109.37020616736902, -7.517689334849514], [109.37020616736902, -7.517958828202011], [109.37047566072152, -7.517958828202011], [109.37047566072152, -7.518228321554509], [109.37074515407402, -7.518228321554509], [109.37074515407402, -7.518497814907006], [109.37101464742652, -7.518497814907006], [109.37101464742652, -7.518767308259503], [109.37128414077901, -7.518767308259503], [109.37128414077901, -7.519575788316995], [109.37155363413152, -7.519575788316995], [109.37155363413152, -7.519845281669492], [109.371823127484, -7.519845281669492], [109.371823127484, -7.520114775021989], [109.37209262083651, -7.520114775021989], [109.37209262083651, -7.520653761726984], [109.372362114189, -7.520653761726984], [109.372362114189, -7.520923255079482], [109.372901100894, -7.520923255079482], [109.372901100894, -7.521192748431979], [109.37317059424649, -7.521192748431979], [109.37317059424649, -7.521462241784477], [109.373440087599, -7.521462241784477], [109.373440087599, -7.521731735136973], [109.37370958095148, -7.521731735136973], [109.37370958095148, -7.52200122848947], [109.37424856765648, -7.52200122848947], [109.37424856765648, -7.522270721841968], [109.37586552777147, -7.522270721841968], [109.37586552777147, -7.522540215194465], [109.37613502112397, -7.522540215194465], [109.37613502112397, -7.522809708546963], [109.37640451447646, -7.522809708546963], [109.37640451447646, -7.52307920189946], [109.37694350118146, -7.52307920189946], [109.37694350118146, -7.522809708546963], [109.37775198123894, -7.522809708546963], [109.37775198123894, -7.52307920189946], [109.37802147459145, -7.52307920189946], [109.37802147459145, -7.523348695251958], [109.37909944800144, -7.523348695251958], [109.37909944800144, -7.52307920189946], [109.38098590146892, -7.52307920189946], [109.38098590146892, -7.522809708546963], [109.38125539482141, -7.522809708546963], [109.38125539482141, -7.522540215194465], [109.38152488817391, -7.522540215194465], [109.38152488817391, -7.522270721841968], [109.38017742141142, -7.522270721841968], [109.38017742141142, -7.522540215194465], [109.37856046129644, -7.522540215194465], [109.37856046129644, -7.522270721841968], [109.37667400782895, -7.522270721841968], [109.37667400782895, -7.52200122848947], [109.37640451447646, -7.52200122848947], [109.37640451447646, -7.521731735136973], [109.37586552777147, -7.521731735136973], [109.37586552777147, -7.521462241784477], [109.37424856765648, -7.521462241784477], [109.37424856765648, -7.520653761726984], [109.37317059424649, -7.520653761726984], [109.37317059424649, -7.520384268374487], [109.372901100894, -7.520384268374487], [109.372901100894, -7.519036801612001], [109.37263160754149, -7.519036801612001], [109.37263160754149, -7.518497814907006], [109.372362114189, -7.518497814907006], [109.372362114189, -7.518228321554509], [109.37155363413152, -7.518228321554509], [109.37155363413152, -7.517689334849514], [109.37101464742652, -7.517689334849514], [109.37101464742652, -7.517419841497016], [109.37074515407402, -7.517419841497016], [109.37074515407402, -7.517150348144519], [109.37020616736902, -7.517150348144519], [109.37020616736902, -7.516880854792022], [109.36993667401653, -7.516880854792022], [109.36993667401653, -7.516611361439525], [109.36966718066402, -7.516611361439525], [109.36966718066402, -7.516341868087028], [109.36939768731153, -7.516341868087028], [109.36939768731153, -7.51607237473453], [109.36912819395903, -7.51607237473453], [109.36912819395903, -7.515802881382033], [109.36858920725405, -7.515802881382033], [109.36858920725405, -7.515533388029535], [109.36778072719655, -7.515533388029535], [109.36778072719655, -7.515802881382033], [109.36724174049155, -7.515802881382033], [109.36724174049155, -7.51607237473453], [109.36697224713906, -7.51607237473453], [109.36697224713906, -7.516341868087028], [109.36670275378656, -7.516341868087028], [109.36670275378656, -7.516611361439525], [109.36643326043406, -7.516611361439525], [109.36643326043406, -7.516880854792022], [109.36562478037656, -7.516880854792022], [109.36562478037656, -7.517150348144519], [109.36481630031908, -7.517150348144519], [109.36481630031908, -7.516611361439525], [109.36454680696659, -7.516611361439525], [109.36454680696659, -7.516341868087028], [109.36427731361408, -7.516341868087028], [109.36427731361408, -7.51607237473453], [109.36373832690909, -7.51607237473453], [109.36373832690909, -7.515263894677038], [109.36319934020409, -7.515263894677038], [109.36319934020409, -7.514724907972044], [109.3634688335566, -7.514724907972044], [109.3634688335566, -7.514455414619547], [109.36373832690909, -7.514455414619547], [109.36373832690909, -7.514185921267049], [109.36400782026159, -7.514185921267049], [109.36400782026159, -7.51310794785706], [109.36373832690909, -7.51310794785706], [109.36373832690909, -7.512029974447071], [109.36319934020409, -7.512029974447071]]]}}]}