{"type":"FeatureCollection","features":[{"id":"0","type":"Feature","properties":{"DESA":"Piasa Wetan"},"geometry":{"type":"MultiPolygon","coordinates":[[[[109.365152,-7.501865],[109.365604,-7.501858],[109.366658,-7.501563],[109.366947,-7.501365],[109.367692,-7.500907],[109.368616,-7.500657],[109.369376,-7.500814],[109.36953,-7.501511],[109.369579,-7.502487],[109.369605,-7.503084],[109.369681,-7.503455],[109.369769,-7.503917],[109.369149,-7.505976],[109.369166,-7.506483],[109.369214,-7.50698],[109.369375,-7.507478],[109.36967,-7.507768],[109.370288,-7.508277],[109.370979,-7.509229],[109.371154,-7.510062],[109.371143,-7.510713],[109.371004,-7.511535],[109.370772,-7.512122],[109.370442,-7.513043],[109.370365,-7.513504],[109.37028,-7.514209],[109.370121,-7.51561],[109.369798,-7.516269],[109.369619,-7.516657],[109.369398,-7.516909],[109.368999,-7.516917],[109.368602,-7.51687],[109.368286,-7.516281],[109.367919,-7.516135],[109.367617,-7.51636],[109.367319,-7.516684],[109.367066,-7.516982],[109.366942,-7.51728],[109.366735,-7.517532],[109.365804,-7.517646],[109.365489,-7.517582],[109.365165,-7.517517],[109.36475,-7.51747],[109.364293,-7.517378],[109.363904,-7.516762],[109.363571,-7.516489],[109.36314,-7.516],[109.362422,-7.51512],[109.36229,-7.514414],[109.362068,-7.513636],[109.362247,-7.513329],[109.362574,-7.513059],[109.363197,-7.512157],[109.363305,-7.511805],[109.363381,-7.511244],[109.363536,-7.510675],[109.364122,-7.510641],[109.364448,-7.510118],[109.364749,-7.50898],[109.364865,-7.508601],[109.364937,-7.508257],[109.365042,-7.507724],[109.365055,-7.507209],[109.364595,-7.50727],[109.364341,-7.50698],[109.364191,-7.506672],[109.364073,-7.506274],[109.364284,-7.505868],[109.364927,-7.504993],[109.36496,-7.504568],[109.364582,-7.504115],[109.365104,-7.5038],[109.36547,-7.503503],[109.365109,-7.503248],[109.364899,-7.502994],[109.36493,-7.502262],[109.365152,-7.501865]]]]}},{"id":"1","type":"Feature","properties":{"DESA":"Pakikiran"},"geometry":{"type":"MultiPolygon","coordinates":[[[[109.372548,-7.498737],[109.372868,-7.499371],[109.372987,-7.500004],[109.371953,-7.500462],[109.371486,-7.501256],[109.37279,-7.501215],[109.372996,-7.50165],[109.372955,-7.502672],[109.373352,-7.502583],[109.373929,-7.502847],[109.374311,-7.503029],[109.374885,-7.503267],[109.375494,-7.503594],[109.376624,-7.504367],[109.376828,-7.504639],[109.377096,-7.504848],[109.377644,-7.505203],[109.378729,-7.505849],[109.379677,-7.506359],[109.380804,-7.507186],[109.381256,-7.507712],[109.38176,-7.508338],[109.38199,-7.508944],[109.382135,-7.509804],[109.382246,-7.511151],[109.38235,-7.511703],[109.382568,-7.512581],[109.382913,-7.513622],[109.383332,-7.514546],[109.383867,-7.515335],[109.384183,-7.515662],[109.384889,-7.515981],[109.385522,-7.516182],[109.386281,-7.516474],[109.385951,-7.517242],[109.385526,-7.518054],[109.385026,-7.518911],[109.384198,-7.520002],[109.383859,-7.520417],[109.38336,-7.521102],[109.382936,-7.521688],[109.382599,-7.52222],[109.382187,-7.522101],[109.381746,-7.522018],[109.381211,-7.52255],[109.380826,-7.522883],[109.380327,-7.522917],[109.379948,-7.522997],[109.379549,-7.523077],[109.379109,-7.52313],[109.378598,-7.523173],[109.3782,-7.523289],[109.37782,-7.523017],[109.377333,-7.52268],[109.376777,-7.52304],[109.376405,-7.522984],[109.37598,-7.522341],[109.375561,-7.522203],[109.375001,-7.522238],[109.374672,-7.522236],[109.374077,-7.521954],[109.373476,-7.521581],[109.3732,-7.521381],[109.372895,-7.521018],[109.372444,-7.520727],[109.372149,-7.520491],[109.372028,-7.520165],[109.37145,-7.519548],[109.371299,-7.519104],[109.371138,-7.518814],[109.370917,-7.518578],[109.370706,-7.518252],[109.369847,-7.517517],[109.369398,-7.516909],[109.369619,-7.516657],[109.369798,-7.516269],[109.370121,-7.51561],[109.37028,-7.514209],[109.370365,-7.513504],[109.370442,-7.513043],[109.370772,-7.512122],[109.371004,-7.511535],[109.371143,-7.510713],[109.371154,-7.510062],[109.370979,-7.509229],[109.370288,-7.508277],[109.36967,-7.507768],[109.369375,-7.507478],[109.369214,-7.50698],[109.369166,-7.506483],[109.369149,-7.505976],[109.369769,-7.503917],[109.369681,-7.503455],[109.369605,-7.503084],[109.369579,-7.502487],[109.36953,-7.501511],[109.369376,-7.500814],[109.370111,-7.500202],[109.370641,-7.500005],[109.370768,-7.499417],[109.37098,-7.499129],[109.371347,-7.49885],[109.371761,-7.498716],[109.372548,-7.498737]]]]}},{"id":"2","type":"Feature","properties":{"DESA":"brengkok"},"geometry":{"type":"MultiPolygon","coordinates":[[[[109.375,-7.494912],[109.375324,-7.494895],[109.375662,-7.495168],[109.376197,-7.495188],[109.376683,-7.495741],[109.37724,-7.496286],[109.377734,-7.496875],[109.377779,-7.497201],[109.377463,-7.497715],[109.377725,-7.497996],[109.378441,-7.498533],[109.378724,-7.498742],[109.378831,-7.49923],[109.378733,-7.499998],[109.378622,-7.500477],[109.378205,-7.501082],[109.378194,-7.501624],[109.378437,-7.501842],[109.378243,-7.50214],[109.378174,-7.502592],[109.378107,-7.502944],[109.378321,-7.503261],[109.378702,-7.503615],[109.378465,-7.503886],[109.378763,-7.504203],[109.37978,-7.504135],[109.380131,-7.504181],[109.380675,-7.504102],[109.381031,-7.504058],[109.381826,-7.503952],[109.382753,-7.503865],[109.383399,-7.503841],[109.383873,-7.503752],[109.384553,-7.503555],[109.385128,-7.503395],[109.385555,-7.503243],[109.385947,-7.503081],[109.386282,-7.503001],[109.387002,-7.503537],[109.387504,-7.503331],[109.387981,-7.50336],[109.388465,-7.503859],[109.388616,-7.504276],[109.388593,-7.504628],[109.388862,-7.505009],[109.388935,-7.505416],[109.388621,-7.506129],[109.388386,-7.506816],[109.388342,-7.507286],[109.388424,-7.508073],[109.388632,-7.508815],[109.388903,-7.509928],[109.389035,-7.511285],[109.389021,-7.512234],[109.388934,-7.512948],[109.388517,-7.514258],[109.388156,-7.514962],[109.387752,-7.515503],[109.387117,-7.515953],[109.386281,-7.516474],[109.385522,-7.516182],[109.384889,-7.515981],[109.384183,-7.515662],[109.383867,-7.515335],[109.383332,-7.514546],[109.382913,-7.513622],[109.382568,-7.512581],[109.38235,-7.511703],[109.382246,-7.511151],[109.382135,-7.509804],[109.38199,-7.508944],[109.38176,-7.508338],[109.381256,-7.507712],[109.380804,-7.507186],[109.379677,-7.506359],[109.378729,-7.505849],[109.377644,-7.505203],[109.377096,-7.504848],[109.376828,-7.504639],[109.376624,-7.504367],[109.375494,-7.503594],[109.374885,-7.503267],[109.374311,-7.503029],[109.373929,-7.502847],[109.373352,-7.502583],[109.372955,-7.502672],[109.372996,-7.50165],[109.37279,-7.501215],[109.371486,-7.501256],[109.371953,-7.500462],[109.372987,-7.500004],[109.372868,-7.499371],[109.372548,-7.498737],[109.3727,-7.49843],[109.372982,-7.497807],[109.373201,-7.497184],[109.373373,-7.496696],[109.373396,-7.496072],[109.373327,-7.494246],[109.373822,-7.494112],[109.374429,-7.494205],[109.374662,-7.494766],[109.375,-7.494912]]]]}},{"id":"3","type":"Feature","properties":{"DESA":"Penerusan Kulon"},"geometry":{"type":"MultiPolygon","coordinates":[[[[109.383805,-7.493009],[109.383911,-7.493417],[109.384111,-7.494195],[109.384326,-7.494829],[109.384494,-7.495327],[109.384858,-7.496259],[109.385176,-7.496369],[109.385168,-7.497337],[109.385365,-7.498079],[109.385739,-7.49893],[109.38627,-7.499556],[109.386799,-7.499802],[109.387478,-7.49975],[109.388256,-7.499355],[109.388788,-7.499149],[109.389251,-7.499504],[109.389437,-7.500002],[109.389754,-7.50022],[109.389829,-7.500907],[109.389866,-7.50164],[109.389889,-7.502228],[109.390429,-7.502194],[109.390781,-7.502168],[109.390709,-7.503307],[109.390823,-7.503967],[109.391212,-7.504511],[109.391737,-7.505155],[109.392125,-7.505817],[109.392575,-7.507039],[109.392843,-7.508659],[109.392987,-7.509871],[109.392984,-7.510703],[109.392853,-7.511887],[109.392658,-7.513242],[109.392548,-7.514336],[109.392298,-7.515321],[109.392087,-7.515673],[109.391925,-7.515998],[109.391536,-7.51662],[109.391252,-7.517234],[109.390787,-7.517829],[109.390219,-7.518342],[109.389993,-7.518595],[109.389518,-7.519144],[109.389086,-7.519713],[109.388712,-7.520199],[109.388349,-7.520478],[109.388128,-7.520758],[109.388305,-7.521165],[109.389084,-7.521865],[109.390501,-7.522412],[109.391615,-7.523167],[109.392292,-7.523576],[109.392575,-7.524174],[109.392774,-7.524699],[109.393193,-7.525542],[109.394032,-7.527218],[109.394462,-7.52787],[109.394936,-7.528415],[109.395684,-7.528815],[109.396432,-7.529162],[109.396948,-7.529579],[109.39721,-7.530105],[109.397293,-7.530566],[109.397279,-7.531588],[109.397253,-7.532736],[109.397249,-7.53383],[109.397309,-7.534672],[109.397488,-7.535323],[109.397445,-7.53592],[109.397667,-7.536346],[109.397334,-7.53648],[109.396947,-7.536442],[109.396551,-7.536522],[109.396195,-7.536593],[109.395788,-7.536854],[109.395403,-7.536337],[109.394998,-7.535956],[109.394633,-7.535693],[109.394465,-7.535366],[109.394328,-7.534995],[109.394134,-7.534714],[109.393815,-7.534487],[109.393512,-7.534178],[109.393273,-7.533888],[109.392981,-7.533625],[109.392611,-7.533343],[109.392369,-7.533116],[109.39205,-7.532871],[109.391703,-7.532716],[109.391395,-7.532606],[109.391132,-7.532343],[109.390888,-7.532098],[109.390511,-7.531907],[109.390007,-7.531507],[109.389735,-7.531244],[109.389379,-7.530845],[109.388597,-7.530625],[109.388187,-7.530542],[109.387905,-7.530369],[109.387575,-7.530205],[109.387312,-7.529508],[109.38723,-7.529191],[109.387326,-7.528558],[109.387292,-7.527916],[109.387024,-7.527355],[109.38692,-7.526532],[109.386442,-7.525978],[109.386127,-7.525163],[109.385791,-7.524647],[109.385542,-7.524374],[109.385393,-7.524066],[109.385229,-7.523785],[109.384923,-7.524037],[109.384644,-7.524308],[109.384144,-7.524423],[109.38382,-7.524015],[109.383234,-7.52376],[109.382953,-7.523596],[109.382863,-7.523071],[109.382599,-7.52222],[109.382936,-7.521688],[109.38336,-7.521102],[109.383859,-7.520417],[109.384198,-7.520002],[109.385026,-7.518911],[109.385526,-7.518054],[109.385951,-7.517242],[109.386281,-7.516474],[109.387117,-7.515953],[109.387752,-7.515503],[109.388156,-7.514962],[109.388517,-7.514258],[109.388934,-7.512948],[109.389021,-7.512234],[109.389035,-7.511285],[109.388903,-7.509928],[109.388632,-7.508815],[109.388424,-7.508073],[109.388342,-7.507286],[109.388386,-7.506816],[109.388621,-7.506129],[109.388935,-7.505416],[109.388862,-7.505009],[109.388593,-7.504628],[109.388616,-7.504276],[109.388465,-7.503859],[109.387981,-7.50336],[109.387504,-7.503331],[109.387002,-7.503537],[109.386282,-7.503001],[109.385947,-7.503081],[109.385555,-7.503243],[109.385128,-7.503395],[109.384553,-7.503555],[109.383873,-7.503752],[109.383399,-7.503841],[109.382753,-7.503865],[109.381826,-7.503952],[109.381031,-7.504058],[109.380675,-7.504102],[109.380131,-7.504181],[109.37978,-7.504135],[109.378763,-7.504203],[109.378465,-7.503886],[109.378702,-7.503615],[109.378321,-7.503261],[109.378107,-7.502944],[109.378174,-7.502592],[109.378243,-7.50214],[109.378437,-7.501842],[109.378194,-7.501624],[109.378205,-7.501082],[109.378622,-7.500477],[109.378733,-7.499998],[109.378831,-7.49923],[109.378724,-7.498742],[109.378441,-7.498533],[109.377725,-7.497996],[109.377463,-7.497715],[109.377779,-7.497201],[109.377734,-7.496875],[109.37724,-7.496286],[109.376683,-7.495741],[109.376197,-7.495188],[109.376381,-7.494239],[109.376499,-7.493507],[109.376864,-7.493807],[109.377042,-7.494088],[109.377195,-7.494387],[109.377587,-7.494551],[109.377914,-7.494905],[109.379232,-7.494322],[109.379804,-7.49417],[109.380641,-7.493649],[109.381083,-7.493451],[109.381433,-7.493489],[109.381945,-7.493509],[109.382336,-7.493465],[109.382733,-7.49325],[109.383053,-7.493052],[109.383409,-7.492936],[109.383805,-7.493009]]]]}},{"id":"4","type":"Feature","properties":{"DESA":"Penerusan wetan"},"geometry":{"type":"MultiPolygon","coordinates":[[[[109.383911,-7.493417],[109.384451,-7.493319],[109.38474,-7.493601],[109.385204,-7.493756],[109.385495,-7.493459],[109.385919,-7.493768],[109.386408,-7.493724],[109.386796,-7.493509],[109.387229,-7.493366],[109.387855,-7.493675],[109.388021,-7.494101],[109.388395,-7.494437],[109.389522,-7.494549],[109.389775,-7.494767],[109.390085,-7.495094],[109.390024,-7.49541],[109.390263,-7.495881],[109.390581,-7.495747],[109.391391,-7.496283],[109.391592,-7.496691],[109.392193,-7.49691],[109.392808,-7.497319],[109.393308,-7.497502],[109.393993,-7.497667],[109.394452,-7.497561],[109.395554,-7.497546],[109.395048,-7.500375],[109.395267,-7.500855],[109.39586,-7.501318],[109.396645,-7.50171],[109.39707,-7.502561],[109.397244,-7.503005],[109.397474,-7.503431],[109.397518,-7.503766],[109.397852,-7.504743],[109.398277,-7.505893],[109.398446,-7.506301],[109.398564,-7.506717],[109.399039,-7.507506],[109.399155,-7.507976],[109.399405,-7.508484],[109.39942,-7.509117],[109.399249,-7.509613],[109.39894,-7.510489],[109.398747,-7.511149],[109.398575,-7.511998],[109.398372,-7.512621],[109.39823,-7.513896],[109.398097,-7.515767],[109.398104,-7.516572],[109.397711,-7.517339],[109.397487,-7.517917],[109.397156,-7.518847],[109.397101,-7.519651],[109.397139,-7.52061],[109.397089,-7.522789],[109.397065,-7.523485],[109.397084,-7.524136],[109.397113,-7.524941],[109.397196,-7.525303],[109.397479,-7.525955],[109.397952,-7.526599],[109.398499,-7.527126],[109.399214,-7.527933],[109.399423,-7.52844],[109.39978,-7.529047],[109.39984,-7.529771],[109.399817,-7.530494],[109.399549,-7.531596],[109.399175,-7.532617],[109.398824,-7.533375],[109.398473,-7.534088],[109.398183,-7.534575],[109.397929,-7.534782],[109.397488,-7.535323],[109.397309,-7.534672],[109.397249,-7.53383],[109.397253,-7.532736],[109.397279,-7.531588],[109.397293,-7.530566],[109.39721,-7.530105],[109.396948,-7.529579],[109.396432,-7.529162],[109.395684,-7.528815],[109.394936,-7.528415],[109.394462,-7.52787],[109.394032,-7.527218],[109.393193,-7.525542],[109.392774,-7.524699],[109.392575,-7.524174],[109.392292,-7.523576],[109.391615,-7.523167],[109.390501,-7.522412],[109.389084,-7.521865],[109.388305,-7.521165],[109.388128,-7.520758],[109.388349,-7.520478],[109.388712,-7.520199],[109.389086,-7.519713],[109.389518,-7.519144],[109.389993,-7.518595],[109.390219,-7.518342],[109.390787,-7.517829],[109.391252,-7.517234],[109.391536,-7.51662],[109.391925,-7.515998],[109.392087,-7.515673],[109.392298,-7.515321],[109.392548,-7.514336],[109.392658,-7.513242],[109.392853,-7.511887],[109.392984,-7.510703],[109.392987,-7.509871],[109.392843,-7.508659],[109.392575,-7.507039],[109.392125,-7.505817],[109.391737,-7.505155],[109.391212,-7.504511],[109.390823,-7.503967],[109.390709,-7.503307],[109.390781,-7.502168],[109.390429,-7.502194],[109.389889,-7.502228],[109.389866,-7.50164],[109.389829,-7.500907],[109.389754,-7.50022],[109.389437,-7.500002],[109.389251,-7.499504],[109.388788,-7.499149],[109.388256,-7.499355],[109.387478,-7.49975],[109.386799,-7.499802],[109.38627,-7.499556],[109.385739,-7.49893],[109.385365,-7.498079],[109.385168,-7.497337],[109.385176,-7.496369],[109.384858,-7.496259],[109.384494,-7.495327],[109.384326,-7.494829],[109.384111,-7.494195],[109.383911,-7.493417]]]]}},{"id":"5","type":"Feature","properties":{"DESA":"Gumelan Kulon"},"geometry":{"type":"MultiPolygon","coordinates":[[[[109.399138,-7.497153],[109.401953,-7.496313],[109.402501,-7.496306],[109.402958,-7.496181],[109.40327,-7.495902],[109.403448,-7.495423],[109.403548,-7.494899],[109.40363,-7.493977],[109.403955,-7.49264],[109.404276,-7.492207],[109.404889,-7.491667],[109.405389,-7.491397],[109.406308,-7.490957],[109.407208,-7.490708],[109.408455,-7.490649],[109.40939,-7.490607],[109.410413,-7.490294],[109.410518,-7.490756],[109.4106,-7.491434],[109.41078,-7.491842],[109.411113,-7.49225],[109.411324,-7.492567],[109.411327,-7.493236],[109.411304,-7.493833],[109.411265,-7.494185],[109.411065,-7.494555],[109.40979,-7.494768],[109.409215,-7.494847],[109.40885,-7.495027],[109.40887,-7.495596],[109.408925,-7.496121],[109.409066,-7.497125],[109.40912,-7.497532],[109.409462,-7.498013],[109.409931,-7.498223],[109.410434,-7.498423],[109.410336,-7.498875],[109.410318,-7.49921],[109.410817,-7.499175],[109.411156,-7.499059],[109.411503,-7.49906],[109.411652,-7.499368],[109.411659,-7.499712],[109.410077,-7.500004],[109.409341,-7.500363],[109.409451,-7.501729],[109.409547,-7.502344],[109.408581,-7.503878],[109.408833,-7.50434],[109.409188,-7.505237],[109.409386,-7.50597],[109.4093,-7.506331],[109.408771,-7.5068],[109.408222,-7.506861],[109.407967,-7.507122],[109.408037,-7.508117],[109.408076,-7.509067],[109.408127,-7.509962],[109.40792,-7.510513],[109.407826,-7.511118],[109.408001,-7.511544],[109.408639,-7.512423],[109.408594,-7.512749],[109.408328,-7.513327],[109.408283,-7.513869],[109.408162,-7.514465],[109.408392,-7.514728],[109.408843,-7.515218],[109.408982,-7.515924],[109.409108,-7.516467],[109.409522,-7.516532],[109.409956,-7.516235],[109.410354,-7.515965],[109.410613,-7.516219],[109.410914,-7.5166],[109.411688,-7.516712],[109.412136,-7.517002],[109.41254,-7.517085],[109.412903,-7.51724],[109.413297,-7.517215],[109.413631,-7.517098],[109.414127,-7.517227],[109.414465,-7.517418],[109.414698,-7.517663],[109.415026,-7.517881],[109.415583,-7.517964],[109.415972,-7.518129],[109.416336,-7.518067],[109.416676,-7.517833],[109.416985,-7.517653],[109.41731,-7.517555],[109.418253,-7.517404],[109.418766,-7.517632],[109.419222,-7.51758],[109.420268,-7.517249],[109.420606,-7.517404],[109.420929,-7.517839],[109.42093,-7.518463],[109.421133,-7.518889],[109.421742,-7.519777],[109.421802,-7.521685],[109.421742,-7.522038],[109.421683,-7.522363],[109.421763,-7.522734],[109.421891,-7.523177],[109.421835,-7.523557],[109.421706,-7.523982],[109.421767,-7.524461],[109.421986,-7.52542],[109.421678,-7.525889],[109.421483,-7.52635],[109.421475,-7.527236],[109.421291,-7.527941],[109.421524,-7.528258],[109.421784,-7.528693],[109.422082,-7.529228],[109.422063,-7.529761],[109.421772,-7.530293],[109.421519,-7.530591],[109.420714,-7.531492],[109.420433,-7.531916],[109.420288,-7.532232],[109.420293,-7.532657],[109.420173,-7.533009],[109.419927,-7.533325],[109.419506,-7.533857],[109.41907,-7.533783],[109.4187,-7.534044],[109.418349,-7.534169],[109.417925,-7.534638],[109.4177,-7.534999],[109.417121,-7.535576],[109.416991,-7.535901],[109.417156,-7.536353],[109.417349,-7.536788],[109.417288,-7.537213],[109.41691,-7.537781],[109.41664,-7.538033],[109.416317,-7.53853],[109.416107,-7.538773],[109.415724,-7.538618],[109.414971,-7.538488],[109.414514,-7.538478],[109.41383,-7.538584],[109.413399,-7.538645],[109.413058,-7.53859],[109.412732,-7.538498],[109.412103,-7.538288],[109.411672,-7.538467],[109.411318,-7.53862],[109.41098,-7.538763],[109.410487,-7.538906],[109.410078,-7.539086],[109.409257,-7.539173],[109.408653,-7.539433],[109.408376,-7.53983],[109.407942,-7.540199],[109.407598,-7.540288],[109.407257,-7.540513],[109.406887,-7.540277],[109.406541,-7.540149],[109.406045,-7.540129],[109.405218,-7.54028],[109.404877,-7.540369],[109.40452,-7.540485],[109.40407,-7.540746],[109.403715,-7.540464],[109.403426,-7.539803],[109.403216,-7.539395],[109.402983,-7.539105],[109.402477,-7.538633],[109.402145,-7.538487],[109.401744,-7.538079],[109.401502,-7.537743],[109.401488,-7.537237],[109.401102,-7.536955],[109.400859,-7.536719],[109.400555,-7.536573],[109.400226,-7.536328],[109.399702,-7.536299],[109.399253,-7.535936],[109.398987,-7.535618],[109.398747,-7.535255],[109.398532,-7.534965],[109.398183,-7.534575],[109.398473,-7.534088],[109.398824,-7.533375],[109.399175,-7.532617],[109.399549,-7.531596],[109.399817,-7.530494],[109.39984,-7.529771],[109.39978,-7.529047],[109.399423,-7.52844],[109.399214,-7.527933],[109.398499,-7.527126],[109.397952,-7.526599],[109.397479,-7.525955],[109.397196,-7.525303],[109.397113,-7.524941],[109.397084,-7.524136],[109.397065,-7.523485],[109.397089,-7.522789],[109.397139,-7.52061],[109.397101,-7.519651],[109.397156,-7.518847],[109.397487,-7.517917],[109.397711,-7.517339],[109.398104,-7.516572],[109.398097,-7.515767],[109.39823,-7.513896],[109.398372,-7.512621],[109.398575,-7.511998],[109.398747,-7.511149],[109.39894,-7.510489],[109.399249,-7.509613],[109.39942,-7.509117],[109.399405,-7.508484],[109.399155,-7.507976],[109.399039,-7.507506],[109.398564,-7.506717],[109.398446,-7.506301],[109.398277,-7.505893],[109.397852,-7.504743],[109.397518,-7.503766],[109.397474,-7.503431],[109.397244,-7.503005],[109.39707,-7.502561],[109.396645,-7.50171],[109.39586,-7.501318],[109.395267,-7.500855],[109.395048,-7.500375],[109.395554,-7.497546],[109.395922,-7.497629],[109.396255,-7.497793],[109.396566,-7.497966],[109.397021,-7.497995],[109.397558,-7.497726],[109.397836,-7.497509],[109.398195,-7.497366],[109.398578,-7.497286],[109.399138,-7.497153]]]]}},{"id":"6","type":"Feature","properties":{"DESA":"Gumelan Wetan"},"geometry":{"type":"MultiPolygon","coordinates":[[[[109.410413,-7.490294],[109.412183,-7.49031],[109.412875,-7.490122],[109.413242,-7.489997],[109.413903,-7.489846],[109.414424,-7.489712],[109.416006,-7.489274],[109.416724,-7.48897],[109.417767,-7.488449],[109.418321,-7.488098],[109.418966,-7.487784],[109.419806,-7.487715],[109.419932,-7.488104],[109.420579,-7.488079],[109.421138,-7.488244],[109.421365,-7.488968],[109.421582,-7.489394],[109.421766,-7.489747],[109.422149,-7.490156],[109.42236,-7.490464],[109.422556,-7.490718],[109.423026,-7.490891],[109.423238,-7.491217],[109.423229,-7.491543],[109.423234,-7.491877],[109.423119,-7.492248],[109.423299,-7.492655],[109.423406,-7.493108],[109.422973,-7.493405],[109.422884,-7.493929],[109.422755,-7.494579],[109.422261,-7.495156],[109.422049,-7.49549],[109.422484,-7.495709],[109.422725,-7.496053],[109.423158,-7.496615],[109.423346,-7.497086],[109.423737,-7.497621],[109.423842,-7.497983],[109.42444,-7.497985],[109.424913,-7.498096],[109.425198,-7.498449],[109.425495,-7.498649],[109.425866,-7.499166],[109.426125,-7.499411],[109.42649,-7.499458],[109.427237,-7.499768],[109.427735,-7.499932],[109.42819,-7.500404],[109.428252,-7.501037],[109.428302,-7.501372],[109.42844,-7.501662],[109.428878,-7.502034],[109.429278,-7.502271],[109.429685,-7.502562],[109.430242,-7.502781],[109.430593,-7.502845],[109.430882,-7.503416],[109.431178,-7.503652],[109.431537,-7.50387],[109.431734,-7.504151],[109.431828,-7.504459],[109.432102,-7.50493],[109.432381,-7.505474],[109.432677,-7.505864],[109.432917,-7.506163],[109.43294,-7.506543],[109.432914,-7.507447],[109.432793,-7.507754],[109.432572,-7.508034],[109.432403,-7.508368],[109.432326,-7.508747],[109.432228,-7.509253],[109.432276,-7.50966],[109.432601,-7.510348],[109.432652,-7.510674],[109.432778,-7.511208],[109.432996,-7.511679],[109.433833,-7.513816],[109.434148,-7.514324],[109.434517,-7.514641],[109.43497,-7.51486],[109.435771,-7.515234],[109.436613,-7.515915],[109.437012,-7.516522],[109.437212,-7.51693],[109.437346,-7.517636],[109.437459,-7.518558],[109.437477,-7.519309],[109.437432,-7.520186],[109.43742,-7.520692],[109.437364,-7.521488],[109.437392,-7.52241],[109.437503,-7.523921],[109.437597,-7.5244],[109.437594,-7.52506],[109.437666,-7.52573],[109.437621,-7.526516],[109.437512,-7.527248],[109.436933,-7.527373],[109.436639,-7.527571],[109.436457,-7.527869],[109.43618,-7.52832],[109.435987,-7.528599],[109.435479,-7.528661],[109.435141,-7.528831],[109.434928,-7.529147],[109.434706,-7.529418],[109.434394,-7.529796],[109.434296,-7.530167],[109.434173,-7.530582],[109.43403,-7.531196],[109.433978,-7.531648],[109.433908,-7.532236],[109.433872,-7.532968],[109.433836,-7.533574],[109.433901,-7.534316],[109.433848,-7.53484],[109.433763,-7.535256],[109.43356,-7.535626],[109.433188,-7.535941],[109.432737,-7.536138],[109.431788,-7.536777],[109.431366,-7.537046],[109.430507,-7.537161],[109.42911,-7.537138],[109.427342,-7.537077],[109.426501,-7.536993],[109.425576,-7.536791],[109.424987,-7.536463],[109.424249,-7.535873],[109.423006,-7.535145],[109.422081,-7.534825],[109.421106,-7.534333],[109.420484,-7.53405],[109.420047,-7.533949],[109.419506,-7.533857],[109.419927,-7.533325],[109.420173,-7.533009],[109.420293,-7.532657],[109.420288,-7.532232],[109.420433,-7.531916],[109.420714,-7.531492],[109.421519,-7.530591],[109.421772,-7.530293],[109.422063,-7.529761],[109.422082,-7.529228],[109.421784,-7.528693],[109.421524,-7.528258],[109.421291,-7.527941],[109.421475,-7.527236],[109.421483,-7.52635],[109.421678,-7.525889],[109.421986,-7.52542],[109.421767,-7.524461],[109.421706,-7.523982],[109.421835,-7.523557],[109.421891,-7.523177],[109.421763,-7.522734],[109.421683,-7.522363],[109.421742,-7.522038],[109.421802,-7.521685],[109.421742,-7.519777],[109.421133,-7.518889],[109.42093,-7.518463],[109.420929,-7.517839],[109.420606,-7.517404],[109.420268,-7.517249],[109.419222,-7.51758],[109.418766,-7.517632],[109.418253,-7.517404],[109.41731,-7.517555],[109.416985,-7.517653],[109.416676,-7.517833],[109.416336,-7.518067],[109.415972,-7.518129],[109.415583,-7.517964],[109.415026,-7.517881],[109.414698,-7.517663],[109.414465,-7.517418],[109.414127,-7.517227],[109.413631,-7.517098],[109.413297,-7.517215],[109.412903,-7.51724],[109.41254,-7.517085],[109.412136,-7.517002],[109.411688,-7.516712],[109.410914,-7.5166],[109.410613,-7.516219],[109.410354,-7.515965],[109.409956,-7.516235],[109.409522,-7.516532],[109.409108,-7.516467],[109.408982,-7.515924],[109.408843,-7.515218],[109.408392,-7.514728],[109.408162,-7.514465],[109.408283,-7.513869],[109.408328,-7.513327],[109.408594,-7.512749],[109.408639,-7.512423],[109.408001,-7.511544],[109.407826,-7.511118],[109.40792,-7.510513],[109.408127,-7.509962],[109.408076,-7.509067],[109.408037,-7.508117],[109.407967,-7.507122],[109.408222,-7.506861],[109.408771,-7.5068],[109.4093,-7.506331],[109.409386,-7.50597],[109.409188,-7.505237],[109.408833,-7.50434],[109.408581,-7.503878],[109.409547,-7.502344],[109.409451,-7.501729],[109.409341,-7.500363],[109.410077,-7.500004],[109.411659,-7.499712],[109.411652,-7.499368],[109.411503,-7.49906],[109.411156,-7.499059],[109.410817,-7.499175],[109.410318,-7.49921],[109.410336,-7.498875],[109.410434,-7.498423],[109.409931,-7.498223],[109.409462,-7.498013],[109.40912,-7.497532],[109.409066,-7.497125],[109.408925,-7.496121],[109.40887,-7.495596],[109.40885,-7.495027],[109.409215,-7.494847],[109.40979,-7.494768],[109.411065,-7.494555],[109.411265,-7.494185],[109.411304,-7.493833],[109.411327,-7.493236],[109.411324,-7.492567],[109.411113,-7.49225],[109.41078,-7.491842],[109.4106,-7.491434],[109.410518,-7.490756],[109.410413,-7.490294]]]]}},{"id":"7","type":"Feature","properties":{"DESA":"Derik"},"geometry":{"type":"MultiPolygon","coordinates":[[[[109.421138,-7.488244],[109.420847,-7.487818],[109.421073,-7.487565],[109.421563,-7.487567],[109.422,-7.488021],[109.422451,-7.487959],[109.422744,-7.487752],[109.423077,-7.487518],[109.423528,-7.487936],[109.423553,-7.488678],[109.424064,-7.488851],[109.424671,-7.489097],[109.424999,-7.489225],[109.425903,-7.489373],[109.427695,-7.489488],[109.428079,-7.489508],[109.428815,-7.489519],[109.42949,-7.489522],[109.430063,-7.48956],[109.430677,-7.489472],[109.431169,-7.489573],[109.431976,-7.489675],[109.432768,-7.489633],[109.433539,-7.489527],[109.434219,-7.489538],[109.434639,-7.48963],[109.435142,-7.489786],[109.435586,-7.490113],[109.435924,-7.490313],[109.436394,-7.490568],[109.437062,-7.49057],[109.437755,-7.490591],[109.438418,-7.490657],[109.438906,-7.490758],[109.438839,-7.49111],[109.438952,-7.492006],[109.439067,-7.492693],[109.438979,-7.493236],[109.438825,-7.493624],[109.438479,-7.494373],[109.438511,-7.495043],[109.439017,-7.495894],[109.439129,-7.496745],[109.439343,-7.497397],[109.439533,-7.497849],[109.439825,-7.498519],[109.438727,-7.498941],[109.438027,-7.499191],[109.437621,-7.499443],[109.437133,-7.499821],[109.435774,-7.499997],[109.435863,-7.500359],[109.43602,-7.500649],[109.436204,-7.500975],[109.436579,-7.501429],[109.43646,-7.501763],[109.436374,-7.502233],[109.436308,-7.502603],[109.436188,-7.50291],[109.436161,-7.503236],[109.43608,-7.503561],[109.43597,-7.504103],[109.435774,-7.504609],[109.436055,-7.504935],[109.436357,-7.505352],[109.436489,-7.505669],[109.436731,-7.506032],[109.436916,-7.506367],[109.437117,-7.506856],[109.437335,-7.507372],[109.437489,-7.507825],[109.437599,-7.508151],[109.437604,-7.508495],[109.437726,-7.508875],[109.437831,-7.509273],[109.437938,-7.509671],[109.438055,-7.510069],[109.438136,-7.510422],[109.437838,-7.511009],[109.437701,-7.51147],[109.437657,-7.511786],[109.437565,-7.512148],[109.437293,-7.512707],[109.436568,-7.513943],[109.435771,-7.515234],[109.43497,-7.51486],[109.434517,-7.514641],[109.434148,-7.514324],[109.433833,-7.513816],[109.432996,-7.511679],[109.432778,-7.511208],[109.432652,-7.510674],[109.432601,-7.510348],[109.432276,-7.50966],[109.432228,-7.509253],[109.432326,-7.508747],[109.432403,-7.508368],[109.432572,-7.508034],[109.432793,-7.507754],[109.432914,-7.507447],[109.43294,-7.506543],[109.432917,-7.506163],[109.432677,-7.505864],[109.432381,-7.505474],[109.432102,-7.50493],[109.431828,-7.504459],[109.431734,-7.504151],[109.431537,-7.50387],[109.431178,-7.503652],[109.430882,-7.503416],[109.430593,-7.502845],[109.430242,-7.502781],[109.429685,-7.502562],[109.429278,-7.502271],[109.428878,-7.502034],[109.42844,-7.501662],[109.428302,-7.501372],[109.428252,-7.501037],[109.42819,-7.500404],[109.427735,-7.499932],[109.427237,-7.499768],[109.42649,-7.499458],[109.426125,-7.499411],[109.425866,-7.499166],[109.425495,-7.498649],[109.425198,-7.498449],[109.424913,-7.498096],[109.42444,-7.497985],[109.423842,-7.497983],[109.423737,-7.497621],[109.423346,-7.497086],[109.423158,-7.496615],[109.422725,-7.496053],[109.422484,-7.495709],[109.422049,-7.49549],[109.422261,-7.495156],[109.422755,-7.494579],[109.422884,-7.493929],[109.422973,-7.493405],[109.423406,-7.493108],[109.423299,-7.492655],[109.423119,-7.492248],[109.423234,-7.491877],[109.423229,-7.491543],[109.423238,-7.491217],[109.423026,-7.490891],[109.422556,-7.490718],[109.42236,-7.490464],[109.422149,-7.490156],[109.421766,-7.489747],[109.421582,-7.489394],[109.421365,-7.488968],[109.421138,-7.488244]]]]}},{"id":"8","type":"Feature","properties":{"DESA":"Berta"},"geometry":{"type":"MultiPolygon","coordinates":[[[[109.440037,-7.482813],[109.440435,-7.483158],[109.440861,-7.483241],[109.441313,-7.483243],[109.441873,-7.483136],[109.442352,-7.483039],[109.442778,-7.483067],[109.443443,-7.483223],[109.44448,-7.483598],[109.445571,-7.483846],[109.446129,-7.484083],[109.446714,-7.48422],[109.4473,-7.484033],[109.447807,-7.483609],[109.448393,-7.483431],[109.449129,-7.483433],[109.449803,-7.483544],[109.450324,-7.4837],[109.450961,-7.484226],[109.451397,-7.48468],[109.451301,-7.485629],[109.450663,-7.486423],[109.450313,-7.486982],[109.449981,-7.487533],[109.449588,-7.488101],[109.449099,-7.488578],[109.448687,-7.489156],[109.448249,-7.489968],[109.44779,-7.490672],[109.447574,-7.49106],[109.447481,-7.491385],[109.447765,-7.49182],[109.448416,-7.492211],[109.448846,-7.492484],[109.449098,-7.493154],[109.449295,-7.493905],[109.449456,-7.49471],[109.449246,-7.495433],[109.448186,-7.496026],[109.447341,-7.496457],[109.446799,-7.496645],[109.446748,-7.49726],[109.446427,-7.497467],[109.446033,-7.497511],[109.445627,-7.497554],[109.445612,-7.497907],[109.445604,-7.498459],[109.445527,-7.498775],[109.446033,-7.499807],[109.446589,-7.500885],[109.446816,-7.501555],[109.44674,-7.502387],[109.447165,-7.503627],[109.447227,-7.504143],[109.447089,-7.504857],[109.44668,-7.505941],[109.446251,-7.507205],[109.445938,-7.50762],[109.445407,-7.508106],[109.445176,-7.50872],[109.445014,-7.509299],[109.444932,-7.509669],[109.444741,-7.509976],[109.444385,-7.510119],[109.44415,-7.510353],[109.44396,-7.510895],[109.443818,-7.511528],[109.443451,-7.512006],[109.443171,-7.512312],[109.44294,-7.512908],[109.442548,-7.513594],[109.442781,-7.514083],[109.442913,-7.514454],[109.442926,-7.514798],[109.442858,-7.515132],[109.442708,-7.515539],[109.442347,-7.516179],[109.441836,-7.517064],[109.441756,-7.51738],[109.44181,-7.517941],[109.441838,-7.51852],[109.442211,-7.518774],[109.442554,-7.519065],[109.442837,-7.519455],[109.443228,-7.519881],[109.443802,-7.521122],[109.444358,-7.522055],[109.444757,-7.522762],[109.445144,-7.523695],[109.44559,-7.524664],[109.444926,-7.524924],[109.44455,-7.525212],[109.444058,-7.525264],[109.443461,-7.525325],[109.443032,-7.525568],[109.442631,-7.525766],[109.442285,-7.525873],[109.441866,-7.52607],[109.44145,-7.526222],[109.441052,-7.526366],[109.440728,-7.526491],[109.43983,-7.526398],[109.43929,-7.526558],[109.438863,-7.526656],[109.43841,-7.526836],[109.437982,-7.527096],[109.437512,-7.527248],[109.437621,-7.526516],[109.437666,-7.52573],[109.437594,-7.52506],[109.437597,-7.5244],[109.437503,-7.523921],[109.437392,-7.52241],[109.437364,-7.521488],[109.43742,-7.520692],[109.437432,-7.520186],[109.437477,-7.519309],[109.437459,-7.518558],[109.437346,-7.517636],[109.437212,-7.51693],[109.437012,-7.516522],[109.436613,-7.515915],[109.435771,-7.515234],[109.436568,-7.513943],[109.437293,-7.512707],[109.437565,-7.512148],[109.437657,-7.511786],[109.437701,-7.51147],[109.437838,-7.511009],[109.438136,-7.510422],[109.438055,-7.510069],[109.437938,-7.509671],[109.437831,-7.509273],[109.437726,-7.508875],[109.437604,-7.508495],[109.437599,-7.508151],[109.437489,-7.507825],[109.437335,-7.507372],[109.437117,-7.506856],[109.436916,-7.506367],[109.436731,-7.506032],[109.436489,-7.505669],[109.436357,-7.505352],[109.436055,-7.504935],[109.435774,-7.504609],[109.43597,-7.504103],[109.43608,-7.503561],[109.436161,-7.503236],[109.436188,-7.50291],[109.436308,-7.502603],[109.436374,-7.502233],[109.43646,-7.501763],[109.436579,-7.501429],[109.436204,-7.500975],[109.43602,-7.500649],[109.435863,-7.500359],[109.435774,-7.499997],[109.437133,-7.499821],[109.437621,-7.499443],[109.438027,-7.499191],[109.438727,-7.498941],[109.439825,-7.498519],[109.439533,-7.497849],[109.439343,-7.497397],[109.439129,-7.496745],[109.439017,-7.495894],[109.438511,-7.495043],[109.438479,-7.494373],[109.438825,-7.493624],[109.438979,-7.493236],[109.439067,-7.492693],[109.438952,-7.492006],[109.438839,-7.49111],[109.438906,-7.490758],[109.439441,-7.49066],[109.439848,-7.490436],[109.440017,-7.489595],[109.440062,-7.489062],[109.440139,-7.488565],[109.440173,-7.487841],[109.440197,-7.486937],[109.440216,-7.486078],[109.440215,-7.485436],[109.440121,-7.48398],[109.44012,-7.483329],[109.440037,-7.482813]]]]}},{"id":"9","type":"Feature","properties":{"DESA":"Karangjati"},"geometry":{"type":"MultiPolygon","coordinates":[[[[109.418362,-7.479038],[109.418734,-7.478903],[109.419163,-7.47829],[109.419593,-7.477442],[109.419861,-7.476059],[109.419982,-7.475246],[109.421906,-7.475216],[109.422224,-7.475308],[109.422519,-7.475626],[109.422745,-7.476097],[109.42306,-7.476984],[109.423467,-7.477736],[109.423875,-7.478262],[109.424533,-7.478626],[109.425305,-7.479036],[109.425919,-7.479354],[109.426578,-7.479583],[109.427033,-7.479611],[109.427671,-7.479451],[109.428172,-7.479209],[109.428515,-7.478984],[109.428993,-7.478823],[109.429471,-7.47887],[109.430153,-7.479008],[109.430471,-7.47919],[109.430766,-7.479444],[109.431379,-7.479781],[109.431925,-7.479873],[109.432434,-7.47992],[109.432754,-7.479794],[109.433021,-7.479343],[109.43321,-7.47881],[109.433372,-7.478178],[109.433532,-7.47788],[109.434019,-7.477792],[109.434464,-7.478019],[109.434755,-7.47831],[109.434781,-7.47868],[109.434778,-7.479295],[109.434963,-7.479875],[109.435254,-7.480274],[109.435626,-7.480546],[109.436025,-7.480674],[109.436531,-7.480676],[109.436904,-7.480551],[109.437304,-7.480127],[109.437838,-7.479813],[109.438345,-7.479597],[109.438877,-7.479599],[109.439596,-7.479548],[109.440235,-7.479423],[109.440715,-7.479316],[109.441167,-7.479345],[109.441593,-7.479473],[109.441778,-7.479826],[109.441403,-7.480322],[109.440977,-7.480457],[109.440497,-7.480645],[109.440176,-7.481042],[109.439988,-7.48162],[109.439959,-7.482289],[109.440037,-7.482813],[109.44012,-7.483329],[109.440121,-7.48398],[109.440215,-7.485436],[109.440216,-7.486078],[109.440197,-7.486937],[109.440173,-7.487841],[109.440139,-7.488565],[109.440062,-7.489062],[109.440017,-7.489595],[109.439848,-7.490436],[109.439441,-7.49066],[109.438906,-7.490758],[109.438418,-7.490657],[109.437755,-7.490591],[109.437062,-7.49057],[109.436394,-7.490568],[109.435924,-7.490313],[109.435586,-7.490113],[109.435142,-7.489786],[109.434639,-7.48963],[109.434219,-7.489538],[109.433539,-7.489527],[109.432768,-7.489633],[109.431976,-7.489675],[109.431169,-7.489573],[109.430677,-7.489472],[109.430063,-7.48956],[109.42949,-7.489522],[109.428815,-7.489519],[109.428079,-7.489508],[109.427695,-7.489488],[109.425903,-7.489373],[109.424999,-7.489225],[109.424671,-7.489097],[109.424064,-7.488851],[109.423553,-7.488678],[109.423528,-7.487936],[109.423077,-7.487518],[109.423358,-7.487311],[109.423737,-7.487105],[109.424128,-7.486528],[109.424229,-7.486166],[109.42408,-7.485849],[109.423796,-7.486011],[109.423424,-7.486154],[109.423282,-7.485828],[109.423143,-7.485412],[109.42314,-7.484951],[109.423587,-7.484717],[109.42388,-7.484573],[109.424071,-7.48423],[109.423625,-7.483723],[109.423361,-7.483432],[109.422778,-7.482969],[109.422618,-7.482498],[109.422686,-7.482155],[109.422571,-7.481775],[109.422288,-7.48162],[109.421871,-7.481519],[109.421507,-7.4815],[109.420631,-7.481695],[109.420378,-7.481025],[109.420138,-7.480789],[109.419516,-7.480751],[109.418817,-7.480459],[109.418409,-7.479725],[109.418276,-7.479408],[109.418362,-7.479038]]]]}},{"id":"10","type":"Feature","properties":{"DESA":"Kedawung"},"geometry":{"type":"MultiPolygon","coordinates":[[[[109.408061,-7.471279],[109.408679,-7.471471],[109.409268,-7.471509],[109.410353,-7.471115],[109.411143,-7.470566],[109.411702,-7.470433],[109.412392,-7.470535],[109.412851,-7.470762],[109.413079,-7.471125],[109.413176,-7.471487],[109.413142,-7.471885],[109.412943,-7.472535],[109.412678,-7.473185],[109.412346,-7.474133],[109.41208,-7.474991],[109.411913,-7.475741],[109.411649,-7.476229],[109.411417,-7.476752],[109.41135,-7.477077],[109.41148,-7.477376],[109.411906,-7.477839],[109.412496,-7.478167],[109.413611,-7.478532],[109.415022,-7.478963],[109.418362,-7.479038],[109.418276,-7.479408],[109.418409,-7.479725],[109.418817,-7.480459],[109.419516,-7.480751],[109.420138,-7.480789],[109.420378,-7.481025],[109.420631,-7.481695],[109.421507,-7.4815],[109.421871,-7.481519],[109.422288,-7.48162],[109.422571,-7.481775],[109.422686,-7.482155],[109.422618,-7.482498],[109.422778,-7.482969],[109.423361,-7.483432],[109.423625,-7.483723],[109.424071,-7.48423],[109.42388,-7.484573],[109.423587,-7.484717],[109.42314,-7.484951],[109.423143,-7.485412],[109.423282,-7.485828],[109.423424,-7.486154],[109.423796,-7.486011],[109.42408,-7.485849],[109.424229,-7.486166],[109.424128,-7.486528],[109.423737,-7.487105],[109.423358,-7.487311],[109.423077,-7.487518],[109.422744,-7.487752],[109.422451,-7.487959],[109.422,-7.488021],[109.421563,-7.487567],[109.421073,-7.487565],[109.420847,-7.487818],[109.421138,-7.488244],[109.420579,-7.488079],[109.419932,-7.488104],[109.419806,-7.487715],[109.418966,-7.487784],[109.418321,-7.488098],[109.417767,-7.488449],[109.416724,-7.48897],[109.416006,-7.489274],[109.414424,-7.489712],[109.413903,-7.489846],[109.413242,-7.489997],[109.412875,-7.490122],[109.412183,-7.49031],[109.410413,-7.490294],[109.410342,-7.489887],[109.410199,-7.489498],[109.409994,-7.489217],[109.4097,-7.488601],[109.409542,-7.488247],[109.409076,-7.487721],[109.40871,-7.486662],[109.408399,-7.486896],[109.408137,-7.487112],[109.40768,-7.487273],[109.407337,-7.486955],[109.407118,-7.486647],[109.406892,-7.48642],[109.406424,-7.486446],[109.406414,-7.485903],[109.406319,-7.485243],[109.406082,-7.484518],[109.405816,-7.483839],[109.405827,-7.483478],[109.406216,-7.4829],[109.406247,-7.482494],[109.406636,-7.481871],[109.406702,-7.480759],[109.406492,-7.480198],[109.406302,-7.479745],[109.40648,-7.478371],[109.406634,-7.477802],[109.406868,-7.477233],[109.407168,-7.476502],[109.407792,-7.473963],[109.407894,-7.472842],[109.408055,-7.471676],[109.408061,-7.471279]]]]}},{"id":"11","type":"Feature","properties":{"DESA":"Dermasari"},"geometry":{"type":"MultiPolygon","coordinates":[[[[109.402552,-7.467235],[109.403147,-7.467391],[109.404021,-7.468081],[109.405209,-7.469116],[109.40649,-7.470115],[109.407365,-7.470842],[109.408061,-7.471279],[109.408055,-7.471676],[109.407894,-7.472842],[109.407792,-7.473963],[109.407168,-7.476502],[109.406868,-7.477233],[109.406634,-7.477802],[109.40648,-7.478371],[109.406302,-7.479745],[109.406492,-7.480198],[109.406702,-7.480759],[109.406636,-7.481871],[109.406247,-7.482494],[109.406216,-7.4829],[109.405522,-7.482889],[109.404996,-7.482869],[109.397927,-7.481984],[109.397525,-7.48173],[109.397022,-7.481818],[109.396458,-7.482024],[109.395586,-7.482373],[109.394073,-7.482838],[109.393347,-7.482989],[109.39286,-7.482734],[109.3923,-7.48238],[109.391711,-7.482043],[109.390842,-7.480692],[109.390741,-7.480104],[109.390546,-7.479172],[109.390227,-7.479008],[109.389672,-7.478862],[109.389162,-7.478688],[109.388722,-7.478542],[109.388207,-7.47797],[109.388059,-7.477608],[109.3878,-7.477119],[109.390547,-7.476369],[109.392103,-7.475923],[109.392958,-7.475438],[109.393571,-7.474771],[109.394365,-7.474285],[109.39531,-7.474289],[109.397657,-7.474424],[109.398327,-7.474544],[109.399545,-7.475091],[109.400171,-7.47541],[109.401486,-7.475785],[109.402426,-7.475888],[109.403117,-7.475547],[109.403558,-7.474952],[109.403749,-7.474138],[109.403595,-7.473207],[109.403068,-7.471704],[109.402383,-7.470544],[109.400667,-7.46844],[109.400638,-7.467689],[109.400984,-7.46741],[109.401611,-7.467258],[109.402552,-7.467235]]]]}},{"id":"12","type":"Feature","properties":{"DESA":"Susukan"},"geometry":{"type":"MultiPolygon","coordinates":[[[[109.390842,-7.480692],[109.391711,-7.482043],[109.3923,-7.48238],[109.39286,-7.482734],[109.393347,-7.482989],[109.394073,-7.482838],[109.395586,-7.482373],[109.396458,-7.482024],[109.397022,-7.481818],[109.397525,-7.48173],[109.397927,-7.481984],[109.404996,-7.482869],[109.405522,-7.482889],[109.406216,-7.4829],[109.405827,-7.483478],[109.405816,-7.483839],[109.406082,-7.484518],[109.406319,-7.485243],[109.406414,-7.485903],[109.406424,-7.486446],[109.406892,-7.48642],[109.407118,-7.486647],[109.407337,-7.486955],[109.40768,-7.487273],[109.408137,-7.487112],[109.408399,-7.486896],[109.40871,-7.486662],[109.409076,-7.487721],[109.409542,-7.488247],[109.4097,-7.488601],[109.409994,-7.489217],[109.410199,-7.489498],[109.410342,-7.489887],[109.410413,-7.490294],[109.40939,-7.490607],[109.408455,-7.490649],[109.407208,-7.490708],[109.406308,-7.490957],[109.405389,-7.491397],[109.404889,-7.491667],[109.404276,-7.492207],[109.403955,-7.49264],[109.40363,-7.493977],[109.403548,-7.494899],[109.403448,-7.495423],[109.40327,-7.495902],[109.402958,-7.496181],[109.402501,-7.496306],[109.401953,-7.496313],[109.399138,-7.497153],[109.398578,-7.497286],[109.398195,-7.497366],[109.397836,-7.497509],[109.397558,-7.497726],[109.397021,-7.497995],[109.396566,-7.497966],[109.396255,-7.497793],[109.395922,-7.497629],[109.395554,-7.497546],[109.394452,-7.497561],[109.393993,-7.497667],[109.393308,-7.497502],[109.392808,-7.497319],[109.392193,-7.49691],[109.391592,-7.496691],[109.391391,-7.496283],[109.390581,-7.495747],[109.390263,-7.495881],[109.390024,-7.49541],[109.390085,-7.495094],[109.389775,-7.494767],[109.389522,-7.494549],[109.389673,-7.494261],[109.389856,-7.493529],[109.390094,-7.493231],[109.390627,-7.492989],[109.391328,-7.492675],[109.391909,-7.492424],[109.392347,-7.492254],[109.392288,-7.491838],[109.39221,-7.491458],[109.392167,-7.490689],[109.39225,-7.49012],[109.392374,-7.489795],[109.392424,-7.489469],[109.392214,-7.488917],[109.391886,-7.488002],[109.391581,-7.487567],[109.391419,-7.487106],[109.391312,-7.486689],[109.391152,-7.486264],[109.390953,-7.485901],[109.390755,-7.48534],[109.390837,-7.484978],[109.390694,-7.484598],[109.390528,-7.483919],[109.39047,-7.483404],[109.390262,-7.482888],[109.390022,-7.482109],[109.390178,-7.481685],[109.390391,-7.481342],[109.390473,-7.480989],[109.390842,-7.480692]]]]}},{"id":"13","type":"Feature","properties":{"DESA":"Kemrangon"},"geometry":{"type":"MultiPolygon","coordinates":[[[[109.3878,-7.477119],[109.388059,-7.477608],[109.388207,-7.47797],[109.388722,-7.478542],[109.389162,-7.478688],[109.389672,-7.478862],[109.390227,-7.479008],[109.390546,-7.479172],[109.390741,-7.480104],[109.390842,-7.480692],[109.390473,-7.480989],[109.390391,-7.481342],[109.390178,-7.481685],[109.390022,-7.482109],[109.390262,-7.482888],[109.39047,-7.483404],[109.390528,-7.483919],[109.390694,-7.484598],[109.390837,-7.484978],[109.390755,-7.48534],[109.390953,-7.485901],[109.391152,-7.486264],[109.391312,-7.486689],[109.391419,-7.487106],[109.391581,-7.487567],[109.391886,-7.488002],[109.392214,-7.488917],[109.392424,-7.489469],[109.392374,-7.489795],[109.39225,-7.49012],[109.392167,-7.490689],[109.39221,-7.491458],[109.392288,-7.491838],[109.392347,-7.492254],[109.391909,-7.492424],[109.391328,-7.492675],[109.390627,-7.492989],[109.390094,-7.493231],[109.389856,-7.493529],[109.389673,-7.494261],[109.389522,-7.494549],[109.388395,-7.494437],[109.388021,-7.494101],[109.387855,-7.493675],[109.387229,-7.493366],[109.386796,-7.493509],[109.386408,-7.493724],[109.385919,-7.493768],[109.385495,-7.493459],[109.385204,-7.493756],[109.38474,-7.493601],[109.384451,-7.493319],[109.383911,-7.493417],[109.383805,-7.493009],[109.383409,-7.492936],[109.383053,-7.493052],[109.382733,-7.49325],[109.382336,-7.493465],[109.381945,-7.493509],[109.381433,-7.493489],[109.381083,-7.493451],[109.380641,-7.493649],[109.379804,-7.49417],[109.379232,-7.494322],[109.377914,-7.494905],[109.377587,-7.494551],[109.377195,-7.494387],[109.377042,-7.494088],[109.376864,-7.493807],[109.376499,-7.493507],[109.376565,-7.493073],[109.376734,-7.491962],[109.376805,-7.491537],[109.376854,-7.491139],[109.37692,-7.490597],[109.37696,-7.490127],[109.377049,-7.489567],[109.377185,-7.488536],[109.377212,-7.488193],[109.377282,-7.487343],[109.377273,-7.486927],[109.377294,-7.486538],[109.377365,-7.4852],[109.377419,-7.484459],[109.377297,-7.48341],[109.377176,-7.482134],[109.377153,-7.481185],[109.377301,-7.480435],[109.377594,-7.48078],[109.378015,-7.481278],[109.379068,-7.481969],[109.380228,-7.482607],[109.380702,-7.482844],[109.381152,-7.48261],[109.381338,-7.482267],[109.381393,-7.481797],[109.381527,-7.481056],[109.38208,-7.480452],[109.382414,-7.480146],[109.38296,-7.47975],[109.383486,-7.479436],[109.384062,-7.479257],[109.384516,-7.47906],[109.385245,-7.478547],[109.38564,-7.478069],[109.386122,-7.477628],[109.3878,-7.477119]]]]}},{"id":"14","type":"Feature","properties":{"DESA":"Karangsalam"},"geometry":{"type":"MultiPolygon","coordinates":[[[[109.375,-7.478139],[109.375325,-7.478303],[109.375705,-7.478539],[109.376201,-7.47893],[109.376748,-7.479854],[109.377301,-7.480435],[109.377153,-7.481185],[109.377176,-7.482134],[109.377297,-7.48341],[109.377419,-7.484459],[109.377365,-7.4852],[109.377294,-7.486538],[109.377273,-7.486927],[109.377282,-7.487343],[109.377212,-7.488193],[109.377185,-7.488536],[109.377049,-7.489567],[109.37696,-7.490127],[109.37692,-7.490597],[109.376854,-7.491139],[109.376805,-7.491537],[109.376734,-7.491962],[109.376565,-7.493073],[109.376499,-7.493507],[109.376381,-7.494239],[109.376197,-7.495188],[109.375662,-7.495168],[109.375324,-7.494895],[109.375,-7.494912],[109.374662,-7.494766],[109.374429,-7.494205],[109.373822,-7.494112],[109.373327,-7.494246],[109.373396,-7.496072],[109.373373,-7.496696],[109.373201,-7.497184],[109.372982,-7.497807],[109.3727,-7.49843],[109.372548,-7.498737],[109.371761,-7.498716],[109.371347,-7.49885],[109.37098,-7.499129],[109.370768,-7.499417],[109.370641,-7.500005],[109.370111,-7.500202],[109.369376,-7.500814],[109.368616,-7.500657],[109.367692,-7.500907],[109.366947,-7.501365],[109.366658,-7.501563],[109.365604,-7.501858],[109.365152,-7.501865],[109.364621,-7.50095],[109.364114,-7.500794],[109.363697,-7.500757],[109.36296,-7.500202],[109.362692,-7.500002],[109.362988,-7.499443],[109.363877,-7.499383],[109.365338,-7.499036],[109.365173,-7.497968],[109.36531,-7.497625],[109.365665,-7.497662],[109.365903,-7.497265],[109.365765,-7.496695],[109.365206,-7.496322],[109.364603,-7.495995],[109.364668,-7.495507],[109.364828,-7.495227],[109.364662,-7.494829],[109.364218,-7.494764],[109.363808,-7.494843],[109.363202,-7.494968],[109.363017,-7.49466],[109.36308,-7.494244],[109.363437,-7.493884],[109.363686,-7.49364],[109.363957,-7.493243],[109.364083,-7.49281],[109.36413,-7.492421],[109.364111,-7.491879],[109.36402,-7.491562],[109.363464,-7.490864],[109.363592,-7.490484],[109.363885,-7.490115],[109.363568,-7.489906],[109.363114,-7.489569],[109.363196,-7.489217],[109.36332,-7.488901],[109.363148,-7.488629],[109.36235,-7.488635],[109.361775,-7.48885],[109.36179,-7.488262],[109.361874,-7.48791],[109.36155,-7.487429],[109.361459,-7.486841],[109.361422,-7.486317],[109.361448,-7.485973],[109.361606,-7.485296],[109.362308,-7.48575],[109.363109,-7.486432],[109.36371,-7.487157],[109.364036,-7.487357],[109.364664,-7.487215],[109.366024,-7.486542],[109.367182,-7.48594],[109.368012,-7.485799],[109.368992,-7.485721],[109.370098,-7.485526],[109.371029,-7.485204],[109.37191,-7.484683],[109.372492,-7.483781],[109.372872,-7.482932],[109.373026,-7.481956],[109.372954,-7.481205],[109.372881,-7.480473],[109.372658,-7.479649],[109.372686,-7.478872],[109.372763,-7.478393],[109.373091,-7.477951],[109.373645,-7.477727],[109.374197,-7.477774],[109.374624,-7.477929],[109.375,-7.478139]]]]}},{"id":"15","type":"Feature","properties":{"DESA":"Purworejo"},"geometry":{"type":"MultiPolygon","coordinates":[[[[109.42414,-7.464193],[109.424536,-7.463995],[109.425321,-7.463672],[109.425799,-7.463421],[109.426116,-7.46316],[109.426612,-7.463107],[109.428156,-7.462995],[109.428646,-7.462952],[109.429157,-7.462945],[109.430072,-7.462866],[109.431035,-7.462779],[109.431483,-7.462627],[109.432354,-7.462368],[109.434076,-7.46204],[109.43533,-7.463012],[109.435904,-7.463384],[109.436446,-7.463685],[109.437167,-7.464121],[109.437649,-7.464458],[109.438116,-7.464713],[109.438454,-7.465112],[109.437879,-7.465914],[109.437675,-7.466257],[109.437597,-7.466574],[109.437575,-7.466908],[109.437634,-7.467297],[109.437727,-7.467704],[109.437728,-7.46878],[109.43763,-7.469332],[109.437194,-7.469674],[109.437168,-7.47027],[109.437183,-7.470614],[109.437011,-7.471689],[109.437115,-7.472015],[109.436406,-7.4727],[109.435596,-7.47333],[109.434833,-7.474404],[109.434543,-7.475424],[109.434335,-7.476509],[109.434171,-7.477232],[109.434019,-7.477792],[109.433532,-7.47788],[109.433372,-7.478178],[109.43321,-7.47881],[109.433021,-7.479343],[109.432754,-7.479794],[109.432434,-7.47992],[109.431925,-7.479873],[109.431379,-7.479781],[109.430766,-7.479444],[109.430471,-7.47919],[109.430153,-7.479008],[109.429471,-7.47887],[109.428993,-7.478823],[109.428515,-7.478984],[109.428172,-7.479209],[109.427671,-7.479451],[109.427033,-7.479611],[109.426578,-7.479583],[109.425919,-7.479354],[109.425305,-7.479036],[109.424533,-7.478626],[109.423875,-7.478262],[109.423467,-7.477736],[109.42306,-7.476984],[109.422745,-7.476097],[109.422519,-7.475626],[109.422224,-7.475308],[109.421906,-7.475216],[109.419982,-7.475246],[109.419583,-7.474485],[109.418679,-7.473478],[109.418098,-7.472671],[109.418132,-7.472318],[109.418295,-7.471894],[109.418556,-7.471579],[109.419141,-7.471056],[109.419758,-7.470769],[109.421187,-7.470195],[109.422485,-7.469585],[109.423428,-7.468974],[109.424078,-7.468271],[109.424405,-7.46772],[109.424471,-7.467295],[109.424473,-7.466617],[109.42438,-7.46555],[109.42414,-7.464193]]]]}},{"id":"16","type":"Feature","properties":{"DESA":"Kecitran"},"geometry":{"type":"MultiPolygon","coordinates":[[[[109.45351,-7.471395],[109.454146,-7.471234],[109.454951,-7.470885],[109.455983,-7.470472],[109.456027,-7.471304],[109.455604,-7.472777],[109.455396,-7.474132],[109.45519,-7.474991],[109.455021,-7.475849],[109.454821,-7.476491],[109.454752,-7.476897],[109.454049,-7.477039],[109.453828,-7.477292],[109.453573,-7.47749],[109.453255,-7.477905],[109.453103,-7.478302],[109.453177,-7.478619],[109.452794,-7.478735],[109.452519,-7.478978],[109.452665,-7.479313],[109.452238,-7.479673],[109.451847,-7.479799],[109.451034,-7.480438],[109.450722,-7.480798],[109.450554,-7.481612],[109.450643,-7.482191],[109.450861,-7.482707],[109.450868,-7.483105],[109.450579,-7.483402],[109.450324,-7.4837],[109.449803,-7.483544],[109.449129,-7.483433],[109.448393,-7.483431],[109.447807,-7.483609],[109.4473,-7.484033],[109.446714,-7.48422],[109.446129,-7.484083],[109.445571,-7.483846],[109.44448,-7.483598],[109.443443,-7.483223],[109.442778,-7.483067],[109.442352,-7.483039],[109.441873,-7.483136],[109.441313,-7.483243],[109.440861,-7.483241],[109.440435,-7.483158],[109.440037,-7.482813],[109.439959,-7.482289],[109.439988,-7.48162],[109.440176,-7.481042],[109.440497,-7.480645],[109.440977,-7.480457],[109.441403,-7.480322],[109.441778,-7.479826],[109.441593,-7.479473],[109.441167,-7.479345],[109.440715,-7.479316],[109.440235,-7.479423],[109.439596,-7.479548],[109.438877,-7.479599],[109.438345,-7.479597],[109.437838,-7.479813],[109.437304,-7.480127],[109.436904,-7.480551],[109.436531,-7.480676],[109.436025,-7.480674],[109.435626,-7.480546],[109.435254,-7.480274],[109.434963,-7.479875],[109.434778,-7.479295],[109.434781,-7.47868],[109.434755,-7.47831],[109.434464,-7.478019],[109.434019,-7.477792],[109.434171,-7.477232],[109.434335,-7.476509],[109.434543,-7.475424],[109.434833,-7.474404],[109.435596,-7.47333],[109.436406,-7.4727],[109.437115,-7.472015],[109.437474,-7.472442],[109.438188,-7.473005],[109.43863,-7.473187],[109.438804,-7.473468],[109.438722,-7.473866],[109.438798,-7.474182],[109.439183,-7.474139],[109.439507,-7.473887],[109.439843,-7.473824],[109.440084,-7.474078],[109.440299,-7.474468],[109.44063,-7.474316],[109.441041,-7.474272],[109.441513,-7.474156],[109.441798,-7.47432],[109.442428,-7.473761],[109.442582,-7.473391],[109.443145,-7.473058],[109.443402,-7.473349],[109.443905,-7.473143],[109.444506,-7.474393],[109.444801,-7.474629],[109.44517,-7.474594],[109.445536,-7.474405],[109.445953,-7.474081],[109.446452,-7.473839],[109.44748,-7.473472],[109.448028,-7.473049],[109.448309,-7.473285],[109.44869,-7.473702],[109.448989,-7.473468],[109.449453,-7.473442],[109.449758,-7.473597],[109.450193,-7.473499],[109.450889,-7.47323],[109.451306,-7.473196],[109.451748,-7.473071],[109.452142,-7.4729],[109.452483,-7.472594],[109.452854,-7.472225],[109.45351,-7.471395]]]]}},{"id":"17","type":"Feature","properties":{"DESA":"Sirkandi"},"geometry":{"type":"MultiPolygon","coordinates":[[[[109.451847,-7.479799],[109.45221,-7.480089],[109.452524,-7.480244],[109.45296,-7.480418],[109.453403,-7.480464],[109.454024,-7.480584],[109.45442,-7.480576],[109.455075,-7.480425],[109.455639,-7.480454],[109.45615,-7.480555],[109.457123,-7.480929],[109.457977,-7.481222],[109.458532,-7.481278],[109.459251,-7.481525],[109.459736,-7.481626],[109.46026,-7.481664],[109.460663,-7.481719],[109.461292,-7.481812],[109.461803,-7.481823],[109.46243,-7.481843],[109.463656,-7.481884],[109.46426,-7.481859],[109.464887,-7.481761],[109.465442,-7.481609],[109.4665,-7.481378],[109.4676,-7.481291],[109.469746,-7.481227],[109.471104,-7.481096],[109.471349,-7.481449],[109.471717,-7.481894],[109.471866,-7.48231],[109.471716,-7.482762],[109.471888,-7.483133],[109.472352,-7.483388],[109.472531,-7.483822],[109.472601,-7.484374],[109.473076,-7.484864],[109.473238,-7.485245],[109.473205,-7.485769],[109.472353,-7.485974],[109.472114,-7.486263],[109.472177,-7.486986],[109.472335,-7.487385],[109.472612,-7.487684],[109.4722,-7.488071],[109.471582,-7.488603],[109.470875,-7.489043],[109.470257,-7.488707],[109.469412,-7.488206],[109.468618,-7.487761],[109.467968,-7.487415],[109.467461,-7.48735],[109.467053,-7.487538],[109.466857,-7.488026],[109.46668,-7.488577],[109.466548,-7.488983],[109.466363,-7.489389],[109.466097,-7.489786],[109.465781,-7.490138],[109.465175,-7.490253],[109.464491,-7.490233],[109.463886,-7.490149],[109.463281,-7.489975],[109.462799,-7.489929],[109.462398,-7.490108],[109.462129,-7.490686],[109.461703,-7.491471],[109.461432,-7.492184],[109.461277,-7.492826],[109.461192,-7.493531],[109.461402,-7.494246],[109.461703,-7.494717],[109.461714,-7.495423],[109.461727,-7.496445],[109.461728,-7.496779],[109.461673,-7.497141],[109.461802,-7.498289],[109.461756,-7.49875],[109.461765,-7.499275],[109.461399,-7.499554],[109.461012,-7.499715],[109.46069,-7.49976],[109.459525,-7.499575],[109.459094,-7.499546],[109.458692,-7.499707],[109.458471,-7.500005],[109.458447,-7.500421],[109.45851,-7.501018],[109.458706,-7.501742],[109.459099,-7.502865],[109.459291,-7.504701],[109.459236,-7.505216],[109.459107,-7.505948],[109.458596,-7.506968],[109.457467,-7.508076],[109.456143,-7.50941],[109.454339,-7.510932],[109.454217,-7.511483],[109.455103,-7.511984],[109.456323,-7.512684],[109.457202,-7.51313],[109.457855,-7.513775],[109.458412,-7.514373],[109.459275,-7.515308],[109.460158,-7.51626],[109.46091,-7.517511],[109.461497,-7.518444],[109.46184,-7.518889],[109.462256,-7.519378],[109.460818,-7.519889],[109.460394,-7.519923],[109.459215,-7.520552],[109.458704,-7.521039],[109.45818,-7.521589],[109.457826,-7.521868],[109.457482,-7.52212],[109.457021,-7.522507],[109.456443,-7.522921],[109.456017,-7.523127],[109.4557,-7.523253],[109.455266,-7.523251],[109.454568,-7.523203],[109.454262,-7.523383],[109.453921,-7.523563],[109.451682,-7.52389],[109.450938,-7.524086],[109.450581,-7.524148],[109.450221,-7.524255],[109.449709,-7.524407],[109.449271,-7.524505],[109.448278,-7.524655],[109.447897,-7.52469],[109.447488,-7.524707],[109.446841,-7.524795],[109.446338,-7.524811],[109.445963,-7.524792],[109.44559,-7.524664],[109.445144,-7.523695],[109.444757,-7.522762],[109.444358,-7.522055],[109.443802,-7.521122],[109.443228,-7.519881],[109.442837,-7.519455],[109.442554,-7.519065],[109.442211,-7.518774],[109.441838,-7.51852],[109.44181,-7.517941],[109.441756,-7.51738],[109.441836,-7.517064],[109.442347,-7.516179],[109.442708,-7.515539],[109.442858,-7.515132],[109.442926,-7.514798],[109.442913,-7.514454],[109.442781,-7.514083],[109.442548,-7.513594],[109.44294,-7.512908],[109.443171,-7.512312],[109.443451,-7.512006],[109.443818,-7.511528],[109.44396,-7.510895],[109.44415,-7.510353],[109.444385,-7.510119],[109.444741,-7.509976],[109.444932,-7.509669],[109.445014,-7.509299],[109.445176,-7.50872],[109.445407,-7.508106],[109.445938,-7.50762],[109.446251,-7.507205],[109.44668,-7.505941],[109.447089,-7.504857],[109.447227,-7.504143],[109.447165,-7.503627],[109.44674,-7.502387],[109.446816,-7.501555],[109.446589,-7.500885],[109.446033,-7.499807],[109.445527,-7.498775],[109.445604,-7.498459],[109.445612,-7.497907],[109.445627,-7.497554],[109.446033,-7.497511],[109.446427,-7.497467],[109.446748,-7.49726],[109.446799,-7.496645],[109.447341,-7.496457],[109.448186,-7.496026],[109.449246,-7.495433],[109.449456,-7.49471],[109.449295,-7.493905],[109.449098,-7.493154],[109.448846,-7.492484],[109.448416,-7.492211],[109.447765,-7.49182],[109.447481,-7.491385],[109.447574,-7.49106],[109.44779,-7.490672],[109.448249,-7.489968],[109.448687,-7.489156],[109.449099,-7.488578],[109.449588,-7.488101],[109.449981,-7.487533],[109.450313,-7.486982],[109.450663,-7.486423],[109.451301,-7.485629],[109.451397,-7.48468],[109.450961,-7.484226],[109.450324,-7.4837],[109.450579,-7.483402],[109.450868,-7.483105],[109.450861,-7.482707],[109.450643,-7.482191],[109.450554,-7.481612],[109.450722,-7.480798],[109.451034,-7.480438],[109.451847,-7.479799]]]]}},{"id":"18","type":"Feature","properties":{"DESA":"Pagak"},"geometry":{"type":"MultiPolygon","coordinates":[[[[109.455983,-7.470472],[109.456334,-7.470175],[109.457269,-7.469844],[109.458509,-7.469486],[109.459964,-7.469238],[109.461077,-7.469052],[109.462209,-7.468875],[109.463979,-7.468511],[109.465625,-7.468164],[109.466717,-7.468511],[109.466731,-7.469425],[109.46676,-7.469895],[109.466788,-7.470627],[109.466945,-7.471559],[109.467019,-7.47241],[109.466977,-7.473332],[109.467011,-7.474309],[109.46711,-7.475159],[109.46705,-7.475864],[109.466982,-7.476714],[109.466783,-7.477355],[109.466721,-7.477934],[109.466727,-7.478811],[109.466785,-7.479769],[109.466822,-7.480583],[109.466898,-7.480964],[109.4676,-7.481291],[109.4665,-7.481378],[109.465442,-7.481609],[109.464887,-7.481761],[109.46426,-7.481859],[109.463656,-7.481884],[109.46243,-7.481843],[109.461803,-7.481823],[109.461292,-7.481812],[109.460663,-7.481719],[109.46026,-7.481664],[109.459736,-7.481626],[109.459251,-7.481525],[109.458532,-7.481278],[109.457977,-7.481222],[109.457123,-7.480929],[109.45615,-7.480555],[109.455639,-7.480454],[109.455075,-7.480425],[109.45442,-7.480576],[109.454024,-7.480584],[109.453403,-7.480464],[109.45296,-7.480418],[109.452524,-7.480244],[109.45221,-7.480089],[109.451847,-7.479799],[109.452238,-7.479673],[109.452665,-7.479313],[109.452519,-7.478978],[109.452794,-7.478735],[109.453177,-7.478619],[109.453103,-7.478302],[109.453255,-7.477905],[109.453573,-7.47749],[109.453828,-7.477292],[109.454049,-7.477039],[109.454752,-7.476897],[109.454821,-7.476491],[109.455021,-7.475849],[109.45519,-7.474991],[109.455396,-7.474132],[109.455604,-7.472777],[109.456027,-7.471304],[109.455983,-7.470472]]]]}},{"id":"19","type":"Feature","properties":{"DESA":"Kalilandak"},"geometry":{"type":"MultiPolygon","coordinates":[[[[109.438454,-7.465112],[109.43872,-7.464932],[109.439341,-7.464753],[109.439667,-7.464637],[109.439874,-7.464321],[109.440152,-7.464132],[109.441059,-7.463647],[109.441948,-7.463189],[109.443084,-7.462632],[109.444403,-7.461868],[109.445638,-7.461294],[109.44693,-7.460747],[109.448134,-7.460145],[109.449351,-7.459589],[109.449823,-7.459382],[109.450338,-7.459836],[109.450869,-7.460697],[109.451123,-7.461774],[109.45117,-7.462634],[109.45101,-7.463212],[109.450928,-7.463971],[109.450943,-7.464297],[109.45107,-7.464858],[109.453099,-7.464612],[109.453146,-7.465019],[109.453153,-7.465516],[109.452973,-7.465859],[109.453087,-7.466655],[109.45313,-7.467126],[109.453148,-7.467542],[109.453215,-7.467876],[109.453486,-7.468456],[109.453615,-7.468755],[109.453624,-7.469225],[109.453479,-7.469595],[109.453298,-7.469875],[109.452974,-7.470462],[109.452847,-7.470787],[109.452864,-7.471112],[109.45351,-7.471395],[109.452854,-7.472225],[109.452483,-7.472594],[109.452142,-7.4729],[109.451748,-7.473071],[109.451306,-7.473196],[109.450889,-7.47323],[109.450193,-7.473499],[109.449758,-7.473597],[109.449453,-7.473442],[109.448989,-7.473468],[109.44869,-7.473702],[109.448309,-7.473285],[109.448028,-7.473049],[109.44748,-7.473472],[109.446452,-7.473839],[109.445953,-7.474081],[109.445536,-7.474405],[109.44517,-7.474594],[109.444801,-7.474629],[109.444506,-7.474393],[109.443905,-7.473143],[109.443402,-7.473349],[109.443145,-7.473058],[109.442582,-7.473391],[109.442428,-7.473761],[109.441798,-7.47432],[109.441513,-7.474156],[109.441041,-7.474272],[109.44063,-7.474316],[109.440299,-7.474468],[109.440084,-7.474078],[109.439843,-7.473824],[109.439507,-7.473887],[109.439183,-7.474139],[109.438798,-7.474182],[109.438722,-7.473866],[109.438804,-7.473468],[109.43863,-7.473187],[109.438188,-7.473005],[109.437474,-7.472442],[109.437115,-7.472015],[109.437011,-7.471689],[109.437183,-7.470614],[109.437168,-7.47027],[109.437194,-7.469674],[109.43763,-7.469332],[109.437728,-7.46878],[109.437727,-7.467704],[109.437634,-7.467297],[109.437575,-7.466908],[109.437597,-7.466574],[109.437675,-7.466257],[109.437879,-7.465914],[109.438454,-7.465112]]]]}},{"id":"20","type":"Feature","properties":{"DESA":"Klampok"},"geometry":{"type":"MultiPolygon","coordinates":[[[[109.447373,-7.455612],[109.448491,-7.456602],[109.44892,-7.457688],[109.449364,-7.458612],[109.449823,-7.459382],[109.449351,-7.459589],[109.448134,-7.460145],[109.44693,-7.460747],[109.445638,-7.461294],[109.444403,-7.461868],[109.443084,-7.462632],[109.441948,-7.463189],[109.441059,-7.463647],[109.440152,-7.464132],[109.439874,-7.464321],[109.439667,-7.464637],[109.439341,-7.464753],[109.43872,-7.464932],[109.438454,-7.465112],[109.438116,-7.464713],[109.437649,-7.464458],[109.437167,-7.464121],[109.436446,-7.463685],[109.435904,-7.463384],[109.43533,-7.463012],[109.434076,-7.46204],[109.432354,-7.462368],[109.431483,-7.462627],[109.431035,-7.462779],[109.430072,-7.462866],[109.429157,-7.462945],[109.428646,-7.462952],[109.428156,-7.462995],[109.426612,-7.463107],[109.426116,-7.46316],[109.425799,-7.463421],[109.425321,-7.463672],[109.424536,-7.463995],[109.42414,-7.464193],[109.423754,-7.463206],[109.423699,-7.462355],[109.42373,-7.46175],[109.423732,-7.461189],[109.423617,-7.460728],[109.423356,-7.46032],[109.422977,-7.460029],[109.422541,-7.459584],[109.422747,-7.459151],[109.423099,-7.45889],[109.423683,-7.458775],[109.424529,-7.458958],[109.425316,-7.459187],[109.426279,-7.459254],[109.426951,-7.459139],[109.427362,-7.458761],[109.427509,-7.458182],[109.427481,-7.457857],[109.42722,-7.457594],[109.426375,-7.457066],[109.425705,-7.456512],[109.425415,-7.45596],[109.425709,-7.455581],[109.426412,-7.455005],[109.427084,-7.454799],[109.427667,-7.454919],[109.428162,-7.455183],[109.428365,-7.455852],[109.428478,-7.456612],[109.428594,-7.456993],[109.428797,-7.457482],[109.428999,-7.458043],[109.429289,-7.458713],[109.429725,-7.459266],[109.430191,-7.45953],[109.430681,-7.459369],[109.431134,-7.459027],[109.431971,-7.45847],[109.432633,-7.458029],[109.433678,-7.457644],[109.434828,-7.456961],[109.435456,-7.456511],[109.436188,-7.455817],[109.436922,-7.454951],[109.437587,-7.453643],[109.437728,-7.453046],[109.43759,-7.452738],[109.437174,-7.452393],[109.436099,-7.451793],[109.435891,-7.451521],[109.435927,-7.451069],[109.436068,-7.450689],[109.436661,-7.449995],[109.437916,-7.449168],[109.438996,-7.44862],[109.439449,-7.448513],[109.440005,-7.448551],[109.440247,-7.448796],[109.440454,-7.449249],[109.440487,-7.449728],[109.44038,-7.45056],[109.440237,-7.451599],[109.44027,-7.452332],[109.440407,-7.452884],[109.440717,-7.453753],[109.441376,-7.45428],[109.442002,-7.45411],[109.442869,-7.454095],[109.443262,-7.454151],[109.443716,-7.454333],[109.444169,-7.454579],[109.444833,-7.455006],[109.446254,-7.455644],[109.447373,-7.455612]]]]}},{"id":"21","type":"Feature","properties":{"DESA":"Kalimandi"},"geometry":{"type":"MultiPolygon","coordinates":[[[[109.458194,-7.452774],[109.458691,-7.452758],[109.459059,-7.454568],[109.459183,-7.455364],[109.459233,-7.455681],[109.459381,-7.456631],[109.459433,-7.457029],[109.45953,-7.457572],[109.459576,-7.457925],[109.459617,-7.458268],[109.45965,-7.458612],[109.459683,-7.459064],[109.45973,-7.459408],[109.459874,-7.46043],[109.459975,-7.460928],[109.460095,-7.461516],[109.4602,-7.462122],[109.460465,-7.462386],[109.46078,-7.462522],[109.461822,-7.462544],[109.462758,-7.462529],[109.463475,-7.462514],[109.463672,-7.462831],[109.463733,-7.463455],[109.463895,-7.464089],[109.464207,-7.464668],[109.464888,-7.465557],[109.465708,-7.466545],[109.466249,-7.467343],[109.466717,-7.467941],[109.466717,-7.468511],[109.465625,-7.468164],[109.463979,-7.468511],[109.462209,-7.468875],[109.461077,-7.469052],[109.459964,-7.469238],[109.458509,-7.469486],[109.457269,-7.469844],[109.456334,-7.470175],[109.455983,-7.470472],[109.454951,-7.470885],[109.454146,-7.471234],[109.45351,-7.471395],[109.452864,-7.471112],[109.452847,-7.470787],[109.452974,-7.470462],[109.453298,-7.469875],[109.453479,-7.469595],[109.453624,-7.469225],[109.453615,-7.468755],[109.453486,-7.468456],[109.453215,-7.467876],[109.453148,-7.467542],[109.45313,-7.467126],[109.453087,-7.466655],[109.452973,-7.465859],[109.453153,-7.465516],[109.453146,-7.465019],[109.453099,-7.464612],[109.45107,-7.464858],[109.450943,-7.464297],[109.450928,-7.463971],[109.45101,-7.463212],[109.45117,-7.462634],[109.451123,-7.461774],[109.450869,-7.460697],[109.450338,-7.459836],[109.449823,-7.459382],[109.449364,-7.458612],[109.44892,-7.457688],[109.448491,-7.456602],[109.447373,-7.455612],[109.447738,-7.455252],[109.448194,-7.45462],[109.448681,-7.453899],[109.448653,-7.453202],[109.447929,-7.452476],[109.447206,-7.45175],[109.446724,-7.450998],[109.446786,-7.450546],[109.446939,-7.450059],[109.447396,-7.449283],[109.448125,-7.448616],[109.448671,-7.448102],[109.449189,-7.447381],[109.449614,-7.44693],[109.450039,-7.44666],[109.450432,-7.446544],[109.45131,-7.446574],[109.452429,-7.446822],[109.452822,-7.447068],[109.453242,-7.447937],[109.453421,-7.448852],[109.453538,-7.450082],[109.453595,-7.450959],[109.453776,-7.451294],[109.454323,-7.451784],[109.454667,-7.452039],[109.455615,-7.452567],[109.456592,-7.452823],[109.457656,-7.4528],[109.458194,-7.452774]]]]}},{"id":"22","type":"Feature","properties":{"DESA":"Kaliwasuh"},"geometry":{"type":"MultiPolygon","coordinates":[[[[109.466013,-7.446761],[109.466992,-7.447642],[109.468422,-7.448253],[109.469731,-7.448863],[109.47034,-7.448983],[109.471316,-7.448959],[109.472201,-7.448718],[109.4733,-7.448179],[109.473734,-7.449266],[109.474439,-7.450398],[109.474506,-7.450806],[109.474592,-7.451511],[109.474664,-7.452262],[109.474687,-7.452651],[109.474468,-7.453147],[109.474075,-7.453363],[109.47316,-7.45393],[109.472363,-7.454551],[109.47196,-7.454857],[109.471562,-7.455145],[109.471515,-7.455543],[109.470964,-7.456255],[109.470724,-7.456733],[109.470561,-7.45714],[109.470371,-7.457474],[109.470077,-7.457762],[109.469571,-7.45805],[109.468643,-7.458318],[109.468261,-7.458181],[109.467901,-7.458116],[109.46741,-7.458187],[109.466688,-7.45823],[109.465761,-7.458498],[109.465572,-7.458777],[109.465314,-7.459012],[109.464947,-7.459607],[109.464538,-7.460899],[109.464082,-7.461747],[109.463475,-7.462514],[109.462758,-7.462529],[109.461822,-7.462544],[109.46078,-7.462522],[109.460465,-7.462386],[109.4602,-7.462122],[109.460095,-7.461516],[109.459975,-7.460928],[109.459874,-7.46043],[109.45973,-7.459408],[109.459683,-7.459064],[109.45965,-7.458612],[109.459617,-7.458268],[109.459576,-7.457925],[109.45953,-7.457572],[109.459433,-7.457029],[109.459381,-7.456631],[109.459233,-7.455681],[109.459183,-7.455364],[109.459059,-7.454568],[109.458691,-7.452758],[109.459901,-7.452464],[109.460333,-7.452239],[109.460969,-7.45141],[109.461258,-7.45095],[109.461491,-7.450263],[109.46158,-7.449486],[109.461613,-7.448428],[109.461615,-7.447741],[109.461904,-7.447362],[109.462942,-7.446796],[109.464468,-7.446114],[109.465229,-7.446053],[109.465533,-7.446326],[109.466013,-7.446761]]]]}},{"id":"23","type":"Feature","properties":{"DESA":"Salamerta"},"geometry":{"type":"MultiPolygon","coordinates":[[[[109.472612,-7.487684],[109.473233,-7.487252],[109.473856,-7.486739],[109.474299,-7.48627],[109.474611,-7.485909],[109.474703,-7.485449],[109.47477,-7.485024],[109.475431,-7.484954],[109.476026,-7.485453],[109.476685,-7.486306],[109.477175,-7.487121],[109.47747,-7.487782],[109.477611,-7.488298],[109.47764,-7.48885],[109.477709,-7.489438],[109.477555,-7.490106],[109.477281,-7.490702],[109.477293,-7.491245],[109.477554,-7.49206],[109.477661,-7.492494],[109.477469,-7.493316],[109.477295,-7.494392],[109.477124,-7.494834],[109.476559,-7.495113],[109.476238,-7.495473],[109.475944,-7.495725],[109.475634,-7.495977],[109.475318,-7.496329],[109.475225,-7.49669],[109.474975,-7.496916],[109.474702,-7.497114],[109.475439,-7.498256],[109.475901,-7.500002],[109.476142,-7.500374],[109.47638,-7.501496],[109.476244,-7.502635],[109.475888,-7.503601],[109.475056,-7.505136],[109.474166,-7.506136],[109.473308,-7.506839],[109.472736,-7.507379],[109.472449,-7.507857],[109.472288,-7.508508],[109.471959,-7.509221],[109.471533,-7.510034],[109.47096,-7.510972],[109.47045,-7.511775],[109.470205,-7.512353],[109.47019,-7.513583],[109.46987,-7.51464],[109.46936,-7.515515],[109.468914,-7.516192],[109.468014,-7.516975],[109.467791,-7.517237],[109.46651,-7.518254],[109.465257,-7.518901],[109.464125,-7.519313],[109.462797,-7.519263],[109.462256,-7.519378],[109.46184,-7.518889],[109.461497,-7.518444],[109.46091,-7.517511],[109.460158,-7.51626],[109.459275,-7.515308],[109.458412,-7.514373],[109.457855,-7.513775],[109.457202,-7.51313],[109.456323,-7.512684],[109.455103,-7.511984],[109.454217,-7.511483],[109.454339,-7.510932],[109.456143,-7.50941],[109.457467,-7.508076],[109.458596,-7.506968],[109.459107,-7.505948],[109.459236,-7.505216],[109.459291,-7.504701],[109.459099,-7.502865],[109.458706,-7.501742],[109.45851,-7.501018],[109.458447,-7.500421],[109.458471,-7.500005],[109.458692,-7.499707],[109.459094,-7.499546],[109.459525,-7.499575],[109.46069,-7.49976],[109.461012,-7.499715],[109.461399,-7.499554],[109.461765,-7.499275],[109.461756,-7.49875],[109.461802,-7.498289],[109.461673,-7.497141],[109.461728,-7.496779],[109.461727,-7.496445],[109.461714,-7.495423],[109.461703,-7.494717],[109.461402,-7.494246],[109.461192,-7.493531],[109.461277,-7.492826],[109.461432,-7.492184],[109.461703,-7.491471],[109.462129,-7.490686],[109.462398,-7.490108],[109.462799,-7.489929],[109.463281,-7.489975],[109.463886,-7.490149],[109.464491,-7.490233],[109.465175,-7.490253],[109.465781,-7.490138],[109.466097,-7.489786],[109.466363,-7.489389],[109.466548,-7.488983],[109.46668,-7.488577],[109.466857,-7.488026],[109.467053,-7.487538],[109.467461,-7.48735],[109.467968,-7.487415],[109.468618,-7.487761],[109.469412,-7.488206],[109.470257,-7.488707],[109.470875,-7.489043],[109.471582,-7.488603],[109.4722,-7.488071],[109.472612,-7.487684]]]]}},{"id":"24","type":"Feature","properties":{"DESA":"Glempang"},"geometry":{"type":"MultiPolygon","coordinates":[[[[109.4814,-7.474792],[109.48142,-7.475543],[109.481507,-7.476393],[109.481589,-7.47728],[109.481856,-7.478122],[109.482391,-7.478892],[109.483053,-7.4795],[109.484682,-7.481305],[109.485077,-7.482003],[109.484867,-7.482572],[109.484791,-7.483087],[109.484918,-7.483476],[109.484232,-7.483863],[109.484191,-7.484243],[109.484267,-7.484577],[109.484063,-7.484875],[109.48368,-7.486303],[109.483413,-7.486618],[109.482995,-7.487195],[109.482832,-7.487755],[109.482826,-7.488352],[109.482854,-7.488759],[109.483008,-7.489266],[109.483571,-7.489169],[109.484103,-7.489125],[109.48459,-7.489235],[109.484854,-7.489598],[109.484911,-7.490132],[109.484881,-7.490756],[109.484925,-7.491344],[109.48521,-7.491851],[109.485525,-7.49225],[109.485668,-7.492811],[109.485692,-7.493652],[109.48588,-7.494222],[109.486239,-7.494956],[109.486398,-7.496376],[109.486397,-7.496747],[109.486281,-7.497325],[109.486341,-7.497687],[109.486651,-7.497951],[109.486979,-7.498341],[109.487002,-7.498901],[109.486976,-7.499353],[109.487164,-7.500005],[109.487259,-7.500512],[109.487102,-7.501063],[109.487202,-7.501416],[109.487685,-7.501617],[109.487965,-7.502079],[109.488571,-7.502524],[109.488885,-7.502905],[109.489208,-7.503186],[109.489538,-7.503151],[109.489909,-7.503378],[109.490264,-7.503497],[109.490279,-7.503859],[109.490607,-7.504086],[109.490598,-7.504547],[109.490653,-7.504973],[109.490737,-7.505362],[109.490871,-7.505787],[109.491333,-7.506539],[109.491848,-7.507301],[109.492499,-7.508352],[109.492326,-7.508713],[109.492114,-7.509011],[109.491746,-7.509461],[109.491538,-7.509732],[109.491279,-7.509966],[109.490935,-7.510074],[109.490065,-7.510197],[109.489407,-7.510493],[109.487773,-7.510858],[109.487375,-7.510776],[109.486652,-7.510674],[109.486165,-7.510772],[109.485582,-7.510914],[109.484806,-7.51121],[109.484131,-7.51185],[109.483708,-7.512535],[109.483063,-7.513808],[109.48274,-7.514784],[109.482821,-7.515616],[109.483022,-7.516123],[109.483222,-7.516612],[109.483186,-7.517182],[109.482562,-7.51755],[109.48182,-7.517864],[109.479749,-7.518228],[109.479041,-7.518289],[109.478165,-7.518493],[109.477238,-7.518825],[109.476075,-7.519192],[109.475064,-7.519568],[109.474255,-7.5199],[109.473479,-7.520087],[109.473142,-7.520248],[109.47272,-7.520554],[109.471825,-7.521112],[109.471337,-7.5213],[109.469837,-7.521937],[109.468791,-7.522331],[109.46805,-7.522437],[109.467579,-7.522381],[109.467226,-7.522226],[109.466857,-7.521827],[109.466456,-7.521165],[109.465986,-7.520549],[109.465646,-7.520078],[109.465107,-7.519714],[109.464125,-7.519313],[109.465257,-7.518901],[109.46651,-7.518254],[109.467791,-7.517237],[109.468014,-7.516975],[109.468914,-7.516192],[109.46936,-7.515515],[109.46987,-7.51464],[109.47019,-7.513583],[109.470205,-7.512353],[109.47045,-7.511775],[109.47096,-7.510972],[109.471533,-7.510034],[109.471959,-7.509221],[109.472288,-7.508508],[109.472449,-7.507857],[109.472736,-7.507379],[109.473308,-7.506839],[109.474166,-7.506136],[109.475056,-7.505136],[109.475888,-7.503601],[109.476244,-7.502635],[109.47638,-7.501496],[109.476142,-7.500374],[109.475901,-7.500002],[109.475439,-7.498256],[109.474702,-7.497114],[109.474975,-7.496916],[109.475225,-7.49669],[109.475318,-7.496329],[109.475634,-7.495977],[109.475944,-7.495725],[109.476238,-7.495473],[109.476559,-7.495113],[109.477124,-7.494834],[109.477295,-7.494392],[109.477469,-7.493316],[109.477661,-7.492494],[109.477554,-7.49206],[109.477293,-7.491245],[109.477281,-7.490702],[109.477555,-7.490106],[109.477709,-7.489438],[109.47764,-7.48885],[109.477611,-7.488298],[109.47747,-7.487782],[109.477175,-7.487121],[109.476685,-7.486306],[109.476026,-7.485453],[109.475431,-7.484954],[109.47477,-7.485024],[109.474703,-7.485449],[109.474611,-7.485909],[109.474299,-7.48627],[109.473856,-7.486739],[109.473233,-7.487252],[109.472612,-7.487684],[109.472335,-7.487385],[109.472177,-7.486986],[109.472114,-7.486263],[109.472353,-7.485974],[109.473205,-7.485769],[109.473238,-7.485245],[109.473076,-7.484864],[109.472601,-7.484374],[109.472531,-7.483822],[109.472352,-7.483388],[109.471888,-7.483133],[109.471716,-7.482762],[109.471866,-7.48231],[109.472257,-7.481705],[109.472748,-7.481445],[109.473022,-7.48122],[109.473119,-7.480913],[109.473231,-7.479837],[109.473578,-7.479269],[109.473915,-7.478971],[109.47446,-7.478756],[109.474764,-7.478495],[109.475127,-7.47827],[109.47575,-7.47782],[109.476284,-7.477433],[109.477047,-7.476703],[109.477526,-7.476606],[109.477848,-7.476589],[109.478229,-7.4764],[109.479019,-7.475969],[109.479791,-7.47561],[109.48024,-7.475575],[109.480478,-7.475187],[109.4814,-7.474792]]]]}},{"id":"25","type":"Feature","properties":{"DESA":"Kebanaran"},"geometry":{"type":"MultiPolygon","coordinates":[[[[109.501216,-7.466957],[109.501905,-7.46686],[109.502942,-7.466574],[109.503357,-7.466458],[109.503781,-7.466459],[109.504249,-7.466397],[109.504219,-7.467546],[109.504193,-7.46835],[109.504124,-7.469055],[109.504018,-7.469923],[109.50413,-7.470457],[109.504193,-7.471018],[109.504212,-7.471407],[109.504127,-7.472031],[109.503997,-7.472645],[109.50393,-7.473377],[109.503812,-7.474091],[109.503837,-7.47486],[109.503756,-7.477057],[109.503696,-7.477627],[109.503711,-7.477997],[109.503172,-7.477769],[109.502827,-7.477967],[109.502652,-7.478247],[109.501995,-7.478245],[109.501628,-7.47875],[109.501407,-7.479482],[109.501264,-7.48072],[109.501028,-7.482058],[109.500927,-7.483206],[109.500868,-7.483829],[109.500871,-7.48477],[109.500965,-7.485928],[109.500927,-7.486624],[109.500679,-7.487057],[109.500134,-7.487887],[109.5,-7.489297],[109.499625,-7.489866],[109.499436,-7.490408],[109.498976,-7.491066],[109.499025,-7.491491],[109.499143,-7.491962],[109.499365,-7.492315],[109.499559,-7.492723],[109.499678,-7.493176],[109.499766,-7.493818],[109.499451,-7.494938],[109.499255,-7.495399],[109.499161,-7.495914],[109.499075,-7.496329],[109.498738,-7.497232],[109.498609,-7.49772],[109.497957,-7.499264],[109.497897,-7.49959],[109.497913,-7.500006],[109.497996,-7.500359],[109.498179,-7.500784],[109.498273,-7.501183],[109.498476,-7.50178],[109.497928,-7.502465],[109.497577,-7.502736],[109.497486,-7.503359],[109.497337,-7.503729],[109.496953,-7.504442],[109.496702,-7.504993],[109.496536,-7.505291],[109.496145,-7.505968],[109.495863,-7.506519],[109.495597,-7.506735],[109.495257,-7.507059],[109.494848,-7.507501],[109.49437,-7.507653],[109.493814,-7.50766],[109.493149,-7.507784],[109.492758,-7.508009],[109.492499,-7.508352],[109.491848,-7.507301],[109.491333,-7.506539],[109.490871,-7.505787],[109.490737,-7.505362],[109.490653,-7.504973],[109.490598,-7.504547],[109.490607,-7.504086],[109.490279,-7.503859],[109.490264,-7.503497],[109.489909,-7.503378],[109.489538,-7.503151],[109.489208,-7.503186],[109.488885,-7.502905],[109.488571,-7.502524],[109.487965,-7.502079],[109.487685,-7.501617],[109.487202,-7.501416],[109.487102,-7.501063],[109.487259,-7.500512],[109.487164,-7.500005],[109.486976,-7.499353],[109.487002,-7.498901],[109.486979,-7.498341],[109.486651,-7.497951],[109.486341,-7.497687],[109.486281,-7.497325],[109.486397,-7.496747],[109.486398,-7.496376],[109.486239,-7.494956],[109.48588,-7.494222],[109.485692,-7.493652],[109.485668,-7.492811],[109.485525,-7.49225],[109.48521,-7.491851],[109.484925,-7.491344],[109.484881,-7.490756],[109.484911,-7.490132],[109.484854,-7.489598],[109.48459,-7.489235],[109.484103,-7.489125],[109.483571,-7.489169],[109.483008,-7.489266],[109.482854,-7.488759],[109.482826,-7.488352],[109.482832,-7.487755],[109.482995,-7.487195],[109.483413,-7.486618],[109.48368,-7.486303],[109.484063,-7.484875],[109.484267,-7.484577],[109.484191,-7.484243],[109.484232,-7.483863],[109.484918,-7.483476],[109.484791,-7.483087],[109.484867,-7.482572],[109.485077,-7.482003],[109.484682,-7.481305],[109.485046,-7.481144],[109.485462,-7.481154],[109.485628,-7.480766],[109.486149,-7.480496],[109.486546,-7.480489],[109.486942,-7.480554],[109.487327,-7.480636],[109.487772,-7.48081],[109.488159,-7.480847],[109.488756,-7.480822],[109.489189,-7.480941],[109.489237,-7.480607],[109.489333,-7.480281],[109.489388,-7.479875],[109.489621,-7.479568],[109.489999,-7.479352],[109.490194,-7.479018],[109.490345,-7.478467],[109.490358,-7.477898],[109.490659,-7.477664],[109.49117,-7.477647],[109.491602,-7.477486],[109.491779,-7.477116],[109.491772,-7.476736],[109.491591,-7.476292],[109.49145,-7.475867],[109.4915,-7.475089],[109.491397,-7.4747],[109.491258,-7.474311],[109.494666,-7.472595],[109.495594,-7.472499],[109.496791,-7.472349],[109.497888,-7.472091],[109.498795,-7.471768],[109.499221,-7.471507],[109.499582,-7.47121],[109.5,-7.470597],[109.500226,-7.470182],[109.500578,-7.469812],[109.501181,-7.469362],[109.501432,-7.468983],[109.501476,-7.468603],[109.50151,-7.467952],[109.501216,-7.466957]]]]}},{"id":"26","type":"Feature","properties":{"DESA":"Kaliwungu"},"geometry":{"type":"MultiPolygon","coordinates":[[[[109.504249,-7.466397],[109.504587,-7.466344],[109.504964,-7.466463],[109.505509,-7.466438],[109.505907,-7.466349],[109.506257,-7.466675],[109.506753,-7.466713],[109.507117,-7.466968],[109.50747,-7.466924],[109.508262,-7.466646],[109.508669,-7.46672],[109.508921,-7.468276],[109.508895,-7.469786],[109.508951,-7.471251],[109.50891,-7.472653],[109.508926,-7.474009],[109.508955,-7.475393],[109.509388,-7.475656],[109.509918,-7.475848],[109.510317,-7.476057],[109.510497,-7.477559],[109.510746,-7.478582],[109.510792,-7.479767],[109.510661,-7.480725],[109.510505,-7.48142],[109.510542,-7.482162],[109.510664,-7.482705],[109.510781,-7.483357],[109.510909,-7.483909],[109.511119,-7.485221],[109.511275,-7.486704],[109.511282,-7.48788],[109.511181,-7.490185],[109.51103,-7.490971],[109.510888,-7.491866],[109.510868,-7.492626],[109.510985,-7.49363],[109.510885,-7.494805],[109.510833,-7.495872],[109.510751,-7.49702],[109.510667,-7.498042],[109.510512,-7.498909],[109.510237,-7.499776],[109.510282,-7.500373],[109.510515,-7.500844],[109.511302,-7.501236],[109.511438,-7.501589],[109.511493,-7.502503],[109.511523,-7.502991],[109.511583,-7.503398],[109.511598,-7.50385],[109.511663,-7.504176],[109.511921,-7.504584],[109.512154,-7.505019],[109.512153,-7.505344],[109.512112,-7.505715],[109.51204,-7.506131],[109.512055,-7.506456],[109.5122,-7.506746],[109.512464,-7.507091],[109.512581,-7.507525],[109.512685,-7.507987],[109.512758,-7.508358],[109.5128,-7.508765],[109.51282,-7.509126],[109.512787,-7.509497],[109.512118,-7.50945],[109.511718,-7.509475],[109.510919,-7.509464],[109.510108,-7.509298],[109.50956,-7.509133],[109.508993,-7.508942],[109.508453,-7.508786],[109.507783,-7.508693],[109.507352,-7.508728],[109.506701,-7.50888],[109.505943,-7.509058],[109.504984,-7.509217],[109.504364,-7.509279],[109.503667,-7.509348],[109.503138,-7.509356],[109.502449,-7.509516],[109.501045,-7.510171],[109.500404,-7.510432],[109.5,-7.510421],[109.499658,-7.510185],[109.499205,-7.509568],[109.498787,-7.508762],[109.498522,-7.507631],[109.498392,-7.506319],[109.49838,-7.504845],[109.498283,-7.503552],[109.497864,-7.503252],[109.497486,-7.503359],[109.497577,-7.502736],[109.497928,-7.502465],[109.498476,-7.50178],[109.498273,-7.501183],[109.498179,-7.500784],[109.497996,-7.500359],[109.497913,-7.500006],[109.497897,-7.49959],[109.497957,-7.499264],[109.498609,-7.49772],[109.498738,-7.497232],[109.499075,-7.496329],[109.499161,-7.495914],[109.499255,-7.495399],[109.499451,-7.494938],[109.499766,-7.493818],[109.499678,-7.493176],[109.499559,-7.492723],[109.499365,-7.492315],[109.499143,-7.491962],[109.499025,-7.491491],[109.498976,-7.491066],[109.499436,-7.490408],[109.499625,-7.489866],[109.5,-7.489297],[109.500134,-7.487887],[109.500679,-7.487057],[109.500927,-7.486624],[109.500965,-7.485928],[109.500871,-7.48477],[109.500868,-7.483829],[109.500927,-7.483206],[109.501028,-7.482058],[109.501264,-7.48072],[109.501407,-7.479482],[109.501628,-7.47875],[109.501995,-7.478245],[109.502652,-7.478247],[109.502827,-7.477967],[109.503172,-7.477769],[109.503711,-7.477997],[109.503696,-7.477627],[109.503756,-7.477057],[109.503837,-7.47486],[109.503812,-7.474091],[109.50393,-7.473377],[109.503997,-7.472645],[109.504127,-7.472031],[109.504212,-7.471407],[109.504193,-7.471018],[109.50413,-7.470457],[109.504018,-7.469923],[109.504124,-7.469055],[109.504193,-7.46835],[109.504219,-7.467546],[109.504249,-7.466397]]]]}},{"id":"27","type":"Feature","properties":{"DESA":"Somawangi"},"geometry":{"type":"MultiPolygon","coordinates":[[[[109.519199,-7.462776],[109.519999,-7.462634],[109.520526,-7.462654],[109.520991,-7.462737],[109.521467,-7.462929],[109.521828,-7.463228],[109.522157,-7.463699],[109.52314,-7.464381],[109.523471,-7.464626],[109.523799,-7.464727],[109.524055,-7.464927],[109.52428,-7.465389],[109.523728,-7.465884],[109.52361,-7.466363],[109.523889,-7.467268],[109.524301,-7.468264],[109.524592,-7.469151],[109.524882,-7.469984],[109.525121,-7.470772],[109.525318,-7.471288],[109.525613,-7.472428],[109.525917,-7.473325],[109.526225,-7.47414],[109.526541,-7.474991],[109.526899,-7.47577],[109.527184,-7.476259],[109.526556,-7.476374],[109.525866,-7.476435],[109.525457,-7.476714],[109.525235,-7.47731],[109.525045,-7.477807],[109.524917,-7.47853],[109.524695,-7.479307],[109.524442,-7.48003],[109.523874,-7.480932],[109.523086,-7.481843],[109.522205,-7.482617],[109.522291,-7.483205],[109.522489,-7.483604],[109.522452,-7.484589],[109.522612,-7.48516],[109.522777,-7.485522],[109.522758,-7.48649],[109.522478,-7.487483],[109.522069,-7.488567],[109.521907,-7.489055],[109.521885,-7.489932],[109.522095,-7.490548],[109.522223,-7.490919],[109.522531,-7.491417],[109.522822,-7.491653],[109.522739,-7.492015],[109.52256,-7.492303],[109.522648,-7.492665],[109.523454,-7.492994],[109.523739,-7.493275],[109.523648,-7.493781],[109.523213,-7.494015],[109.52279,-7.494185],[109.522496,-7.494546],[109.522072,-7.494897],[109.521729,-7.494878],[109.521414,-7.495211],[109.521053,-7.495698],[109.520723,-7.49624],[109.520807,-7.49662],[109.520716,-7.497027],[109.521102,-7.497218],[109.521517,-7.497481],[109.521722,-7.498124],[109.521743,-7.49845],[109.521496,-7.498666],[109.521167,-7.498909],[109.520346,-7.499693],[109.520251,-7.5],[109.520074,-7.500461],[109.519875,-7.500849],[109.519759,-7.501156],[109.519656,-7.501852],[109.519382,-7.502366],[109.519223,-7.502673],[109.519119,-7.503252],[109.519105,-7.503812],[109.518792,-7.503983],[109.518314,-7.504018],[109.518024,-7.504451],[109.51807,-7.504767],[109.517704,-7.505164],[109.517711,-7.505661],[109.517892,-7.50597],[109.51807,-7.506359],[109.518424,-7.506912],[109.518846,-7.507302],[109.519054,-7.507583],[109.518935,-7.508107],[109.518946,-7.508586],[109.518907,-7.508957],[109.518694,-7.509535],[109.518583,-7.509896],[109.518503,-7.510231],[109.51843,-7.510547],[109.518343,-7.510863],[109.517802,-7.510708],[109.517238,-7.510543],[109.516545,-7.510387],[109.515582,-7.510185],[109.514631,-7.509983],[109.513997,-7.509827],[109.513351,-7.509671],[109.512787,-7.509497],[109.51282,-7.509126],[109.5128,-7.508765],[109.512758,-7.508358],[109.512685,-7.507987],[109.512581,-7.507525],[109.512464,-7.507091],[109.5122,-7.506746],[109.512055,-7.506456],[109.51204,-7.506131],[109.512112,-7.505715],[109.512153,-7.505344],[109.512154,-7.505019],[109.511921,-7.504584],[109.511663,-7.504176],[109.511598,-7.50385],[109.511583,-7.503398],[109.511523,-7.502991],[109.511493,-7.502503],[109.511438,-7.501589],[109.511302,-7.501236],[109.510515,-7.500844],[109.510282,-7.500373],[109.510237,-7.499776],[109.510512,-7.498909],[109.510667,-7.498042],[109.510751,-7.49702],[109.510833,-7.495872],[109.510885,-7.494805],[109.510985,-7.49363],[109.510868,-7.492626],[109.510888,-7.491866],[109.51103,-7.490971],[109.511181,-7.490185],[109.511282,-7.48788],[109.511275,-7.486704],[109.511119,-7.485221],[109.510909,-7.483909],[109.510781,-7.483357],[109.510664,-7.482705],[109.510542,-7.482162],[109.510505,-7.48142],[109.510661,-7.480725],[109.510792,-7.479767],[109.510746,-7.478582],[109.510497,-7.477559],[109.510317,-7.476057],[109.509918,-7.475848],[109.509388,-7.475656],[109.508955,-7.475393],[109.508926,-7.474009],[109.50891,-7.472653],[109.508951,-7.471251],[109.508895,-7.469786],[109.508921,-7.468276],[109.508669,-7.46672],[109.509936,-7.466851],[109.510384,-7.467015],[109.510867,-7.466528],[109.511135,-7.46633],[109.511846,-7.465953],[109.512607,-7.465955],[109.512928,-7.465902],[109.513342,-7.465687],[109.51361,-7.46529],[109.513913,-7.465037],[109.514296,-7.464433],[109.514601,-7.464181],[109.515086,-7.463974],[109.515863,-7.463986],[109.516233,-7.463824],[109.517152,-7.463846],[109.517533,-7.463747],[109.517677,-7.463305],[109.517955,-7.462998],[109.518361,-7.463027],[109.518864,-7.462838],[109.519199,-7.462776]]]]}},{"id":"28","type":"Feature","properties":{"DESA":"Jalatunda"},"geometry":{"type":"MultiPolygon","coordinates":[[[[109.527184,-7.476259],[109.52786,-7.476125],[109.528545,-7.476309],[109.529147,-7.476681],[109.529558,-7.476945],[109.529923,-7.476982],[109.530381,-7.476957],[109.530876,-7.476551],[109.531248,-7.476046],[109.531578,-7.475803],[109.532004,-7.475624],[109.532388,-7.475553],[109.532758,-7.475653],[109.533059,-7.475944],[109.533591,-7.476651],[109.533882,-7.476941],[109.534579,-7.477197],[109.53521,-7.477072],[109.535381,-7.476792],[109.535369,-7.476449],[109.535267,-7.476014],[109.535233,-7.475616],[109.535336,-7.474984],[109.53554,-7.474641],[109.535935,-7.474552],[109.536506,-7.474743],[109.537241,-7.475207],[109.537558,-7.475317],[109.538079,-7.475364],[109.538486,-7.475256],[109.53868,-7.475592],[109.538468,-7.476522],[109.538328,-7.477508],[109.538338,-7.478186],[109.538298,-7.478819],[109.538345,-7.479343],[109.538484,-7.479787],[109.538934,-7.480403],[109.539517,-7.481111],[109.54019,-7.4819],[109.540698,-7.482598],[109.541601,-7.484075],[109.541951,-7.484302],[109.542246,-7.484484],[109.542532,-7.484783],[109.542763,-7.485281],[109.542995,-7.485671],[109.543224,-7.48606],[109.543412,-7.486504],[109.543549,-7.486993],[109.543588,-7.48749],[109.543903,-7.488296],[109.543867,-7.489056],[109.543675,-7.489815],[109.543332,-7.490374],[109.54234,-7.491935],[109.5416,-7.492828],[109.540822,-7.493639],[109.540193,-7.494397],[109.539896,-7.494694],[109.539132,-7.495243],[109.53831,-7.495729],[109.537688,-7.496089],[109.536929,-7.496574],[109.536313,-7.496988],[109.534129,-7.498274],[109.533978,-7.498708],[109.533689,-7.499005],[109.532659,-7.499391],[109.531459,-7.499622],[109.530499,-7.49951],[109.528841,-7.499504],[109.527047,-7.499625],[109.526316,-7.500002],[109.52618,-7.500337],[109.526201,-7.500662],[109.52659,-7.501197],[109.526872,-7.501731],[109.526903,-7.502139],[109.527103,-7.502763],[109.527045,-7.503785],[109.526985,-7.504635],[109.526573,-7.504805],[109.526226,-7.505202],[109.52594,-7.505472],[109.525255,-7.506148],[109.525088,-7.506536],[109.524777,-7.506662],[109.524132,-7.507256],[109.523933,-7.507771],[109.523642,-7.508358],[109.523308,-7.508664],[109.523073,-7.508899],[109.522838,-7.50916],[109.522385,-7.50952],[109.522158,-7.509845],[109.521916,-7.510233],[109.521843,-7.510586],[109.52192,-7.510975],[109.521917,-7.511418],[109.521801,-7.511824],[109.521671,-7.512177],[109.521463,-7.512465],[109.520525,-7.511938],[109.519703,-7.511465],[109.519081,-7.511146],[109.518706,-7.510991],[109.518343,-7.510863],[109.51843,-7.510547],[109.518503,-7.510231],[109.518583,-7.509896],[109.518694,-7.509535],[109.518907,-7.508957],[109.518946,-7.508586],[109.518935,-7.508107],[109.519054,-7.507583],[109.518846,-7.507302],[109.518424,-7.506912],[109.51807,-7.506359],[109.517892,-7.50597],[109.517711,-7.505661],[109.517704,-7.505164],[109.51807,-7.504767],[109.518024,-7.504451],[109.518314,-7.504018],[109.518792,-7.503983],[109.519105,-7.503812],[109.519119,-7.503252],[109.519223,-7.502673],[109.519382,-7.502366],[109.519656,-7.501852],[109.519759,-7.501156],[109.519875,-7.500849],[109.520074,-7.500461],[109.520251,-7.5],[109.520346,-7.499693],[109.521167,-7.498909],[109.521496,-7.498666],[109.521743,-7.49845],[109.521722,-7.498124],[109.521517,-7.497481],[109.521102,-7.497218],[109.520716,-7.497027],[109.520807,-7.49662],[109.520723,-7.49624],[109.521053,-7.495698],[109.521414,-7.495211],[109.521729,-7.494878],[109.522072,-7.494897],[109.522496,-7.494546],[109.52279,-7.494185],[109.523213,-7.494015],[109.523648,-7.493781],[109.523739,-7.493275],[109.523454,-7.492994],[109.522648,-7.492665],[109.52256,-7.492303],[109.522739,-7.492015],[109.522822,-7.491653],[109.522531,-7.491417],[109.522223,-7.490919],[109.522095,-7.490548],[109.521885,-7.489932],[109.521907,-7.489055],[109.522069,-7.488567],[109.522478,-7.487483],[109.522758,-7.48649],[109.522777,-7.485522],[109.522612,-7.48516],[109.522452,-7.484589],[109.522489,-7.483604],[109.522291,-7.483205],[109.522205,-7.482617],[109.523086,-7.481843],[109.523874,-7.480932],[109.524442,-7.48003],[109.524695,-7.479307],[109.524917,-7.47853],[109.525045,-7.477807],[109.525235,-7.47731],[109.525457,-7.476714],[109.525866,-7.476435],[109.526556,-7.476374],[109.527184,-7.476259]]]]}},{"id":"29","type":"Feature","properties":{"DESA":"Kebakalan"},"geometry":{"type":"MultiPolygon","coordinates":[[[[109.531683,-7.452527],[109.53242,-7.452258],[109.533122,-7.452143],[109.533127,-7.452487],[109.533171,-7.452921],[109.533262,-7.454395],[109.533166,-7.454739],[109.533295,-7.455074],[109.533594,-7.455373],[109.533736,-7.455744],[109.533668,-7.456088],[109.533221,-7.456882],[109.532753,-7.457423],[109.532571,-7.457802],[109.532794,-7.458101],[109.532798,-7.458788],[109.532411,-7.459276],[109.53183,-7.459328],[109.531307,-7.459498],[109.53062,-7.460355],[109.530278,-7.460598],[109.529493,-7.46112],[109.529205,-7.461381],[109.528914,-7.461796],[109.528478,-7.4624],[109.528304,-7.462671],[109.527853,-7.463221],[109.527593,-7.463582],[109.526967,-7.464303],[109.526517,-7.464392],[109.526147,-7.464744],[109.525772,-7.46495],[109.525328,-7.465076],[109.524617,-7.465245],[109.52428,-7.465389],[109.524055,-7.464927],[109.523799,-7.464727],[109.523471,-7.464626],[109.52314,-7.464381],[109.522157,-7.463699],[109.521828,-7.463228],[109.522011,-7.462921],[109.522058,-7.462316],[109.52211,-7.461818],[109.52218,-7.461448],[109.522265,-7.460996],[109.522461,-7.460725],[109.522523,-7.460056],[109.522532,-7.459297],[109.522822,-7.457996],[109.523059,-7.457246],[109.523372,-7.456198],[109.523735,-7.45572],[109.525657,-7.455338],[109.525947,-7.454977],[109.526142,-7.454607],[109.526714,-7.454572],[109.52724,-7.454493],[109.527818,-7.454431],[109.528343,-7.454288],[109.529054,-7.453929],[109.529957,-7.453426],[109.530605,-7.453093],[109.531683,-7.452527]]]]}},{"id":"30","type":"Feature","properties":{"DESA":"Mandiraja Wetan"},"geometry":{"type":"MultiPolygon","coordinates":[[[[109.524692,-7.441942],[109.525259,-7.441826],[109.525707,-7.4419],[109.526226,-7.442019],[109.526675,-7.442048],[109.527289,-7.441996],[109.528301,-7.441881],[109.528881,-7.441657],[109.529335,-7.441306],[109.529639,-7.440783],[109.530019,-7.440205],[109.530297,-7.439799],[109.530726,-7.439376],[109.531181,-7.438979],[109.531459,-7.438655],[109.531812,-7.438375],[109.532595,-7.437953],[109.532611,-7.438939],[109.532829,-7.440034],[109.532952,-7.440613],[109.533075,-7.441581],[109.533171,-7.442431],[109.533107,-7.443561],[109.533056,-7.445062],[109.533052,-7.446735],[109.53319,-7.447848],[109.533389,-7.449187],[109.533396,-7.449621],[109.533314,-7.451185],[109.533214,-7.451592],[109.533122,-7.452143],[109.53242,-7.452258],[109.531683,-7.452527],[109.531058,-7.450156],[109.530214,-7.450659],[109.528744,-7.451477],[109.527702,-7.452071],[109.527281,-7.452296],[109.526001,-7.452816],[109.525212,-7.452903],[109.524728,-7.452929],[109.524216,-7.452936],[109.523736,-7.452935],[109.523198,-7.452933],[109.522728,-7.452796],[109.522779,-7.451738],[109.522789,-7.451394],[109.522816,-7.450517],[109.522891,-7.449848],[109.522964,-7.448791],[109.522973,-7.448058],[109.523077,-7.446829],[109.523661,-7.446668],[109.52404,-7.446434],[109.524371,-7.446128],[109.524585,-7.445658],[109.524706,-7.444881],[109.524639,-7.443805],[109.524524,-7.442764],[109.524526,-7.442249],[109.524692,-7.441942]]]]}},{"id":"31","type":"Feature","properties":{"DESA":"Mandiraja Kulon"},"geometry":{"type":"MultiPolygon","coordinates":[[[[109.513719,-7.447168],[109.514069,-7.447214],[109.514549,-7.447524],[109.515248,-7.448032],[109.515902,-7.448658],[109.516753,-7.449584],[109.517385,-7.45011],[109.517932,-7.450239],[109.518392,-7.44996],[109.518481,-7.449562],[109.518483,-7.449192],[109.518441,-7.448585],[109.518465,-7.447925],[109.51851,-7.447537],[109.518797,-7.447194],[109.51927,-7.446816],[109.519814,-7.446727],[109.520191,-7.446819],[109.520781,-7.44692],[109.521654,-7.446923],[109.523077,-7.446829],[109.522973,-7.448058],[109.522964,-7.448791],[109.522891,-7.449848],[109.522816,-7.450517],[109.522789,-7.451394],[109.522779,-7.451738],[109.522728,-7.452796],[109.523198,-7.452933],[109.523736,-7.452935],[109.524216,-7.452936],[109.524728,-7.452929],[109.525212,-7.452903],[109.526001,-7.452816],[109.527281,-7.452296],[109.527702,-7.452071],[109.528744,-7.451477],[109.530214,-7.450659],[109.531058,-7.450156],[109.531683,-7.452527],[109.530605,-7.453093],[109.529957,-7.453426],[109.529054,-7.453929],[109.528343,-7.454288],[109.527818,-7.454431],[109.52724,-7.454493],[109.526714,-7.454572],[109.526142,-7.454607],[109.525947,-7.454977],[109.525657,-7.455338],[109.523735,-7.45572],[109.523372,-7.456198],[109.523059,-7.457246],[109.522822,-7.457996],[109.522532,-7.459297],[109.522523,-7.460056],[109.522461,-7.460725],[109.522265,-7.460996],[109.52218,-7.461448],[109.52211,-7.461818],[109.522058,-7.462316],[109.522011,-7.462921],[109.521828,-7.463228],[109.521467,-7.462929],[109.520991,-7.462737],[109.520526,-7.462654],[109.519999,-7.462634],[109.519199,-7.462776],[109.519192,-7.462143],[109.519125,-7.461591],[109.519019,-7.461094],[109.519749,-7.460771],[109.519867,-7.460174],[109.519874,-7.459234],[109.519775,-7.458193],[109.519776,-7.457081],[109.51249,-7.457301],[109.512673,-7.455963],[109.512717,-7.455168],[109.512747,-7.4543],[109.512696,-7.453531],[109.512636,-7.452527],[109.512544,-7.451469],[109.512613,-7.450574],[109.512702,-7.450248],[109.51277,-7.449634],[109.51275,-7.449154],[109.512795,-7.448567],[109.512884,-7.448133],[109.513149,-7.447519],[109.513719,-7.447168]]]]}},{"id":"32","type":"Feature","properties":{"DESA":"Banjengan"},"geometry":{"type":"MultiPolygon","coordinates":[[[[109.51249,-7.457301],[109.519776,-7.457081],[109.519775,-7.458193],[109.519874,-7.459234],[109.519867,-7.460174],[109.519749,-7.460771],[109.519019,-7.461094],[109.519125,-7.461591],[109.519192,-7.462143],[109.519199,-7.462776],[109.518864,-7.462838],[109.518361,-7.463027],[109.517955,-7.462998],[109.517677,-7.463305],[109.517533,-7.463747],[109.517152,-7.463846],[109.516233,-7.463824],[109.515863,-7.463986],[109.515086,-7.463974],[109.514601,-7.464181],[109.514296,-7.464433],[109.513913,-7.465037],[109.51361,-7.46529],[109.513342,-7.465687],[109.512928,-7.465902],[109.512607,-7.465955],[109.511846,-7.465953],[109.511135,-7.46633],[109.510867,-7.466528],[109.510384,-7.467015],[109.509936,-7.466851],[109.508669,-7.46672],[109.508262,-7.466646],[109.50747,-7.466924],[109.507117,-7.466968],[109.506753,-7.466713],[109.506257,-7.466675],[109.506316,-7.466006],[109.506512,-7.464931],[109.506612,-7.464145],[109.506409,-7.462833],[109.506367,-7.461413],[109.506295,-7.460092],[109.506041,-7.458798],[109.505835,-7.457704],[109.51249,-7.457301]]]]}},{"id":"33","type":"Feature","properties":{"DESA":"Kertayasa"},"geometry":{"type":"MultiPolygon","coordinates":[[[[109.493901,-7.449488],[109.494359,-7.449381],[109.494653,-7.449084],[109.495054,-7.448561],[109.495508,-7.447975],[109.495884,-7.447316],[109.496231,-7.446892],[109.496604,-7.446758],[109.49695,-7.446759],[109.497296,-7.446923],[109.497933,-7.447476],[109.49841,-7.448066],[109.498727,-7.448808],[109.498965,-7.449289],[109.49923,-7.449579],[109.499629,-7.449472],[109.500001,-7.449256],[109.50061,-7.448806],[109.501619,-7.448384],[109.502454,-7.448098],[109.503058,-7.4481],[109.503374,-7.4483],[109.503919,-7.448763],[109.504349,-7.449361],[109.504664,-7.449914],[109.505181,-7.450142],[109.505613,-7.449944],[109.505931,-7.449629],[109.506105,-7.449313],[109.506221,-7.448852],[109.506108,-7.448427],[109.506225,-7.447704],[109.506542,-7.447596],[109.507088,-7.447743],[109.507749,-7.448025],[109.509075,-7.448572],[109.51008,-7.449037],[109.510889,-7.44941],[109.511391,-7.449783],[109.51187,-7.450354],[109.512132,-7.450572],[109.512613,-7.450574],[109.512544,-7.451469],[109.512636,-7.452527],[109.512696,-7.453531],[109.512747,-7.4543],[109.512717,-7.455168],[109.512673,-7.455963],[109.51249,-7.457301],[109.505835,-7.457704],[109.506041,-7.458798],[109.506295,-7.460092],[109.506367,-7.461413],[109.506409,-7.462833],[109.506612,-7.464145],[109.506512,-7.464931],[109.506316,-7.466006],[109.506257,-7.466675],[109.505907,-7.466349],[109.505509,-7.466438],[109.504964,-7.466463],[109.504587,-7.466344],[109.504249,-7.466397],[109.503781,-7.466459],[109.503357,-7.466458],[109.502942,-7.466574],[109.501905,-7.46686],[109.501216,-7.466957],[109.500842,-7.46701],[109.500001,-7.467251],[109.499643,-7.467349],[109.498824,-7.4676],[109.49805,-7.467651],[109.497601,-7.467577],[109.496904,-7.467241],[109.496241,-7.46703],[109.495707,-7.467056],[109.494682,-7.467151],[109.493626,-7.467482],[109.492799,-7.467434],[109.492236,-7.467478],[109.492445,-7.467135],[109.492387,-7.466746],[109.491984,-7.465677],[109.492306,-7.464458],[109.492125,-7.463878],[109.492202,-7.462857],[109.492712,-7.462506],[109.493049,-7.462181],[109.493407,-7.462038],[109.49383,-7.461877],[109.494123,-7.461597],[109.493919,-7.461244],[109.493879,-7.460331],[109.493809,-7.459724],[109.493702,-7.458874],[109.493763,-7.457979],[109.493825,-7.457084],[109.493888,-7.456243],[109.493984,-7.455791],[109.494044,-7.455077],[109.494005,-7.454155],[109.493993,-7.453305],[109.493956,-7.452482],[109.493945,-7.451686],[109.493975,-7.451044],[109.493943,-7.450438],[109.493906,-7.449886],[109.493901,-7.449488]]]]}},{"id":"34","type":"Feature","properties":{"DESA":"Candiwulan"},"geometry":{"type":"MultiPolygon","coordinates":[[[[109.484027,-7.456282],[109.48543,-7.456386],[109.486448,-7.45639],[109.487659,-7.456439],[109.488846,-7.456488],[109.490006,-7.456492],[109.490966,-7.45645],[109.491526,-7.456398],[109.492466,-7.456284],[109.493202,-7.456241],[109.493888,-7.456243],[109.493825,-7.457084],[109.493763,-7.457979],[109.493702,-7.458874],[109.493809,-7.459724],[109.493879,-7.460331],[109.493919,-7.461244],[109.494123,-7.461597],[109.49383,-7.461877],[109.493407,-7.462038],[109.493049,-7.462181],[109.492712,-7.462506],[109.492202,-7.462857],[109.492125,-7.463878],[109.492306,-7.464458],[109.491984,-7.465677],[109.490915,-7.466045],[109.49017,-7.46625],[109.489669,-7.466076],[109.488562,-7.466344],[109.488119,-7.466406],[109.487299,-7.466647],[109.486973,-7.466736],[109.486557,-7.466798],[109.486104,-7.466715],[109.485751,-7.466669],[109.485377,-7.466631],[109.484555,-7.466746],[109.484067,-7.466555],[109.483727,-7.466635],[109.483376,-7.466643],[109.483004,-7.466614],[109.482724,-7.46627],[109.482375,-7.465916],[109.482677,-7.4656],[109.482958,-7.46533],[109.483839,-7.464555],[109.48412,-7.464294],[109.484559,-7.463907],[109.484922,-7.463429],[109.484352,-7.463192],[109.484114,-7.462929],[109.484076,-7.461735],[109.48396,-7.460423],[109.484015,-7.459501],[109.484007,-7.458271],[109.484016,-7.457213],[109.484027,-7.456282]]]]}},{"id":"35","type":"Feature","properties":{"DESA":"Simbang"},"geometry":{"type":"MultiPolygon","coordinates":[[[[109.482375,-7.465916],[109.482724,-7.46627],[109.483004,-7.466614],[109.483376,-7.466643],[109.483727,-7.466635],[109.484067,-7.466555],[109.484555,-7.466746],[109.485377,-7.466631],[109.485751,-7.466669],[109.486104,-7.466715],[109.486557,-7.466798],[109.486973,-7.466736],[109.487299,-7.466647],[109.488119,-7.466406],[109.488562,-7.466344],[109.489669,-7.466076],[109.49017,-7.46625],[109.490915,-7.466045],[109.491984,-7.465677],[109.492387,-7.466746],[109.492445,-7.467135],[109.492236,-7.467478],[109.492799,-7.467434],[109.493626,-7.467482],[109.494682,-7.467151],[109.495707,-7.467056],[109.496241,-7.46703],[109.496904,-7.467241],[109.497601,-7.467577],[109.49805,-7.467651],[109.498824,-7.4676],[109.499643,-7.467349],[109.500001,-7.467251],[109.500842,-7.46701],[109.501216,-7.466957],[109.50151,-7.467952],[109.501476,-7.468603],[109.501432,-7.468983],[109.501181,-7.469362],[109.500578,-7.469812],[109.500226,-7.470182],[109.5,-7.470597],[109.499582,-7.47121],[109.499221,-7.471507],[109.498795,-7.471768],[109.497888,-7.472091],[109.496791,-7.472349],[109.495594,-7.472499],[109.494666,-7.472595],[109.491258,-7.474311],[109.491397,-7.4747],[109.4915,-7.475089],[109.49145,-7.475867],[109.491591,-7.476292],[109.491772,-7.476736],[109.491779,-7.477116],[109.491602,-7.477486],[109.49117,-7.477647],[109.490659,-7.477664],[109.490358,-7.477898],[109.490345,-7.478467],[109.490194,-7.479018],[109.489999,-7.479352],[109.489621,-7.479568],[109.489388,-7.479875],[109.489333,-7.480281],[109.489237,-7.480607],[109.489189,-7.480941],[109.488756,-7.480822],[109.488159,-7.480847],[109.487772,-7.48081],[109.487327,-7.480636],[109.486942,-7.480554],[109.486546,-7.480489],[109.486149,-7.480496],[109.485628,-7.480766],[109.485462,-7.481154],[109.485046,-7.481144],[109.484682,-7.481305],[109.483053,-7.4795],[109.482391,-7.478892],[109.481856,-7.478122],[109.481589,-7.47728],[109.481507,-7.476393],[109.48142,-7.475543],[109.4814,-7.474792],[109.481933,-7.474179],[109.482344,-7.473864],[109.482651,-7.473567],[109.482539,-7.472608],[109.48245,-7.471667],[109.482318,-7.470455],[109.4822,-7.469053],[109.482109,-7.467461],[109.482106,-7.466439],[109.482375,-7.465916]]]]}},{"id":"36","type":"Feature","properties":{"DESA":"Purwasaba"},"geometry":{"type":"MultiPolygon","coordinates":[[[[109.464082,-7.461747],[109.464538,-7.460899],[109.464947,-7.459607],[109.465314,-7.459012],[109.465507,-7.45941],[109.465927,-7.459909],[109.466348,-7.460326],[109.467126,-7.460853],[109.467615,-7.461108],[109.46794,-7.461345],[109.468562,-7.461763],[109.469024,-7.462063],[109.469913,-7.462174],[109.470326,-7.462149],[109.470762,-7.462186],[109.471126,-7.462414],[109.470901,-7.464565],[109.471413,-7.465019],[109.472182,-7.465085],[109.472806,-7.465087],[109.47351,-7.465044],[109.474268,-7.464857],[109.474852,-7.464769],[109.475349,-7.465213],[109.475442,-7.465765],[109.475757,-7.46564],[109.476374,-7.465208],[109.476928,-7.464803],[109.477254,-7.464641],[109.477744,-7.464254],[109.477994,-7.464029],[109.478352,-7.464075],[109.47884,-7.464222],[109.479172,-7.464205],[109.479563,-7.464278],[109.479855,-7.464415],[109.480275,-7.464733],[109.480976,-7.464871],[109.481123,-7.465188],[109.481274,-7.465668],[109.481686,-7.465932],[109.482375,-7.465916],[109.482106,-7.466439],[109.482109,-7.467461],[109.4822,-7.469053],[109.482318,-7.470455],[109.48245,-7.471667],[109.482539,-7.472608],[109.482651,-7.473567],[109.482344,-7.473864],[109.481933,-7.474179],[109.4814,-7.474792],[109.480478,-7.475187],[109.48024,-7.475575],[109.479791,-7.47561],[109.479019,-7.475969],[109.478229,-7.4764],[109.477848,-7.476589],[109.477526,-7.476606],[109.477047,-7.476703],[109.476284,-7.477433],[109.47575,-7.47782],[109.475127,-7.47827],[109.474764,-7.478495],[109.47446,-7.478756],[109.473915,-7.478971],[109.473578,-7.479269],[109.473231,-7.479837],[109.473119,-7.480913],[109.473022,-7.48122],[109.472748,-7.481445],[109.472257,-7.481705],[109.471866,-7.48231],[109.471717,-7.481894],[109.471349,-7.481449],[109.471104,-7.481096],[109.469746,-7.481227],[109.4676,-7.481291],[109.466898,-7.480964],[109.466822,-7.480583],[109.466785,-7.479769],[109.466727,-7.478811],[109.466721,-7.477934],[109.466783,-7.477355],[109.466982,-7.476714],[109.46705,-7.475864],[109.46711,-7.475159],[109.467011,-7.474309],[109.466977,-7.473332],[109.467019,-7.47241],[109.466945,-7.471559],[109.466788,-7.470627],[109.46676,-7.469895],[109.466731,-7.469425],[109.466717,-7.468511],[109.466717,-7.467941],[109.466249,-7.467343],[109.465708,-7.466545],[109.464888,-7.465557],[109.464207,-7.464668],[109.463895,-7.464089],[109.463733,-7.463455],[109.463672,-7.462831],[109.463475,-7.462514],[109.464082,-7.461747]]]]}},{"id":"37","type":"Feature","properties":{"DESA":"Blimbing"},"geometry":{"type":"MultiPolygon","coordinates":[[[[109.471515,-7.455543],[109.471896,-7.45605],[109.472597,-7.456414],[109.473272,-7.456778],[109.473875,-7.456943],[109.474485,-7.456927],[109.47505,-7.456848],[109.475751,-7.456588],[109.47621,-7.456454],[109.477155,-7.456276],[109.478114,-7.456207],[109.47948,-7.456194],[109.48091,-7.456235],[109.481965,-7.456248],[109.484027,-7.456282],[109.484016,-7.457213],[109.484007,-7.458271],[109.484015,-7.459501],[109.48396,-7.460423],[109.484076,-7.461735],[109.484114,-7.462929],[109.484352,-7.463192],[109.484922,-7.463429],[109.484559,-7.463907],[109.48412,-7.464294],[109.483839,-7.464555],[109.482958,-7.46533],[109.482677,-7.4656],[109.482375,-7.465916],[109.481686,-7.465932],[109.481274,-7.465668],[109.481123,-7.465188],[109.480976,-7.464871],[109.480275,-7.464733],[109.479855,-7.464415],[109.479563,-7.464278],[109.479172,-7.464205],[109.47884,-7.464222],[109.478352,-7.464075],[109.477994,-7.464029],[109.477744,-7.464254],[109.477254,-7.464641],[109.476928,-7.464803],[109.476374,-7.465208],[109.475757,-7.46564],[109.475442,-7.465765],[109.475349,-7.465213],[109.474852,-7.464769],[109.474268,-7.464857],[109.47351,-7.465044],[109.472806,-7.465087],[109.472182,-7.465085],[109.471413,-7.465019],[109.470901,-7.464565],[109.471126,-7.462414],[109.470762,-7.462186],[109.470326,-7.462149],[109.469913,-7.462174],[109.469024,-7.462063],[109.468562,-7.461763],[109.46794,-7.461345],[109.467615,-7.461108],[109.467126,-7.460853],[109.466348,-7.460326],[109.465927,-7.459909],[109.465507,-7.45941],[109.465314,-7.459012],[109.465572,-7.458777],[109.465761,-7.458498],[109.466688,-7.45823],[109.46741,-7.458187],[109.467901,-7.458116],[109.468261,-7.458181],[109.468643,-7.458318],[109.469571,-7.45805],[109.470077,-7.457762],[109.470371,-7.457474],[109.470561,-7.45714],[109.470724,-7.456733],[109.470964,-7.456255],[109.471515,-7.455543]]]]}},{"id":"38","type":"Feature","properties":{"DESA":"Panggisari"},"geometry":{"type":"MultiPolygon","coordinates":[[[[109.4733,-7.448179],[109.473362,-7.447718],[109.473303,-7.447293],[109.473152,-7.44684],[109.472819,-7.446107],[109.472305,-7.444984],[109.471973,-7.444006],[109.471914,-7.44349],[109.472038,-7.442948],[109.472253,-7.442397],[109.47262,-7.442064],[109.473108,-7.441858],[109.473871,-7.441733],[109.474724,-7.4418],[109.474998,-7.441982],[109.475119,-7.442317],[109.475298,-7.443294],[109.475539,-7.444172],[109.475872,-7.444724],[109.476236,-7.445268],[109.476571,-7.445541],[109.47733,-7.445643],[109.47822,-7.4458],[109.478741,-7.445856],[109.479448,-7.445713],[109.480401,-7.445409],[109.480862,-7.44513],[109.481417,-7.444644],[109.482094,-7.443914],[109.482003,-7.443579],[109.481605,-7.443334],[109.481054,-7.443051],[109.480502,-7.442715],[109.48035,-7.442434],[109.480351,-7.442036],[109.480475,-7.441612],[109.480875,-7.441369],[109.481305,-7.441244],[109.48192,-7.441191],[109.482288,-7.441247],[109.482778,-7.441556],[109.483329,-7.441956],[109.483635,-7.442291],[109.48397,-7.442944],[109.484366,-7.443858],[109.48464,-7.444628],[109.484884,-7.445027],[109.485404,-7.445454],[109.485742,-7.445518],[109.486142,-7.445302],[109.486573,-7.444996],[109.487035,-7.444573],[109.487405,-7.444086],[109.487529,-7.443752],[109.487591,-7.443381],[109.487562,-7.442857],[109.487471,-7.442495],[109.487749,-7.442188],[109.488179,-7.442162],[109.488639,-7.442191],[109.489038,-7.442346],[109.489344,-7.442528],[109.489669,-7.442936],[109.489961,-7.443281],[109.490252,-7.443897],[109.490463,-7.444485],[109.49062,-7.445092],[109.490831,-7.44568],[109.491122,-7.446314],[109.491413,-7.446821],[109.491758,-7.447248],[109.492129,-7.447701],[109.492659,-7.448254],[109.493295,-7.449025],[109.493587,-7.449379],[109.493901,-7.449488],[109.493906,-7.449886],[109.493943,-7.450438],[109.493975,-7.451044],[109.493945,-7.451686],[109.493956,-7.452482],[109.493993,-7.453305],[109.494005,-7.454155],[109.494044,-7.455077],[109.493984,-7.455791],[109.493888,-7.456243],[109.493202,-7.456241],[109.492466,-7.456284],[109.491526,-7.456398],[109.490966,-7.45645],[109.490006,-7.456492],[109.488846,-7.456488],[109.487659,-7.456439],[109.486448,-7.45639],[109.48543,-7.456386],[109.484027,-7.456282],[109.481965,-7.456248],[109.48091,-7.456235],[109.47948,-7.456194],[109.478114,-7.456207],[109.477155,-7.456276],[109.47621,-7.456454],[109.475751,-7.456588],[109.47505,-7.456848],[109.474485,-7.456927],[109.473875,-7.456943],[109.473272,-7.456778],[109.472597,-7.456414],[109.471896,-7.45605],[109.471515,-7.455543],[109.471562,-7.455145],[109.47196,-7.454857],[109.472363,-7.454551],[109.47316,-7.45393],[109.474075,-7.453363],[109.474468,-7.453147],[109.474687,-7.452651],[109.474664,-7.452262],[109.474592,-7.451511],[109.474506,-7.450806],[109.474439,-7.450398],[109.473734,-7.449266],[109.4733,-7.448179]]]]}},{"id":"39","type":"Feature","properties":{"DESA":"Kalitengah"},"geometry":{"type":"MultiPolygon","coordinates":[[[[109.543867,-7.489056],[109.544384,-7.489184],[109.545141,-7.48934],[109.546124,-7.489488],[109.547558,-7.489556],[109.548708,-7.489587],[109.550129,-7.489429],[109.551237,-7.489351],[109.553161,-7.489014],[109.554465,-7.489615],[109.555115,-7.489744],[109.55571,-7.490035],[109.556511,-7.490553],[109.55725,-7.49118],[109.558001,-7.49177],[109.558463,-7.49197],[109.558934,-7.491954],[109.559387,-7.491603],[109.559872,-7.491288],[109.560607,-7.491263],[109.561252,-7.491473],[109.56174,-7.491728],[109.562287,-7.492127],[109.562964,-7.492781],[109.563477,-7.493714],[109.563966,-7.494068],[109.564242,-7.494639],[109.564484,-7.494947],[109.564801,-7.495292],[109.565012,-7.4956],[109.565313,-7.49589],[109.56569,-7.496289],[109.566264,-7.496562],[109.566599,-7.496817],[109.566905,-7.497062],[109.567312,-7.497289],[109.567791,-7.497463],[109.56752,-7.497796],[109.567096,-7.498374],[109.566918,-7.498934],[109.567156,-7.499622],[109.567237,-7.500002],[109.567262,-7.500771],[109.56684,-7.501999],[109.566853,-7.502605],[109.566983,-7.503175],[109.566939,-7.503691],[109.567071,-7.504134],[109.567511,-7.504335],[109.56782,-7.504525],[109.568501,-7.505188],[109.569045,-7.505605],[109.569616,-7.506629],[109.569663,-7.507154],[109.569614,-7.507552],[109.56932,-7.508039],[109.569166,-7.508518],[109.569119,-7.508834],[109.569055,-7.509241],[109.569076,-7.509621],[109.5691,-7.509964],[109.568727,-7.509873],[109.568387,-7.509826],[109.568061,-7.50978],[109.567384,-7.50976],[109.566819,-7.509713],[109.566483,-7.509685],[109.56595,-7.509692],[109.565573,-7.509754],[109.564983,-7.509689],[109.564327,-7.509506],[109.563983,-7.509396],[109.563605,-7.50935],[109.563132,-7.509267],[109.56264,-7.509301],[109.562238,-7.509408],[109.561706,-7.509542],[109.561354,-7.509577],[109.560895,-7.509621],[109.560439,-7.50962],[109.559816,-7.509654],[109.559474,-7.509806],[109.559005,-7.50985],[109.558529,-7.509894],[109.55811,-7.510055],[109.557494,-7.510342],[109.557198,-7.510513],[109.556822,-7.510874],[109.55657,-7.511108],[109.555856,-7.511558],[109.555111,-7.51161],[109.554311,-7.511336],[109.553884,-7.51109],[109.553418,-7.510872],[109.552981,-7.510988],[109.552133,-7.51132],[109.55178,-7.5114],[109.551388,-7.511525],[109.551405,-7.511896],[109.551163,-7.512193],[109.550356,-7.512797],[109.549836,-7.513256],[109.54939,-7.51377],[109.548997,-7.514429],[109.548655,-7.515115],[109.548428,-7.515829],[109.548242,-7.516913],[109.548126,-7.517546],[109.548068,-7.517907],[109.547972,-7.518314],[109.547869,-7.518703],[109.547813,-7.519019],[109.547533,-7.519651],[109.547012,-7.520382],[109.546705,-7.520788],[109.546421,-7.521248],[109.546114,-7.521762],[109.54587,-7.522177],[109.545468,-7.522637],[109.545032,-7.522672],[109.544666,-7.522589],[109.544203,-7.522335],[109.54381,-7.521917],[109.543552,-7.521618],[109.543095,-7.521273],[109.542673,-7.521036],[109.542379,-7.520855],[109.542063,-7.520664],[109.541605,-7.520409],[109.541113,-7.520009],[109.540666,-7.519655],[109.540191,-7.519229],[109.539742,-7.518766],[109.539478,-7.518286],[109.539292,-7.517788],[109.539118,-7.517353],[109.538894,-7.516873],[109.538658,-7.516511],[109.538446,-7.516221],[109.537921,-7.515776],[109.537495,-7.515648],[109.536707,-7.515582],[109.535993,-7.515552],[109.535354,-7.515541],[109.534577,-7.515566],[109.533813,-7.515581],[109.533149,-7.515633],[109.532172,-7.515693],[109.53142,-7.515736],[109.530656,-7.515788],[109.529879,-7.515776],[109.52936,-7.515756],[109.528868,-7.515782],[109.528198,-7.51578],[109.527281,-7.515758],[109.526001,-7.515673],[109.525531,-7.515535],[109.525179,-7.515417],[109.524698,-7.515117],[109.524171,-7.514645],[109.523819,-7.514282],[109.523468,-7.51391],[109.523198,-7.513656],[109.522763,-7.513338],[109.522401,-7.513065],[109.521463,-7.512465],[109.521671,-7.512177],[109.521801,-7.511824],[109.521917,-7.511418],[109.52192,-7.510975],[109.521843,-7.510586],[109.521916,-7.510233],[109.522158,-7.509845],[109.522385,-7.50952],[109.522838,-7.50916],[109.523073,-7.508899],[109.523308,-7.508664],[109.523642,-7.508358],[109.523933,-7.507771],[109.524132,-7.507256],[109.524777,-7.506662],[109.525088,-7.506536],[109.525255,-7.506148],[109.52594,-7.505472],[109.526226,-7.505202],[109.526573,-7.504805],[109.526985,-7.504635],[109.527045,-7.503785],[109.527103,-7.502763],[109.526903,-7.502139],[109.526872,-7.501731],[109.52659,-7.501197],[109.526201,-7.500662],[109.52618,-7.500337],[109.526316,-7.500002],[109.527047,-7.499625],[109.528841,-7.499504],[109.530499,-7.49951],[109.531459,-7.499622],[109.532659,-7.499391],[109.533689,-7.499005],[109.533978,-7.498708],[109.534129,-7.498274],[109.536313,-7.496988],[109.536929,-7.496574],[109.537688,-7.496089],[109.53831,-7.495729],[109.539132,-7.495243],[109.539896,-7.494694],[109.540193,-7.494397],[109.540822,-7.493639],[109.5416,-7.492828],[109.54234,-7.491935],[109.543332,-7.490374],[109.543675,-7.489815],[109.543867,-7.489056]]]]}},{"id":"40","type":"Feature","properties":{"DESA":"Petir"},"geometry":{"type":"MultiPolygon","coordinates":[[[[109.583227,-7.475122],[109.583893,-7.474943],[109.584319,-7.474673],[109.584986,-7.474395],[109.585325,-7.474496],[109.58548,-7.474795],[109.585606,-7.475229],[109.58603,-7.475728],[109.586483,-7.475829],[109.586965,-7.475713],[109.587376,-7.475542],[109.587674,-7.47538],[109.588043,-7.474984],[109.587889,-7.474576],[109.587564,-7.474177],[109.587367,-7.473924],[109.587284,-7.473453],[109.587426,-7.473128],[109.587794,-7.473274],[109.588175,-7.473601],[109.588576,-7.47371],[109.588959,-7.473458],[109.589238,-7.473125],[109.589405,-7.472483],[109.590049,-7.472395],[109.590579,-7.472424],[109.590898,-7.472859],[109.591152,-7.473294],[109.591521,-7.473186],[109.59176,-7.47288],[109.591996,-7.472437],[109.592299,-7.472122],[109.592953,-7.47178],[109.593295,-7.471781],[109.59374,-7.471746],[109.594098,-7.471766],[109.594559,-7.471975],[109.594926,-7.472248],[109.595394,-7.472358],[109.595694,-7.472232],[109.595808,-7.471735],[109.595089,-7.47129],[109.594868,-7.470873],[109.594996,-7.47043],[109.595259,-7.470241],[109.595626,-7.470079],[109.595995,-7.470008],[109.597047,-7.470138],[109.597399,-7.470157],[109.597959,-7.470087],[109.598306,-7.470043],[109.598938,-7.470198],[109.599866,-7.47022],[109.600542,-7.470086],[109.600786,-7.469734],[109.600357,-7.469217],[109.599887,-7.468574],[109.599877,-7.468158],[109.60001,-7.467579],[109.600415,-7.4674],[109.600773,-7.4675],[109.600996,-7.467781],[109.601113,-7.468614],[109.601309,-7.469103],[109.601744,-7.469312],[109.602436,-7.469558],[109.602779,-7.469541],[109.603064,-7.469172],[109.602972,-7.468791],[109.603367,-7.468892],[109.6038,-7.468785],[109.603679,-7.46987],[109.603625,-7.470765],[109.603335,-7.471162],[109.602791,-7.47164],[109.602645,-7.471946],[109.60256,-7.472308],[109.602622,-7.472634],[109.602911,-7.473367],[109.602701,-7.473828],[109.602595,-7.474451],[109.602593,-7.474994],[109.602675,-7.475555],[109.602819,-7.476116],[109.603006,-7.476451],[109.603339,-7.476552],[109.603755,-7.476779],[109.60417,-7.477495],[109.603793,-7.478136],[109.603374,-7.478822],[109.603205,-7.479237],[109.603015,-7.480177],[109.603051,-7.48081],[109.603443,-7.482059],[109.603462,-7.482783],[109.603377,-7.483226],[109.602957,-7.484074],[109.602642,-7.484842],[109.602368,-7.485764],[109.601809,-7.486386],[109.602064,-7.486658],[109.602304,-7.487138],[109.602434,-7.487672],[109.602692,-7.48789],[109.60311,-7.488072],[109.603459,-7.488263],[109.603913,-7.488536],[109.604222,-7.488727],[109.605178,-7.489236],[109.605706,-7.489817],[109.606009,-7.490134],[109.606283,-7.490478],[109.606654,-7.490959],[109.607059,-7.491277],[109.60637,-7.492088],[109.606099,-7.492277],[109.60545,-7.492773],[109.605636,-7.493316],[109.605655,-7.494067],[109.605774,-7.495007],[109.605813,-7.495903],[109.605948,-7.496708],[109.605684,-7.497096],[109.605706,-7.49763],[109.606311,-7.498021],[109.606934,-7.498384],[109.607226,-7.498521],[109.60778,-7.49864],[109.60811,-7.498786],[109.608623,-7.49905],[109.610862,-7.499102],[109.612657,-7.499071],[109.613876,-7.49903],[109.61509,-7.498871],[109.614994,-7.499395],[109.615121,-7.499703],[109.615285,-7.500391],[109.615199,-7.500952],[109.615017,-7.501349],[109.614393,-7.501492],[109.613562,-7.50186],[109.61327,-7.50213],[109.612948,-7.5024],[109.612861,-7.502789],[109.612935,-7.503106],[109.612963,-7.503486],[109.613447,-7.503767],[109.613228,-7.50421],[109.612822,-7.504453],[109.612492,-7.504614],[109.611915,-7.504821],[109.611658,-7.504612],[109.611338,-7.50443],[109.610607,-7.504599],[109.610289,-7.50468],[109.609815,-7.504769],[109.609031,-7.504839],[109.608657,-7.50481],[109.608072,-7.504736],[109.607453,-7.50477],[109.606996,-7.50476],[109.606716,-7.504931],[109.606343,-7.505201],[109.605829,-7.505453],[109.604993,-7.505567],[109.604308,-7.505791],[109.603626,-7.505889],[109.603109,-7.505905],[109.602498,-7.505975],[109.602124,-7.506155],[109.601824,-7.50676],[109.601372,-7.507383],[109.601074,-7.50778],[109.600783,-7.508158],[109.60051,-7.508411],[109.599433,-7.50876],[109.599126,-7.508849],[109.598746,-7.509319],[109.598038,-7.51013],[109.597548,-7.510436],[109.597084,-7.510453],[109.596672,-7.510696],[109.595636,-7.511081],[109.595163,-7.511215],[109.594816,-7.511268],[109.594515,-7.511448],[109.594511,-7.511946],[109.594525,-7.512371],[109.594307,-7.512641],[109.593922,-7.512957],[109.59335,-7.513262],[109.592989,-7.513415],[109.591242,-7.513698],[109.590436,-7.513678],[109.589697,-7.513476],[109.58924,-7.513484],[109.588745,-7.513582],[109.588443,-7.513852],[109.588281,-7.514223],[109.588125,-7.51462],[109.587869,-7.514999],[109.587595,-7.515251],[109.58711,-7.515575],[109.586712,-7.51504],[109.586444,-7.514461],[109.585847,-7.514034],[109.585062,-7.513688],[109.584622,-7.513623],[109.584226,-7.513622],[109.583511,-7.513556],[109.583033,-7.513446],[109.582459,-7.513272],[109.582078,-7.513316],[109.581624,-7.513324],[109.580882,-7.513466],[109.5804,-7.513501],[109.579977,-7.51349],[109.579342,-7.513434],[109.578888,-7.513342],[109.578296,-7.513277],[109.57792,-7.51324],[109.577439,-7.513238],[109.576541,-7.513199],[109.576001,-7.513179],[109.575159,-7.513222],[109.574465,-7.513246],[109.573901,-7.513299],[109.573289,-7.513315],[109.572937,-7.513323],[109.572102,-7.513239],[109.571797,-7.513111],[109.571305,-7.512549],[109.571049,-7.512005],[109.57085,-7.511643],[109.570605,-7.511253],[109.570306,-7.510873],[109.569999,-7.510546],[109.569711,-7.51031],[109.5691,-7.509964],[109.569076,-7.509621],[109.569055,-7.509241],[109.569119,-7.508834],[109.569166,-7.508518],[109.56932,-7.508039],[109.569614,-7.507552],[109.569663,-7.507154],[109.569616,-7.506629],[109.569045,-7.505605],[109.568501,-7.505188],[109.56782,-7.504525],[109.567511,-7.504335],[109.567071,-7.504134],[109.566939,-7.503691],[109.566983,-7.503175],[109.566853,-7.502605],[109.56684,-7.501999],[109.567262,-7.500771],[109.567237,-7.500002],[109.567156,-7.499622],[109.566918,-7.498934],[109.567096,-7.498374],[109.56752,-7.497796],[109.567791,-7.497463],[109.568659,-7.497746],[109.569114,-7.497621],[109.56982,-7.496981],[109.570533,-7.496377],[109.571348,-7.495856],[109.57217,-7.495388],[109.573125,-7.49502],[109.574115,-7.494445],[109.574906,-7.493977],[109.575528,-7.493979],[109.576005,-7.494017],[109.576766,-7.493441],[109.57705,-7.493215],[109.57736,-7.492855],[109.577997,-7.492179],[109.578217,-7.491646],[109.578528,-7.490887],[109.57879,-7.490363],[109.578916,-7.490029],[109.579207,-7.489271],[109.579545,-7.488792],[109.579957,-7.488233],[109.580413,-7.487547],[109.58099,-7.486817],[109.581399,-7.486456],[109.581809,-7.486222],[109.582117,-7.486052],[109.582543,-7.4857],[109.583299,-7.484988],[109.583607,-7.4846],[109.583793,-7.484049],[109.58371,-7.483705],[109.583398,-7.483352],[109.583125,-7.482845],[109.583042,-7.48213],[109.582988,-7.481533],[109.583091,-7.480403],[109.583142,-7.480077],[109.58352,-7.479355],[109.583746,-7.478985],[109.584042,-7.477937],[109.583721,-7.476227],[109.583227,-7.475122]]]]}},{"id":"41","type":"Feature","properties":{"DESA":"Kaliajir"},"geometry":{"type":"MultiPolygon","coordinates":[[[[109.576551,-7.459338],[109.577242,-7.45982],[109.577322,-7.460517],[109.577459,-7.460815],[109.578272,-7.460954],[109.579687,-7.460994],[109.580724,-7.461061],[109.581799,-7.461046],[109.581978,-7.462792],[109.582238,-7.464457],[109.58228,-7.465443],[109.582342,-7.46698],[109.582393,-7.468138],[109.582358,-7.469431],[109.582228,-7.470335],[109.582085,-7.471239],[109.58186,-7.472034],[109.581607,-7.472847],[109.581773,-7.473426],[109.5818,-7.473833],[109.581927,-7.474159],[109.582181,-7.474413],[109.582577,-7.474659],[109.582958,-7.47494],[109.583227,-7.475122],[109.583721,-7.476227],[109.584042,-7.477937],[109.583746,-7.478985],[109.58352,-7.479355],[109.583142,-7.480077],[109.583091,-7.480403],[109.582988,-7.481533],[109.583042,-7.48213],[109.583125,-7.482845],[109.583398,-7.483352],[109.58371,-7.483705],[109.583793,-7.484049],[109.583607,-7.4846],[109.583299,-7.484988],[109.582543,-7.4857],[109.582117,-7.486052],[109.581809,-7.486222],[109.581399,-7.486456],[109.58099,-7.486817],[109.580413,-7.487547],[109.579957,-7.488233],[109.579545,-7.488792],[109.579207,-7.489271],[109.578916,-7.490029],[109.57879,-7.490363],[109.578528,-7.490887],[109.578217,-7.491646],[109.577997,-7.492179],[109.57736,-7.492855],[109.57705,-7.493215],[109.576766,-7.493441],[109.576005,-7.494017],[109.575528,-7.493979],[109.574906,-7.493977],[109.574115,-7.494445],[109.573125,-7.49502],[109.57217,-7.495388],[109.571348,-7.495856],[109.570533,-7.496377],[109.56982,-7.496981],[109.569114,-7.497621],[109.568659,-7.497746],[109.567791,-7.497463],[109.567975,-7.496803],[109.567968,-7.496378],[109.567827,-7.495699],[109.56789,-7.495257],[109.567887,-7.494931],[109.567742,-7.494442],[109.56747,-7.493926],[109.567303,-7.493591],[109.567349,-7.493193],[109.567687,-7.492615],[109.567999,-7.492146],[109.568358,-7.491496],[109.568277,-7.491062],[109.568182,-7.490637],[109.568112,-7.490193],[109.568215,-7.489353],[109.56822,-7.4889],[109.567864,-7.487715],[109.56773,-7.48738],[109.56762,-7.48643],[109.567428,-7.486067],[109.566894,-7.485532],[109.566868,-7.485143],[109.566824,-7.484727],[109.566422,-7.484066],[109.566086,-7.483712],[109.565911,-7.483232],[109.565931,-7.482635],[109.565895,-7.482282],[109.565914,-7.481903],[109.566086,-7.481315],[109.566104,-7.480637],[109.566071,-7.480257],[109.565969,-7.479941],[109.565742,-7.479641],[109.565785,-7.479307],[109.565598,-7.478908],[109.565182,-7.47878],[109.564676,-7.478697],[109.564482,-7.478434],[109.56437,-7.477901],[109.564034,-7.477673],[109.563666,-7.477546],[109.563325,-7.477264],[109.563331,-7.476875],[109.56316,-7.476206],[109.562891,-7.475798],[109.562583,-7.475661],[109.562441,-7.475353],[109.562607,-7.474748],[109.563112,-7.474587],[109.563378,-7.474877],[109.563763,-7.475104],[109.564091,-7.47478],[109.564389,-7.474365],[109.564865,-7.473996],[109.565251,-7.473906],[109.565652,-7.473971],[109.566259,-7.474208],[109.566718,-7.474508],[109.567014,-7.474798],[109.566761,-7.475087],[109.566449,-7.475213],[109.565959,-7.475392],[109.566076,-7.4757],[109.566461,-7.476026],[109.567053,-7.476535],[109.567483,-7.476636],[109.567707,-7.476302],[109.567739,-7.475651],[109.567962,-7.475263],[109.568472,-7.475156],[109.56866,-7.474406],[109.568766,-7.473619],[109.56876,-7.47248],[109.568808,-7.471178],[109.568911,-7.469026],[109.56923,-7.466631],[109.569384,-7.465248],[109.569535,-7.464895],[109.569791,-7.464471],[109.570238,-7.464129],[109.57123,-7.46368],[109.572158,-7.463041],[109.572738,-7.462527],[109.572982,-7.46213],[109.573503,-7.461381],[109.574007,-7.460289],[109.57432,-7.459928],[109.575243,-7.459823],[109.575761,-7.459725],[109.576071,-7.459626],[109.576551,-7.459338]]]]}},{"id":"42","type":"Feature","properties":{"DESA":"Karangannyar"},"geometry":{"type":"MultiPolygon","coordinates":[[[[109.568929,-7.450406],[109.569952,-7.451178],[109.571219,-7.45215],[109.57225,-7.452994],[109.573215,-7.453622],[109.5738,-7.45403],[109.574163,-7.454339],[109.574298,-7.454927],[109.574475,-7.455751],[109.574747,-7.456276],[109.575111,-7.456639],[109.575837,-7.457229],[109.576524,-7.457665],[109.577256,-7.458455],[109.576551,-7.459338],[109.576071,-7.459626],[109.575761,-7.459725],[109.575243,-7.459823],[109.57432,-7.459928],[109.574007,-7.460289],[109.573503,-7.461381],[109.572982,-7.46213],[109.572738,-7.462527],[109.572158,-7.463041],[109.57123,-7.46368],[109.570238,-7.464129],[109.569791,-7.464471],[109.569535,-7.464895],[109.569384,-7.465248],[109.56923,-7.466631],[109.568911,-7.469026],[109.568808,-7.471178],[109.56876,-7.47248],[109.568766,-7.473619],[109.56866,-7.474406],[109.568472,-7.475156],[109.567962,-7.475263],[109.567739,-7.475651],[109.567707,-7.476302],[109.567483,-7.476636],[109.567053,-7.476535],[109.566461,-7.476026],[109.566076,-7.4757],[109.565959,-7.475392],[109.566449,-7.475213],[109.566761,-7.475087],[109.567014,-7.474798],[109.566718,-7.474508],[109.566259,-7.474208],[109.565652,-7.473971],[109.565251,-7.473906],[109.564865,-7.473996],[109.564389,-7.474365],[109.564091,-7.47478],[109.563763,-7.475104],[109.563378,-7.474877],[109.563112,-7.474587],[109.562607,-7.474748],[109.562441,-7.475353],[109.562583,-7.475661],[109.562891,-7.475798],[109.56316,-7.476206],[109.563331,-7.476875],[109.563325,-7.477264],[109.563666,-7.477546],[109.564034,-7.477673],[109.56437,-7.477901],[109.564482,-7.478434],[109.564676,-7.478697],[109.565182,-7.47878],[109.565598,-7.478908],[109.565785,-7.479307],[109.565742,-7.479641],[109.565969,-7.479941],[109.566071,-7.480257],[109.566104,-7.480637],[109.566086,-7.481315],[109.565914,-7.481903],[109.565895,-7.482282],[109.565931,-7.482635],[109.565911,-7.483232],[109.566086,-7.483712],[109.566422,-7.484066],[109.566824,-7.484727],[109.566868,-7.485143],[109.566894,-7.485532],[109.567428,-7.486067],[109.56762,-7.48643],[109.56773,-7.48738],[109.567864,-7.487715],[109.56822,-7.4889],[109.568215,-7.489353],[109.568112,-7.490193],[109.568182,-7.490637],[109.568277,-7.491062],[109.568358,-7.491496],[109.567999,-7.492146],[109.567687,-7.492615],[109.567349,-7.493193],[109.567303,-7.493591],[109.56747,-7.493926],[109.567742,-7.494442],[109.567887,-7.494931],[109.56789,-7.495257],[109.567827,-7.495699],[109.567968,-7.496378],[109.567975,-7.496803],[109.567791,-7.497463],[109.567312,-7.497289],[109.566905,-7.497062],[109.566599,-7.496817],[109.566264,-7.496562],[109.56569,-7.496289],[109.565313,-7.49589],[109.565012,-7.4956],[109.564801,-7.495292],[109.564484,-7.494947],[109.564242,-7.494639],[109.563966,-7.494068],[109.563477,-7.493714],[109.562964,-7.492781],[109.562287,-7.492127],[109.56174,-7.491728],[109.561252,-7.491473],[109.560607,-7.491263],[109.559872,-7.491288],[109.559387,-7.491603],[109.558934,-7.491954],[109.558463,-7.49197],[109.558001,-7.49177],[109.55725,-7.49118],[109.556511,-7.490553],[109.55571,-7.490035],[109.555115,-7.489744],[109.554465,-7.489615],[109.553161,-7.489014],[109.553294,-7.488553],[109.553529,-7.487803],[109.5538,-7.486439],[109.553672,-7.486104],[109.5537,-7.485733],[109.553357,-7.484764],[109.553014,-7.484275],[109.552871,-7.483678],[109.552538,-7.483686],[109.551479,-7.483212],[109.55108,-7.482668],[109.550924,-7.482297],[109.550624,-7.482088],[109.550336,-7.481381],[109.550467,-7.48055],[109.550558,-7.480089],[109.55078,-7.479502],[109.551359,-7.479124],[109.551528,-7.478781],[109.551509,-7.478455],[109.551375,-7.478111],[109.551028,-7.477712],[109.550885,-7.477386],[109.550454,-7.477059],[109.549958,-7.477085],[109.549222,-7.476838],[109.548817,-7.476529],[109.547657,-7.475911],[109.546996,-7.475863],[109.547268,-7.474526],[109.547285,-7.474137],[109.547271,-7.473784],[109.547596,-7.473161],[109.548211,-7.47339],[109.548858,-7.473455],[109.549796,-7.47353],[109.550397,-7.473397],[109.551214,-7.473128],[109.551797,-7.472615],[109.551637,-7.4718],[109.551261,-7.471446],[109.550722,-7.471291],[109.550169,-7.471461],[109.549837,-7.471387],[109.549891,-7.470999],[109.550069,-7.470466],[109.550035,-7.470077],[109.549969,-7.469643],[109.549975,-7.469308],[109.550123,-7.46882],[109.550753,-7.46828],[109.550688,-7.467918],[109.550409,-7.467736],[109.550053,-7.467689],[109.549291,-7.46775],[109.548844,-7.467405],[109.548722,-7.467106],[109.548754,-7.466709],[109.549062,-7.466547],[109.549744,-7.466667],[109.550218,-7.466722],[109.550745,-7.46657],[109.550663,-7.466172],[109.550347,-7.465276],[109.550308,-7.464788],[109.550452,-7.464119],[109.550614,-7.46374],[109.550864,-7.463333],[109.551082,-7.463072],[109.55135,-7.462865],[109.551801,-7.462396],[109.552142,-7.462542],[109.552472,-7.462552],[109.552672,-7.462806],[109.55289,-7.463195],[109.553267,-7.463694],[109.553649,-7.463813],[109.554144,-7.463778],[109.554635,-7.463436],[109.554847,-7.463021],[109.554657,-7.462659],[109.554415,-7.462386],[109.55383,-7.461978],[109.55323,-7.461578],[109.553036,-7.461026],[109.552937,-7.460148],[109.553124,-7.459742],[109.553495,-7.459815],[109.553832,-7.460268],[109.554246,-7.460577],[109.554932,-7.460561],[109.555338,-7.46049],[109.55578,-7.460293],[109.556036,-7.459959],[109.556247,-7.459445],[109.556469,-7.459129],[109.556835,-7.458741],[109.557527,-7.458002],[109.557984,-7.457479],[109.558044,-7.456973],[109.557778,-7.456619],[109.557464,-7.456193],[109.557835,-7.454123],[109.558046,-7.453437],[109.558845,-7.453602],[109.559988,-7.453823],[109.56068,-7.454006],[109.561041,-7.454025],[109.561777,-7.454118],[109.562411,-7.45412],[109.562843,-7.454004],[109.563221,-7.45368],[109.563465,-7.453038],[109.563697,-7.452614],[109.564343,-7.452155],[109.565008,-7.452013],[109.565952,-7.451979],[109.566442,-7.451909],[109.566784,-7.451539],[109.566727,-7.451186],[109.567144,-7.450907],[109.567493,-7.450845],[109.5679,-7.450828],[109.568361,-7.450712],[109.568929,-7.450406]]]]}},{"id":"43","type":"Feature","properties":{"DESA":"Merden"},"geometry":{"type":"MultiPolygon","coordinates":[[[[109.533171,-7.452921],[109.533705,-7.453049],[109.534138,-7.453168],[109.534705,-7.453441],[109.5358,-7.453454],[109.536976,-7.453467],[109.538253,-7.453607],[109.539974,-7.453558],[109.541313,-7.453554],[109.542593,-7.453784],[109.543331,-7.454003],[109.544334,-7.454251],[109.545511,-7.454345],[109.546622,-7.454258],[109.548156,-7.4543],[109.547519,-7.455934],[109.547173,-7.456693],[109.547129,-7.457063],[109.548764,-7.457141],[109.549236,-7.457278],[109.549446,-7.457523],[109.549749,-7.457669],[109.549752,-7.458211],[109.549721,-7.458564],[109.549808,-7.459152],[109.550079,-7.459677],[109.550215,-7.460311],[109.550211,-7.460944],[109.550401,-7.461478],[109.550565,-7.461877],[109.550944,-7.462113],[109.551386,-7.462223],[109.551801,-7.462396],[109.55135,-7.462865],[109.551082,-7.463072],[109.550864,-7.463333],[109.550614,-7.46374],[109.550452,-7.464119],[109.550308,-7.464788],[109.550347,-7.465276],[109.550663,-7.466172],[109.550745,-7.46657],[109.550218,-7.466722],[109.549744,-7.466667],[109.549062,-7.466547],[109.548754,-7.466709],[109.548722,-7.467106],[109.548844,-7.467405],[109.549291,-7.46775],[109.550053,-7.467689],[109.550409,-7.467736],[109.550688,-7.467918],[109.550753,-7.46828],[109.550123,-7.46882],[109.549975,-7.469308],[109.549969,-7.469643],[109.550035,-7.470077],[109.550069,-7.470466],[109.549891,-7.470999],[109.549837,-7.471387],[109.550169,-7.471461],[109.550722,-7.471291],[109.551261,-7.471446],[109.551637,-7.4718],[109.551797,-7.472615],[109.551214,-7.473128],[109.550397,-7.473397],[109.549796,-7.47353],[109.548858,-7.473455],[109.548211,-7.47339],[109.547596,-7.473161],[109.547271,-7.473784],[109.547285,-7.474137],[109.547268,-7.474526],[109.546996,-7.475863],[109.547657,-7.475911],[109.548817,-7.476529],[109.549222,-7.476838],[109.549958,-7.477085],[109.550454,-7.477059],[109.550885,-7.477386],[109.551028,-7.477712],[109.551375,-7.478111],[109.551509,-7.478455],[109.551528,-7.478781],[109.551359,-7.479124],[109.55078,-7.479502],[109.550558,-7.480089],[109.550467,-7.48055],[109.550336,-7.481381],[109.550624,-7.482088],[109.550924,-7.482297],[109.55108,-7.482668],[109.551479,-7.483212],[109.552538,-7.483686],[109.552871,-7.483678],[109.553014,-7.484275],[109.553357,-7.484764],[109.5537,-7.485733],[109.553672,-7.486104],[109.5538,-7.486439],[109.553529,-7.487803],[109.553294,-7.488553],[109.553161,-7.489014],[109.551237,-7.489351],[109.550129,-7.489429],[109.548708,-7.489587],[109.547558,-7.489556],[109.546124,-7.489488],[109.545141,-7.48934],[109.544384,-7.489184],[109.543867,-7.489056],[109.543903,-7.488296],[109.543588,-7.48749],[109.543549,-7.486993],[109.543412,-7.486504],[109.543224,-7.48606],[109.542995,-7.485671],[109.542763,-7.485281],[109.542532,-7.484783],[109.542246,-7.484484],[109.541951,-7.484302],[109.541601,-7.484075],[109.540698,-7.482598],[109.54019,-7.4819],[109.539517,-7.481111],[109.538934,-7.480403],[109.538484,-7.479787],[109.538345,-7.479343],[109.538298,-7.478819],[109.538338,-7.478186],[109.538328,-7.477508],[109.538468,-7.476522],[109.53868,-7.475592],[109.538486,-7.475256],[109.538079,-7.475364],[109.537558,-7.475317],[109.537241,-7.475207],[109.536506,-7.474743],[109.535935,-7.474552],[109.53554,-7.474641],[109.535336,-7.474984],[109.535233,-7.475616],[109.535267,-7.476014],[109.535369,-7.476449],[109.535381,-7.476792],[109.53521,-7.477072],[109.534579,-7.477197],[109.533882,-7.476941],[109.533591,-7.476651],[109.533059,-7.475944],[109.532758,-7.475653],[109.532388,-7.475553],[109.532004,-7.475624],[109.531578,-7.475803],[109.531248,-7.476046],[109.530876,-7.476551],[109.530381,-7.476957],[109.529923,-7.476982],[109.529558,-7.476945],[109.529147,-7.476681],[109.528545,-7.476309],[109.52786,-7.476125],[109.527184,-7.476259],[109.526899,-7.47577],[109.526541,-7.474991],[109.526225,-7.47414],[109.525917,-7.473325],[109.525613,-7.472428],[109.525318,-7.471288],[109.525121,-7.470772],[109.524882,-7.469984],[109.524592,-7.469151],[109.524301,-7.468264],[109.523889,-7.467268],[109.52361,-7.466363],[109.523728,-7.465884],[109.52428,-7.465389],[109.524617,-7.465245],[109.525328,-7.465076],[109.525772,-7.46495],[109.526147,-7.464744],[109.526517,-7.464392],[109.526967,-7.464303],[109.527593,-7.463582],[109.527853,-7.463221],[109.528304,-7.462671],[109.528478,-7.4624],[109.528914,-7.461796],[109.529205,-7.461381],[109.529493,-7.46112],[109.530278,-7.460598],[109.53062,-7.460355],[109.531307,-7.459498],[109.53183,-7.459328],[109.532411,-7.459276],[109.532798,-7.458788],[109.532794,-7.458101],[109.532571,-7.457802],[109.532753,-7.457423],[109.533221,-7.456882],[109.533668,-7.456088],[109.533736,-7.455744],[109.533594,-7.455373],[109.533295,-7.455074],[109.533166,-7.454739],[109.533262,-7.454395],[109.533171,-7.452921]]]]}},{"id":"44","type":"Feature","properties":{"DESA":"Mertasari Wetan"},"geometry":{"type":"MultiPolygon","coordinates":[[[[109.551256,-7.440736],[109.5521,-7.44205],[109.552757,-7.443029],[109.553214,-7.443727],[109.556591,-7.442987],[109.557018,-7.442871],[109.558058,-7.442468],[109.558585,-7.44227],[109.559382,-7.442011],[109.56006,-7.442131],[109.560335,-7.442502],[109.560725,-7.442802],[109.561412,-7.443021],[109.561926,-7.442987],[109.562256,-7.442897],[109.562725,-7.442718],[109.563154,-7.442683],[109.563215,-7.442331],[109.563872,-7.441863],[109.564203,-7.441421],[109.564667,-7.440617],[109.564726,-7.440147],[109.564947,-7.439198],[109.56495,-7.438755],[109.564914,-7.438167],[109.565284,-7.438024],[109.565698,-7.437989],[109.566439,-7.437747],[109.56665,-7.437359],[109.566897,-7.436971],[109.56731,-7.436846],[109.567635,-7.436783],[109.568526,-7.43949],[109.568947,-7.441038],[109.569404,-7.442477],[109.569956,-7.444206],[109.570274,-7.445727],[109.570485,-7.446767],[109.57071,-7.448097],[109.570864,-7.449273],[109.570349,-7.449272],[109.569883,-7.449306],[109.569422,-7.44982],[109.569234,-7.450136],[109.568929,-7.450406],[109.568361,-7.450712],[109.5679,-7.450828],[109.567493,-7.450845],[109.567144,-7.450907],[109.566727,-7.451186],[109.566784,-7.451539],[109.566442,-7.451909],[109.565952,-7.451979],[109.565008,-7.452013],[109.564343,-7.452155],[109.563697,-7.452614],[109.563465,-7.453038],[109.563221,-7.45368],[109.562843,-7.454004],[109.562411,-7.45412],[109.561777,-7.454118],[109.561041,-7.454025],[109.56068,-7.454006],[109.559988,-7.453823],[109.558845,-7.453602],[109.558046,-7.453437],[109.557835,-7.454123],[109.557464,-7.456193],[109.557778,-7.456619],[109.558044,-7.456973],[109.557984,-7.457479],[109.557527,-7.458002],[109.556835,-7.458741],[109.556469,-7.459129],[109.556247,-7.459445],[109.556036,-7.459959],[109.55578,-7.460293],[109.555338,-7.46049],[109.554932,-7.460561],[109.554246,-7.460577],[109.553832,-7.460268],[109.553495,-7.459815],[109.553124,-7.459742],[109.552937,-7.460148],[109.553036,-7.461026],[109.55323,-7.461578],[109.55383,-7.461978],[109.554415,-7.462386],[109.554657,-7.462659],[109.554847,-7.463021],[109.554635,-7.463436],[109.554144,-7.463778],[109.553649,-7.463813],[109.553267,-7.463694],[109.55289,-7.463195],[109.552672,-7.462806],[109.552472,-7.462552],[109.552142,-7.462542],[109.551801,-7.462396],[109.551386,-7.462223],[109.550944,-7.462113],[109.550565,-7.461877],[109.550401,-7.461478],[109.550211,-7.460944],[109.550215,-7.460311],[109.550079,-7.459677],[109.549808,-7.459152],[109.549721,-7.458564],[109.549752,-7.458211],[109.549749,-7.457669],[109.549446,-7.457523],[109.549236,-7.457278],[109.548764,-7.457141],[109.547129,-7.457063],[109.547173,-7.456693],[109.547519,-7.455934],[109.548156,-7.4543],[109.548519,-7.453378],[109.548558,-7.45299],[109.548619,-7.452655],[109.54881,-7.452385],[109.549207,-7.452377],[109.549715,-7.451718],[109.550106,-7.45172],[109.550428,-7.451739],[109.55069,-7.451432],[109.550914,-7.450692],[109.551283,-7.449942],[109.551925,-7.449194],[109.552292,-7.448535],[109.552498,-7.44708],[109.552552,-7.4466],[109.552617,-7.446185],[109.55297,-7.4452],[109.55269,-7.444847],[109.552104,-7.444537],[109.55113,-7.444037],[109.550762,-7.443782],[109.550304,-7.443066],[109.549948,-7.442731],[109.549643,-7.442332],[109.549446,-7.441825],[109.549103,-7.441154],[109.549425,-7.441074],[109.550141,-7.440941],[109.551256,-7.440736]]]]}},{"id":"45","type":"Feature","properties":{"DESA":"Parakan"},"geometry":{"type":"MultiPolygon","coordinates":[[[[109.578865,-7.430553],[109.579428,-7.431251],[109.579553,-7.431595],[109.580084,-7.431823],[109.581502,-7.431818],[109.582144,-7.432191],[109.582577,-7.432663],[109.582787,-7.432935],[109.582868,-7.43355],[109.583154,-7.433931],[109.583859,-7.433725],[109.58476,-7.433275],[109.585111,-7.433177],[109.585686,-7.433016],[109.586135,-7.432864],[109.586485,-7.432747],[109.586875,-7.432577],[109.587207,-7.432361],[109.587541,-7.432009],[109.587849,-7.431549],[109.5881,-7.433684],[109.588119,-7.434833],[109.588188,-7.435638],[109.588999,-7.435966],[109.589137,-7.43631],[109.589222,-7.43678],[109.58951,-7.437251],[109.590072,-7.436883],[109.590582,-7.436721],[109.591006,-7.436732],[109.591794,-7.43677],[109.592659,-7.436945],[109.593501,-7.437328],[109.5947,-7.438389],[109.595683,-7.439324],[109.596637,-7.440023],[109.597545,-7.440605],[109.596857,-7.441905],[109.596481,-7.442663],[109.595987,-7.443593],[109.595587,-7.44446],[109.595019,-7.445471],[109.594249,-7.4464],[109.59379,-7.447167],[109.593282,-7.448359],[109.593029,-7.449417],[109.592631,-7.450437],[109.59222,-7.451033],[109.591566,-7.45142],[109.590486,-7.45185],[109.589247,-7.452552],[109.587797,-7.453397],[109.586594,-7.454044],[109.585621,-7.454439],[109.584588,-7.45468],[109.583472,-7.454857],[109.58255,-7.454954],[109.581947,-7.454952],[109.581566,-7.455023],[109.581053,-7.45541],[109.580741,-7.45578],[109.580858,-7.456196],[109.580977,-7.456766],[109.580933,-7.457454],[109.580484,-7.45776],[109.580091,-7.457804],[109.579632,-7.457757],[109.579074,-7.457728],[109.578525,-7.457771],[109.577739,-7.457923],[109.577256,-7.458455],[109.576524,-7.457665],[109.575837,-7.457229],[109.575111,-7.456639],[109.574747,-7.456276],[109.574475,-7.455751],[109.574298,-7.454927],[109.574163,-7.454339],[109.5738,-7.45403],[109.573215,-7.453622],[109.57225,-7.452994],[109.571219,-7.45215],[109.569952,-7.451178],[109.568929,-7.450406],[109.569234,-7.450136],[109.569422,-7.44982],[109.569883,-7.449306],[109.570349,-7.449272],[109.570864,-7.449273],[109.57071,-7.448097],[109.570485,-7.446767],[109.570274,-7.445727],[109.569956,-7.444206],[109.569404,-7.442477],[109.568947,-7.441038],[109.568526,-7.43949],[109.567635,-7.436783],[109.568053,-7.436631],[109.568529,-7.436316],[109.568861,-7.436317],[109.56922,-7.436318],[109.569797,-7.436157],[109.569991,-7.435805],[109.570159,-7.435372],[109.570443,-7.435047],[109.570611,-7.434713],[109.570358,-7.433899],[109.570518,-7.433555],[109.571041,-7.433286],[109.571408,-7.433151],[109.572085,-7.432936],[109.572874,-7.432749],[109.573816,-7.432815],[109.574564,-7.432194],[109.575128,-7.431906],[109.575509,-7.431718],[109.575775,-7.431492],[109.575967,-7.431149],[109.576379,-7.431015],[109.577033,-7.430972],[109.577657,-7.430938],[109.578865,-7.430553]]]]}},{"id":"46","type":"Feature","properties":{"DESA":"Pucungbedug"},"geometry":{"type":"MultiPolygon","coordinates":[[[[109.597545,-7.440605],[109.598627,-7.441051],[109.599703,-7.441516],[109.600594,-7.441808],[109.601231,-7.441964],[109.602699,-7.442168],[109.603285,-7.442187],[109.60326,-7.443616],[109.603301,-7.444295],[109.603193,-7.444873],[109.603379,-7.446411],[109.603497,-7.446782],[109.603553,-7.447189],[109.603769,-7.447995],[109.603998,-7.448429],[109.604258,-7.448882],[109.603957,-7.449361],[109.60396,-7.449686],[109.604008,-7.450075],[109.604086,-7.450537],[109.60421,-7.451351],[109.604149,-7.451677],[109.603808,-7.451675],[109.603417,-7.451783],[109.603245,-7.452216],[109.603268,-7.452705],[109.603483,-7.453275],[109.603404,-7.453591],[109.603052,-7.45378],[109.602964,-7.454277],[109.602905,-7.454811],[109.602631,-7.455054],[109.602008,-7.455793],[109.602188,-7.456111],[109.602602,-7.45603],[109.602732,-7.455687],[109.603059,-7.455652],[109.603326,-7.456105],[109.603265,-7.456503],[109.603147,-7.456991],[109.603512,-7.457164],[109.603817,-7.457282],[109.603835,-7.457644],[109.603446,-7.458321],[109.603273,-7.458809],[109.603386,-7.459153],[109.603788,-7.460447],[109.603901,-7.461949],[109.603918,-7.463007],[109.60391,-7.46364],[109.603949,-7.464508],[109.604072,-7.465458],[109.6038,-7.468785],[109.603367,-7.468892],[109.602972,-7.468791],[109.603064,-7.469172],[109.602779,-7.469541],[109.602436,-7.469558],[109.601744,-7.469312],[109.601309,-7.469103],[109.601113,-7.468614],[109.600996,-7.467781],[109.600773,-7.4675],[109.600415,-7.4674],[109.60001,-7.467579],[109.599877,-7.468158],[109.599887,-7.468574],[109.600357,-7.469217],[109.600786,-7.469734],[109.600542,-7.470086],[109.599866,-7.47022],[109.598938,-7.470198],[109.598306,-7.470043],[109.597959,-7.470087],[109.597399,-7.470157],[109.597047,-7.470138],[109.595995,-7.470008],[109.595626,-7.470079],[109.595259,-7.470241],[109.594996,-7.47043],[109.594868,-7.470873],[109.595089,-7.47129],[109.595808,-7.471735],[109.595694,-7.472232],[109.595394,-7.472358],[109.594926,-7.472248],[109.594559,-7.471975],[109.594098,-7.471766],[109.59374,-7.471746],[109.593295,-7.471781],[109.592953,-7.47178],[109.592299,-7.472122],[109.591996,-7.472437],[109.59176,-7.47288],[109.591521,-7.473186],[109.591152,-7.473294],[109.590898,-7.472859],[109.590579,-7.472424],[109.590049,-7.472395],[109.589405,-7.472483],[109.589238,-7.473125],[109.588959,-7.473458],[109.588576,-7.47371],[109.588175,-7.473601],[109.587794,-7.473274],[109.587426,-7.473128],[109.587284,-7.473453],[109.587367,-7.473924],[109.587564,-7.474177],[109.587889,-7.474576],[109.588043,-7.474984],[109.587674,-7.47538],[109.587376,-7.475542],[109.586965,-7.475713],[109.586483,-7.475829],[109.58603,-7.475728],[109.585606,-7.475229],[109.58548,-7.474795],[109.585325,-7.474496],[109.584986,-7.474395],[109.584319,-7.474673],[109.583893,-7.474943],[109.583227,-7.475122],[109.582958,-7.47494],[109.582577,-7.474659],[109.582181,-7.474413],[109.581927,-7.474159],[109.5818,-7.473833],[109.581773,-7.473426],[109.581607,-7.472847],[109.58186,-7.472034],[109.582085,-7.471239],[109.582228,-7.470335],[109.582358,-7.469431],[109.582393,-7.468138],[109.582342,-7.46698],[109.58228,-7.465443],[109.582238,-7.464457],[109.581978,-7.462792],[109.581799,-7.461046],[109.580724,-7.461061],[109.579687,-7.460994],[109.578272,-7.460954],[109.577459,-7.460815],[109.577322,-7.460517],[109.577242,-7.45982],[109.576551,-7.459338],[109.577256,-7.458455],[109.577739,-7.457923],[109.578525,-7.457771],[109.579074,-7.457728],[109.579632,-7.457757],[109.580091,-7.457804],[109.580484,-7.45776],[109.580933,-7.457454],[109.580977,-7.456766],[109.580858,-7.456196],[109.580741,-7.45578],[109.581053,-7.45541],[109.581566,-7.455023],[109.581947,-7.454952],[109.58255,-7.454954],[109.583472,-7.454857],[109.584588,-7.45468],[109.585621,-7.454439],[109.586594,-7.454044],[109.587797,-7.453397],[109.589247,-7.452552],[109.590486,-7.45185],[109.591566,-7.45142],[109.59222,-7.451033],[109.592631,-7.450437],[109.593029,-7.449417],[109.593282,-7.448359],[109.59379,-7.447167],[109.594249,-7.4464],[109.595019,-7.445471],[109.595587,-7.44446],[109.595987,-7.443593],[109.596481,-7.442663],[109.596857,-7.441905],[109.597545,-7.440605]]]]}},{"id":"47","type":"Feature","properties":{"DESA":"Kutawuluh"},"geometry":{"type":"MultiPolygon","coordinates":[[[[109.603736,-7.417917],[109.604124,-7.419763],[109.60388,-7.420757],[109.603968,-7.422313],[109.603787,-7.423343],[109.60374,-7.424301],[109.603809,-7.4247],[109.604931,-7.425653],[109.604981,-7.426024],[109.605106,-7.426738],[109.60506,-7.427371],[109.604707,-7.428473],[109.604252,-7.429485],[109.604033,-7.430407],[109.603936,-7.430867],[109.603958,-7.431284],[109.603978,-7.431682],[109.604021,-7.432071],[109.604052,-7.432595],[109.604159,-7.434504],[109.604183,-7.435607],[109.604106,-7.436194],[109.603452,-7.436862],[109.60327,-7.437386],[109.603279,-7.437892],[109.603281,-7.438453],[109.603474,-7.440253],[109.603376,-7.441302],[109.603285,-7.442187],[109.602699,-7.442168],[109.601231,-7.441964],[109.600594,-7.441808],[109.599703,-7.441516],[109.598627,-7.441051],[109.597545,-7.440605],[109.596637,-7.440023],[109.595683,-7.439324],[109.5947,-7.438389],[109.593501,-7.437328],[109.592659,-7.436945],[109.591794,-7.43677],[109.591006,-7.436732],[109.590582,-7.436721],[109.590072,-7.436883],[109.58951,-7.437251],[109.589222,-7.43678],[109.589137,-7.43631],[109.588999,-7.435966],[109.588188,-7.435638],[109.588119,-7.434833],[109.5881,-7.433684],[109.587849,-7.431549],[109.587885,-7.430156],[109.58783,-7.428791],[109.587991,-7.428204],[109.588257,-7.427951],[109.588943,-7.427637],[109.589816,-7.427233],[109.590979,-7.426486],[109.591665,-7.426153],[109.592696,-7.42546],[109.593912,-7.424506],[109.5946,-7.423911],[109.595082,-7.423424],[109.595423,-7.422756],[109.595831,-7.421962],[109.596086,-7.421329],[109.596145,-7.420525],[109.596186,-7.420199],[109.596436,-7.41982],[109.596775,-7.419496],[109.59734,-7.419027],[109.597809,-7.418839],[109.598296,-7.418542],[109.598689,-7.418227],[109.599148,-7.417595],[109.599507,-7.417126],[109.599939,-7.4172],[109.60034,-7.417373],[109.600485,-7.417717],[109.600717,-7.418061],[109.601137,-7.418171],[109.601471,-7.418027],[109.601895,-7.417821],[109.602319,-7.417786],[109.602675,-7.417995],[109.602862,-7.418321],[109.603175,-7.418087],[109.603736,-7.417917]]]]}},{"id":"48","type":"Feature","properties":{"DESA":"Gumiwang"},"geometry":{"type":"MultiPolygon","coordinates":[[[[109.59114,-7.406573],[109.591382,-7.407198],[109.591569,-7.407579],[109.591594,-7.408049],[109.591328,-7.408998],[109.59159,-7.409324],[109.592073,-7.409506],[109.592975,-7.409871],[109.593144,-7.410468],[109.593406,-7.410786],[109.593535,-7.411148],[109.593889,-7.411339],[109.594477,-7.411539],[109.595082,-7.411686],[109.595554,-7.41167],[109.596107,-7.411165],[109.596441,-7.410361],[109.596744,-7.409657],[109.597261,-7.40955],[109.597897,-7.409226],[109.598825,-7.409618],[109.599367,-7.409873],[109.599964,-7.410354],[109.600308,-7.4105],[109.600843,-7.410628],[109.602085,-7.410985],[109.602755,-7.411104],[109.602973,-7.411431],[109.603681,-7.411641],[109.604006,-7.411886],[109.604133,-7.413876],[109.604056,-7.415666],[109.603797,-7.416995],[109.603736,-7.417917],[109.603175,-7.418087],[109.602862,-7.418321],[109.602675,-7.417995],[109.602319,-7.417786],[109.601895,-7.417821],[109.601471,-7.418027],[109.601137,-7.418171],[109.600717,-7.418061],[109.600485,-7.417717],[109.60034,-7.417373],[109.599939,-7.4172],[109.599507,-7.417126],[109.599148,-7.417595],[109.598689,-7.418227],[109.598296,-7.418542],[109.597809,-7.418839],[109.59734,-7.419027],[109.596775,-7.419496],[109.596436,-7.41982],[109.596186,-7.420199],[109.596145,-7.420525],[109.596086,-7.421329],[109.595831,-7.421962],[109.595423,-7.422756],[109.595082,-7.423424],[109.5946,-7.423911],[109.593912,-7.424506],[109.592696,-7.42546],[109.591665,-7.426153],[109.590979,-7.426486],[109.589816,-7.427233],[109.588943,-7.427637],[109.588257,-7.427951],[109.587991,-7.428204],[109.58783,-7.428791],[109.587885,-7.430156],[109.587849,-7.431549],[109.587541,-7.432009],[109.587207,-7.432361],[109.586875,-7.432577],[109.586485,-7.432747],[109.586135,-7.432864],[109.585686,-7.433016],[109.585111,-7.433177],[109.58476,-7.433275],[109.583859,-7.433725],[109.583154,-7.433931],[109.582868,-7.43355],[109.582787,-7.432935],[109.582577,-7.432663],[109.582144,-7.432191],[109.581502,-7.431818],[109.580084,-7.431823],[109.579553,-7.431595],[109.579428,-7.431251],[109.578865,-7.430553],[109.578672,-7.430037],[109.578091,-7.428715],[109.576947,-7.426531],[109.577726,-7.426136],[109.57857,-7.425759],[109.579583,-7.425274],[109.580241,-7.424978],[109.581055,-7.424573],[109.581608,-7.424249],[109.581933,-7.424043],[109.582421,-7.4238],[109.58401,-7.423082],[109.583684,-7.422267],[109.583486,-7.421723],[109.583113,-7.420556],[109.582655,-7.419659],[109.582082,-7.418536],[109.581603,-7.41735],[109.580233,-7.415139],[109.580824,-7.414833],[109.581219,-7.414409],[109.581585,-7.414212],[109.582363,-7.414133],[109.583581,-7.413974],[109.58479,-7.413607],[109.585578,-7.413193],[109.586057,-7.412833],[109.586339,-7.412436],[109.586679,-7.411849],[109.586934,-7.411018],[109.58737,-7.409808],[109.587651,-7.409167],[109.588112,-7.407902],[109.588497,-7.406872],[109.588905,-7.406385],[109.589185,-7.40616],[109.589541,-7.406089],[109.590277,-7.406372],[109.590555,-7.406626],[109.59114,-7.406573]]]]}},{"id":"49","type":"Feature","properties":{"DESA":"Kalipelus"},"geometry":{"type":"MultiPolygon","coordinates":[[[[109.564037,-7.420829],[109.564588,-7.42093],[109.564979,-7.421266],[109.565399,-7.421629],[109.565847,-7.421721],[109.566206,-7.421596],[109.566524,-7.421515],[109.566883,-7.421661],[109.567199,-7.421897],[109.567915,-7.422505],[109.568485,-7.422914],[109.569203,-7.422935],[109.569584,-7.422701],[109.569903,-7.422222],[109.570158,-7.421626],[109.570351,-7.420705],[109.570502,-7.419964],[109.570715,-7.419295],[109.570949,-7.418871],[109.571458,-7.418239],[109.572454,-7.417483],[109.573024,-7.417575],[109.573298,-7.417829],[109.573634,-7.418373],[109.574055,-7.419035],[109.57456,-7.419534],[109.574898,-7.419562],[109.575246,-7.419183],[109.575417,-7.418514],[109.575531,-7.417782],[109.575871,-7.417223],[109.576547,-7.416583],[109.577111,-7.416132],[109.578826,-7.415577],[109.580233,-7.415139],[109.581603,-7.41735],[109.582082,-7.418536],[109.582655,-7.419659],[109.583113,-7.420556],[109.583486,-7.421723],[109.583684,-7.422267],[109.58401,-7.423082],[109.582421,-7.4238],[109.581933,-7.424043],[109.581608,-7.424249],[109.581055,-7.424573],[109.580241,-7.424978],[109.579583,-7.425274],[109.57857,-7.425759],[109.577726,-7.426136],[109.576947,-7.426531],[109.578091,-7.428715],[109.578672,-7.430037],[109.578865,-7.430553],[109.577657,-7.430938],[109.577033,-7.430972],[109.576379,-7.431015],[109.575967,-7.431149],[109.575775,-7.431492],[109.575509,-7.431718],[109.575128,-7.431906],[109.574564,-7.432194],[109.573816,-7.432815],[109.572874,-7.432749],[109.572085,-7.432936],[109.571408,-7.433151],[109.571041,-7.433286],[109.570518,-7.433555],[109.570358,-7.433899],[109.570611,-7.434713],[109.570443,-7.435047],[109.570159,-7.435372],[109.569991,-7.435805],[109.569797,-7.436157],[109.56922,-7.436318],[109.568825,-7.435042],[109.568457,-7.434064],[109.568058,-7.433095],[109.567994,-7.43267],[109.567905,-7.432181],[109.567751,-7.431629],[109.568551,-7.431189],[109.569581,-7.430668],[109.568866,-7.428703],[109.567883,-7.428962],[109.567333,-7.429123],[109.566825,-7.429176],[109.566127,-7.429119],[109.565315,-7.429035],[109.564475,-7.428806],[109.563648,-7.428578],[109.563029,-7.428015],[109.563301,-7.427509],[109.563576,-7.426579],[109.563789,-7.425829],[109.563851,-7.42535],[109.563702,-7.424771],[109.563523,-7.424327],[109.563162,-7.424055],[109.562471,-7.423691],[109.562231,-7.423418],[109.562081,-7.422939],[109.562053,-7.422459],[109.562175,-7.422035],[109.562387,-7.421619],[109.562749,-7.421322],[109.563413,-7.420926],[109.564037,-7.420829]]]]}},{"id":"50","type":"Feature","properties":{"DESA":"Purwonegoro"},"geometry":{"type":"MultiPolygon","coordinates":[[[[109.551441,-7.427751],[109.551911,-7.427662],[109.552252,-7.427736],[109.552742,-7.428162],[109.55304,-7.428543],[109.553102,-7.429095],[109.552801,-7.429673],[109.552671,-7.430242],[109.552777,-7.430568],[109.553225,-7.430823],[109.553609,-7.430779],[109.553973,-7.430608],[109.55423,-7.430383],[109.554402,-7.43004],[109.55466,-7.429507],[109.554704,-7.428992],[109.554812,-7.428676],[109.554984,-7.428332],[109.555156,-7.428044],[109.55567,-7.42772],[109.556119,-7.427549],[109.556609,-7.427705],[109.556843,-7.428176],[109.556799,-7.428492],[109.556455,-7.429025],[109.556005,-7.429656],[109.555855,-7.429954],[109.55596,-7.430361],[109.55628,-7.430408],[109.556665,-7.430318],[109.557221,-7.430067],[109.557457,-7.429769],[109.557694,-7.429019],[109.557967,-7.428116],[109.558149,-7.427818],[109.558482,-7.427403],[109.558844,-7.427133],[109.559357,-7.427045],[109.559899,-7.42711],[109.56023,-7.427255],[109.560409,-7.42759],[109.560468,-7.428007],[109.560588,-7.428396],[109.560828,-7.428704],[109.561128,-7.428967],[109.5617,-7.429032],[109.562092,-7.428916],[109.562605,-7.428556],[109.563029,-7.428015],[109.563648,-7.428578],[109.564475,-7.428806],[109.565315,-7.429035],[109.566127,-7.429119],[109.566825,-7.429176],[109.567333,-7.429123],[109.567883,-7.428962],[109.568866,-7.428703],[109.569581,-7.430668],[109.568551,-7.431189],[109.567751,-7.431629],[109.567905,-7.432181],[109.567994,-7.43267],[109.568058,-7.433095],[109.568457,-7.434064],[109.568825,-7.435042],[109.56922,-7.436318],[109.568861,-7.436317],[109.568529,-7.436316],[109.568053,-7.436631],[109.567635,-7.436783],[109.56731,-7.436846],[109.566897,-7.436971],[109.56665,-7.437359],[109.566439,-7.437747],[109.565698,-7.437989],[109.565284,-7.438024],[109.564914,-7.438167],[109.56495,-7.438755],[109.564947,-7.439198],[109.564726,-7.440147],[109.564667,-7.440617],[109.564203,-7.441421],[109.563872,-7.441863],[109.563215,-7.442331],[109.563154,-7.442683],[109.562725,-7.442718],[109.562256,-7.442897],[109.561926,-7.442987],[109.561412,-7.443021],[109.560725,-7.442802],[109.560335,-7.442502],[109.56006,-7.442131],[109.559382,-7.442011],[109.558585,-7.44227],[109.558058,-7.442468],[109.557018,-7.442871],[109.556591,-7.442987],[109.553214,-7.443727],[109.552757,-7.443029],[109.5521,-7.44205],[109.551256,-7.440736],[109.550964,-7.440247],[109.550005,-7.438462],[109.548897,-7.436786],[109.548224,-7.435626],[109.545543,-7.43692],[109.544791,-7.436284],[109.544478,-7.43593],[109.544011,-7.435178],[109.544222,-7.434754],[109.544247,-7.434428],[109.544132,-7.433967],[109.543901,-7.433053],[109.543786,-7.432492],[109.543928,-7.432004],[109.544209,-7.431752],[109.54456,-7.431563],[109.545005,-7.431474],[109.54587,-7.431567],[109.546664,-7.431597],[109.547063,-7.431408],[109.547391,-7.431111],[109.548229,-7.430426],[109.54857,-7.430364],[109.548954,-7.430429],[109.54953,-7.430684],[109.550021,-7.430939],[109.550577,-7.430814],[109.550685,-7.430434],[109.550686,-7.429838],[109.550646,-7.429069],[109.550711,-7.428725],[109.551013,-7.428093],[109.551441,-7.427751]]]]}},{"id":"51","type":"Feature","properties":{"DESA":"Danaraja"},"geometry":{"type":"MultiPolygon","coordinates":[[[[109.532595,-7.437953],[109.533477,-7.437603],[109.53388,-7.437379],[109.534133,-7.437153],[109.534487,-7.436775],[109.53479,-7.436577],[109.535429,-7.436515],[109.53577,-7.437159],[109.535743,-7.437683],[109.535716,-7.438289],[109.535738,-7.438913],[109.535913,-7.439366],[109.536089,-7.439674],[109.536617,-7.43992],[109.536919,-7.439749],[109.5374,-7.439172],[109.537755,-7.438422],[109.538033,-7.437899],[109.538236,-7.437646],[109.538689,-7.437521],[109.539117,-7.437649],[109.539494,-7.437723],[109.540074,-7.437571],[109.54052,-7.437192],[109.54092,-7.43666],[109.541647,-7.435867],[109.542139,-7.435543],[109.542514,-7.435381],[109.543098,-7.435266],[109.544011,-7.435178],[109.544478,-7.43593],[109.544791,-7.436284],[109.545543,-7.43692],[109.548224,-7.435626],[109.548897,-7.436786],[109.550005,-7.438462],[109.550964,-7.440247],[109.551256,-7.440736],[109.550141,-7.440941],[109.549425,-7.441074],[109.549103,-7.441154],[109.549446,-7.441825],[109.549643,-7.442332],[109.549948,-7.442731],[109.550304,-7.443066],[109.550762,-7.443782],[109.55113,-7.444037],[109.552104,-7.444537],[109.55269,-7.444847],[109.55297,-7.4452],[109.552617,-7.446185],[109.552552,-7.4466],[109.552498,-7.44708],[109.552292,-7.448535],[109.551925,-7.449194],[109.551283,-7.449942],[109.550914,-7.450692],[109.55069,-7.451432],[109.550428,-7.451739],[109.550106,-7.45172],[109.549715,-7.451718],[109.549207,-7.452377],[109.54881,-7.452385],[109.548619,-7.452655],[109.548558,-7.45299],[109.548519,-7.453378],[109.548156,-7.4543],[109.546622,-7.454258],[109.545511,-7.454345],[109.544334,-7.454251],[109.543331,-7.454003],[109.542593,-7.453784],[109.541313,-7.453554],[109.539974,-7.453558],[109.538253,-7.453607],[109.536976,-7.453467],[109.5358,-7.453454],[109.534705,-7.453441],[109.534138,-7.453168],[109.533705,-7.453049],[109.533171,-7.452921],[109.533127,-7.452487],[109.533122,-7.452143],[109.533214,-7.451592],[109.533314,-7.451185],[109.533396,-7.449621],[109.533389,-7.449187],[109.53319,-7.447848],[109.533052,-7.446735],[109.533056,-7.445062],[109.533107,-7.443561],[109.533171,-7.442431],[109.533075,-7.441581],[109.532952,-7.440613],[109.532829,-7.440034],[109.532611,-7.438939],[109.532595,-7.437953]]]]}},{"id":"52","type":"Feature","properties":{"DESA":"Wanadri"},"geometry":{"type":"MultiPolygon","coordinates":[[[[109.603386,-7.459153],[109.603746,-7.459181],[109.604375,-7.459102],[109.604925,-7.458986],[109.605374,-7.458969],[109.60577,-7.458925],[109.60625,-7.459035],[109.606641,-7.459398],[109.606848,-7.459706],[109.607168,-7.460132],[109.607413,-7.460368],[109.607258,-7.460648],[109.607506,-7.461399],[109.607484,-7.461852],[109.606477,-7.462391],[109.606089,-7.462923],[109.60578,-7.463465],[109.605841,-7.464134],[109.605824,-7.464568],[109.605653,-7.464939],[109.605343,-7.465435],[109.605248,-7.466031],[109.605517,-7.466503],[109.605998,-7.466359],[109.606534,-7.466714],[109.607762,-7.46717],[109.608701,-7.467308],[109.609624,-7.467393],[109.609317,-7.466831],[109.60956,-7.466208],[109.609901,-7.466055],[109.610254,-7.466129],[109.610683,-7.466465],[109.611154,-7.466556],[109.611505,-7.46644],[109.612645,-7.466118],[109.612962,-7.466011],[109.613336,-7.465668],[109.613785,-7.465516],[109.614577,-7.466504],[109.616196,-7.46811],[109.616704,-7.468446],[109.617185,-7.468692],[109.617639,-7.468874],[109.618097,-7.469011],[109.619059,-7.468734],[109.619371,-7.468599],[109.619876,-7.468718],[109.620253,-7.468783],[109.620814,-7.468839],[109.62159,-7.46942],[109.621869,-7.469647],[109.622135,-7.470036],[109.622246,-7.470453],[109.62253,-7.470833],[109.622815,-7.471006],[109.623198,-7.471007],[109.623589,-7.471379],[109.623541,-7.47175],[109.623014,-7.4722],[109.622692,-7.472516],[109.62254,-7.472832],[109.622233,-7.473356],[109.621653,-7.474131],[109.621181,-7.4747],[109.620935,-7.474943],[109.620738,-7.475196],[109.620212,-7.475773],[109.620289,-7.476415],[109.620236,-7.477283],[109.620056,-7.477843],[109.619883,-7.478476],[109.620299,-7.479689],[109.620046,-7.480059],[109.619677,-7.480356],[109.619472,-7.480609],[109.619188,-7.480979],[109.618696,-7.481547],[109.61832,-7.482278],[109.618204,-7.482603],[109.618022,-7.483145],[109.617979,-7.483507],[109.617917,-7.483832],[109.61782,-7.484257],[109.617813,-7.484736],[109.617855,-7.485369],[109.617712,-7.48583],[109.617566,-7.486255],[109.618028,-7.486663],[109.61857,-7.487433],[109.618704,-7.487922],[109.618585,-7.488302],[109.618431,-7.488681],[109.618512,-7.48917],[109.618641,-7.489658],[109.618772,-7.490391],[109.618925,-7.491097],[109.619113,-7.49164],[109.6189,-7.492056],[109.618611,-7.492715],[109.618192,-7.493464],[109.617855,-7.493924],[109.61732,-7.494682],[109.616983,-7.495106],[109.616614,-7.495358],[109.616221,-7.495673],[109.615688,-7.496205],[109.615417,-7.496431],[109.615039,-7.497415],[109.615037,-7.497894],[109.615022,-7.498265],[109.61509,-7.498871],[109.613876,-7.49903],[109.612657,-7.499071],[109.610862,-7.499102],[109.608623,-7.49905],[109.60811,-7.498786],[109.60778,-7.49864],[109.607226,-7.498521],[109.606934,-7.498384],[109.606311,-7.498021],[109.605706,-7.49763],[109.605684,-7.497096],[109.605948,-7.496708],[109.605813,-7.495903],[109.605774,-7.495007],[109.605655,-7.494067],[109.605636,-7.493316],[109.60545,-7.492773],[109.606099,-7.492277],[109.60637,-7.492088],[109.607059,-7.491277],[109.606654,-7.490959],[109.606283,-7.490478],[109.606009,-7.490134],[109.605706,-7.489817],[109.605178,-7.489236],[109.604222,-7.488727],[109.603913,-7.488536],[109.603459,-7.488263],[109.60311,-7.488072],[109.602692,-7.48789],[109.602434,-7.487672],[109.602304,-7.487138],[109.602064,-7.486658],[109.601809,-7.486386],[109.602368,-7.485764],[109.602642,-7.484842],[109.602957,-7.484074],[109.603377,-7.483226],[109.603462,-7.482783],[109.603443,-7.482059],[109.603051,-7.48081],[109.603015,-7.480177],[109.603205,-7.479237],[109.603374,-7.478822],[109.603793,-7.478136],[109.60417,-7.477495],[109.603755,-7.476779],[109.603339,-7.476552],[109.603006,-7.476451],[109.602819,-7.476116],[109.602675,-7.475555],[109.602593,-7.474994],[109.602595,-7.474451],[109.602701,-7.473828],[109.602911,-7.473367],[109.602622,-7.472634],[109.60256,-7.472308],[109.602645,-7.471946],[109.602791,-7.47164],[109.603335,-7.471162],[109.603625,-7.470765],[109.603679,-7.46987],[109.6038,-7.468785],[109.604072,-7.465458],[109.603949,-7.464508],[109.60391,-7.46364],[109.603918,-7.463007],[109.603901,-7.461949],[109.603788,-7.460447],[109.603386,-7.459153]]]]}},{"id":"53","type":"Feature","properties":{"DESA":"Kebondalem"},"geometry":{"type":"MultiPolygon","coordinates":[[[[109.607413,-7.460368],[109.607831,-7.460261],[109.608133,-7.459991],[109.608115,-7.459349],[109.6088,-7.458962],[109.609145,-7.459008],[109.609522,-7.458639],[109.609931,-7.458405],[109.610423,-7.458253],[109.610925,-7.458182],[109.611804,-7.457958],[109.612159,-7.45796],[109.61253,-7.457943],[109.613063,-7.457899],[109.613475,-7.457855],[109.614464,-7.458003],[109.615035,-7.458168],[109.615743,-7.458441],[109.61636,-7.458696],[109.617135,-7.459657],[109.617546,-7.459839],[109.618322,-7.460113],[109.619076,-7.460251],[109.619692,-7.460805],[109.620514,-7.461377],[109.621197,-7.462112],[109.621858,-7.463045],[109.621994,-7.463416],[109.622221,-7.463914],[109.622653,-7.464576],[109.623041,-7.465011],[109.623587,-7.465881],[109.624043,-7.466271],[109.624613,-7.46687],[109.625,-7.467269],[109.62547,-7.46784],[109.62583,-7.468257],[109.626362,-7.468874],[109.626717,-7.468748],[109.627282,-7.468922],[109.627478,-7.469366],[109.627847,-7.46896],[109.628196,-7.46925],[109.628585,-7.469613],[109.629129,-7.470103],[109.629654,-7.470575],[109.63,-7.470875],[109.630346,-7.471165],[109.630892,-7.471538],[109.63127,-7.471747],[109.631785,-7.471965],[109.632415,-7.47223],[109.632992,-7.472467],[109.633549,-7.472685],[109.634148,-7.472904],[109.634627,-7.473105],[109.635303,-7.473405],[109.635933,-7.473724],[109.636668,-7.474106],[109.637235,-7.474406],[109.637802,-7.474715],[109.638348,-7.475015],[109.638758,-7.47527],[109.639062,-7.475515],[109.639292,-7.475823],[109.639512,-7.476204],[109.63969,-7.476593],[109.639856,-7.477055],[109.639939,-7.477417],[109.639927,-7.477824],[109.639831,-7.478293],[109.639651,-7.478827],[109.639407,-7.479495],[109.639142,-7.480109],[109.638973,-7.480479],[109.638133,-7.481309],[109.637564,-7.481171],[109.634516,-7.481741],[109.634112,-7.481776],[109.63375,-7.481738],[109.633431,-7.481575],[109.632816,-7.481645],[109.632439,-7.481997],[109.63207,-7.482212],[109.631613,-7.482473],[109.630893,-7.482914],[109.63058,-7.483329],[109.630353,-7.483952],[109.630053,-7.484304],[109.629588,-7.484583],[109.628998,-7.484961],[109.628643,-7.485267],[109.627834,-7.485771],[109.627498,-7.485978],[109.627141,-7.486547],[109.626664,-7.486844],[109.626283,-7.486906],[109.625732,-7.48713],[109.625539,-7.487392],[109.625343,-7.487853],[109.625,-7.488159],[109.624677,-7.48823],[109.623985,-7.488527],[109.623557,-7.488796],[109.623302,-7.489112],[109.622366,-7.490113],[109.622095,-7.490302],[109.621545,-7.490762],[109.621144,-7.49095],[109.620456,-7.491192],[109.619113,-7.49164],[109.618925,-7.491097],[109.618772,-7.490391],[109.618641,-7.489658],[109.618512,-7.48917],[109.618431,-7.488681],[109.618585,-7.488302],[109.618704,-7.487922],[109.61857,-7.487433],[109.618028,-7.486663],[109.617566,-7.486255],[109.617712,-7.48583],[109.617855,-7.485369],[109.617813,-7.484736],[109.61782,-7.484257],[109.617917,-7.483832],[109.617979,-7.483507],[109.618022,-7.483145],[109.618204,-7.482603],[109.61832,-7.482278],[109.618696,-7.481547],[109.619188,-7.480979],[109.619472,-7.480609],[109.619677,-7.480356],[109.620046,-7.480059],[109.620299,-7.479689],[109.619883,-7.478476],[109.620056,-7.477843],[109.620236,-7.477283],[109.620289,-7.476415],[109.620212,-7.475773],[109.620738,-7.475196],[109.620935,-7.474943],[109.621181,-7.4747],[109.621653,-7.474131],[109.622233,-7.473356],[109.62254,-7.472832],[109.622692,-7.472516],[109.623014,-7.4722],[109.623541,-7.47175],[109.623589,-7.471379],[109.623198,-7.471007],[109.622815,-7.471006],[109.62253,-7.470833],[109.622246,-7.470453],[109.622135,-7.470036],[109.621869,-7.469647],[109.62159,-7.46942],[109.620814,-7.468839],[109.620253,-7.468783],[109.619876,-7.468718],[109.619371,-7.468599],[109.619059,-7.468734],[109.618097,-7.469011],[109.617639,-7.468874],[109.617185,-7.468692],[109.616704,-7.468446],[109.616196,-7.46811],[109.614577,-7.466504],[109.613785,-7.465516],[109.613336,-7.465668],[109.612962,-7.466011],[109.612645,-7.466118],[109.611505,-7.46644],[109.611154,-7.466556],[109.610683,-7.466465],[109.610254,-7.466129],[109.609901,-7.466055],[109.60956,-7.466208],[109.609317,-7.466831],[109.609624,-7.467393],[109.608701,-7.467308],[109.607762,-7.46717],[109.606534,-7.466714],[109.605998,-7.466359],[109.605517,-7.466503],[109.605248,-7.466031],[109.605343,-7.465435],[109.605653,-7.464939],[109.605824,-7.464568],[109.605841,-7.464134],[109.60578,-7.463465],[109.606089,-7.462923],[109.606477,-7.462391],[109.607484,-7.461852],[109.607506,-7.461399],[109.607258,-7.460648],[109.607413,-7.460368]]]]}},{"id":"54","type":"Feature","properties":{"DESA":"Duren"},"geometry":{"type":"MultiPolygon","coordinates":[[[[109.634627,-7.473105],[109.635391,-7.472375],[109.636025,-7.471545],[109.63651,-7.47094],[109.637059,-7.470345],[109.637502,-7.470003],[109.637987,-7.469733],[109.63845,-7.469508],[109.638966,-7.469311],[109.639461,-7.469177],[109.640429,-7.468917],[109.64125,-7.468721],[109.641987,-7.46857],[109.642713,-7.4684],[109.643418,-7.468321],[109.644101,-7.468314],[109.644784,-7.468433],[109.645026,-7.468651],[109.645445,-7.469168],[109.645895,-7.469667],[109.646189,-7.470011],[109.646461,-7.470356],[109.646744,-7.470745],[109.646963,-7.471099],[109.647097,-7.471443],[109.647234,-7.472013],[109.647275,-7.472366],[109.647305,-7.472927],[109.647398,-7.473352],[109.647545,-7.473732],[109.647722,-7.474058],[109.647984,-7.474457],[109.648298,-7.47482],[109.648728,-7.475192],[109.649076,-7.475528],[109.649715,-7.475991],[109.650374,-7.476291],[109.650902,-7.476365],[109.651501,-7.476376],[109.651962,-7.476332],[109.652475,-7.476243],[109.65287,-7.476344],[109.653132,-7.476562],[109.653078,-7.476923],[109.653396,-7.477087],[109.653878,-7.477134],[109.654011,-7.477451],[109.653989,-7.47812],[109.654234,-7.478618],[109.654573,-7.478773],[109.655005,-7.478693],[109.655385,-7.478793],[109.655363,-7.479137],[109.655475,-7.479436],[109.655782,-7.479789],[109.655987,-7.480242],[109.656469,-7.480479],[109.656969,-7.480444],[109.657296,-7.479939],[109.65755,-7.479587],[109.657737,-7.479316],[109.658119,-7.478892],[109.658748,-7.478433],[109.659226,-7.478317],[109.659605,-7.4783],[109.659994,-7.47831],[109.660604,-7.478429],[109.661181,-7.478675],[109.66157,-7.478839],[109.662001,-7.479076],[109.662683,-7.479458],[109.662973,-7.479594],[109.663359,-7.479695],[109.663702,-7.479732],[109.664216,-7.479734],[109.664664,-7.479654],[109.664995,-7.47951],[109.665412,-7.479276],[109.665829,-7.479042],[109.666099,-7.478808],[109.666255,-7.478519],[109.666523,-7.47805],[109.66702,-7.477798],[109.666942,-7.478313],[109.667113,-7.479001],[109.667264,-7.479345],[109.667521,-7.479816],[109.668011,-7.480577],[109.668321,-7.481057],[109.668539,-7.481356],[109.668771,-7.481701],[109.669081,-7.482091],[109.669558,-7.482607],[109.669842,-7.482898],[109.67024,-7.483206],[109.670721,-7.483515],[109.671393,-7.483915],[109.6721,-7.484361],[109.672709,-7.484706],[109.673293,-7.485033],[109.67366,-7.485369],[109.673806,-7.485668],[109.673789,-7.486021],[109.673552,-7.4864],[109.673355,-7.486996],[109.673339,-7.487349],[109.673363,-7.487719],[109.673543,-7.488389],[109.673574,-7.488805],[109.673476,-7.489131],[109.673239,-7.489681],[109.673062,-7.490169],[109.672988,-7.490594],[109.672866,-7.491245],[109.672674,-7.492022],[109.672404,-7.492926],[109.672169,-7.493594],[109.672023,-7.494001],[109.671882,-7.494389],[109.671621,-7.495166],[109.671477,-7.495654],[109.671255,-7.496277],[109.671098,-7.496575],[109.670478,-7.497478],[109.670127,-7.497911],[109.669855,-7.498244],[109.669582,-7.498524],[109.669025,-7.497763],[109.668486,-7.497001],[109.668009,-7.496276],[109.667583,-7.495714],[109.667145,-7.495107],[109.666694,-7.494527],[109.666139,-7.493838],[109.665674,-7.493321],[109.665093,-7.492922],[109.664332,-7.492784],[109.663591,-7.492817],[109.662723,-7.492941],[109.661311,-7.493272],[109.660832,-7.493388],[109.660339,-7.493531],[109.659743,-7.493728],[109.659056,-7.49397],[109.658538,-7.494222],[109.658123,-7.494402],[109.657682,-7.494617],[109.656904,-7.495013],[109.656579,-7.495193],[109.655918,-7.495543],[109.655192,-7.495858],[109.654777,-7.495947],[109.654104,-7.496026],[109.653508,-7.49606],[109.652628,-7.496031],[109.652019,-7.495984],[109.651036,-7.495908],[109.650272,-7.495843],[109.649483,-7.495723],[109.648978,-7.495594],[109.648292,-7.495366],[109.647757,-7.49512],[109.647465,-7.494884],[109.64722,-7.494648],[109.646859,-7.494186],[109.646653,-7.493833],[109.646434,-7.493443],[109.64619,-7.492782],[109.645997,-7.492239],[109.645805,-7.491651],[109.645458,-7.490709],[109.645189,-7.490084],[109.644854,-7.489242],[109.644507,-7.488482],[109.644173,-7.487784],[109.643864,-7.487114],[109.643606,-7.48667],[109.64331,-7.486208],[109.642962,-7.485673],[109.642614,-7.485211],[109.64224,-7.484785],[109.641659,-7.484204],[109.64113,-7.483678],[109.640313,-7.482934],[109.639709,-7.482399],[109.639322,-7.482027],[109.638818,-7.481664],[109.638475,-7.481455],[109.638133,-7.481309],[109.638973,-7.480479],[109.639142,-7.480109],[109.639407,-7.479495],[109.639651,-7.478827],[109.639831,-7.478293],[109.639927,-7.477824],[109.639939,-7.477417],[109.639856,-7.477055],[109.63969,-7.476593],[109.639512,-7.476204],[109.639292,-7.475823],[109.639062,-7.475515],[109.638758,-7.47527],[109.638348,-7.475015],[109.637802,-7.474715],[109.637235,-7.474406],[109.636668,-7.474106],[109.635933,-7.473724],[109.635303,-7.473405],[109.634627,-7.473105]]]]}},{"id":"55","type":"Feature","properties":{"DESA":"Lebakwangi"},"geometry":{"type":"MultiPolygon","coordinates":[[[[109.653371,-7.442496],[109.654006,-7.442769],[109.654321,-7.442906],[109.654951,-7.443188],[109.655403,-7.443353],[109.655959,-7.443508],[109.656485,-7.443636],[109.657011,-7.443746],[109.657725,-7.443875],[109.658461,-7.443986],[109.659123,-7.444024],[109.659758,-7.444062],[109.659834,-7.444623],[109.660001,-7.445184],[109.660155,-7.445592],[109.660369,-7.446234],[109.660591,-7.446904],[109.660772,-7.447357],[109.661227,-7.448172],[109.661608,-7.448644],[109.661995,-7.449386],[109.662201,-7.449848],[109.662457,-7.450482],[109.662689,-7.451089],[109.66292,-7.451632],[109.663176,-7.452211],[109.663422,-7.45271],[109.663614,-7.453144],[109.664001,-7.453932],[109.664258,-7.454403],[109.664554,-7.454956],[109.664799,-7.455418],[109.664992,-7.455798],[109.66514,-7.456115],[109.665313,-7.456441],[109.665506,-7.456867],[109.66566,-7.457356],[109.66577,-7.457799],[109.665839,-7.458279],[109.665766,-7.458785],[109.665453,-7.459118],[109.664806,-7.459243],[109.664469,-7.459369],[109.664248,-7.459612],[109.663664,-7.460008],[109.66352,-7.460397],[109.663636,-7.460723],[109.664075,-7.460932],[109.664281,-7.461303],[109.664034,-7.461692],[109.663412,-7.461988],[109.663113,-7.462295],[109.662841,-7.462475],[109.662556,-7.462673],[109.662787,-7.463135],[109.663239,-7.46357],[109.663419,-7.463923],[109.663392,-7.464366],[109.663494,-7.46471],[109.663635,-7.465317],[109.664035,-7.465734],[109.66441,-7.465952],[109.664707,-7.466224],[109.6649,-7.466686],[109.664885,-7.467129],[109.664482,-7.467734],[109.66439,-7.468041],[109.664869,-7.468241],[109.664842,-7.468739],[109.66519,-7.468966],[109.665487,-7.469265],[109.665239,-7.469943],[109.665238,-7.470323],[109.66556,-7.470866],[109.665623,-7.4713],[109.665584,-7.471662],[109.665544,-7.472033],[109.665711,-7.47235],[109.666125,-7.472568],[109.666305,-7.472867],[109.666731,-7.473203],[109.667288,-7.47315],[109.667857,-7.473297],[109.668193,-7.47346],[109.668243,-7.474058],[109.668138,-7.474708],[109.668239,-7.47536],[109.668238,-7.475721],[109.668017,-7.476101],[109.667408,-7.476144],[109.667097,-7.476369],[109.667523,-7.476768],[109.667401,-7.477419],[109.66702,-7.477798],[109.666523,-7.47805],[109.666255,-7.478519],[109.666099,-7.478808],[109.665829,-7.479042],[109.665412,-7.479276],[109.664995,-7.47951],[109.664664,-7.479654],[109.664216,-7.479734],[109.663702,-7.479732],[109.663359,-7.479695],[109.662973,-7.479594],[109.662683,-7.479458],[109.662001,-7.479076],[109.66157,-7.478839],[109.661181,-7.478675],[109.660604,-7.478429],[109.659994,-7.47831],[109.659605,-7.4783],[109.659226,-7.478317],[109.658748,-7.478433],[109.658119,-7.478892],[109.657737,-7.479316],[109.65755,-7.479587],[109.657296,-7.479939],[109.656969,-7.480444],[109.656469,-7.480479],[109.655987,-7.480242],[109.655782,-7.479789],[109.655475,-7.479436],[109.655363,-7.479137],[109.655385,-7.478793],[109.655005,-7.478693],[109.654573,-7.478773],[109.654234,-7.478618],[109.653989,-7.47812],[109.654011,-7.477451],[109.653878,-7.477134],[109.653396,-7.477087],[109.653078,-7.476923],[109.653132,-7.476562],[109.65287,-7.476344],[109.652475,-7.476243],[109.651962,-7.476332],[109.651501,-7.476376],[109.650902,-7.476365],[109.650374,-7.476291],[109.649715,-7.475991],[109.649076,-7.475528],[109.648728,-7.475192],[109.648298,-7.47482],[109.647984,-7.474457],[109.647722,-7.474058],[109.647545,-7.473732],[109.647398,-7.473352],[109.647305,-7.472927],[109.647275,-7.472366],[109.647234,-7.472013],[109.647097,-7.471443],[109.646963,-7.471099],[109.646744,-7.470745],[109.646461,-7.470356],[109.646189,-7.470011],[109.645895,-7.469667],[109.645445,-7.469168],[109.645026,-7.468651],[109.644784,-7.468433],[109.644101,-7.468314],[109.643418,-7.468321],[109.642713,-7.4684],[109.641987,-7.46857],[109.64125,-7.468721],[109.640429,-7.468917],[109.639461,-7.469177],[109.638966,-7.469311],[109.63845,-7.469508],[109.637987,-7.469733],[109.637502,-7.470003],[109.637059,-7.470345],[109.63651,-7.47094],[109.636025,-7.471545],[109.635391,-7.472375],[109.634627,-7.473105],[109.634148,-7.472904],[109.633549,-7.472685],[109.632992,-7.472467],[109.632415,-7.47223],[109.631785,-7.471965],[109.63127,-7.471747],[109.630892,-7.471538],[109.630346,-7.471165],[109.63,-7.470875],[109.629654,-7.470575],[109.629129,-7.470103],[109.628585,-7.469613],[109.628196,-7.46925],[109.627847,-7.46896],[109.628066,-7.468147],[109.628487,-7.467723],[109.628532,-7.467208],[109.628783,-7.466675],[109.628962,-7.466404],[109.629036,-7.465889],[109.629264,-7.465528],[109.628955,-7.465301],[109.628692,-7.46492],[109.628995,-7.464776],[109.628899,-7.464414],[109.629183,-7.46361],[109.629544,-7.463168],[109.629753,-7.462862],[109.630004,-7.462356],[109.629805,-7.461686],[109.63015,-7.461362],[109.630463,-7.460992],[109.630644,-7.460359],[109.630981,-7.459528],[109.631326,-7.458924],[109.631706,-7.458717],[109.632009,-7.458483],[109.632283,-7.45823],[109.632656,-7.457987],[109.632981,-7.457789],[109.633342,-7.457465],[109.633757,-7.45724],[109.634085,-7.45697],[109.634329,-7.4566],[109.634652,-7.456112],[109.635387,-7.455256],[109.635967,-7.454823],[109.636514,-7.45449],[109.63722,-7.45414],[109.638083,-7.453817],[109.639538,-7.453912],[109.639848,-7.453443],[109.640177,-7.453208],[109.640639,-7.452939],[109.640896,-7.452722],[109.641451,-7.452489],[109.641959,-7.452418],[109.642683,-7.452122],[109.643503,-7.45188],[109.644212,-7.452027],[109.644532,-7.452082],[109.645172,-7.45194],[109.645688,-7.451706],[109.646421,-7.451428],[109.646989,-7.451167],[109.647266,-7.45087],[109.647706,-7.450672],[109.648025,-7.450637],[109.648672,-7.450395],[109.649103,-7.449826],[109.649518,-7.44943],[109.649719,-7.449014],[109.649856,-7.448671],[109.65148,-7.448495],[109.65181,-7.448198],[109.652355,-7.447702],[109.652568,-7.447097],[109.652821,-7.44632],[109.653108,-7.445398],[109.653279,-7.444549],[109.653418,-7.443735],[109.653371,-7.442496]]]]}},{"id":"56","type":"Feature","properties":{"DESA":"Majalengka"},"geometry":{"type":"MultiPolygon","coordinates":[[[[109.642758,-7.439552],[109.643103,-7.439625],[109.64356,-7.439654],[109.643906,-7.439664],[109.644272,-7.439701],[109.644654,-7.439657],[109.64497,-7.439604],[109.645371,-7.439687],[109.645823,-7.439824],[109.646286,-7.43997],[109.646821,-7.440143],[109.647252,-7.440298],[109.647714,-7.440517],[109.648291,-7.440799],[109.648827,-7.441035],[109.649384,-7.441263],[109.649752,-7.441382],[109.650308,-7.441574],[109.650928,-7.441729],[109.651664,-7.441912],[109.652325,-7.442131],[109.652893,-7.442314],[109.653371,-7.442496],[109.653418,-7.443735],[109.653279,-7.444549],[109.653108,-7.445398],[109.652821,-7.44632],[109.652568,-7.447097],[109.652355,-7.447702],[109.65181,-7.448198],[109.65148,-7.448495],[109.649856,-7.448671],[109.649719,-7.449014],[109.649518,-7.44943],[109.649103,-7.449826],[109.648672,-7.450395],[109.648025,-7.450637],[109.647706,-7.450672],[109.647266,-7.45087],[109.646989,-7.451167],[109.646421,-7.451428],[109.645688,-7.451706],[109.645172,-7.45194],[109.644532,-7.452082],[109.644212,-7.452027],[109.643503,-7.45188],[109.642683,-7.452122],[109.641959,-7.452418],[109.641451,-7.452489],[109.640896,-7.452722],[109.640639,-7.452939],[109.640177,-7.453208],[109.639848,-7.453443],[109.639538,-7.453912],[109.638083,-7.453817],[109.63722,-7.45414],[109.636514,-7.45449],[109.635967,-7.454823],[109.635387,-7.455256],[109.634652,-7.456112],[109.634329,-7.4566],[109.634085,-7.45697],[109.633757,-7.45724],[109.633342,-7.457465],[109.632981,-7.457789],[109.632656,-7.457987],[109.632283,-7.45823],[109.632009,-7.458483],[109.631706,-7.458717],[109.631326,-7.458924],[109.630981,-7.459528],[109.627564,-7.457962],[109.626868,-7.457345],[109.62652,-7.457109],[109.626116,-7.456936],[109.625616,-7.456989],[109.625001,-7.456887],[109.624194,-7.456686],[109.622823,-7.456465],[109.622245,-7.455893],[109.62185,-7.45515],[109.621512,-7.453702],[109.621233,-7.452463],[109.621059,-7.45144],[109.620923,-7.4504],[109.620821,-7.448781],[109.620618,-7.447894],[109.620338,-7.447296],[109.619918,-7.446987],[109.619562,-7.446787],[109.618771,-7.446432],[109.617601,-7.446003],[109.616357,-7.445593],[109.614763,-7.445],[109.613624,-7.444526],[109.613179,-7.44419],[109.612768,-7.443673],[109.611979,-7.442848],[109.612685,-7.442552],[109.612971,-7.442118],[109.613516,-7.441424],[109.613911,-7.440774],[109.614755,-7.439574],[109.615558,-7.438292],[109.616431,-7.437146],[109.617217,-7.436],[109.617742,-7.435089],[109.618301,-7.433915],[109.61912,-7.434342],[109.620127,-7.434897],[109.621034,-7.43537],[109.621871,-7.435825],[109.622612,-7.436216],[109.623176,-7.436525],[109.623648,-7.436907],[109.624021,-7.437396],[109.624209,-7.437758],[109.624291,-7.438175],[109.624303,-7.43888],[109.62409,-7.440064],[109.624058,-7.441203],[109.62421,-7.442371],[109.624326,-7.442932],[109.624544,-7.443375],[109.625001,-7.443666],[109.62563,-7.443532],[109.626156,-7.443462],[109.627007,-7.443374],[109.627581,-7.44362],[109.627855,-7.443829],[109.628177,-7.443974],[109.628586,-7.444048],[109.629354,-7.444204],[109.630244,-7.444424],[109.631077,-7.444644],[109.631802,-7.44489],[109.632327,-7.4451],[109.632653,-7.445236],[109.632967,-7.4454],[109.633387,-7.445664],[109.633744,-7.445864],[109.634175,-7.445964],[109.634585,-7.445957],[109.634995,-7.445885],[109.635437,-7.445778],[109.636059,-7.445599],[109.636848,-7.445385],[109.637416,-7.445233],[109.63809,-7.445045],[109.638469,-7.444874],[109.638774,-7.444694],[109.639112,-7.444388],[109.63934,-7.444063],[109.63963,-7.44344],[109.639884,-7.442772],[109.640086,-7.442248],[109.640317,-7.441597],[109.64072,-7.440884],[109.641153,-7.440596],[109.641419,-7.440344],[109.641676,-7.440091],[109.642173,-7.439586],[109.642758,-7.439552]]]]}},{"id":"57","type":"Feature","properties":{"DESA":"Wiramastra"},"geometry":{"type":"MultiPolygon","coordinates":[[[[109.604258,-7.448882],[109.604609,-7.449643],[109.60496,-7.449626],[109.605253,-7.449455],[109.605558,-7.449122],[109.605808,-7.448607],[109.606081,-7.448237],[109.606421,-7.448112],[109.606755,-7.448086],[109.607057,-7.447969],[109.607286,-7.447472],[109.607478,-7.447147],[109.607735,-7.44694],[109.608157,-7.446661],[109.608404,-7.446309],[109.608665,-7.445939],[109.608687,-7.445514],[109.608731,-7.445126],[109.609201,-7.44472],[109.609568,-7.444477],[109.610247,-7.444009],[109.610558,-7.443703],[109.610661,-7.443043],[109.611017,-7.443062],[109.611375,-7.443108],[109.611979,-7.442848],[109.612768,-7.443673],[109.613179,-7.44419],[109.613624,-7.444526],[109.614763,-7.445],[109.616357,-7.445593],[109.617601,-7.446003],[109.618771,-7.446432],[109.619562,-7.446787],[109.619918,-7.446987],[109.620338,-7.447296],[109.620618,-7.447894],[109.620821,-7.448781],[109.620923,-7.4504],[109.621059,-7.45144],[109.621233,-7.452463],[109.621512,-7.453702],[109.62185,-7.45515],[109.622245,-7.455893],[109.622823,-7.456465],[109.624194,-7.456686],[109.625001,-7.456887],[109.625616,-7.456989],[109.626116,-7.456936],[109.62652,-7.457109],[109.626868,-7.457345],[109.627564,-7.457962],[109.630981,-7.459528],[109.630644,-7.460359],[109.630463,-7.460992],[109.63015,-7.461362],[109.629805,-7.461686],[109.630004,-7.462356],[109.629753,-7.462862],[109.629544,-7.463168],[109.629183,-7.46361],[109.628899,-7.464414],[109.628995,-7.464776],[109.628692,-7.46492],[109.628955,-7.465301],[109.629264,-7.465528],[109.629036,-7.465889],[109.628962,-7.466404],[109.628783,-7.466675],[109.628532,-7.467208],[109.628487,-7.467723],[109.628066,-7.468147],[109.627847,-7.46896],[109.627478,-7.469366],[109.627282,-7.468922],[109.626717,-7.468748],[109.626362,-7.468874],[109.62583,-7.468257],[109.62547,-7.46784],[109.625,-7.467269],[109.624613,-7.46687],[109.624043,-7.466271],[109.623587,-7.465881],[109.623041,-7.465011],[109.622653,-7.464576],[109.622221,-7.463914],[109.621994,-7.463416],[109.621858,-7.463045],[109.621197,-7.462112],[109.620514,-7.461377],[109.619692,-7.460805],[109.619076,-7.460251],[109.618322,-7.460113],[109.617546,-7.459839],[109.617135,-7.459657],[109.61636,-7.458696],[109.615743,-7.458441],[109.615035,-7.458168],[109.614464,-7.458003],[109.613475,-7.457855],[109.613063,-7.457899],[109.61253,-7.457943],[109.612159,-7.45796],[109.611804,-7.457958],[109.610925,-7.458182],[109.610423,-7.458253],[109.609931,-7.458405],[109.609522,-7.458639],[109.609145,-7.459008],[109.6088,-7.458962],[109.608115,-7.459349],[109.608133,-7.459991],[109.607831,-7.460261],[109.607413,-7.460368],[109.607168,-7.460132],[109.606848,-7.459706],[109.606641,-7.459398],[109.60625,-7.459035],[109.60577,-7.458925],[109.605374,-7.458969],[109.604925,-7.458986],[109.604375,-7.459102],[109.603746,-7.459181],[109.603386,-7.459153],[109.603273,-7.458809],[109.603446,-7.458321],[109.603835,-7.457644],[109.603817,-7.457282],[109.603512,-7.457164],[109.603147,-7.456991],[109.603265,-7.456503],[109.603326,-7.456105],[109.603059,-7.455652],[109.602732,-7.455687],[109.602602,-7.45603],[109.602188,-7.456111],[109.602008,-7.455793],[109.602631,-7.455054],[109.602905,-7.454811],[109.602964,-7.454277],[109.603052,-7.45378],[109.603404,-7.453591],[109.603483,-7.453275],[109.603268,-7.452705],[109.603245,-7.452216],[109.603417,-7.451783],[109.603808,-7.451675],[109.604149,-7.451677],[109.60421,-7.451351],[109.604086,-7.450537],[109.604008,-7.450075],[109.60396,-7.449686],[109.603957,-7.449361],[109.604258,-7.448882]]]]}},{"id":"58","type":"Feature","properties":{"DESA":"Kutayasa Kulon"},"geometry":{"type":"MultiPolygon","coordinates":[[[[109.60388,-7.420757],[109.604774,-7.420859],[109.60542,-7.420825],[109.60615,-7.420692],[109.606903,-7.420495],[109.60775,-7.420118],[109.608185,-7.419893],[109.608559,-7.419632],[109.609221,-7.419318],[109.610779,-7.418681],[109.611709,-7.418322],[109.61246,-7.418134],[109.613842,-7.417994],[109.61406,-7.418745],[109.614213,-7.420563],[109.614084,-7.421105],[109.613936,-7.421838],[109.613712,-7.422388],[109.613634,-7.422732],[109.61318,-7.424033],[109.613247,-7.424594],[109.613973,-7.424786],[109.614512,-7.425936],[109.615414,-7.426897],[109.616142,-7.427243],[109.617008,-7.427499],[109.618012,-7.42781],[109.61877,-7.428065],[109.619258,-7.428347],[109.61953,-7.428782],[109.619672,-7.429434],[109.619685,-7.430202],[109.619502,-7.431278],[109.619042,-7.432389],[109.618647,-7.433192],[109.618301,-7.433915],[109.617742,-7.435089],[109.617217,-7.436],[109.616431,-7.437146],[109.615558,-7.438292],[109.614755,-7.439574],[109.613911,-7.440774],[109.613516,-7.441424],[109.612971,-7.442118],[109.612685,-7.442552],[109.611979,-7.442848],[109.611375,-7.443108],[109.611017,-7.443062],[109.610661,-7.443043],[109.610558,-7.443703],[109.610247,-7.444009],[109.609568,-7.444477],[109.609201,-7.44472],[109.608731,-7.445126],[109.608687,-7.445514],[109.608665,-7.445939],[109.608404,-7.446309],[109.608157,-7.446661],[109.607735,-7.44694],[109.607478,-7.447147],[109.607286,-7.447472],[109.607057,-7.447969],[109.606755,-7.448086],[109.606421,-7.448112],[109.606081,-7.448237],[109.605808,-7.448607],[109.605558,-7.449122],[109.605253,-7.449455],[109.60496,-7.449626],[109.604609,-7.449643],[109.604258,-7.448882],[109.603998,-7.448429],[109.603769,-7.447995],[109.603553,-7.447189],[109.603497,-7.446782],[109.603379,-7.446411],[109.603193,-7.444873],[109.603301,-7.444295],[109.60326,-7.443616],[109.603285,-7.442187],[109.603376,-7.441302],[109.603474,-7.440253],[109.603281,-7.438453],[109.603279,-7.437892],[109.60327,-7.437386],[109.603452,-7.436862],[109.604106,-7.436194],[109.604183,-7.435607],[109.604159,-7.434504],[109.604052,-7.432595],[109.604021,-7.432071],[109.603978,-7.431682],[109.603958,-7.431284],[109.603936,-7.430867],[109.604033,-7.430407],[109.604252,-7.429485],[109.604707,-7.428473],[109.60506,-7.427371],[109.605106,-7.426738],[109.604981,-7.426024],[109.604931,-7.425653],[109.603809,-7.4247],[109.60374,-7.424301],[109.603787,-7.423343],[109.603968,-7.422313],[109.60388,-7.420757]]]]}},{"id":"59","type":"Feature","properties":{"DESA":"Winong"},"geometry":{"type":"MultiPolygon","coordinates":[[[[109.612898,-7.40571],[109.613515,-7.40573],[109.614116,-7.40594],[109.615054,-7.40644],[109.615447,-7.406677],[109.616036,-7.406733],[109.616422,-7.407032],[109.617058,-7.408255],[109.617397,-7.408781],[109.617559,-7.409514],[109.617505,-7.410129],[109.617456,-7.410463],[109.617467,-7.410915],[109.617843,-7.411314],[109.618248,-7.411496],[109.61859,-7.411615],[109.619057,-7.411825],[109.619417,-7.411943],[109.619851,-7.4118],[109.620363,-7.411602],[109.62073,-7.411631],[109.62125,-7.411804],[109.622279,-7.412413],[109.622712,-7.412803],[109.623243,-7.412633],[109.623562,-7.412309],[109.623865,-7.411984],[109.624134,-7.411605],[109.624576,-7.411037],[109.625001,-7.410902],[109.625426,-7.411039],[109.626047,-7.411258],[109.626909,-7.411297],[109.628057,-7.411156],[109.628843,-7.411023],[109.629492,-7.410971],[109.630357,-7.411018],[109.631154,-7.411048],[109.631911,-7.411105],[109.632667,-7.411116],[109.633154,-7.411117],[109.633613,-7.411092],[109.633934,-7.411075],[109.635389,-7.410744],[109.635083,-7.412263],[109.634443,-7.41303],[109.634311,-7.413328],[109.634253,-7.413698],[109.634154,-7.414277],[109.633818,-7.41471],[109.6337,-7.415071],[109.633496,-7.416418],[109.63291,-7.416841],[109.632783,-7.417302],[109.632683,-7.417736],[109.63236,-7.418024],[109.63191,-7.418122],[109.631427,-7.418437],[109.631057,-7.418626],[109.630728,-7.418688],[109.629712,-7.41854],[109.629236,-7.418503],[109.628917,-7.4188],[109.62859,-7.41917],[109.627944,-7.419521],[109.627567,-7.419601],[109.626914,-7.419961],[109.62665,-7.420602],[109.627026,-7.420938],[109.626644,-7.421371],[109.626367,-7.421605],[109.626317,-7.42222],[109.626272,-7.422599],[109.625762,-7.422534],[109.625001,-7.422867],[109.624472,-7.423118],[109.623972,-7.423334],[109.62361,-7.423179],[109.62304,-7.422454],[109.622586,-7.42238],[109.62223,-7.42284],[109.621898,-7.422839],[109.621426,-7.42291],[109.621078,-7.423017],[109.620419,-7.422563],[109.619502,-7.422624],[109.618366,-7.422213],[109.618155,-7.422466],[109.617917,-7.422863],[109.61736,-7.423024],[109.616284,-7.423156],[109.615776,-7.42301],[109.615367,-7.423271],[109.615137,-7.424021],[109.614748,-7.424237],[109.614337,-7.424371],[109.613973,-7.424786],[109.613247,-7.424594],[109.61318,-7.424033],[109.613634,-7.422732],[109.613712,-7.422388],[109.613936,-7.421838],[109.614084,-7.421105],[109.614213,-7.420563],[109.61406,-7.418745],[109.613842,-7.417994],[109.613627,-7.416836],[109.613573,-7.415497],[109.613615,-7.41386],[109.613581,-7.412151],[109.613602,-7.411563],[109.613296,-7.411255],[109.612838,-7.411009],[109.612281,-7.411071],[109.611846,-7.411051],[109.611614,-7.410734],[109.611808,-7.410319],[109.611972,-7.409931],[109.611962,-7.409451],[109.611671,-7.409287],[109.611284,-7.408689],[109.611252,-7.408074],[109.611879,-7.407868],[109.612188,-7.40777],[109.612459,-7.407572],[109.612729,-7.407265],[109.613132,-7.406579],[109.613062,-7.406127],[109.612898,-7.40571]]]]}},{"id":"60","type":"Feature","properties":{"DESA":"Depok"},"geometry":{"type":"MultiPolygon","coordinates":[[[[109.636945,-7.400566],[109.637333,-7.400721],[109.637718,-7.400867],[109.637937,-7.400425],[109.63801,-7.400072],[109.638038,-7.399747],[109.638082,-7.399177],[109.638404,-7.399124],[109.638786,-7.399243],[109.639313,-7.399353],[109.639702,-7.399408],[109.640119,-7.399373],[109.640492,-7.399257],[109.6408,-7.399077],[109.641034,-7.398752],[109.641161,-7.398074],[109.641577,-7.398058],[109.641852,-7.398429],[109.642522,-7.398883],[109.642684,-7.3992],[109.643373,-7.398985],[109.643393,-7.398515],[109.64371,-7.398435],[109.644226,-7.398653],[109.644662,-7.398881],[109.645178,-7.399633],[109.645813,-7.396615],[109.645568,-7.396143],[109.645078,-7.395681],[109.644864,-7.395373],[109.644543,-7.394711],[109.645377,-7.394108],[109.645655,-7.393946],[109.646432,-7.393921],[109.646967,-7.393362],[109.647433,-7.393463],[109.647852,-7.393636],[109.648206,-7.393845],[109.648617,-7.394163],[109.648872,-7.394444],[109.649155,-7.394979],[109.64948,-7.395242],[109.649938,-7.395759],[109.650314,-7.39614],[109.650685,-7.396322],[109.651015,-7.397245],[109.651054,-7.397725],[109.651026,-7.398077],[109.650984,-7.398493],[109.650928,-7.399063],[109.65094,-7.399705],[109.651047,-7.400148],[109.651358,-7.400303],[109.65165,-7.400584],[109.652102,-7.400613],[109.652176,-7.399799],[109.652529,-7.399655],[109.653081,-7.399766],[109.653569,-7.40068],[109.654228,-7.400321],[109.654661,-7.400458],[109.654776,-7.401136],[109.655059,-7.4013],[109.655436,-7.400975],[109.655898,-7.400705],[109.656128,-7.400977],[109.656343,-7.401277],[109.656783,-7.401441],[109.657811,-7.401914],[109.658113,-7.40224],[109.658928,-7.40274],[109.659423,-7.402923],[109.660183,-7.403196],[109.660549,-7.403333],[109.66111,-7.403561],[109.660862,-7.405902],[109.66082,-7.406617],[109.660831,-7.407087],[109.660871,-7.407467],[109.661045,-7.407856],[109.661711,-7.407424],[109.662057,-7.407154],[109.662567,-7.406676],[109.662769,-7.406396],[109.663069,-7.406135],[109.663598,-7.405847],[109.664349,-7.405786],[109.664956,-7.406077],[109.665151,-7.406413],[109.665334,-7.406965],[109.665264,-7.407453],[109.665252,-7.408023],[109.665251,-7.40842],[109.665276,-7.408782],[109.665319,-7.409298],[109.665377,-7.40966],[109.665512,-7.410149],[109.665711,-7.410592],[109.665107,-7.410961],[109.664589,-7.41124],[109.664038,-7.411492],[109.663315,-7.411806],[109.662624,-7.412066],[109.661964,-7.412299],[109.660596,-7.412919],[109.660282,-7.413117],[109.659914,-7.413261],[109.65897,-7.413593],[109.658444,-7.413853],[109.658164,-7.414069],[109.657989,-7.413318],[109.658008,-7.412948],[109.657979,-7.412622],[109.657892,-7.412052],[109.657738,-7.411635],[109.657584,-7.411282],[109.657375,-7.410884],[109.657187,-7.410603],[109.656797,-7.410113],[109.65632,-7.409868],[109.655998,-7.409758],[109.655663,-7.409676],[109.655185,-7.409566],[109.654618,-7.409428],[109.654229,-7.409337],[109.653847,-7.409245],[109.653373,-7.409036],[109.652988,-7.408772],[109.652701,-7.408564],[109.652152,-7.408273],[109.651752,-7.408253],[109.651363,-7.408487],[109.651062,-7.408938],[109.650744,-7.409381],[109.650221,-7.409723],[109.649895,-7.409902],[109.649417,-7.410724],[109.648945,-7.410912],[109.648591,-7.41092],[109.648191,-7.410765],[109.647909,-7.410376],[109.647465,-7.409723],[109.646823,-7.409215],[109.646048,-7.408851],[109.645719,-7.408796],[109.645367,-7.408758],[109.644969,-7.40873],[109.64446,-7.4089],[109.644374,-7.408457],[109.643865,-7.407904],[109.643729,-7.407605],[109.643615,-7.407252],[109.643198,-7.406961],[109.643063,-7.406599],[109.642356,-7.406524],[109.64199,-7.406641],[109.641921,-7.406966],[109.641655,-7.4074],[109.641197,-7.407561],[109.640659,-7.407406],[109.640195,-7.406292],[109.639631,-7.4061],[109.639184,-7.406189],[109.638574,-7.406214],[109.638259,-7.406015],[109.638264,-7.405662],[109.638293,-7.405165],[109.637993,-7.404829],[109.637605,-7.4049],[109.637119,-7.405152],[109.637166,-7.404745],[109.637149,-7.404329],[109.636766,-7.403975],[109.636382,-7.40401],[109.636126,-7.403675],[109.636368,-7.403278],[109.636645,-7.403016],[109.637033,-7.402502],[109.637093,-7.40214],[109.636954,-7.401579],[109.636999,-7.401019],[109.636945,-7.400566]]],[[[109.625001,-7.422867],[109.625762,-7.422534],[109.626272,-7.422599],[109.626383,-7.423305],[109.62644,-7.42373],[109.62686,-7.423876],[109.627173,-7.42395],[109.627655,-7.424448],[109.628408,-7.424487],[109.628293,-7.425427],[109.628173,-7.425906],[109.628015,-7.426403],[109.627858,-7.426818],[109.627709,-7.427143],[109.62753,-7.427468],[109.627335,-7.427875],[109.627156,-7.428254],[109.626931,-7.428877],[109.626781,-7.429438],[109.626676,-7.429853],[109.626585,-7.430359],[109.626483,-7.430983],[109.626388,-7.431625],[109.626372,-7.431968],[109.62635,-7.432312],[109.626369,-7.432873],[109.626397,-7.433379],[109.626473,-7.43385],[109.626558,-7.434411],[109.626645,-7.434755],[109.626778,-7.435072],[109.627,-7.435425],[109.627429,-7.436005],[109.627599,-7.436322],[109.62782,-7.436694],[109.62802,-7.437074],[109.62827,-7.437617],[109.628639,-7.438342],[109.628934,-7.43903],[109.6292,-7.439573],[109.629466,-7.440144],[109.629864,-7.441032],[109.630277,-7.441937],[109.630838,-7.442943],[109.631296,-7.443686],[109.631077,-7.444644],[109.630244,-7.444424],[109.629354,-7.444204],[109.628586,-7.444048],[109.628177,-7.443974],[109.627855,-7.443829],[109.627581,-7.44362],[109.627007,-7.443374],[109.626156,-7.443462],[109.62563,-7.443532],[109.625001,-7.443666],[109.624544,-7.443375],[109.624326,-7.442932],[109.62421,-7.442371],[109.624058,-7.441203],[109.62409,-7.440064],[109.624303,-7.43888],[109.624291,-7.438175],[109.624209,-7.437758],[109.624021,-7.437396],[109.623648,-7.436907],[109.623176,-7.436525],[109.622612,-7.436216],[109.621871,-7.435825],[109.621034,-7.43537],[109.620127,-7.434897],[109.61912,-7.434342],[109.618301,-7.433915],[109.618647,-7.433192],[109.619042,-7.432389],[109.619502,-7.431278],[109.619685,-7.430202],[109.619672,-7.429434],[109.61953,-7.428782],[109.619258,-7.428347],[109.61877,-7.428065],[109.618012,-7.42781],[109.617008,-7.427499],[109.616142,-7.427243],[109.615414,-7.426897],[109.614512,-7.425936],[109.613973,-7.424786],[109.614337,-7.424371],[109.614748,-7.424237],[109.615137,-7.424021],[109.615367,-7.423271],[109.615776,-7.42301],[109.616284,-7.423156],[109.61736,-7.423024],[109.617917,-7.422863],[109.618155,-7.422466],[109.618366,-7.422213],[109.619502,-7.422624],[109.620419,-7.422563],[109.621078,-7.423017],[109.621426,-7.42291],[109.621898,-7.422839],[109.62223,-7.42284],[109.622586,-7.42238],[109.62304,-7.422454],[109.62361,-7.423179],[109.623972,-7.423334],[109.624472,-7.423118],[109.625001,-7.422867]]]]}},{"id":"61","type":"Feature","properties":{"DESA":"Watu Urip"},"geometry":{"type":"MultiPolygon","coordinates":[[[[109.628408,-7.424487],[109.628782,-7.424479],[109.629385,-7.424589],[109.62995,-7.424446],[109.630235,-7.425117],[109.630569,-7.424891],[109.63089,-7.425055],[109.631595,-7.425057],[109.632005,-7.425402],[109.632364,-7.425747],[109.632654,-7.425884],[109.633072,-7.425849],[109.633447,-7.425506],[109.633771,-7.425363],[109.634093,-7.425354],[109.634441,-7.425573],[109.634768,-7.4257],[109.63509,-7.42571],[109.635408,-7.425639],[109.635463,-7.42516],[109.635287,-7.424734],[109.635073,-7.424444],[109.634674,-7.424181],[109.634334,-7.423863],[109.634377,-7.423447],[109.634898,-7.423277],[109.635984,-7.423],[109.636299,-7.42292],[109.636612,-7.422758],[109.63671,-7.422152],[109.636884,-7.421664],[109.637445,-7.421286],[109.637763,-7.421468],[109.638147,-7.421777],[109.638164,-7.422591],[109.638147,-7.422943],[109.638637,-7.42308],[109.639016,-7.423199],[109.638632,-7.425531],[109.638494,-7.4262],[109.638396,-7.426923],[109.638347,-7.427619],[109.638322,-7.428379],[109.638389,-7.42922],[109.638453,-7.429555],[109.638812,-7.43009],[109.639162,-7.42906],[109.639591,-7.428971],[109.640024,-7.429243],[109.640508,-7.429398],[109.640762,-7.42901],[109.640869,-7.42864],[109.641028,-7.428279],[109.641333,-7.428053],[109.641679,-7.428109],[109.6421,-7.428237],[109.642366,-7.428057],[109.642664,-7.427343],[109.643148,-7.426874],[109.643592,-7.426966],[109.644053,-7.427176],[109.644593,-7.427331],[109.645281,-7.427026],[109.645657,-7.427569],[109.646024,-7.427896],[109.646418,-7.428259],[109.646676,-7.428576],[109.646959,-7.428966],[109.647087,-7.429319],[109.647144,-7.429663],[109.647084,-7.430332],[109.646999,-7.430666],[109.646888,-7.431001],[109.646647,-7.431551],[109.646439,-7.431967],[109.646256,-7.432292],[109.646061,-7.432626],[109.64586,-7.432969],[109.64565,-7.433863],[109.645244,-7.434269],[109.644917,-7.434612],[109.64461,-7.435054],[109.644284,-7.435677],[109.644049,-7.43621],[109.643825,-7.436788],[109.643663,-7.437222],[109.643456,-7.43799],[109.642758,-7.439552],[109.642173,-7.439586],[109.641676,-7.440091],[109.641419,-7.440344],[109.641153,-7.440596],[109.64072,-7.440884],[109.640317,-7.441597],[109.640086,-7.442248],[109.639884,-7.442772],[109.63963,-7.44344],[109.63934,-7.444063],[109.639112,-7.444388],[109.638774,-7.444694],[109.638469,-7.444874],[109.63809,-7.445045],[109.637416,-7.445233],[109.636848,-7.445385],[109.636059,-7.445599],[109.635437,-7.445778],[109.634995,-7.445885],[109.634585,-7.445957],[109.634175,-7.445964],[109.633744,-7.445864],[109.633387,-7.445664],[109.632967,-7.4454],[109.632653,-7.445236],[109.632327,-7.4451],[109.631802,-7.44489],[109.631077,-7.444644],[109.631296,-7.443686],[109.630838,-7.442943],[109.630277,-7.441937],[109.629864,-7.441032],[109.629466,-7.440144],[109.6292,-7.439573],[109.628934,-7.43903],[109.628639,-7.438342],[109.62827,-7.437617],[109.62802,-7.437074],[109.62782,-7.436694],[109.627599,-7.436322],[109.627429,-7.436005],[109.627,-7.435425],[109.626778,-7.435072],[109.626645,-7.434755],[109.626558,-7.434411],[109.626473,-7.43385],[109.626397,-7.433379],[109.626369,-7.432873],[109.62635,-7.432312],[109.626372,-7.431968],[109.626388,-7.431625],[109.626483,-7.430983],[109.626585,-7.430359],[109.626676,-7.429853],[109.626781,-7.429438],[109.626931,-7.428877],[109.627156,-7.428254],[109.627335,-7.427875],[109.62753,-7.427468],[109.627709,-7.427143],[109.627858,-7.426818],[109.628015,-7.426403],[109.628173,-7.425906],[109.628293,-7.425427],[109.628408,-7.424487]]]]}},{"id":"62","type":"Feature","properties":{"DESA":"Gentasari"},"geometry":{"type":"MultiPolygon","coordinates":[[[[109.658164,-7.414069],[109.658444,-7.413853],[109.65897,-7.413593],[109.659914,-7.413261],[109.660282,-7.413117],[109.660596,-7.412919],[109.661964,-7.412299],[109.662624,-7.412066],[109.663315,-7.411806],[109.664038,-7.411492],[109.664589,-7.41124],[109.665107,-7.410961],[109.665711,-7.410592],[109.665999,-7.411208],[109.666238,-7.411652],[109.666509,-7.412024],[109.666857,-7.412477],[109.667325,-7.412903],[109.667645,-7.413139],[109.668231,-7.41353],[109.668834,-7.41393],[109.669134,-7.414175],[109.669342,-7.414483],[109.669562,-7.4148],[109.670065,-7.415091],[109.670314,-7.41548],[109.670522,-7.415906],[109.670826,-7.416576],[109.671212,-7.417491],[109.671447,-7.418016],[109.671807,-7.418732],[109.672027,-7.419392],[109.672137,-7.419745],[109.672309,-7.42046],[109.672372,-7.42103],[109.672394,-7.421609],[109.672446,-7.422278],[109.672471,-7.423011],[109.672482,-7.423454],[109.672493,-7.423906],[109.672518,-7.424395],[109.672523,-7.424775],[109.67254,-7.425363],[109.672577,-7.42614],[109.672602,-7.426511],[109.672639,-7.427045],[109.672676,-7.427506],[109.672727,-7.427986],[109.672776,-7.428881],[109.672719,-7.429632],[109.672577,-7.430463],[109.672394,-7.430951],[109.672186,-7.431448],[109.671978,-7.431755],[109.671732,-7.432052],[109.671419,-7.432368],[109.671029,-7.432728],[109.670679,-7.433017],[109.670275,-7.433233],[109.669849,-7.433439],[109.66924,-7.433691],[109.668359,-7.434005],[109.66762,-7.434256],[109.666493,-7.434614],[109.665404,-7.434945],[109.664834,-7.435152],[109.664251,-7.435367],[109.663551,-7.435708],[109.663214,-7.435906],[109.66285,-7.436195],[109.662331,-7.436672],[109.661902,-7.437168],[109.661525,-7.437683],[109.661161,-7.438378],[109.660887,-7.438938],[109.660666,-7.439389],[109.660276,-7.440302],[109.660144,-7.440636],[109.659961,-7.441106],[109.65987,-7.441449],[109.659765,-7.441846],[109.659699,-7.44238],[109.659684,-7.442732],[109.659683,-7.443338],[109.659758,-7.444062],[109.659123,-7.444024],[109.658461,-7.443986],[109.657725,-7.443875],[109.657011,-7.443746],[109.656485,-7.443636],[109.655959,-7.443508],[109.655403,-7.443353],[109.654951,-7.443188],[109.654321,-7.442906],[109.654006,-7.442769],[109.653371,-7.442496],[109.652893,-7.442314],[109.652325,-7.442131],[109.651664,-7.441912],[109.650928,-7.441729],[109.650308,-7.441574],[109.649752,-7.441382],[109.649384,-7.441263],[109.648827,-7.441035],[109.648291,-7.440799],[109.647714,-7.440517],[109.647252,-7.440298],[109.646821,-7.440143],[109.646286,-7.43997],[109.645823,-7.439824],[109.645371,-7.439687],[109.64497,-7.439604],[109.644654,-7.439657],[109.644272,-7.439701],[109.643906,-7.439664],[109.64356,-7.439654],[109.643103,-7.439625],[109.642758,-7.439552],[109.643456,-7.43799],[109.643663,-7.437222],[109.643825,-7.436788],[109.644049,-7.43621],[109.644284,-7.435677],[109.64461,-7.435054],[109.644917,-7.434612],[109.645244,-7.434269],[109.64565,-7.433863],[109.64586,-7.432969],[109.646061,-7.432626],[109.646256,-7.432292],[109.646439,-7.431967],[109.646647,-7.431551],[109.646888,-7.431001],[109.646999,-7.430666],[109.647084,-7.430332],[109.647144,-7.429663],[109.647087,-7.429319],[109.646959,-7.428966],[109.646676,-7.428576],[109.646418,-7.428259],[109.646024,-7.427896],[109.645657,-7.427569],[109.645281,-7.427026],[109.644956,-7.426437],[109.644758,-7.426093],[109.644742,-7.425487],[109.645278,-7.425],[109.645689,-7.424775],[109.64602,-7.424686],[109.646354,-7.425139],[109.646838,-7.425158],[109.648163,-7.425235],[109.648492,-7.425588],[109.648812,-7.425933],[109.649233,-7.426305],[109.649915,-7.427492],[109.650446,-7.427783],[109.650792,-7.427902],[109.651404,-7.428129],[109.651888,-7.427679],[109.65233,-7.427228],[109.65268,-7.426958],[109.653442,-7.426616],[109.654167,-7.426483],[109.654878,-7.426024],[109.655131,-7.425708],[109.655293,-7.425293],[109.655396,-7.424967],[109.655534,-7.424525],[109.655643,-7.424199],[109.655919,-7.423757],[109.656171,-7.423441],[109.656633,-7.422927],[109.656909,-7.42263],[109.657125,-7.422368],[109.657503,-7.421899],[109.657732,-7.421565],[109.658062,-7.421078],[109.658278,-7.420771],[109.658626,-7.420302],[109.65883,-7.42004],[109.659076,-7.419724],[109.659376,-7.419183],[109.659551,-7.418713],[109.659595,-7.418107],[109.659506,-7.417591],[109.659262,-7.417193],[109.658947,-7.416993],[109.658612,-7.416901],[109.658295,-7.416819],[109.65774,-7.416691],[109.65755,-7.416346],[109.657648,-7.41603],[109.657821,-7.415434],[109.658164,-7.414069]]]]}},{"id":"63","type":"Feature","properties":{"DESA":"Masaran"},"geometry":{"type":"MultiPolygon","coordinates":[[[[109.635389,-7.410744],[109.635997,-7.410294],[109.636528,-7.409988],[109.637423,-7.409901],[109.638384,-7.410075],[109.639097,-7.410267],[109.639435,-7.410359],[109.640121,-7.410551],[109.640737,-7.410688],[109.641157,-7.41069],[109.642235,-7.410476],[109.642646,-7.410251],[109.642989,-7.409827],[109.6434,-7.409801],[109.643725,-7.409784],[109.644309,-7.409623],[109.64446,-7.4089],[109.644969,-7.40873],[109.645367,-7.408758],[109.645719,-7.408796],[109.646048,-7.408851],[109.646823,-7.409215],[109.647465,-7.409723],[109.647909,-7.410376],[109.648191,-7.410765],[109.648591,-7.41092],[109.648945,-7.410912],[109.649417,-7.410724],[109.649895,-7.409902],[109.650221,-7.409723],[109.650744,-7.409381],[109.651062,-7.408938],[109.651363,-7.408487],[109.651752,-7.408253],[109.652152,-7.408273],[109.652701,-7.408564],[109.652988,-7.408772],[109.653373,-7.409036],[109.653847,-7.409245],[109.654229,-7.409337],[109.654618,-7.409428],[109.655185,-7.409566],[109.655663,-7.409676],[109.655998,-7.409758],[109.65632,-7.409868],[109.656797,-7.410113],[109.657187,-7.410603],[109.657375,-7.410884],[109.657584,-7.411282],[109.657738,-7.411635],[109.657892,-7.412052],[109.657979,-7.412622],[109.658008,-7.412948],[109.657989,-7.413318],[109.658164,-7.414069],[109.657821,-7.415434],[109.657648,-7.41603],[109.65755,-7.416346],[109.65774,-7.416691],[109.658295,-7.416819],[109.658612,-7.416901],[109.658947,-7.416993],[109.659262,-7.417193],[109.659506,-7.417591],[109.659595,-7.418107],[109.659551,-7.418713],[109.659376,-7.419183],[109.659076,-7.419724],[109.65883,-7.42004],[109.658626,-7.420302],[109.658278,-7.420771],[109.658062,-7.421078],[109.657732,-7.421565],[109.657503,-7.421899],[109.657125,-7.422368],[109.656909,-7.42263],[109.656633,-7.422927],[109.656171,-7.423441],[109.655919,-7.423757],[109.655643,-7.424199],[109.655534,-7.424525],[109.655396,-7.424967],[109.655293,-7.425293],[109.655131,-7.425708],[109.654878,-7.426024],[109.654167,-7.426483],[109.653442,-7.426616],[109.65268,-7.426958],[109.65233,-7.427228],[109.651888,-7.427679],[109.651404,-7.428129],[109.650792,-7.427902],[109.650446,-7.427783],[109.649915,-7.427492],[109.649233,-7.426305],[109.648812,-7.425933],[109.648492,-7.425588],[109.648163,-7.425235],[109.646838,-7.425158],[109.646354,-7.425139],[109.64602,-7.424686],[109.645689,-7.424775],[109.645278,-7.425],[109.644742,-7.425487],[109.644758,-7.426093],[109.644956,-7.426437],[109.645281,-7.427026],[109.644593,-7.427331],[109.644053,-7.427176],[109.643592,-7.426966],[109.643148,-7.426874],[109.642664,-7.427343],[109.642366,-7.428057],[109.6421,-7.428237],[109.641679,-7.428109],[109.641333,-7.428053],[109.641028,-7.428279],[109.640869,-7.42864],[109.640762,-7.42901],[109.640508,-7.429398],[109.640024,-7.429243],[109.639591,-7.428971],[109.639162,-7.42906],[109.638812,-7.43009],[109.638453,-7.429555],[109.638389,-7.42922],[109.638322,-7.428379],[109.638347,-7.427619],[109.638396,-7.426923],[109.638494,-7.4262],[109.638632,-7.425531],[109.639016,-7.423199],[109.639582,-7.423436],[109.639932,-7.423356],[109.640038,-7.422985],[109.640357,-7.422932],[109.640789,-7.422879],[109.641241,-7.4227],[109.641464,-7.422366],[109.641627,-7.42138],[109.64182,-7.421046],[109.642045,-7.420776],[109.641903,-7.42016],[109.642256,-7.419818],[109.642046,-7.419356],[109.641837,-7.419021],[109.641588,-7.418667],[109.641216,-7.418332],[109.64069,-7.417977],[109.640298,-7.417777],[109.639629,-7.417486],[109.638959,-7.417212],[109.63829,-7.416921],[109.637678,-7.416684],[109.637056,-7.416429],[109.636205,-7.416101],[109.635755,-7.415918],[109.635009,-7.415591],[109.634311,-7.415326],[109.6337,-7.415071],[109.633818,-7.41471],[109.634154,-7.414277],[109.634253,-7.413698],[109.634311,-7.413328],[109.634443,-7.41303],[109.635083,-7.412263],[109.635389,-7.410744]]]]}},{"id":"64","type":"Feature","properties":{"DESA":"Serang"},"geometry":{"type":"MultiPolygon","coordinates":[[[[109.626272,-7.422599],[109.626317,-7.42222],[109.626367,-7.421605],[109.626644,-7.421371],[109.627026,-7.420938],[109.62665,-7.420602],[109.626914,-7.419961],[109.627567,-7.419601],[109.627944,-7.419521],[109.62859,-7.41917],[109.628917,-7.4188],[109.629236,-7.418503],[109.629712,-7.41854],[109.630728,-7.418688],[109.631057,-7.418626],[109.631427,-7.418437],[109.63191,-7.418122],[109.63236,-7.418024],[109.632683,-7.417736],[109.632783,-7.417302],[109.63291,-7.416841],[109.633496,-7.416418],[109.6337,-7.415071],[109.634311,-7.415326],[109.635009,-7.415591],[109.635755,-7.415918],[109.636205,-7.416101],[109.637056,-7.416429],[109.637678,-7.416684],[109.63829,-7.416921],[109.638959,-7.417212],[109.639629,-7.417486],[109.640298,-7.417777],[109.64069,-7.417977],[109.641216,-7.418332],[109.641588,-7.418667],[109.641837,-7.419021],[109.642046,-7.419356],[109.642256,-7.419818],[109.641903,-7.42016],[109.642045,-7.420776],[109.64182,-7.421046],[109.641627,-7.42138],[109.641464,-7.422366],[109.641241,-7.4227],[109.640789,-7.422879],[109.640357,-7.422932],[109.640038,-7.422985],[109.639932,-7.423356],[109.639582,-7.423436],[109.639016,-7.423199],[109.638637,-7.42308],[109.638147,-7.422943],[109.638164,-7.422591],[109.638147,-7.421777],[109.637763,-7.421468],[109.637445,-7.421286],[109.636884,-7.421664],[109.63671,-7.422152],[109.636612,-7.422758],[109.636299,-7.42292],[109.635984,-7.423],[109.634898,-7.423277],[109.634377,-7.423447],[109.634334,-7.423863],[109.634674,-7.424181],[109.635073,-7.424444],[109.635287,-7.424734],[109.635463,-7.42516],[109.635408,-7.425639],[109.63509,-7.42571],[109.634768,-7.4257],[109.634441,-7.425573],[109.634093,-7.425354],[109.633771,-7.425363],[109.633447,-7.425506],[109.633072,-7.425849],[109.632654,-7.425884],[109.632364,-7.425747],[109.632005,-7.425402],[109.631595,-7.425057],[109.63089,-7.425055],[109.630569,-7.424891],[109.630235,-7.425117],[109.62995,-7.424446],[109.629385,-7.424589],[109.628782,-7.424479],[109.628408,-7.424487],[109.627655,-7.424448],[109.627173,-7.42395],[109.62686,-7.423876],[109.62644,-7.42373],[109.626383,-7.423305],[109.626272,-7.422599]]]]}},{"id":"65","type":"Feature","properties":{"DESA":"Mantrianom"},"geometry":{"type":"MultiPolygon","coordinates":[[[[109.623506,-7.397496],[109.623863,-7.397144],[109.624312,-7.397037],[109.625001,-7.396967],[109.625368,-7.397529],[109.625657,-7.397936],[109.626002,-7.398453],[109.626699,-7.399459],[109.627056,-7.399297],[109.627857,-7.398947],[109.628345,-7.398731],[109.629021,-7.398444],[109.629499,-7.398274],[109.630968,-7.397754],[109.631942,-7.397522],[109.632317,-7.397441],[109.632908,-7.397317],[109.634705,-7.397024],[109.634718,-7.397349],[109.635158,-7.397278],[109.635667,-7.397198],[109.635854,-7.397923],[109.636068,-7.398656],[109.636282,-7.399244],[109.636537,-7.39986],[109.636945,-7.400566],[109.636999,-7.401019],[109.636954,-7.401579],[109.637093,-7.40214],[109.637033,-7.402502],[109.636645,-7.403016],[109.636368,-7.403278],[109.636126,-7.403675],[109.636382,-7.40401],[109.636766,-7.403975],[109.637149,-7.404329],[109.637166,-7.404745],[109.637119,-7.405152],[109.637605,-7.4049],[109.637993,-7.404829],[109.638293,-7.405165],[109.638264,-7.405662],[109.638259,-7.406015],[109.638574,-7.406214],[109.639184,-7.406189],[109.639631,-7.4061],[109.640195,-7.406292],[109.640659,-7.407406],[109.641197,-7.407561],[109.641655,-7.4074],[109.641921,-7.406966],[109.64199,-7.406641],[109.642356,-7.406524],[109.643063,-7.406599],[109.643198,-7.406961],[109.643615,-7.407252],[109.643729,-7.407605],[109.643865,-7.407904],[109.644374,-7.408457],[109.64446,-7.4089],[109.644309,-7.409623],[109.643725,-7.409784],[109.6434,-7.409801],[109.642989,-7.409827],[109.642646,-7.410251],[109.642235,-7.410476],[109.641157,-7.41069],[109.640737,-7.410688],[109.640121,-7.410551],[109.639435,-7.410359],[109.639097,-7.410267],[109.638384,-7.410075],[109.637423,-7.409901],[109.636528,-7.409988],[109.635997,-7.410294],[109.635389,-7.410744],[109.633934,-7.411075],[109.633613,-7.411092],[109.633154,-7.411117],[109.632667,-7.411116],[109.631911,-7.411105],[109.631154,-7.411048],[109.630357,-7.411018],[109.629492,-7.410971],[109.628843,-7.411023],[109.628057,-7.411156],[109.626909,-7.411297],[109.626047,-7.411258],[109.625426,-7.411039],[109.625001,-7.410902],[109.624576,-7.411037],[109.624134,-7.411605],[109.623865,-7.411984],[109.623562,-7.412309],[109.623243,-7.412633],[109.622712,-7.412803],[109.622279,-7.412413],[109.62125,-7.411804],[109.62073,-7.411631],[109.620363,-7.411602],[109.619851,-7.4118],[109.619417,-7.411943],[109.619057,-7.411825],[109.61859,-7.411615],[109.618248,-7.411496],[109.617843,-7.411314],[109.617467,-7.410915],[109.617456,-7.410463],[109.617505,-7.410129],[109.617559,-7.409514],[109.617397,-7.408781],[109.617058,-7.408255],[109.616422,-7.407032],[109.616036,-7.406733],[109.615447,-7.406677],[109.615054,-7.40644],[109.614116,-7.40594],[109.614307,-7.405127],[109.614526,-7.404648],[109.614952,-7.404179],[109.615628,-7.403657],[109.616231,-7.403252],[109.616563,-7.402846],[109.616778,-7.402141],[109.616761,-7.401481],[109.617058,-7.400903],[109.617582,-7.400805],[109.618544,-7.400718],[109.619479,-7.400676],[109.620386,-7.400597],[109.621236,-7.400437],[109.622963,-7.400198],[109.623541,-7.398445],[109.623506,-7.397496]]]]}},{"id":"66","type":"Feature","properties":{"DESA":"Binorong"},"geometry":{"type":"MultiPolygon","coordinates":[[[[109.606916,-7.402219],[109.609207,-7.401919],[109.609526,-7.402652],[109.609904,-7.403386],[109.61045,-7.404934],[109.610684,-7.405947],[109.611224,-7.405868],[109.612191,-7.40588],[109.612898,-7.40571],[109.613062,-7.406127],[109.613132,-7.406579],[109.612729,-7.407265],[109.612459,-7.407572],[109.612188,-7.40777],[109.611879,-7.407868],[109.611252,-7.408074],[109.611284,-7.408689],[109.611671,-7.409287],[109.611962,-7.409451],[109.611972,-7.409931],[109.611808,-7.410319],[109.611614,-7.410734],[109.611846,-7.411051],[109.612281,-7.411071],[109.612838,-7.411009],[109.613296,-7.411255],[109.613602,-7.411563],[109.613581,-7.412151],[109.613615,-7.41386],[109.613573,-7.415497],[109.613627,-7.416836],[109.613842,-7.417994],[109.61246,-7.418134],[109.611709,-7.418322],[109.610779,-7.418681],[109.609221,-7.419318],[109.608559,-7.419632],[109.608185,-7.419893],[109.60775,-7.420118],[109.606903,-7.420495],[109.60615,-7.420692],[109.60542,-7.420825],[109.604774,-7.420859],[109.60388,-7.420757],[109.604124,-7.419763],[109.603736,-7.417917],[109.603797,-7.416995],[109.604056,-7.415666],[109.604133,-7.413876],[109.604006,-7.411886],[109.603681,-7.411641],[109.602973,-7.411431],[109.602755,-7.411104],[109.604877,-7.410424],[109.605478,-7.409883],[109.605367,-7.409241],[109.605582,-7.408988],[109.606025,-7.408393],[109.606094,-7.408076],[109.606517,-7.407472],[109.606238,-7.406829],[109.605857,-7.40614],[109.605724,-7.405842],[109.605707,-7.405471],[109.605587,-7.404584],[109.605212,-7.402385],[109.605055,-7.401734],[109.606916,-7.402219]]]]}},{"id":"67","type":"Feature","properties":{"DESA":"Joho"},"geometry":{"type":"MultiPolygon","coordinates":[[[[109.595614,-7.400791],[109.59665,-7.400695],[109.596936,-7.400867],[109.59742,-7.401294],[109.597793,-7.401512],[109.598256,-7.401559],[109.598675,-7.401515],[109.599028,-7.401181],[109.59892,-7.400611],[109.598525,-7.400104],[109.598483,-7.39947],[109.59866,-7.399118],[109.599014,-7.398613],[109.599831,-7.397983],[109.600807,-7.39719],[109.601122,-7.396467],[109.601339,-7.395763],[109.60167,-7.395203],[109.602214,-7.394961],[109.6035,-7.394766],[109.604291,-7.394705],[109.604953,-7.395801],[109.605457,-7.396626],[109.605807,-7.397061],[109.605987,-7.397984],[109.606322,-7.398808],[109.60655,-7.399686],[109.606812,-7.400699],[109.606934,-7.401269],[109.606916,-7.402219],[109.605055,-7.401734],[109.605212,-7.402385],[109.605587,-7.404584],[109.605707,-7.405471],[109.605724,-7.405842],[109.605857,-7.40614],[109.606238,-7.406829],[109.606517,-7.407472],[109.606094,-7.408076],[109.606025,-7.408393],[109.605582,-7.408988],[109.605367,-7.409241],[109.605478,-7.409883],[109.604877,-7.410424],[109.602755,-7.411104],[109.602085,-7.410985],[109.600843,-7.410628],[109.600308,-7.4105],[109.599964,-7.410354],[109.599367,-7.409873],[109.598825,-7.409618],[109.597897,-7.409226],[109.597261,-7.40955],[109.596744,-7.409657],[109.596441,-7.410361],[109.596107,-7.411165],[109.595554,-7.41167],[109.595082,-7.411686],[109.594477,-7.411539],[109.593889,-7.411339],[109.593535,-7.411148],[109.593406,-7.410786],[109.593144,-7.410468],[109.592975,-7.409871],[109.592073,-7.409506],[109.59159,-7.409324],[109.591328,-7.408998],[109.591594,-7.408049],[109.591569,-7.407579],[109.591382,-7.407198],[109.59114,-7.406573],[109.591395,-7.40614],[109.59155,-7.405381],[109.591807,-7.404351],[109.59224,-7.404226],[109.592672,-7.403947],[109.592978,-7.403694],[109.593425,-7.403452],[109.59411,-7.402974],[109.594331,-7.402704],[109.594442,-7.402288],[109.594488,-7.401764],[109.594533,-7.401411],[109.594732,-7.401132],[109.595614,-7.400791]]]]}},{"id":"68","type":"Feature","properties":{"DESA":"Bawang"},"geometry":{"type":"MultiPolygon","coordinates":[[[[109.604291,-7.394705],[109.604857,-7.394571],[109.605272,-7.394238],[109.605826,-7.393525],[109.606387,-7.392731],[109.606689,-7.392307],[109.608631,-7.393208],[109.609646,-7.393401],[109.610431,-7.393277],[109.612102,-7.393111],[109.612968,-7.393104],[109.615242,-7.393084],[109.615936,-7.393059],[109.61651,-7.393016],[109.617086,-7.392936],[109.617537,-7.392865],[109.622231,-7.392391],[109.623146,-7.392412],[109.623264,-7.393733],[109.623268,-7.394257],[109.623468,-7.395958],[109.623506,-7.397496],[109.623541,-7.398445],[109.622963,-7.400198],[109.621236,-7.400437],[109.620386,-7.400597],[109.619479,-7.400676],[109.618544,-7.400718],[109.617582,-7.400805],[109.617058,-7.400903],[109.616761,-7.401481],[109.616778,-7.402141],[109.616563,-7.402846],[109.616231,-7.403252],[109.615628,-7.403657],[109.614952,-7.404179],[109.614526,-7.404648],[109.614307,-7.405127],[109.614116,-7.40594],[109.613515,-7.40573],[109.612898,-7.40571],[109.612191,-7.40588],[109.611224,-7.405868],[109.610684,-7.405947],[109.61045,-7.404934],[109.609904,-7.403386],[109.609526,-7.402652],[109.609207,-7.401919],[109.606916,-7.402219],[109.606934,-7.401269],[109.606812,-7.400699],[109.60655,-7.399686],[109.606322,-7.398808],[109.605987,-7.397984],[109.605807,-7.397061],[109.605457,-7.396626],[109.604953,-7.395801],[109.604291,-7.394705]]]]}},{"id":"69","type":"Feature","properties":{"DESA":"Bandingan"},"geometry":{"type":"MultiPolygon","coordinates":[[[[109.623524,-7.383442],[109.62454,-7.383337],[109.625,-7.383348],[109.625833,-7.383151],[109.626896,-7.382974],[109.628882,-7.382555],[109.630725,-7.382416],[109.63163,-7.382626],[109.633043,-7.383191],[109.633853,-7.383637],[109.633004,-7.384159],[109.633164,-7.384829],[109.633284,-7.385399],[109.633364,-7.385923],[109.633443,-7.386421],[109.633563,-7.387109],[109.633669,-7.387624],[109.633776,-7.388077],[109.633963,-7.388864],[109.634137,-7.389426],[109.634237,-7.389733],[109.634391,-7.390186],[109.634579,-7.390729],[109.634834,-7.391399],[109.634981,-7.391888],[109.635074,-7.392368],[109.635153,-7.392937],[109.635179,-7.393435],[109.635231,-7.394086],[109.635282,-7.395063],[109.635347,-7.395624],[109.6354,-7.396013],[109.635507,-7.396619],[109.635667,-7.397198],[109.635158,-7.397278],[109.634718,-7.397349],[109.634705,-7.397024],[109.632908,-7.397317],[109.632317,-7.397441],[109.631942,-7.397522],[109.630968,-7.397754],[109.629499,-7.398274],[109.629021,-7.398444],[109.628345,-7.398731],[109.627857,-7.398947],[109.627056,-7.399297],[109.626699,-7.399459],[109.626002,-7.398453],[109.625657,-7.397936],[109.625368,-7.397529],[109.625001,-7.396967],[109.624312,-7.397037],[109.623863,-7.397144],[109.623506,-7.397496],[109.623468,-7.395958],[109.623268,-7.394257],[109.623264,-7.393733],[109.623146,-7.392412],[109.622231,-7.392391],[109.617537,-7.392865],[109.617086,-7.392936],[109.61651,-7.393016],[109.615936,-7.393059],[109.615242,-7.393084],[109.612968,-7.393104],[109.612102,-7.393111],[109.610431,-7.393277],[109.609646,-7.393401],[109.608631,-7.393208],[109.606689,-7.392307],[109.60773,-7.390863],[109.608464,-7.389997],[109.609721,-7.388862],[109.611215,-7.387637],[109.612364,-7.386835],[109.613527,-7.386106],[109.614718,-7.385586],[109.616235,-7.384957],[109.617166,-7.384653],[109.61878,-7.384233],[109.620695,-7.383768],[109.621912,-7.3836],[109.623524,-7.383442]]]]}},{"id":"70","type":"Feature","properties":{"DESA":"Blambangan"},"geometry":{"type":"MultiPolygon","coordinates":[[[[109.638572,-7.381472],[109.638976,-7.381328],[109.639346,-7.381221],[109.63987,-7.381141],[109.640341,-7.381107],[109.641152,-7.3811],[109.642017,-7.380985],[109.643091,-7.380735],[109.644034,-7.380548],[109.644584,-7.380523],[109.645105,-7.380606],[109.645544,-7.380815],[109.646087,-7.381205],[109.646871,-7.381868],[109.647361,-7.38224],[109.647785,-7.382486],[109.648321,-7.38275],[109.648701,-7.382832],[109.649988,-7.382845],[109.650032,-7.383994],[109.650044,-7.384735],[109.650072,-7.385685],[109.650084,-7.38677],[109.650109,-7.38819],[109.650077,-7.389049],[109.650075,-7.3897],[109.650088,-7.390378],[109.650085,-7.39121],[109.650053,-7.391798],[109.650006,-7.392368],[109.649944,-7.39282],[109.649867,-7.393425],[109.64979,-7.393904],[109.649155,-7.394979],[109.648872,-7.394444],[109.648617,-7.394163],[109.648206,-7.393845],[109.647852,-7.393636],[109.647433,-7.393463],[109.646967,-7.393362],[109.646432,-7.393921],[109.645655,-7.393946],[109.645377,-7.394108],[109.644543,-7.394711],[109.644864,-7.395373],[109.645078,-7.395681],[109.645568,-7.396143],[109.645813,-7.396615],[109.645178,-7.399633],[109.644662,-7.398881],[109.644226,-7.398653],[109.64371,-7.398435],[109.643393,-7.398515],[109.643373,-7.398985],[109.642684,-7.3992],[109.642522,-7.398883],[109.641852,-7.398429],[109.641577,-7.398058],[109.641161,-7.398074],[109.641034,-7.398752],[109.6408,-7.399077],[109.640492,-7.399257],[109.640119,-7.399373],[109.639702,-7.399408],[109.639313,-7.399353],[109.638786,-7.399243],[109.638404,-7.399124],[109.638082,-7.399177],[109.638038,-7.399747],[109.63801,-7.400072],[109.637937,-7.400425],[109.637718,-7.400867],[109.637333,-7.400721],[109.636945,-7.400566],[109.636537,-7.39986],[109.636282,-7.399244],[109.636068,-7.398656],[109.635854,-7.397923],[109.635667,-7.397198],[109.635507,-7.396619],[109.6354,-7.396013],[109.635347,-7.395624],[109.635282,-7.395063],[109.635231,-7.394086],[109.635179,-7.393435],[109.635153,-7.392937],[109.635074,-7.392368],[109.634981,-7.391888],[109.634834,-7.391399],[109.634579,-7.390729],[109.634391,-7.390186],[109.634237,-7.389733],[109.634137,-7.389426],[109.633963,-7.388864],[109.633776,-7.388077],[109.633669,-7.387624],[109.633563,-7.387109],[109.633443,-7.386421],[109.633364,-7.385923],[109.633284,-7.385399],[109.633164,-7.384829],[109.633004,-7.384159],[109.633853,-7.383637],[109.634716,-7.383766],[109.635476,-7.383678],[109.635974,-7.383481],[109.636814,-7.382733],[109.637101,-7.382372],[109.637497,-7.382029],[109.638036,-7.381696],[109.638572,-7.381472]]]]}},{"id":"71","type":"Feature","properties":{"DESA":"Gemuruh"},"geometry":{"type":"MultiPolygon","coordinates":[[[[109.649988,-7.382845],[109.65056,-7.382811],[109.651303,-7.382777],[109.651778,-7.38276],[109.652511,-7.382663],[109.653061,-7.382475],[109.653442,-7.382322],[109.653801,-7.382359],[109.654174,-7.382577],[109.655009,-7.383656],[109.658312,-7.385746],[109.658735,-7.385304],[109.659012,-7.384509],[109.659209,-7.384256],[109.659746,-7.384222],[109.660282,-7.384477],[109.660792,-7.384659],[109.661565,-7.384553],[109.662351,-7.384429],[109.66273,-7.384611],[109.663056,-7.385028],[109.663158,-7.385589],[109.663127,-7.385959],[109.663051,-7.38661],[109.662958,-7.38727],[109.662904,-7.387641],[109.662588,-7.388164],[109.66226,-7.388579],[109.662219,-7.388914],[109.662257,-7.389402],[109.662583,-7.389819],[109.662871,-7.389992],[109.663329,-7.390002],[109.66384,-7.389941],[109.664704,-7.389762],[109.665137,-7.389727],[109.665568,-7.389891],[109.666104,-7.390327],[109.66664,-7.3906],[109.667162,-7.39081],[109.667553,-7.391399],[109.667565,-7.391914],[109.667589,-7.392502],[109.667666,-7.392954],[109.667861,-7.393398],[109.668227,-7.393752],[109.668645,-7.393952],[109.669152,-7.394144],[109.668904,-7.394767],[109.668747,-7.395264],[109.668577,-7.395878],[109.668368,-7.396691],[109.668132,-7.397722],[109.667958,-7.398499],[109.667788,-7.399222],[109.667554,-7.40027],[109.667436,-7.400695],[109.667305,-7.401192],[109.667109,-7.401851],[109.666979,-7.402249],[109.666743,-7.402963],[109.666547,-7.403686],[109.666325,-7.40439],[109.666168,-7.404923],[109.665972,-7.40552],[109.665789,-7.406008],[109.66555,-7.406504],[109.665334,-7.406965],[109.665151,-7.406413],[109.664956,-7.406077],[109.664349,-7.405786],[109.663598,-7.405847],[109.663069,-7.406135],[109.662769,-7.406396],[109.662567,-7.406676],[109.662057,-7.407154],[109.661711,-7.407424],[109.661045,-7.407856],[109.660871,-7.407467],[109.660831,-7.407087],[109.66082,-7.406617],[109.660862,-7.405902],[109.66111,-7.403561],[109.660549,-7.403333],[109.660183,-7.403196],[109.659423,-7.402923],[109.658928,-7.40274],[109.658113,-7.40224],[109.657811,-7.401914],[109.656783,-7.401441],[109.656343,-7.401277],[109.656128,-7.400977],[109.655898,-7.400705],[109.655436,-7.400975],[109.655059,-7.4013],[109.654776,-7.401136],[109.654661,-7.400458],[109.654228,-7.400321],[109.653569,-7.40068],[109.653081,-7.399766],[109.652529,-7.399655],[109.652176,-7.399799],[109.652102,-7.400613],[109.65165,-7.400584],[109.651358,-7.400303],[109.651047,-7.400148],[109.65094,-7.399705],[109.650928,-7.399063],[109.650984,-7.398493],[109.651026,-7.398077],[109.651054,-7.397725],[109.651015,-7.397245],[109.650685,-7.396322],[109.650314,-7.39614],[109.649938,-7.395759],[109.64948,-7.395242],[109.649155,-7.394979],[109.64979,-7.393904],[109.649867,-7.393425],[109.649944,-7.39282],[109.650006,-7.392368],[109.650053,-7.391798],[109.650085,-7.39121],[109.650088,-7.390378],[109.650075,-7.3897],[109.650077,-7.389049],[109.650109,-7.38819],[109.650084,-7.38677],[109.650072,-7.385685],[109.650044,-7.384735],[109.650032,-7.383994],[109.649988,-7.382845]]]]}},{"id":"72","type":"Feature","properties":{"DESA":"GunungJati"},"geometry":{"type":"MultiPolygon","coordinates":[[[[109.659758,-7.444062],[109.659683,-7.443338],[109.659684,-7.442732],[109.659699,-7.44238],[109.659765,-7.441846],[109.65987,-7.441449],[109.659961,-7.441106],[109.660144,-7.440636],[109.660276,-7.440302],[109.660666,-7.439389],[109.660887,-7.438938],[109.661161,-7.438378],[109.661525,-7.437683],[109.661902,-7.437168],[109.662331,-7.436672],[109.66285,-7.436195],[109.663214,-7.435906],[109.663551,-7.435708],[109.664251,-7.435367],[109.664834,-7.435152],[109.665404,-7.434945],[109.666493,-7.434614],[109.66762,-7.434256],[109.668191,-7.434728],[109.6688,-7.435209],[109.669181,-7.435526],[109.669586,-7.435871],[109.670106,-7.436352],[109.670538,-7.43676],[109.671147,-7.437296],[109.671654,-7.43774],[109.672123,-7.438158],[109.672519,-7.438584],[109.672757,-7.438847],[109.672998,-7.439191],[109.673505,-7.439953],[109.674024,-7.440696],[109.674518,-7.441402],[109.675012,-7.442118],[109.675417,-7.442662],[109.675873,-7.443324],[109.676202,-7.443795],[109.676646,-7.444402],[109.677076,-7.444973],[109.677558,-7.445572],[109.678103,-7.446251],[109.678775,-7.446986],[109.679219,-7.447403],[109.6796,-7.447694],[109.680234,-7.44813],[109.680805,-7.448484],[109.681504,-7.448866],[109.682126,-7.449166],[109.682723,-7.44943],[109.683222,-7.44964],[109.683923,-7.449868],[109.684577,-7.450051],[109.685932,-7.449973],[109.685832,-7.450624],[109.685692,-7.450922],[109.685573,-7.451293],[109.685546,-7.451709],[109.6852,-7.451771],[109.684884,-7.452186],[109.684395,-7.452356],[109.684034,-7.452383],[109.683827,-7.452662],[109.683385,-7.452797],[109.683056,-7.452768],[109.682803,-7.453138],[109.682551,-7.453364],[109.682373,-7.453662],[109.682112,-7.454231],[109.68182,-7.454664],[109.681919,-7.455234],[109.682041,-7.455686],[109.681907,-7.456084],[109.681862,-7.456446],[109.68182,-7.45678],[109.681781,-7.457332],[109.681127,-7.457601],[109.68077,-7.45807],[109.680432,-7.458096],[109.679801,-7.458809],[109.679389,-7.459251],[109.679137,-7.459494],[109.678936,-7.460145],[109.678854,-7.460624],[109.678706,-7.460958],[109.678367,-7.46093],[109.67775,-7.460711],[109.677356,-7.460592],[109.676864,-7.460717],[109.67666,-7.461259],[109.676577,-7.461576],[109.67645,-7.461883],[109.676007,-7.461926],[109.67569,-7.461971],[109.675264,-7.462015],[109.675197,-7.462385],[109.674922,-7.46271],[109.674632,-7.462917],[109.67462,-7.463297],[109.674499,-7.463595],[109.674617,-7.464075],[109.674562,-7.464454],[109.674064,-7.464561],[109.673904,-7.464923],[109.67369,-7.465238],[109.673727,-7.465627],[109.673437,-7.465853],[109.673071,-7.465725],[109.672753,-7.46595],[109.672604,-7.466284],[109.672456,-7.466691],[109.67234,-7.467016],[109.672246,-7.467341],[109.672228,-7.467676],[109.672014,-7.468046],[109.671882,-7.468489],[109.671536,-7.468813],[109.671191,-7.469074],[109.670906,-7.469354],[109.670609,-7.469751],[109.670237,-7.470039],[109.670034,-7.470319],[109.670098,-7.470663],[109.670108,-7.471034],[109.669921,-7.471512],[109.669963,-7.471901],[109.670055,-7.47229],[109.669797,-7.472597],[109.669463,-7.472795],[109.669216,-7.47302],[109.668953,-7.473354],[109.668592,-7.473453],[109.668193,-7.47346],[109.667857,-7.473297],[109.667288,-7.47315],[109.666731,-7.473203],[109.666305,-7.472867],[109.666125,-7.472568],[109.665711,-7.47235],[109.665544,-7.472033],[109.665584,-7.471662],[109.665623,-7.4713],[109.66556,-7.470866],[109.665238,-7.470323],[109.665239,-7.469943],[109.665487,-7.469265],[109.66519,-7.468966],[109.664842,-7.468739],[109.664869,-7.468241],[109.66439,-7.468041],[109.664482,-7.467734],[109.664885,-7.467129],[109.6649,-7.466686],[109.664707,-7.466224],[109.66441,-7.465952],[109.664035,-7.465734],[109.663635,-7.465317],[109.663494,-7.46471],[109.663392,-7.464366],[109.663419,-7.463923],[109.663239,-7.46357],[109.662787,-7.463135],[109.662556,-7.462673],[109.662841,-7.462475],[109.663113,-7.462295],[109.663412,-7.461988],[109.664034,-7.461692],[109.664281,-7.461303],[109.664075,-7.460932],[109.663636,-7.460723],[109.66352,-7.460397],[109.663664,-7.460008],[109.664248,-7.459612],[109.664469,-7.459369],[109.664806,-7.459243],[109.665453,-7.459118],[109.665766,-7.458785],[109.665839,-7.458279],[109.66577,-7.457799],[109.66566,-7.457356],[109.665506,-7.456867],[109.665313,-7.456441],[109.66514,-7.456115],[109.664992,-7.455798],[109.664799,-7.455418],[109.664554,-7.454956],[109.664258,-7.454403],[109.664001,-7.453932],[109.663614,-7.453144],[109.663422,-7.45271],[109.663176,-7.452211],[109.66292,-7.451632],[109.662689,-7.451089],[109.662457,-7.450482],[109.662201,-7.449848],[109.661995,-7.449386],[109.661608,-7.448644],[109.661227,-7.448172],[109.660772,-7.447357],[109.660591,-7.446904],[109.660369,-7.446234],[109.660155,-7.445592],[109.660001,-7.445184],[109.659834,-7.444623],[109.659758,-7.444062]]]]}},{"id":"73","type":"Feature","properties":{"DESA":"Kebutuh Jurang"},"geometry":{"type":"MultiPolygon","coordinates":[[[[109.667401,-7.477419],[109.667523,-7.476768],[109.667956,-7.47724],[109.668092,-7.47753],[109.668427,-7.47763],[109.668994,-7.477442],[109.669588,-7.477118],[109.669991,-7.477165],[109.670341,-7.47731],[109.67075,-7.477104],[109.670851,-7.476733],[109.670833,-7.476245],[109.670884,-7.475919],[109.671903,-7.475515],[109.672493,-7.475201],[109.673049,-7.475013],[109.673516,-7.475005],[109.673939,-7.474979],[109.674379,-7.47498],[109.674648,-7.474574],[109.674995,-7.474512],[109.675448,-7.474414],[109.675926,-7.474379],[109.676293,-7.473928],[109.676959,-7.474174],[109.677298,-7.474238],[109.677725,-7.474366],[109.678268,-7.474015],[109.678718,-7.473881],[109.679213,-7.474127],[109.679419,-7.473747],[109.679729,-7.473378],[109.680147,-7.473107],[109.680524,-7.472982],[109.681077,-7.473038],[109.681621,-7.473302],[109.68218,-7.473358],[109.682651,-7.473468],[109.683102,-7.473388],[109.683462,-7.473235],[109.683834,-7.473191],[109.684525,-7.473401],[109.684922,-7.47361],[109.68554,-7.473811],[109.685953,-7.474056],[109.686249,-7.474238],[109.686802,-7.474249],[109.687145,-7.474006],[109.687485,-7.473654],[109.688196,-7.472896],[109.6886,-7.472635],[109.688932,-7.472501],[109.689511,-7.47252],[109.689908,-7.472495],[109.690559,-7.472316],[109.691215,-7.472173],[109.691527,-7.471975],[109.691945,-7.47203],[109.692618,-7.472087],[109.69304,-7.47235],[109.693505,-7.472541],[109.693903,-7.472696],[109.694221,-7.473186],[109.694297,-7.473765],[109.694377,-7.474226],[109.694785,-7.474372],[109.695129,-7.474418],[109.695552,-7.474863],[109.695838,-7.475062],[109.696727,-7.474975],[109.697397,-7.474868],[109.697865,-7.474797],[109.698183,-7.474608],[109.698452,-7.474943],[109.698767,-7.475641],[109.698825,-7.476202],[109.698854,-7.4766],[109.699175,-7.476971],[109.699466,-7.477126],[109.700154,-7.477607],[109.700063,-7.478475],[109.700588,-7.478413],[109.700995,-7.478596],[109.701262,-7.478904],[109.701907,-7.479448],[109.702618,-7.479948],[109.703225,-7.480682],[109.703619,-7.480873],[109.703937,-7.480937],[109.704497,-7.481382],[109.705137,-7.48161],[109.705325,-7.48218],[109.705637,-7.482787],[109.705904,-7.483141],[109.70617,-7.483558],[109.706361,-7.483875],[109.707041,-7.484537],[109.707419,-7.484845],[109.707968,-7.485227],[109.708569,-7.485563],[109.707885,-7.485887],[109.707584,-7.486211],[109.707497,-7.486944],[109.707241,-7.487404],[109.707004,-7.487621],[109.706808,-7.488135],[109.706742,-7.488732],[109.706424,-7.489147],[109.706127,-7.489309],[109.705529,-7.489651],[109.70517,-7.489605],[109.705006,-7.490301],[109.704603,-7.490788],[109.704136,-7.491293],[109.703902,-7.491518],[109.703538,-7.491834],[109.703058,-7.492194],[109.702578,-7.492563],[109.701942,-7.493023],[109.701228,-7.49359],[109.700891,-7.493879],[109.700424,-7.494275],[109.699969,-7.494681],[109.699385,-7.495213],[109.698905,-7.495582],[109.698516,-7.495789],[109.697998,-7.495941],[109.697142,-7.496138],[109.696197,-7.496261],[109.695277,-7.496358],[109.694241,-7.496491],[109.693269,-7.496623],[109.692661,-7.49664],[109.692169,-7.496674],[109.691819,-7.496691],[109.691431,-7.496672],[109.690861,-7.496634],[109.690188,-7.496569],[109.689709,-7.496595],[109.689277,-7.496729],[109.688859,-7.496891],[109.688595,-7.497161],[109.688645,-7.497568],[109.688665,-7.49793],[109.688267,-7.498137],[109.688292,-7.498598],[109.688472,-7.499042],[109.688535,-7.499521],[109.688378,-7.5],[109.688047,-7.50084],[109.687954,-7.501591],[109.687733,-7.50206],[109.687034,-7.502293],[109.686179,-7.502435],[109.685817,-7.502615],[109.685039,-7.503137],[109.684417,-7.503461],[109.684029,-7.503397],[109.683345,-7.50315],[109.683074,-7.502978],[109.682455,-7.50237],[109.682003,-7.502088],[109.681576,-7.501969],[109.680037,-7.501947],[109.679339,-7.501908],[109.678693,-7.501762],[109.678318,-7.501824],[109.67798,-7.502447],[109.677525,-7.503169],[109.67702,-7.503195],[109.676633,-7.503013],[109.675949,-7.50254],[109.675573,-7.502675],[109.675237,-7.50271],[109.67481,-7.502654],[109.673776,-7.502597],[109.673477,-7.502795],[109.673089,-7.502921],[109.672185,-7.502701],[109.672041,-7.502122],[109.672114,-7.501679],[109.67229,-7.500838],[109.672012,-7.500602],[109.671632,-7.500456],[109.6714,-7.500157],[109.670683,-7.500001],[109.670421,-7.499675],[109.66999,-7.499158],[109.669582,-7.498524],[109.669855,-7.498244],[109.670127,-7.497911],[109.670478,-7.497478],[109.671098,-7.496575],[109.671255,-7.496277],[109.671477,-7.495654],[109.671621,-7.495166],[109.671882,-7.494389],[109.672023,-7.494001],[109.672169,-7.493594],[109.672404,-7.492926],[109.672674,-7.492022],[109.672866,-7.491245],[109.672988,-7.490594],[109.673062,-7.490169],[109.673239,-7.489681],[109.673476,-7.489131],[109.673574,-7.488805],[109.673543,-7.488389],[109.673363,-7.487719],[109.673339,-7.487349],[109.673355,-7.486996],[109.673552,-7.4864],[109.673789,-7.486021],[109.673806,-7.485668],[109.67366,-7.485369],[109.673293,-7.485033],[109.672709,-7.484706],[109.6721,-7.484361],[109.671393,-7.483915],[109.670721,-7.483515],[109.67024,-7.483206],[109.669842,-7.482898],[109.669558,-7.482607],[109.669081,-7.482091],[109.668771,-7.481701],[109.668539,-7.481356],[109.668321,-7.481057],[109.668011,-7.480577],[109.667521,-7.479816],[109.667264,-7.479345],[109.667113,-7.479001],[109.666942,-7.478313],[109.66702,-7.477798],[109.667401,-7.477419]]]]}},{"id":"74","type":"Feature","properties":{"DESA":"Kebutuh Duwur"},"geometry":{"type":"MultiPolygon","coordinates":[[[[109.685932,-7.449973],[109.686931,-7.450438],[109.688011,-7.450604],[109.68913,-7.450734],[109.690177,-7.450872],[109.691164,-7.451038],[109.692283,-7.451304],[109.693605,-7.451606],[109.694838,-7.451863],[109.696676,-7.452393],[109.69712,-7.452656],[109.697624,-7.452893],[109.698026,-7.453048],[109.698461,-7.45314],[109.699091,-7.453377],[109.699486,-7.45364],[109.700322,-7.454158],[109.700684,-7.454132],[109.700923,-7.454775],[109.701307,-7.455074],[109.701674,-7.45484],[109.702244,-7.454335],[109.702501,-7.45402],[109.702877,-7.453939],[109.702956,-7.453524],[109.702745,-7.452926],[109.702698,-7.45251],[109.702981,-7.452339],[109.70326,-7.452177],[109.703284,-7.451833],[109.703455,-7.451563],[109.703838,-7.451681],[109.704282,-7.451411],[109.704561,-7.451059],[109.704953,-7.451006],[109.705212,-7.450564],[109.705512,-7.450357],[109.706111,-7.450386],[109.706477,-7.449944],[109.706812,-7.450135],[109.707157,-7.450163],[109.707492,-7.450245],[109.707919,-7.450427],[109.70834,-7.450627],[109.708672,-7.450845],[109.708944,-7.451054],[109.709207,-7.451317],[109.709532,-7.451725],[109.709802,-7.452124],[109.71,-7.452432],[109.710361,-7.453012],[109.710619,-7.453474],[109.710811,-7.453818],[109.711147,-7.454452],[109.711321,-7.454796],[109.711483,-7.455122],[109.711657,-7.455466],[109.71183,-7.455856],[109.71198,-7.456209],[109.71228,-7.456843],[109.712448,-7.457205],[109.712616,-7.457558],[109.712844,-7.458092],[109.712987,-7.458454],[109.713101,-7.458753],[109.713233,-7.459088],[109.713472,-7.459758],[109.71364,-7.460247],[109.713801,-7.460691],[109.713909,-7.460998],[109.714053,-7.461406],[109.714208,-7.461813],[109.714334,-7.462202],[109.714448,-7.462528],[109.714597,-7.462936],[109.715168,-7.464294],[109.715412,-7.464901],[109.715592,-7.465308],[109.715729,-7.465607],[109.71585,-7.465915],[109.715999,-7.46625],[109.716143,-7.466612],[109.716323,-7.467028],[109.716469,-7.467372],[109.716664,-7.467861],[109.716826,-7.468197],[109.717078,-7.468613],[109.717367,-7.469075],[109.717649,-7.469601],[109.717787,-7.4699],[109.717966,-7.470289],[109.718122,-7.470597],[109.718483,-7.47124],[109.718765,-7.471711],[109.719047,-7.472155],[109.719321,-7.472581],[109.719479,-7.472862],[109.719672,-7.473197],[109.719869,-7.473577],[109.720091,-7.474039],[109.720271,-7.474438],[109.720535,-7.475008],[109.720685,-7.475361],[109.720883,-7.475805],[109.721129,-7.476357],[109.721308,-7.476765],[109.721506,-7.477181],[109.721714,-7.477634],[109.721287,-7.477958],[109.720685,-7.47811],[109.720332,-7.478073],[109.719844,-7.478036],[109.719389,-7.478107],[109.718913,-7.478639],[109.718596,-7.478756],[109.71814,-7.47898],[109.71787,-7.479215],[109.71738,-7.479629],[109.716834,-7.47989],[109.71664,-7.480188],[109.716405,-7.480648],[109.716038,-7.481145],[109.715787,-7.481406],[109.715545,-7.481686],[109.715276,-7.482029],[109.714843,-7.482308],[109.714259,-7.482406],[109.713957,-7.482712],[109.713527,-7.482666],[109.713157,-7.482511],[109.712707,-7.482482],[109.712134,-7.482571],[109.711485,-7.482696],[109.711121,-7.48293],[109.710864,-7.483327],[109.710564,-7.484059],[109.710177,-7.484266],[109.70989,-7.484455],[109.709396,-7.484924],[109.708569,-7.485563],[109.707968,-7.485227],[109.707419,-7.484845],[109.707041,-7.484537],[109.706361,-7.483875],[109.70617,-7.483558],[109.705904,-7.483141],[109.705637,-7.482787],[109.705325,-7.48218],[109.705137,-7.48161],[109.704497,-7.481382],[109.703937,-7.480937],[109.703619,-7.480873],[109.703225,-7.480682],[109.702618,-7.479948],[109.701907,-7.479448],[109.701262,-7.478904],[109.700995,-7.478596],[109.700588,-7.478413],[109.700063,-7.478475],[109.700154,-7.477607],[109.699466,-7.477126],[109.699175,-7.476971],[109.698854,-7.4766],[109.698825,-7.476202],[109.698767,-7.475641],[109.698452,-7.474943],[109.698183,-7.474608],[109.697865,-7.474797],[109.697397,-7.474868],[109.696727,-7.474975],[109.695838,-7.475062],[109.695552,-7.474863],[109.695129,-7.474418],[109.694785,-7.474372],[109.694377,-7.474226],[109.694297,-7.473765],[109.694221,-7.473186],[109.693903,-7.472696],[109.693505,-7.472541],[109.69304,-7.47235],[109.692618,-7.472087],[109.691945,-7.47203],[109.691527,-7.471975],[109.691215,-7.472173],[109.690559,-7.472316],[109.689908,-7.472495],[109.689511,-7.47252],[109.688932,-7.472501],[109.6886,-7.472635],[109.688196,-7.472896],[109.687485,-7.473654],[109.687145,-7.474006],[109.686802,-7.474249],[109.686249,-7.474238],[109.685953,-7.474056],[109.68554,-7.473811],[109.684922,-7.47361],[109.684525,-7.473401],[109.683834,-7.473191],[109.683462,-7.473235],[109.683102,-7.473388],[109.682651,-7.473468],[109.68218,-7.473358],[109.681621,-7.473302],[109.681077,-7.473038],[109.680524,-7.472982],[109.680147,-7.473107],[109.679729,-7.473378],[109.679419,-7.473747],[109.679213,-7.474127],[109.678718,-7.473881],[109.678268,-7.474015],[109.677725,-7.474366],[109.677298,-7.474238],[109.676959,-7.474174],[109.676293,-7.473928],[109.675926,-7.474379],[109.675448,-7.474414],[109.674995,-7.474512],[109.674648,-7.474574],[109.674379,-7.47498],[109.673939,-7.474979],[109.673516,-7.475005],[109.673049,-7.475013],[109.672493,-7.475201],[109.671903,-7.475515],[109.670884,-7.475919],[109.670833,-7.476245],[109.670851,-7.476733],[109.67075,-7.477104],[109.670341,-7.47731],[109.669991,-7.477165],[109.669588,-7.477118],[109.668994,-7.477442],[109.668427,-7.47763],[109.668092,-7.47753],[109.667956,-7.47724],[109.667523,-7.476768],[109.667097,-7.476369],[109.667408,-7.476144],[109.668017,-7.476101],[109.668238,-7.475721],[109.668239,-7.47536],[109.668138,-7.474708],[109.668243,-7.474058],[109.668193,-7.47346],[109.668592,-7.473453],[109.668953,-7.473354],[109.669216,-7.47302],[109.669463,-7.472795],[109.669797,-7.472597],[109.670055,-7.47229],[109.669963,-7.471901],[109.669921,-7.471512],[109.670108,-7.471034],[109.670098,-7.470663],[109.670034,-7.470319],[109.670237,-7.470039],[109.670609,-7.469751],[109.670906,-7.469354],[109.671191,-7.469074],[109.671536,-7.468813],[109.671882,-7.468489],[109.672014,-7.468046],[109.672228,-7.467676],[109.672246,-7.467341],[109.67234,-7.467016],[109.672456,-7.466691],[109.672604,-7.466284],[109.672753,-7.46595],[109.673071,-7.465725],[109.673437,-7.465853],[109.673727,-7.465627],[109.67369,-7.465238],[109.673904,-7.464923],[109.674064,-7.464561],[109.674562,-7.464454],[109.674617,-7.464075],[109.674499,-7.463595],[109.67462,-7.463297],[109.674632,-7.462917],[109.674922,-7.46271],[109.675197,-7.462385],[109.675264,-7.462015],[109.67569,-7.461971],[109.676007,-7.461926],[109.67645,-7.461883],[109.676577,-7.461576],[109.67666,-7.461259],[109.676864,-7.460717],[109.677356,-7.460592],[109.67775,-7.460711],[109.678367,-7.46093],[109.678706,-7.460958],[109.678854,-7.460624],[109.678936,-7.460145],[109.679137,-7.459494],[109.679389,-7.459251],[109.679801,-7.458809],[109.680432,-7.458096],[109.68077,-7.45807],[109.681127,-7.457601],[109.681781,-7.457332],[109.68182,-7.45678],[109.681862,-7.456446],[109.681907,-7.456084],[109.682041,-7.455686],[109.681919,-7.455234],[109.68182,-7.454664],[109.682112,-7.454231],[109.682373,-7.453662],[109.682551,-7.453364],[109.682803,-7.453138],[109.683056,-7.452768],[109.683385,-7.452797],[109.683827,-7.452662],[109.684034,-7.452383],[109.684395,-7.452356],[109.684884,-7.452186],[109.6852,-7.451771],[109.685546,-7.451709],[109.685573,-7.451293],[109.685692,-7.450922],[109.685832,-7.450624],[109.685932,-7.449973]]]]}},{"id":"75","type":"Feature","properties":{"DESA":"Pasangkalan"},"geometry":{"type":"MultiPolygon","coordinates":[[[[109.706124,-7.430987],[109.707131,-7.43109],[109.70829,-7.43141],[109.709544,-7.431721],[109.710095,-7.431831],[109.710912,-7.431987],[109.71173,-7.432143],[109.712247,-7.432244],[109.713383,-7.432428],[109.714182,-7.432602],[109.714923,-7.43274],[109.715531,-7.432932],[109.716006,-7.433195],[109.716651,-7.433695],[109.717428,-7.434357],[109.717997,-7.434947],[109.718718,-7.435654],[109.719173,-7.436053],[109.719666,-7.436453],[109.720596,-7.437197],[109.721203,-7.437669],[109.721868,-7.438186],[109.722721,-7.438885],[109.723442,-7.439439],[109.724012,-7.439766],[109.724488,-7.439686],[109.725515,-7.439463],[109.726353,-7.439257],[109.72719,-7.438998],[109.728523,-7.438522],[109.729494,-7.438127],[109.730674,-7.437678],[109.731531,-7.437373],[109.732388,-7.437095],[109.733168,-7.436853],[109.733929,-7.436684],[109.734481,-7.436586],[109.734851,-7.436569],[109.735222,-7.436705],[109.735545,-7.436896],[109.736152,-7.437386],[109.736968,-7.438022],[109.737842,-7.438585],[109.738487,-7.438985],[109.738981,-7.439275],[109.739588,-7.439603],[109.740348,-7.439985],[109.741013,-7.440339],[109.741867,-7.440839],[109.742589,-7.441221],[109.743215,-7.441585],[109.744031,-7.442093],[109.74479,-7.442611],[109.745816,-7.443274],[109.746879,-7.443946],[109.748094,-7.444628],[109.749043,-7.445146],[109.749765,-7.445528],[109.750465,-7.445901],[109.751215,-7.445939],[109.752545,-7.446033],[109.752499,-7.447317],[109.752538,-7.448222],[109.752576,-7.449615],[109.752669,-7.450103],[109.752698,-7.450836],[109.752655,-7.451433],[109.752444,-7.45202],[109.751687,-7.453302],[109.750678,-7.455108],[109.750241,-7.455975],[109.749445,-7.456271],[109.748616,-7.456422],[109.747916,-7.456538],[109.747243,-7.45659],[109.746764,-7.456598],[109.746285,-7.456624],[109.745935,-7.456632],[109.745042,-7.456684],[109.744277,-7.456772],[109.743449,-7.45686],[109.742801,-7.456912],[109.742166,-7.456965],[109.741662,-7.456982],[109.741131,-7.456962],[109.74069,-7.456934],[109.73959,-7.45684],[109.73871,-7.456792],[109.737856,-7.456745],[109.736988,-7.456769],[109.736043,-7.456776],[109.735474,-7.45681],[109.734722,-7.456871],[109.734165,-7.456978],[109.733479,-7.45713],[109.732921,-7.457318],[109.732532,-7.457525],[109.732221,-7.457769],[109.732041,-7.458519],[109.732221,-7.45908],[109.732414,-7.459551],[109.732205,-7.460093],[109.732165,-7.460518],[109.731659,-7.460977],[109.731554,-7.461447],[109.731514,-7.461818],[109.731927,-7.46228],[109.732185,-7.46258],[109.732248,-7.463086],[109.732169,-7.463629],[109.731948,-7.464044],[109.732089,-7.464605],[109.73201,-7.464949],[109.731879,-7.465346],[109.732073,-7.465654],[109.732382,-7.465962],[109.732446,-7.466288],[109.732523,-7.466704],[109.732806,-7.467157],[109.733246,-7.467448],[109.733451,-7.467865],[109.733412,-7.46819],[109.733203,-7.468795],[109.733085,-7.469247],[109.732799,-7.469726],[109.732552,-7.469951],[109.732241,-7.470204],[109.732162,-7.470583],[109.73229,-7.471054],[109.732573,-7.471579],[109.733051,-7.472024],[109.733478,-7.472215],[109.733788,-7.472505],[109.734085,-7.47285],[109.734381,-7.473447],[109.73447,-7.473873],[109.734547,-7.474334],[109.734597,-7.474651],[109.735167,-7.474652],[109.735623,-7.474536],[109.735944,-7.474664],[109.735944,-7.474998],[109.735463,-7.475359],[109.735201,-7.47572],[109.734748,-7.476134],[109.733776,-7.476502],[109.7334,-7.476881],[109.733321,-7.477279],[109.733356,-7.477613],[109.733182,-7.478219],[109.732694,-7.478371],[109.732312,-7.478316],[109.731919,-7.478224],[109.731515,-7.478106],[109.73061,-7.477723],[109.729989,-7.477423],[109.729355,-7.477141],[109.728717,-7.476877],[109.727881,-7.476522],[109.727442,-7.476357],[109.726976,-7.47622],[109.72662,-7.476165],[109.725915,-7.476064],[109.725293,-7.476062],[109.724879,-7.476124],[109.724244,-7.47624],[109.723726,-7.476392],[109.723545,-7.476744],[109.723176,-7.476779],[109.722871,-7.476905],[109.72213,-7.477373],[109.721714,-7.477634],[109.721506,-7.477181],[109.721308,-7.476765],[109.721129,-7.476357],[109.720883,-7.475805],[109.720685,-7.475361],[109.720535,-7.475008],[109.720271,-7.474438],[109.720091,-7.474039],[109.719869,-7.473577],[109.719672,-7.473197],[109.719479,-7.472862],[109.719321,-7.472581],[109.719047,-7.472155],[109.718765,-7.471711],[109.718483,-7.47124],[109.718122,-7.470597],[109.717966,-7.470289],[109.717787,-7.4699],[109.717649,-7.469601],[109.717367,-7.469075],[109.717078,-7.468613],[109.716826,-7.468197],[109.716664,-7.467861],[109.716469,-7.467372],[109.716323,-7.467028],[109.716143,-7.466612],[109.715999,-7.46625],[109.71585,-7.465915],[109.715729,-7.465607],[109.715592,-7.465308],[109.715412,-7.464901],[109.715168,-7.464294],[109.714597,-7.462936],[109.714448,-7.462528],[109.714334,-7.462202],[109.714208,-7.461813],[109.714053,-7.461406],[109.713909,-7.460998],[109.713801,-7.460691],[109.71364,-7.460247],[109.713472,-7.459758],[109.713233,-7.459088],[109.713101,-7.458753],[109.712987,-7.458454],[109.712844,-7.458092],[109.712616,-7.457558],[109.712448,-7.457205],[109.71228,-7.456843],[109.71198,-7.456209],[109.71183,-7.455856],[109.711657,-7.455466],[109.711483,-7.455122],[109.711321,-7.454796],[109.711147,-7.454452],[109.710811,-7.453818],[109.710619,-7.453474],[109.710361,-7.453012],[109.71,-7.452432],[109.709802,-7.452124],[109.709532,-7.451725],[109.709207,-7.451317],[109.708944,-7.451054],[109.708672,-7.450845],[109.70834,-7.450627],[109.707919,-7.450427],[109.707492,-7.450245],[109.707157,-7.450163],[109.706812,-7.450135],[109.706477,-7.449944],[109.70665,-7.449401],[109.707013,-7.449204],[109.707513,-7.448816],[109.70783,-7.448636],[109.707994,-7.448356],[109.707829,-7.447922],[109.707957,-7.447434],[109.707709,-7.446646],[109.708128,-7.446458],[109.708425,-7.44588],[109.708801,-7.445673],[109.709562,-7.445187],[109.7096,-7.444843],[109.710015,-7.444492],[109.710311,-7.444284],[109.710729,-7.443806],[109.711129,-7.443527],[109.71136,-7.442886],[109.711476,-7.442506],[109.711515,-7.442081],[109.711516,-7.441665],[109.711404,-7.441077],[109.711159,-7.440317],[109.710876,-7.43962],[109.710611,-7.439004],[109.710309,-7.438135],[109.710045,-7.43732],[109.709725,-7.436469],[109.709422,-7.435781],[109.709063,-7.435002],[109.708572,-7.433997],[109.708099,-7.433163],[109.707625,-7.432421],[109.706124,-7.430987]]]]}},{"id":"76","type":"Feature","properties":{"DESA":"Pagedongan"},"geometry":{"type":"MultiPolygon","coordinates":[[[[109.702535,-7.430561],[109.703348,-7.430509],[109.704242,-7.430448],[109.705116,-7.430496],[109.705744,-7.430624],[109.706124,-7.430987],[109.707625,-7.432421],[109.708099,-7.433163],[109.708572,-7.433997],[109.709063,-7.435002],[109.709422,-7.435781],[109.709725,-7.436469],[109.710045,-7.43732],[109.710309,-7.438135],[109.710611,-7.439004],[109.710876,-7.43962],[109.711159,-7.440317],[109.711404,-7.441077],[109.711516,-7.441665],[109.711515,-7.442081],[109.711476,-7.442506],[109.71136,-7.442886],[109.711129,-7.443527],[109.710729,-7.443806],[109.710311,-7.444284],[109.710015,-7.444492],[109.7096,-7.444843],[109.709562,-7.445187],[109.708801,-7.445673],[109.708425,-7.44588],[109.708128,-7.446458],[109.707709,-7.446646],[109.707957,-7.447434],[109.707829,-7.447922],[109.707994,-7.448356],[109.70783,-7.448636],[109.707513,-7.448816],[109.707013,-7.449204],[109.70665,-7.449401],[109.706477,-7.449944],[109.706111,-7.450386],[109.705512,-7.450357],[109.705212,-7.450564],[109.704953,-7.451006],[109.704561,-7.451059],[109.704282,-7.451411],[109.703838,-7.451681],[109.703455,-7.451563],[109.703284,-7.451833],[109.70326,-7.452177],[109.702981,-7.452339],[109.702698,-7.45251],[109.702745,-7.452926],[109.702956,-7.453524],[109.702877,-7.453939],[109.702501,-7.45402],[109.702244,-7.454335],[109.701674,-7.45484],[109.701307,-7.455074],[109.700923,-7.454775],[109.700684,-7.454132],[109.700322,-7.454158],[109.699486,-7.45364],[109.699091,-7.453377],[109.698461,-7.45314],[109.698026,-7.453048],[109.697624,-7.452893],[109.69712,-7.452656],[109.696676,-7.452393],[109.694838,-7.451863],[109.693605,-7.451606],[109.692283,-7.451304],[109.691164,-7.451038],[109.690177,-7.450872],[109.68913,-7.450734],[109.688011,-7.450604],[109.686931,-7.450438],[109.685932,-7.449973],[109.684577,-7.450051],[109.683923,-7.449868],[109.683222,-7.44964],[109.682723,-7.44943],[109.682126,-7.449166],[109.681504,-7.448866],[109.680805,-7.448484],[109.680234,-7.44813],[109.6796,-7.447694],[109.679219,-7.447403],[109.678775,-7.446986],[109.678103,-7.446251],[109.677558,-7.445572],[109.677076,-7.444973],[109.676646,-7.444402],[109.676202,-7.443795],[109.675873,-7.443324],[109.675417,-7.442662],[109.675012,-7.442118],[109.674518,-7.441402],[109.674024,-7.440696],[109.673505,-7.439953],[109.672998,-7.439191],[109.672757,-7.438847],[109.672519,-7.438584],[109.672123,-7.438158],[109.671654,-7.43774],[109.671147,-7.437296],[109.670538,-7.43676],[109.670106,-7.436352],[109.669586,-7.435871],[109.669181,-7.435526],[109.6688,-7.435209],[109.668191,-7.434728],[109.66762,-7.434256],[109.668359,-7.434005],[109.66924,-7.433691],[109.669849,-7.433439],[109.670275,-7.433233],[109.670679,-7.433017],[109.671029,-7.432728],[109.671419,-7.432368],[109.671732,-7.432052],[109.671978,-7.431755],[109.672186,-7.431448],[109.672394,-7.430951],[109.672577,-7.430463],[109.672719,-7.429632],[109.674044,-7.429835],[109.675413,-7.430065],[109.676382,-7.430257],[109.677199,-7.430423],[109.677712,-7.43056],[109.678263,-7.430751],[109.678643,-7.430961],[109.678977,-7.431396],[109.679078,-7.431911],[109.679056,-7.432653],[109.679016,-7.433467],[109.678976,-7.433982],[109.679032,-7.434452],[109.679145,-7.434887],[109.679391,-7.435213],[109.679752,-7.435404],[109.680151,-7.435478],[109.680493,-7.435388],[109.680856,-7.435127],[109.68118,-7.434703],[109.681525,-7.433836],[109.681794,-7.433041],[109.682139,-7.431884],[109.682445,-7.430936],[109.68267,-7.430421],[109.683001,-7.429915],[109.683439,-7.429573],[109.6838,-7.429393],[109.684315,-7.429295],[109.684924,-7.429279],[109.685779,-7.429354],[109.68673,-7.429529],[109.68768,-7.429685],[109.688573,-7.429832],[109.689429,-7.429971],[109.690379,-7.430127],[109.691291,-7.430284],[109.692869,-7.430551],[109.694009,-7.430762],[109.695302,-7.430992],[109.696195,-7.431148],[109.697222,-7.431242],[109.698154,-7.43129],[109.6992,-7.431193],[109.699847,-7.431123],[109.700932,-7.4309],[109.701807,-7.430712],[109.702535,-7.430561]]]]}},{"id":"77","type":"Feature","properties":{"DESA":"Twelagiri"},"geometry":{"type":"MultiPolygon","coordinates":[[[[109.672387,-7.412213],[109.673664,-7.412298],[109.674414,-7.412554],[109.675165,-7.412845],[109.676082,-7.413246],[109.676832,-7.413565],[109.677485,-7.413838],[109.678066,-7.41431],[109.678959,-7.414367],[109.679297,-7.414449],[109.679605,-7.414269],[109.679935,-7.414008],[109.680308,-7.413955],[109.680781,-7.414146],[109.681106,-7.413731],[109.681474,-7.413506],[109.681538,-7.413144],[109.681866,-7.413353],[109.6822,-7.413382],[109.682435,-7.413165],[109.682772,-7.413166],[109.683096,-7.413258],[109.68346,-7.413331],[109.683643,-7.413069],[109.684049,-7.412899],[109.684545,-7.412927],[109.684777,-7.413181],[109.684894,-7.413552],[109.685011,-7.413987],[109.685707,-7.414269],[109.68618,-7.414705],[109.686571,-7.414932],[109.687338,-7.415477],[109.687767,-7.415713],[109.688188,-7.41566],[109.688507,-7.415923],[109.688959,-7.416314],[109.689417,-7.416631],[109.690231,-7.41695],[109.691136,-7.417224],[109.691781,-7.417507],[109.692296,-7.41777],[109.692594,-7.418006],[109.693406,-7.418316],[109.693618,-7.418878],[109.693813,-7.419195],[109.694118,-7.419648],[109.694554,-7.419821],[109.694732,-7.420283],[109.695007,-7.420582],[109.695543,-7.420954],[109.695846,-7.421281],[109.696355,-7.421553],[109.696714,-7.421763],[109.697219,-7.422071],[109.697521,-7.422289],[109.698128,-7.422852],[109.698446,-7.42316],[109.699135,-7.423551],[109.699641,-7.423806],[109.699934,-7.423997],[109.700438,-7.424315],[109.700772,-7.424506],[109.701024,-7.424877],[109.701258,-7.425556],[109.702466,-7.429946],[109.702535,-7.430561],[109.701807,-7.430712],[109.700932,-7.4309],[109.699847,-7.431123],[109.6992,-7.431193],[109.698154,-7.43129],[109.697222,-7.431242],[109.696195,-7.431148],[109.695302,-7.430992],[109.694009,-7.430762],[109.692869,-7.430551],[109.691291,-7.430284],[109.690379,-7.430127],[109.689429,-7.429971],[109.688573,-7.429832],[109.68768,-7.429685],[109.68673,-7.429529],[109.685779,-7.429354],[109.684924,-7.429279],[109.684315,-7.429295],[109.6838,-7.429393],[109.683439,-7.429573],[109.683001,-7.429915],[109.68267,-7.430421],[109.682445,-7.430936],[109.682139,-7.431884],[109.681794,-7.433041],[109.681525,-7.433836],[109.68118,-7.434703],[109.680856,-7.435127],[109.680493,-7.435388],[109.680151,-7.435478],[109.679752,-7.435404],[109.679391,-7.435213],[109.679145,-7.434887],[109.679032,-7.434452],[109.678976,-7.433982],[109.679016,-7.433467],[109.679056,-7.432653],[109.679078,-7.431911],[109.678977,-7.431396],[109.678643,-7.430961],[109.678263,-7.430751],[109.677712,-7.43056],[109.677199,-7.430423],[109.676382,-7.430257],[109.675413,-7.430065],[109.674044,-7.429835],[109.672719,-7.429632],[109.672776,-7.428881],[109.672727,-7.427986],[109.672676,-7.427506],[109.672639,-7.427045],[109.672602,-7.426511],[109.672577,-7.42614],[109.67254,-7.425363],[109.672523,-7.424775],[109.672518,-7.424395],[109.672493,-7.423906],[109.672482,-7.423454],[109.672471,-7.423011],[109.672446,-7.422278],[109.672394,-7.421609],[109.672372,-7.42103],[109.672309,-7.42046],[109.672137,-7.419745],[109.672027,-7.419392],[109.671807,-7.418732],[109.671447,-7.418016],[109.671212,-7.417491],[109.670826,-7.416576],[109.670522,-7.415906],[109.670314,-7.41548],[109.670065,-7.415091],[109.669562,-7.4148],[109.669342,-7.414483],[109.669793,-7.414068],[109.670574,-7.413573],[109.671125,-7.413303],[109.671949,-7.412872],[109.672183,-7.412547],[109.672387,-7.412213]]]]}},{"id":"78","type":"Feature","properties":{"DESA":"Argasoka"},"geometry":{"type":"MultiPolygon","coordinates":[[[[109.697173,-7.404328],[109.697572,-7.404212],[109.698595,-7.404676],[109.698972,-7.404749],[109.699827,-7.405421],[109.700254,-7.405829],[109.700587,-7.406228],[109.700753,-7.406554],[109.700782,-7.407106],[109.700417,-7.407828],[109.700377,-7.40819],[109.700787,-7.408508],[109.701132,-7.408825],[109.701774,-7.408574],[109.702247,-7.408611],[109.703025,-7.408605],[109.703785,-7.40876],[109.703872,-7.409195],[109.70401,-7.409747],[109.704199,-7.410154],[109.704881,-7.410934],[109.705296,-7.411406],[109.705753,-7.411714],[109.706219,-7.411833],[109.70654,-7.412015],[109.706914,-7.412432],[109.707206,-7.412768],[109.707469,-7.413121],[109.707704,-7.413502],[109.708023,-7.414],[109.708299,-7.414552],[109.708508,-7.415041],[109.708714,-7.41553],[109.708893,-7.416028],[109.709045,-7.416517],[109.709154,-7.417123],[109.709202,-7.417576],[109.709304,-7.418209],[109.709358,-7.418779],[109.709384,-7.419195],[109.709425,-7.419665],[109.709438,-7.420127],[109.709463,-7.420814],[109.709503,-7.42151],[109.709516,-7.421854],[109.709501,-7.422207],[109.709457,-7.422804],[109.7094,-7.423436],[109.709301,-7.424114],[109.70923,-7.424584],[109.70913,-7.424982],[109.708948,-7.425642],[109.708794,-7.426112],[109.708654,-7.4265],[109.708401,-7.427141],[109.708205,-7.427593],[109.707884,-7.428234],[109.70752,-7.428929],[109.70731,-7.429309],[109.707087,-7.429661],[109.706779,-7.430112],[109.705744,-7.430624],[109.705116,-7.430496],[109.704242,-7.430448],[109.703348,-7.430509],[109.702535,-7.430561],[109.702466,-7.429946],[109.701258,-7.425556],[109.701024,-7.424877],[109.700772,-7.424506],[109.700438,-7.424315],[109.699934,-7.423997],[109.699641,-7.423806],[109.699135,-7.423551],[109.698446,-7.42316],[109.698128,-7.422852],[109.697521,-7.422289],[109.697219,-7.422071],[109.696714,-7.421763],[109.696355,-7.421553],[109.695846,-7.421281],[109.695543,-7.420954],[109.695007,-7.420582],[109.694732,-7.420283],[109.694554,-7.419821],[109.694118,-7.419648],[109.693813,-7.419195],[109.693618,-7.418878],[109.693406,-7.418316],[109.692594,-7.418006],[109.692296,-7.41777],[109.691781,-7.417507],[109.691136,-7.417224],[109.690231,-7.41695],[109.689417,-7.416631],[109.688959,-7.416314],[109.688507,-7.415923],[109.688188,-7.41566],[109.687767,-7.415713],[109.688068,-7.414909],[109.688019,-7.414385],[109.687924,-7.413579],[109.687885,-7.412874],[109.687604,-7.411562],[109.688245,-7.411292],[109.688818,-7.411014],[109.689254,-7.410671],[109.689313,-7.409604],[109.689311,-7.409197],[109.689316,-7.408519],[109.689332,-7.408022],[109.689327,-7.407271],[109.689317,-7.406891],[109.689323,-7.406331],[109.689508,-7.405219],[109.69002,-7.405293],[109.690554,-7.405095],[109.690746,-7.404707],[109.690602,-7.404345],[109.690479,-7.403739],[109.690578,-7.403314],[109.690995,-7.402935],[109.691508,-7.402828],[109.692077,-7.402947],[109.692612,-7.403112],[109.693162,-7.403385],[109.693703,-7.403712],[109.693944,-7.403939],[109.694304,-7.404274],[109.694704,-7.404583],[109.695064,-7.404665],[109.695541,-7.404622],[109.696201,-7.404551],[109.697173,-7.404328]]]]}},{"id":"79","type":"Feature","properties":{"DESA":"Ampelsari"},"geometry":{"type":"MultiPolygon","coordinates":[[[[109.713202,-7.395702],[109.713666,-7.395658],[109.714319,-7.395434],[109.714657,-7.395371],[109.715268,-7.395319],[109.715707,-7.395329],[109.716157,-7.395475],[109.716262,-7.395819],[109.716576,-7.396444],[109.716898,-7.397024],[109.717262,-7.397992],[109.717461,-7.398671],[109.717553,-7.399115],[109.71788,-7.400762],[109.718132,-7.401242],[109.717468,-7.401439],[109.716927,-7.40169],[109.716613,-7.401961],[109.716366,-7.402466],[109.716297,-7.403009],[109.716252,-7.403669],[109.71625,-7.404429],[109.716262,-7.405152],[109.716289,-7.405785],[109.716343,-7.406554],[109.716384,-7.407278],[109.716453,-7.407884],[109.716084,-7.408823],[109.715642,-7.408442],[109.715186,-7.408369],[109.714694,-7.408656],[109.713712,-7.408093],[109.713314,-7.408245],[109.712993,-7.408769],[109.712733,-7.409094],[109.71244,-7.409238],[109.712414,-7.409871],[109.712429,-7.410224],[109.712269,-7.410503],[109.712174,-7.410874],[109.712353,-7.411164],[109.712758,-7.411482],[109.712881,-7.411835],[109.712825,-7.412259],[109.712836,-7.412639],[109.713424,-7.413156],[109.713758,-7.413619],[109.714145,-7.414063],[109.714318,-7.414479],[109.714823,-7.41543],[109.714984,-7.415856],[109.714964,-7.41667],[109.714961,-7.417004],[109.715224,-7.418136],[109.714865,-7.41884],[109.714654,-7.419391],[109.714868,-7.420694],[109.714665,-7.421308],[109.714551,-7.421733],[109.71438,-7.422926],[109.714349,-7.42327],[109.7144,-7.423623],[109.714437,-7.424147],[109.714492,-7.424518],[109.714458,-7.425034],[109.714439,-7.425603],[109.71466,-7.426038],[109.714733,-7.426653],[109.714754,-7.427142],[109.714866,-7.427639],[109.714999,-7.428065],[109.71514,-7.428463],[109.715333,-7.42878],[109.715515,-7.42907],[109.715659,-7.42945],[109.715807,-7.430003],[109.715945,-7.430645],[109.716044,-7.432101],[109.716014,-7.43268],[109.716006,-7.433195],[109.715531,-7.432932],[109.714923,-7.43274],[109.714182,-7.432602],[109.713383,-7.432428],[109.712247,-7.432244],[109.71173,-7.432143],[109.710912,-7.431987],[109.710095,-7.431831],[109.709544,-7.431721],[109.70829,-7.43141],[109.707131,-7.43109],[109.706124,-7.430987],[109.705744,-7.430624],[109.706779,-7.430112],[109.707087,-7.429661],[109.70731,-7.429309],[109.70752,-7.428929],[109.707884,-7.428234],[109.708205,-7.427593],[109.708401,-7.427141],[109.708654,-7.4265],[109.708794,-7.426112],[109.708948,-7.425642],[109.70913,-7.424982],[109.70923,-7.424584],[109.709301,-7.424114],[109.7094,-7.423436],[109.709457,-7.422804],[109.709501,-7.422207],[109.709516,-7.421854],[109.709503,-7.42151],[109.709463,-7.420814],[109.709438,-7.420127],[109.709425,-7.419665],[109.709384,-7.419195],[109.709358,-7.418779],[109.709304,-7.418209],[109.709202,-7.417576],[109.709154,-7.417123],[109.709045,-7.416517],[109.708893,-7.416028],[109.708714,-7.41553],[109.708508,-7.415041],[109.708299,-7.414552],[109.708023,-7.414],[109.707704,-7.413502],[109.707469,-7.413121],[109.707206,-7.412768],[109.706914,-7.412432],[109.70654,-7.412015],[109.706219,-7.411833],[109.705753,-7.411714],[109.705296,-7.411406],[109.704881,-7.410934],[109.704199,-7.410154],[109.70401,-7.409747],[109.703872,-7.409195],[109.703785,-7.40876],[109.702357,-7.404479],[109.70303,-7.403929],[109.70435,-7.401654],[109.704286,-7.401256],[109.70444,-7.400895],[109.704497,-7.400506],[109.704469,-7.400162],[109.704481,-7.39971],[109.7046,-7.399394],[109.704743,-7.399078],[109.704597,-7.39877],[109.704766,-7.39839],[109.705131,-7.397894],[109.706392,-7.398467],[109.706738,-7.398631],[109.707087,-7.398777],[109.70748,-7.399013],[109.70785,-7.399195],[109.708195,-7.399468],[109.708503,-7.399758],[109.708804,-7.39993],[109.709934,-7.400413],[109.710619,-7.400515],[109.71123,-7.400679],[109.711923,-7.400934],[109.712628,-7.401036],[109.713046,-7.400766],[109.713242,-7.400468],[109.713397,-7.399998],[109.713453,-7.399664],[109.713468,-7.399338],[109.713427,-7.398949],[109.713387,-7.398533],[109.713284,-7.397909],[109.713209,-7.397492],[109.713077,-7.396588],[109.713102,-7.396045],[109.713202,-7.395702]]]]}},{"id":"80","type":"Feature","properties":{"DESA":"Tlagawera"},"geometry":{"type":"MultiPolygon","coordinates":[[[[109.716084,-7.408823],[109.716379,-7.409032],[109.716717,-7.409304],[109.717264,-7.409405],[109.717914,-7.409561],[109.718532,-7.409807],[109.71895,-7.41008],[109.719406,-7.410388],[109.719773,-7.410579],[109.720312,-7.411051],[109.720637,-7.411305],[109.72102,-7.411397],[109.721349,-7.411416],[109.721735,-7.411462],[109.722479,-7.411166],[109.723162,-7.411014],[109.724002,-7.410827],[109.724716,-7.410648],[109.726034,-7.410335],[109.726917,-7.410102],[109.727365,-7.410004],[109.728023,-7.409807],[109.728473,-7.41045],[109.729011,-7.411185],[109.729635,-7.411892],[109.730083,-7.412327],[109.730451,-7.412952],[109.730805,-7.412989],[109.731013,-7.413424],[109.731111,-7.413985],[109.731648,-7.414963],[109.73211,-7.415869],[109.732482,-7.416557],[109.732684,-7.417064],[109.732712,-7.41748],[109.732677,-7.417942],[109.732695,-7.418267],[109.733172,-7.419137],[109.733415,-7.419472],[109.733641,-7.419708],[109.734104,-7.419899],[109.734738,-7.420136],[109.734987,-7.420435],[109.735249,-7.42096],[109.735533,-7.421278],[109.735691,-7.421703],[109.735843,-7.421993],[109.736126,-7.422509],[109.736372,-7.4228],[109.737273,-7.424132],[109.738471,-7.425311],[109.738974,-7.425737],[109.739494,-7.426155],[109.739964,-7.426509],[109.74032,-7.426763],[109.741054,-7.427335],[109.741499,-7.42768],[109.74201,-7.42807],[109.742505,-7.42846],[109.743074,-7.428905],[109.743659,-7.429368],[109.744137,-7.429803],[109.744714,-7.430366],[109.745299,-7.431018],[109.745756,-7.431861],[109.746299,-7.432097],[109.746611,-7.43246],[109.747337,-7.432842],[109.748049,-7.433251],[109.749485,-7.4334],[109.750001,-7.433464],[109.750457,-7.433574],[109.750951,-7.434082],[109.751192,-7.434381],[109.751249,-7.434834],[109.751547,-7.435187],[109.751839,-7.435351],[109.752615,-7.435678],[109.752898,-7.436041],[109.752948,-7.436403],[109.752961,-7.436918],[109.753489,-7.43768],[109.754004,-7.438151],[109.753345,-7.439696],[109.753229,-7.440917],[109.75292,-7.442833],[109.752707,-7.444189],[109.752545,-7.446033],[109.751215,-7.445939],[109.750465,-7.445901],[109.749765,-7.445528],[109.749043,-7.445146],[109.748094,-7.444628],[109.746879,-7.443946],[109.745816,-7.443274],[109.74479,-7.442611],[109.744031,-7.442093],[109.743215,-7.441585],[109.742589,-7.441221],[109.741867,-7.440839],[109.741013,-7.440339],[109.740348,-7.439985],[109.739588,-7.439603],[109.738981,-7.439275],[109.738487,-7.438985],[109.737842,-7.438585],[109.736968,-7.438022],[109.736152,-7.437386],[109.735545,-7.436896],[109.735222,-7.436705],[109.734851,-7.436569],[109.734481,-7.436586],[109.733929,-7.436684],[109.733168,-7.436853],[109.732388,-7.437095],[109.731531,-7.437373],[109.730674,-7.437678],[109.729494,-7.438127],[109.728523,-7.438522],[109.72719,-7.438998],[109.726353,-7.439257],[109.725515,-7.439463],[109.724488,-7.439686],[109.724012,-7.439766],[109.723442,-7.439439],[109.722721,-7.438885],[109.721868,-7.438186],[109.721203,-7.437669],[109.720596,-7.437197],[109.719666,-7.436453],[109.719173,-7.436053],[109.718718,-7.435654],[109.717997,-7.434947],[109.717428,-7.434357],[109.716651,-7.433695],[109.716006,-7.433195],[109.716014,-7.43268],[109.716044,-7.432101],[109.715945,-7.430645],[109.715807,-7.430003],[109.715659,-7.42945],[109.715515,-7.42907],[109.715333,-7.42878],[109.71514,-7.428463],[109.714999,-7.428065],[109.714866,-7.427639],[109.714754,-7.427142],[109.714733,-7.426653],[109.71466,-7.426038],[109.714439,-7.425603],[109.714458,-7.425034],[109.714492,-7.424518],[109.714437,-7.424147],[109.7144,-7.423623],[109.714349,-7.42327],[109.71438,-7.422926],[109.714551,-7.421733],[109.714665,-7.421308],[109.714868,-7.420694],[109.714654,-7.419391],[109.714865,-7.41884],[109.715224,-7.418136],[109.714961,-7.417004],[109.714964,-7.41667],[109.714984,-7.415856],[109.714823,-7.41543],[109.714318,-7.414479],[109.714145,-7.414063],[109.713758,-7.413619],[109.713424,-7.413156],[109.712836,-7.412639],[109.712825,-7.412259],[109.712881,-7.411835],[109.712758,-7.411482],[109.712353,-7.411164],[109.712174,-7.410874],[109.712269,-7.410503],[109.712429,-7.410224],[109.712414,-7.409871],[109.71244,-7.409238],[109.712733,-7.409094],[109.712993,-7.408769],[109.713314,-7.408245],[109.713712,-7.408093],[109.714694,-7.408656],[109.715186,-7.408369],[109.715642,-7.408442],[109.716084,-7.408823]]]]}},{"id":"81","type":"Feature","properties":{"DESA":"Cendana"},"geometry":{"type":"MultiPolygon","coordinates":[[[[109.728023,-7.409807],[109.727626,-7.408974],[109.727489,-7.408196],[109.727507,-7.407834],[109.72756,-7.407518],[109.727683,-7.407003],[109.727929,-7.406388],[109.728296,-7.405856],[109.72854,-7.405576],[109.728993,-7.40518],[109.729307,-7.404909],[109.72983,-7.404504],[109.730248,-7.40427],[109.730529,-7.40409],[109.731381,-7.403595],[109.732026,-7.403162],[109.73263,-7.402775],[109.733293,-7.402153],[109.733728,-7.401657],[109.734014,-7.401242],[109.734482,-7.401514],[109.735097,-7.401896],[109.7359,-7.402432],[109.736943,-7.403158],[109.737986,-7.403903],[109.739029,-7.404602],[109.740206,-7.405438],[109.741409,-7.406291],[109.742314,-7.407053],[109.743415,-7.407988],[109.744239,-7.408768],[109.745045,-7.409675],[109.745793,-7.410635],[109.746406,-7.411469],[109.747101,-7.412348],[109.747661,-7.4131],[109.748088,-7.413608],[109.748587,-7.414206],[109.749242,-7.414968],[109.749782,-7.415593],[109.750001,-7.415856],[109.750679,-7.417025],[109.75125,-7.418238],[109.751634,-7.419017],[109.752827,-7.420757],[109.753606,-7.421799],[109.754334,-7.422479],[109.75553,-7.423387],[109.756493,-7.423942],[109.757585,-7.424542],[109.758235,-7.425113],[109.758208,-7.425628],[109.757448,-7.427245],[109.756608,-7.429033],[109.756084,-7.430144],[109.755586,-7.431418],[109.755111,-7.433524],[109.75482,-7.434952],[109.754372,-7.436506],[109.754004,-7.438151],[109.753489,-7.43768],[109.752961,-7.436918],[109.752948,-7.436403],[109.752898,-7.436041],[109.752615,-7.435678],[109.751839,-7.435351],[109.751547,-7.435187],[109.751249,-7.434834],[109.751192,-7.434381],[109.750951,-7.434082],[109.750457,-7.433574],[109.750001,-7.433464],[109.749485,-7.4334],[109.748049,-7.433251],[109.747337,-7.432842],[109.746611,-7.43246],[109.746299,-7.432097],[109.745756,-7.431861],[109.745299,-7.431018],[109.744714,-7.430366],[109.744137,-7.429803],[109.743659,-7.429368],[109.743074,-7.428905],[109.742505,-7.42846],[109.74201,-7.42807],[109.741499,-7.42768],[109.741054,-7.427335],[109.74032,-7.426763],[109.739964,-7.426509],[109.739494,-7.426155],[109.738974,-7.425737],[109.738471,-7.425311],[109.737273,-7.424132],[109.736372,-7.4228],[109.736126,-7.422509],[109.735843,-7.421993],[109.735691,-7.421703],[109.735533,-7.421278],[109.735249,-7.42096],[109.734987,-7.420435],[109.734738,-7.420136],[109.734104,-7.419899],[109.733641,-7.419708],[109.733415,-7.419472],[109.733172,-7.419137],[109.732695,-7.418267],[109.732677,-7.417942],[109.732712,-7.41748],[109.732684,-7.417064],[109.732482,-7.416557],[109.73211,-7.415869],[109.731648,-7.414963],[109.731111,-7.413985],[109.731013,-7.413424],[109.730805,-7.412989],[109.730451,-7.412952],[109.730083,-7.412327],[109.729635,-7.411892],[109.729011,-7.411185],[109.728473,-7.41045],[109.728023,-7.409807]]]]}},{"id":"82","type":"Feature","properties":{"DESA":"Sukayasa"},"geometry":{"type":"MultiPolygon","coordinates":[[[[109.728977,-7.395973],[109.729484,-7.396879],[109.729778,-7.397386],[109.730205,-7.39774],[109.730472,-7.398003],[109.730659,-7.398356],[109.731059,-7.399],[109.731305,-7.399308],[109.731727,-7.39977],[109.732702,-7.400415],[109.733626,-7.401006],[109.734014,-7.401242],[109.733728,-7.401657],[109.733293,-7.402153],[109.73263,-7.402775],[109.732026,-7.403162],[109.731381,-7.403595],[109.730529,-7.40409],[109.730248,-7.40427],[109.72983,-7.404504],[109.729307,-7.404909],[109.728993,-7.40518],[109.72854,-7.405576],[109.728296,-7.405856],[109.727929,-7.406388],[109.727683,-7.407003],[109.72756,-7.407518],[109.727507,-7.407834],[109.727489,-7.408196],[109.727626,-7.408974],[109.728023,-7.409807],[109.727365,-7.410004],[109.726917,-7.410102],[109.726034,-7.410335],[109.724716,-7.410648],[109.724002,-7.410827],[109.723162,-7.411014],[109.722479,-7.411166],[109.721735,-7.411462],[109.721349,-7.411416],[109.72102,-7.411397],[109.720637,-7.411305],[109.720312,-7.411051],[109.719773,-7.410579],[109.719406,-7.410388],[109.71895,-7.41008],[109.718532,-7.409807],[109.717914,-7.409561],[109.717264,-7.409405],[109.716717,-7.409304],[109.716379,-7.409032],[109.716084,-7.408823],[109.716453,-7.407884],[109.716384,-7.407278],[109.716343,-7.406554],[109.716289,-7.405785],[109.716262,-7.405152],[109.71625,-7.404429],[109.716252,-7.403669],[109.716297,-7.403009],[109.716366,-7.402466],[109.716613,-7.401961],[109.716927,-7.40169],[109.717468,-7.401439],[109.718132,-7.401242],[109.718549,-7.401704],[109.718905,-7.402076],[109.719137,-7.402348],[109.719486,-7.402738],[109.71994,-7.403065],[109.720741,-7.402768],[109.7212,-7.40258],[109.72167,-7.40231],[109.722126,-7.401958],[109.722511,-7.401607],[109.723039,-7.401066],[109.723353,-7.400714],[109.723695,-7.400317],[109.724024,-7.399911],[109.724352,-7.399523],[109.724624,-7.399153],[109.724909,-7.398819],[109.725252,-7.398404],[109.725694,-7.397881],[109.726022,-7.397484],[109.726407,-7.39715],[109.726788,-7.396898],[109.727248,-7.396637],[109.727889,-7.396386],[109.728402,-7.396188],[109.728977,-7.395973]]]]}},{"id":"83","type":"Feature","properties":{"DESA":"Sukanandi"},"geometry":{"type":"MultiPolygon","coordinates":[[[[109.714211,-7.385856],[109.715512,-7.385996],[109.716088,-7.386006],[109.716586,-7.385999],[109.716927,-7.385909],[109.71728,-7.385747],[109.717713,-7.385504],[109.7185,-7.385136],[109.719575,-7.384578],[109.720125,-7.3843],[109.720807,-7.384283],[109.721355,-7.384629],[109.721811,-7.385254],[109.72232,-7.385997],[109.722738,-7.386523],[109.723076,-7.386904],[109.723481,-7.38723],[109.723926,-7.387376],[109.724292,-7.387413],[109.724751,-7.387388],[109.725577,-7.387155],[109.725491,-7.387544],[109.725651,-7.387842],[109.725998,-7.38835],[109.726399,-7.388803],[109.726853,-7.389392],[109.727306,-7.39009],[109.727892,-7.391322],[109.728079,-7.39172],[109.728185,-7.392145],[109.728317,-7.392734],[109.728369,-7.393376],[109.728528,-7.394073],[109.728633,-7.394796],[109.728685,-7.395249],[109.728977,-7.395973],[109.728402,-7.396188],[109.727889,-7.396386],[109.727248,-7.396637],[109.726788,-7.396898],[109.726407,-7.39715],[109.726022,-7.397484],[109.725694,-7.397881],[109.725252,-7.398404],[109.724909,-7.398819],[109.724624,-7.399153],[109.724352,-7.399523],[109.724024,-7.399911],[109.723695,-7.400317],[109.723353,-7.400714],[109.723039,-7.401066],[109.722511,-7.401607],[109.722126,-7.401958],[109.72167,-7.40231],[109.7212,-7.40258],[109.720741,-7.402768],[109.71994,-7.403065],[109.719486,-7.402738],[109.719137,-7.402348],[109.718905,-7.402076],[109.718549,-7.401704],[109.718132,-7.401242],[109.71788,-7.400762],[109.717553,-7.399115],[109.717461,-7.398671],[109.717262,-7.397992],[109.716898,-7.397024],[109.716576,-7.396444],[109.716262,-7.395819],[109.716157,-7.395475],[109.715707,-7.395329],[109.715268,-7.395319],[109.714657,-7.395371],[109.714319,-7.395434],[109.713666,-7.395658],[109.713202,-7.395702],[109.713489,-7.395232],[109.713708,-7.394953],[109.71392,-7.394682],[109.714207,-7.394303],[109.71438,-7.393978],[109.714661,-7.393499],[109.715216,-7.392533],[109.715394,-7.391955],[109.715323,-7.391448],[109.714922,-7.391031],[109.714673,-7.390714],[109.714549,-7.390361],[109.714481,-7.38989],[109.714454,-7.389492],[109.714581,-7.388742],[109.714749,-7.388309],[109.714682,-7.387675],[109.714377,-7.387141],[109.714281,-7.386761],[109.71431,-7.386354],[109.714211,-7.385856]]]]}},{"id":"84","type":"Feature","properties":{"DESA":"Parakancanggah"},"geometry":{"type":"MultiPolygon","coordinates":[[[[109.710484,-7.386542],[109.711125,-7.38648],[109.711781,-7.386283],[109.71258,-7.385942],[109.712999,-7.385853],[109.713418,-7.385827],[109.714211,-7.385856],[109.71431,-7.386354],[109.714281,-7.386761],[109.714377,-7.387141],[109.714682,-7.387675],[109.714749,-7.388309],[109.714581,-7.388742],[109.714454,-7.389492],[109.714481,-7.38989],[109.714549,-7.390361],[109.714673,-7.390714],[109.714922,-7.391031],[109.715323,-7.391448],[109.715394,-7.391955],[109.715216,-7.392533],[109.714661,-7.393499],[109.71438,-7.393978],[109.714207,-7.394303],[109.71392,-7.394682],[109.713708,-7.394953],[109.713489,-7.395232],[109.713202,-7.395702],[109.71282,-7.395547],[109.712646,-7.395908],[109.712404,-7.396134],[109.711922,-7.395852],[109.711665,-7.395607],[109.711011,-7.396139],[109.710642,-7.396147],[109.710138,-7.395801],[109.709894,-7.395511],[109.709708,-7.395185],[109.709543,-7.394796],[109.70931,-7.393873],[109.705474,-7.394902],[109.704911,-7.395316],[109.704645,-7.395568],[109.704376,-7.39507],[109.703722,-7.395276],[109.703271,-7.395112],[109.703292,-7.394669],[109.703336,-7.393955],[109.703182,-7.393575],[109.703203,-7.393186],[109.702969,-7.392444],[109.702419,-7.392207],[109.702093,-7.391962],[109.701611,-7.391571],[109.701265,-7.391218],[109.701079,-7.390729],[109.700982,-7.39015],[109.700716,-7.389814],[109.700228,-7.389496],[109.699696,-7.388654],[109.699461,-7.388346],[109.698333,-7.388288],[109.697694,-7.38844],[109.697231,-7.387724],[109.696852,-7.387416],[109.696631,-7.386854],[109.696894,-7.386457],[109.697431,-7.386459],[109.698119,-7.386569],[109.698461,-7.386425],[109.698897,-7.386752],[109.699612,-7.386971],[109.700185,-7.38719],[109.700581,-7.387327],[109.700947,-7.387427],[109.701304,-7.387501],[109.701748,-7.387575],[109.70214,-7.387639],[109.703135,-7.387723],[109.703528,-7.387679],[109.704066,-7.387373],[109.704081,-7.386903],[109.703794,-7.386531],[109.703297,-7.386168],[109.702565,-7.38575],[109.70237,-7.385487],[109.702345,-7.384999],[109.702659,-7.384728],[109.703013,-7.384702],[109.703367,-7.384694],[109.703916,-7.384814],[109.704793,-7.385096],[109.70542,-7.385388],[109.705917,-7.385624],[109.706558,-7.385861],[109.707146,-7.386062],[109.707984,-7.386218],[109.708821,-7.386338],[109.710065,-7.386513],[109.710484,-7.386542]]]]}},{"id":"85","type":"Feature","properties":{"DESA":"Semarang"},"geometry":{"type":"MultiPolygon","coordinates":[[[[109.703722,-7.395276],[109.704376,-7.39507],[109.704645,-7.395568],[109.704911,-7.395316],[109.705474,-7.394902],[109.70931,-7.393873],[109.709543,-7.394796],[109.709708,-7.395185],[109.709894,-7.395511],[109.710138,-7.395801],[109.710642,-7.396147],[109.711011,-7.396139],[109.711665,-7.395607],[109.711922,-7.395852],[109.712404,-7.396134],[109.712646,-7.395908],[109.71282,-7.395547],[109.713202,-7.395702],[109.713102,-7.396045],[109.713077,-7.396588],[109.713209,-7.397492],[109.713284,-7.397909],[109.713387,-7.398533],[109.713427,-7.398949],[109.713468,-7.399338],[109.713453,-7.399664],[109.713397,-7.399998],[109.713242,-7.400468],[109.713046,-7.400766],[109.712628,-7.401036],[109.711923,-7.400934],[109.71123,-7.400679],[109.710619,-7.400515],[109.709934,-7.400413],[109.708804,-7.39993],[109.708503,-7.399758],[109.708195,-7.399468],[109.70785,-7.399195],[109.70748,-7.399013],[109.707087,-7.398777],[109.706738,-7.398631],[109.706392,-7.398467],[109.705131,-7.397894],[109.704766,-7.39839],[109.704597,-7.39877],[109.704743,-7.399078],[109.7046,-7.399394],[109.704481,-7.39971],[109.704469,-7.400162],[109.704497,-7.400506],[109.70444,-7.400895],[109.704286,-7.401256],[109.70435,-7.401654],[109.70303,-7.403929],[109.702357,-7.404479],[109.703785,-7.40876],[109.703025,-7.408605],[109.702247,-7.408611],[109.701774,-7.408574],[109.701132,-7.408825],[109.700787,-7.408508],[109.700377,-7.40819],[109.700417,-7.407828],[109.700782,-7.407106],[109.700753,-7.406554],[109.700587,-7.406228],[109.700254,-7.405829],[109.699827,-7.405421],[109.698972,-7.404749],[109.698595,-7.404676],[109.697572,-7.404212],[109.697756,-7.403525],[109.697813,-7.403109],[109.697869,-7.402711],[109.698008,-7.402223],[109.698152,-7.401762],[109.697934,-7.400812],[109.697908,-7.400179],[109.697777,-7.399166],[109.69769,-7.398578],[109.697273,-7.396831],[109.698866,-7.396682],[109.700932,-7.396489],[109.701499,-7.39631],[109.701905,-7.396139],[109.702493,-7.395951],[109.703079,-7.395727],[109.703722,-7.395276]]]]}},{"id":"86","type":"Feature","properties":{"DESA":"Krandegan"},"geometry":{"type":"MultiPolygon","coordinates":[[[[109.694352,-7.388132],[109.695683,-7.388859],[109.69665,-7.389296],[109.697173,-7.389415],[109.697632,-7.389326],[109.697816,-7.389001],[109.697694,-7.38844],[109.698333,-7.388288],[109.699461,-7.388346],[109.699696,-7.388654],[109.700228,-7.389496],[109.700716,-7.389814],[109.700982,-7.39015],[109.701079,-7.390729],[109.701265,-7.391218],[109.701611,-7.391571],[109.702093,-7.391962],[109.702419,-7.392207],[109.702969,-7.392444],[109.703203,-7.393186],[109.703182,-7.393575],[109.703336,-7.393955],[109.703292,-7.394669],[109.703271,-7.395112],[109.703722,-7.395276],[109.703079,-7.395727],[109.702493,-7.395951],[109.701905,-7.396139],[109.701499,-7.39631],[109.700932,-7.396489],[109.698866,-7.396682],[109.697273,-7.396831],[109.69769,-7.398578],[109.697777,-7.399166],[109.697908,-7.400179],[109.697934,-7.400812],[109.698152,-7.401762],[109.698008,-7.402223],[109.697869,-7.402711],[109.697813,-7.403109],[109.697756,-7.403525],[109.697572,-7.404212],[109.697173,-7.404328],[109.696915,-7.403821],[109.696499,-7.403322],[109.696229,-7.403122],[109.696016,-7.402778],[109.695596,-7.402542],[109.695292,-7.402405],[109.694563,-7.402475],[109.694191,-7.40251],[109.693864,-7.402302],[109.693154,-7.402146],[109.693384,-7.401739],[109.693892,-7.401352],[109.693895,-7.401026],[109.693413,-7.400582],[109.693834,-7.400249],[109.694101,-7.400059],[109.694553,-7.399961],[109.694994,-7.400107],[109.695217,-7.398507],[109.695136,-7.39772],[109.694975,-7.397105],[109.695746,-7.39698],[109.695794,-7.395353],[109.695823,-7.394168],[109.695981,-7.392857],[109.696538,-7.392895],[109.697325,-7.392915],[109.697183,-7.392409],[109.696975,-7.391929],[109.696755,-7.391548],[109.696546,-7.391258],[109.696269,-7.390896],[109.695865,-7.390352],[109.695562,-7.390034],[109.695293,-7.389726],[109.694925,-7.389237],[109.694773,-7.388866],[109.694352,-7.388132]]]]}},{"id":"87","type":"Feature","properties":{"DESA":"Kuta Banjarnegara"},"geometry":{"type":"MultiPolygon","coordinates":[[[[109.682047,-7.392672],[109.682459,-7.392356],[109.682774,-7.39214],[109.683085,-7.391906],[109.683486,-7.391591],[109.683853,-7.391185],[109.683973,-7.390525],[109.684291,-7.389477],[109.684619,-7.388863],[109.685144,-7.388801],[109.68568,-7.388984],[109.686621,-7.389411],[109.68751,-7.389803],[109.688386,-7.390131],[109.688949,-7.390304],[109.689446,-7.390378],[109.689878,-7.39037],[109.690926,-7.39022],[109.691633,-7.390131],[109.692105,-7.389988],[109.692485,-7.389763],[109.69288,-7.389312],[109.693314,-7.388563],[109.693551,-7.388184],[109.693892,-7.388022],[109.694352,-7.388132],[109.694773,-7.388866],[109.694925,-7.389237],[109.695293,-7.389726],[109.695562,-7.390034],[109.695865,-7.390352],[109.696269,-7.390896],[109.696546,-7.391258],[109.696755,-7.391548],[109.696975,-7.391929],[109.697183,-7.392409],[109.697325,-7.392915],[109.696538,-7.392895],[109.695981,-7.392857],[109.695823,-7.394168],[109.695794,-7.395353],[109.695746,-7.39698],[109.694975,-7.397105],[109.695136,-7.39772],[109.695217,-7.398507],[109.694994,-7.400107],[109.694553,-7.399961],[109.694101,-7.400059],[109.693834,-7.400249],[109.693413,-7.400582],[109.693048,-7.400689],[109.691705,-7.401101],[109.690543,-7.401378],[109.689951,-7.40144],[109.688802,-7.40169],[109.68838,-7.401779],[109.687975,-7.401479],[109.687725,-7.40128],[109.687328,-7.401197],[109.686908,-7.401386],[109.686644,-7.401738],[109.686484,-7.402198],[109.686177,-7.402387],[109.685639,-7.402476],[109.685303,-7.402502],[109.684434,-7.402563],[109.683997,-7.402499],[109.68392,-7.400997],[109.68381,-7.4004],[109.683681,-7.399875],[109.683593,-7.399377],[109.683545,-7.398952],[109.683485,-7.398418],[109.684187,-7.396422],[109.683933,-7.396078],[109.683588,-7.395823],[109.683077,-7.395632],[109.682733,-7.395568],[109.682183,-7.395774],[109.681786,-7.395782],[109.681365,-7.395573],[109.680804,-7.395218],[109.681291,-7.394587],[109.68162,-7.394],[109.681845,-7.393105],[109.682047,-7.392672]]]]}},{"id":"88","type":"Feature","properties":{"DESA":"Karangtengah"},"geometry":{"type":"MultiPolygon","coordinates":[[[[109.693048,-7.400689],[109.693413,-7.400582],[109.693895,-7.401026],[109.693892,-7.401352],[109.693384,-7.401739],[109.693154,-7.402146],[109.693864,-7.402302],[109.694191,-7.40251],[109.694563,-7.402475],[109.695292,-7.402405],[109.695596,-7.402542],[109.696016,-7.402778],[109.696229,-7.403122],[109.696499,-7.403322],[109.696915,-7.403821],[109.697173,-7.404328],[109.696201,-7.404551],[109.695541,-7.404622],[109.695064,-7.404665],[109.694704,-7.404583],[109.694304,-7.404274],[109.693944,-7.403939],[109.693703,-7.403712],[109.693162,-7.403385],[109.692612,-7.403112],[109.692077,-7.402947],[109.691508,-7.402828],[109.690995,-7.402935],[109.690578,-7.403314],[109.690479,-7.403739],[109.690602,-7.404345],[109.690746,-7.404707],[109.690554,-7.405095],[109.69002,-7.405293],[109.689508,-7.405219],[109.689323,-7.406331],[109.689317,-7.406891],[109.689327,-7.407271],[109.689332,-7.408022],[109.689316,-7.408519],[109.689311,-7.409197],[109.689313,-7.409604],[109.689254,-7.410671],[109.688818,-7.411014],[109.688245,-7.411292],[109.687604,-7.411562],[109.687885,-7.412874],[109.687924,-7.413579],[109.688019,-7.414385],[109.688068,-7.414909],[109.687767,-7.415713],[109.687338,-7.415477],[109.686571,-7.414932],[109.68618,-7.414705],[109.685707,-7.414269],[109.685011,-7.413987],[109.684894,-7.413552],[109.684777,-7.413181],[109.684545,-7.412927],[109.684049,-7.412899],[109.683643,-7.413069],[109.68346,-7.413331],[109.683096,-7.413258],[109.682772,-7.413166],[109.682435,-7.413165],[109.6822,-7.413382],[109.681866,-7.413353],[109.681538,-7.413144],[109.681474,-7.413506],[109.681106,-7.413731],[109.680781,-7.414146],[109.680308,-7.413955],[109.679935,-7.414008],[109.679605,-7.414269],[109.679297,-7.414449],[109.678959,-7.414367],[109.678066,-7.41431],[109.677485,-7.413838],[109.677674,-7.412943],[109.677957,-7.412202],[109.678207,-7.411588],[109.678529,-7.410766],[109.678809,-7.410089],[109.679075,-7.409402],[109.679299,-7.408806],[109.679496,-7.408309],[109.679776,-7.407587],[109.680098,-7.406701],[109.680309,-7.405996],[109.680207,-7.404793],[109.680684,-7.404496],[109.680858,-7.404063],[109.68115,-7.403675],[109.681291,-7.403169],[109.681456,-7.402708],[109.682329,-7.402078],[109.683997,-7.402499],[109.684434,-7.402563],[109.685303,-7.402502],[109.685639,-7.402476],[109.686177,-7.402387],[109.686484,-7.402198],[109.686644,-7.401738],[109.686908,-7.401386],[109.687328,-7.401197],[109.687725,-7.40128],[109.687975,-7.401479],[109.68838,-7.401779],[109.688802,-7.40169],[109.689951,-7.40144],[109.690543,-7.401378],[109.691705,-7.401101],[109.693048,-7.400689]]]]}},{"id":"89","type":"Feature","properties":{"DESA":"Wangon"},"geometry":{"type":"MultiPolygon","coordinates":[[[[109.676867,-7.397033],[109.677316,-7.39727],[109.677904,-7.397317],[109.678245,-7.397254],[109.678626,-7.397075],[109.679163,-7.396615],[109.67961,-7.396218],[109.680292,-7.395678],[109.680804,-7.395218],[109.681365,-7.395573],[109.681786,-7.395782],[109.682183,-7.395774],[109.682733,-7.395568],[109.683077,-7.395632],[109.683588,-7.395823],[109.683933,-7.396078],[109.684187,-7.396422],[109.683485,-7.398418],[109.683545,-7.398952],[109.683593,-7.399377],[109.683681,-7.399875],[109.68381,-7.4004],[109.68392,-7.400997],[109.683997,-7.402499],[109.682329,-7.402078],[109.681456,-7.402708],[109.681291,-7.403169],[109.68115,-7.403675],[109.680858,-7.404063],[109.680684,-7.404496],[109.680207,-7.404793],[109.680309,-7.405996],[109.680098,-7.406701],[109.679776,-7.407587],[109.679496,-7.408309],[109.679299,-7.408806],[109.679075,-7.409402],[109.678809,-7.410089],[109.678529,-7.410766],[109.678207,-7.411588],[109.677957,-7.412202],[109.677674,-7.412943],[109.677485,-7.413838],[109.676832,-7.413565],[109.676082,-7.413246],[109.675165,-7.412845],[109.674414,-7.412554],[109.673664,-7.412298],[109.672387,-7.412213],[109.67315,-7.41151],[109.673376,-7.411167],[109.673664,-7.410598],[109.67383,-7.410119],[109.673902,-7.409604],[109.673934,-7.409161],[109.674075,-7.408474],[109.674305,-7.407806],[109.674458,-7.407399],[109.674648,-7.40711],[109.673957,-7.406566],[109.674477,-7.40654],[109.675152,-7.406605],[109.675486,-7.406525],[109.675977,-7.406327],[109.676274,-7.405858],[109.676334,-7.405198],[109.676388,-7.404565],[109.676396,-7.404185],[109.676093,-7.403551],[109.675831,-7.403198],[109.675455,-7.402717],[109.675597,-7.402365],[109.675861,-7.402113],[109.675995,-7.40176],[109.675749,-7.401407],[109.67635,-7.400631],[109.676465,-7.400215],[109.676593,-7.399574],[109.676665,-7.39876],[109.676765,-7.39772],[109.676867,-7.397033]]]]}},{"id":"90","type":"Feature","properties":{"DESA":"Semampir"},"geometry":{"type":"MultiPolygon","coordinates":[[[[109.669152,-7.394144],[109.669822,-7.39429],[109.670202,-7.3944],[109.670529,-7.394546],[109.671025,-7.394836],[109.671628,-7.394793],[109.671943,-7.394505],[109.672023,-7.394016],[109.672011,-7.393383],[109.671855,-7.39303],[109.671542,-7.392668],[109.671308,-7.392233],[109.671519,-7.391808],[109.672031,-7.391412],[109.672437,-7.391386],[109.672895,-7.391469],[109.673365,-7.391651],[109.67377,-7.391951],[109.674174,-7.392495],[109.674591,-7.393355],[109.675007,-7.39426],[109.675358,-7.395121],[109.675762,-7.395854],[109.676257,-7.396543],[109.676867,-7.397033],[109.676765,-7.39772],[109.676665,-7.39876],[109.676593,-7.399574],[109.676465,-7.400215],[109.67635,-7.400631],[109.675749,-7.401407],[109.675995,-7.40176],[109.675861,-7.402113],[109.675597,-7.402365],[109.675455,-7.402717],[109.675831,-7.403198],[109.676093,-7.403551],[109.676396,-7.404185],[109.676388,-7.404565],[109.676334,-7.405198],[109.676274,-7.405858],[109.675977,-7.406327],[109.675486,-7.406525],[109.675152,-7.406605],[109.674477,-7.40654],[109.673957,-7.406566],[109.674648,-7.40711],[109.674458,-7.407399],[109.674305,-7.407806],[109.674075,-7.408474],[109.673934,-7.409161],[109.673902,-7.409604],[109.67383,-7.410119],[109.673664,-7.410598],[109.673376,-7.411167],[109.67315,-7.41151],[109.672387,-7.412213],[109.672183,-7.412547],[109.671949,-7.412872],[109.671125,-7.413303],[109.670574,-7.413573],[109.669793,-7.414068],[109.669342,-7.414483],[109.669134,-7.414175],[109.668834,-7.41393],[109.668231,-7.41353],[109.667645,-7.413139],[109.667325,-7.412903],[109.666857,-7.412477],[109.666509,-7.412024],[109.666238,-7.411652],[109.665999,-7.411208],[109.665711,-7.410592],[109.665512,-7.410149],[109.665377,-7.40966],[109.665319,-7.409298],[109.665276,-7.408782],[109.665251,-7.40842],[109.665252,-7.408023],[109.665264,-7.407453],[109.665334,-7.406965],[109.66555,-7.406504],[109.665789,-7.406008],[109.665972,-7.40552],[109.666168,-7.404923],[109.666325,-7.40439],[109.666547,-7.403686],[109.666743,-7.402963],[109.666979,-7.402249],[109.667109,-7.401851],[109.667305,-7.401192],[109.667436,-7.400695],[109.667554,-7.40027],[109.667788,-7.399222],[109.667958,-7.398499],[109.668132,-7.397722],[109.668368,-7.396691],[109.668577,-7.395878],[109.668747,-7.395264],[109.668904,-7.394767],[109.669152,-7.394144]]]]}},{"id":"91","type":"Feature","properties":{"DESA":"Pringamba"},"geometry":{"type":"MultiPolygon","coordinates":[[[[109.753043,-7.41572],[109.753365,-7.415947],[109.754002,-7.415994],[109.754847,-7.415997],[109.755245,-7.416061],[109.755453,-7.415808],[109.755709,-7.415393],[109.756268,-7.41506],[109.756843,-7.414347],[109.757369,-7.414367],[109.75758,-7.414865],[109.757516,-7.415262],[109.757697,-7.415652],[109.757807,-7.415969],[109.757543,-7.416194],[109.757622,-7.416592],[109.758017,-7.416494],[109.759177,-7.416099],[109.759819,-7.415549],[109.760154,-7.415243],[109.760401,-7.414502],[109.760435,-7.414095],[109.76084,-7.41406],[109.760895,-7.414521],[109.761065,-7.414874],[109.761065,-7.415444],[109.761012,-7.415806],[109.761415,-7.415906],[109.761634,-7.415636],[109.761976,-7.415329],[109.762112,-7.414823],[109.762552,-7.414354],[109.762971,-7.41421],[109.763838,-7.413896],[109.764407,-7.413473],[109.764761,-7.413094],[109.765268,-7.412535],[109.765501,-7.412047],[109.765649,-7.411677],[109.766483,-7.411308],[109.766649,-7.412231],[109.766791,-7.412991],[109.766756,-7.414058],[109.766833,-7.414899],[109.766847,-7.415777],[109.766971,-7.416745],[109.767162,-7.417035],[109.76756,-7.417126],[109.767911,-7.417064],[109.768421,-7.416975],[109.768756,-7.416958],[109.769249,-7.417104],[109.769981,-7.417576],[109.770458,-7.417948],[109.771699,-7.418648],[109.772431,-7.418948],[109.77353,-7.419368],[109.774468,-7.419877],[109.77555,-7.420504],[109.776712,-7.421095],[109.778382,-7.422049],[109.779098,-7.422503],[109.779846,-7.422822],[109.780643,-7.422968],[109.781599,-7.423016],[109.782236,-7.422919],[109.782986,-7.422649],[109.78372,-7.422253],[109.784097,-7.42201],[109.784055,-7.422526],[109.783828,-7.422869],[109.78336,-7.423546],[109.783167,-7.423997],[109.782886,-7.424711],[109.782695,-7.425127],[109.78254,-7.425732],[109.781887,-7.427123],[109.78158,-7.427475],[109.781106,-7.428125],[109.780545,-7.428765],[109.780398,-7.429262],[109.780098,-7.429732],[109.779684,-7.429948],[109.779141,-7.429874],[109.779096,-7.430208],[109.778974,-7.430741],[109.778733,-7.431094],[109.77864,-7.43141],[109.778348,-7.431644],[109.777959,-7.431996],[109.777899,-7.432439],[109.777878,-7.433198],[109.777895,-7.433931],[109.778358,-7.434222],[109.778233,-7.434664],[109.777822,-7.435161],[109.777386,-7.435539],[109.777124,-7.435774],[109.776572,-7.436179],[109.776336,-7.436613],[109.776197,-7.436956],[109.77611,-7.437363],[109.776035,-7.437797],[109.776025,-7.438195],[109.776013,-7.438574],[109.775973,-7.438936],[109.7758,-7.439514],[109.775704,-7.439903],[109.775766,-7.440238],[109.775797,-7.440654],[109.776082,-7.441179],[109.776529,-7.441352],[109.776917,-7.441887],[109.777071,-7.442647],[109.776938,-7.443135],[109.776777,-7.443722],[109.776616,-7.444228],[109.776516,-7.445793],[109.776563,-7.446191],[109.776753,-7.446472],[109.77715,-7.446952],[109.777174,-7.448001],[109.776223,-7.447935],[109.775324,-7.447878],[109.773807,-7.447974],[109.773012,-7.447981],[109.772164,-7.447852],[109.770983,-7.447469],[109.770187,-7.44724],[109.770109,-7.446923],[109.769553,-7.44656],[109.767224,-7.445062],[109.765647,-7.444089],[109.76359,-7.442691],[109.762661,-7.441911],[109.761433,-7.440786],[109.760988,-7.44073],[109.760546,-7.440593],[109.759665,-7.440898],[109.759402,-7.440391],[109.758179,-7.440171],[109.756986,-7.440005],[109.755021,-7.439728],[109.753345,-7.439696],[109.754004,-7.438151],[109.754372,-7.436506],[109.75482,-7.434952],[109.755111,-7.433524],[109.755586,-7.431418],[109.756084,-7.430144],[109.756608,-7.429033],[109.757448,-7.427245],[109.758208,-7.425628],[109.758235,-7.425113],[109.757585,-7.424542],[109.756493,-7.423942],[109.75553,-7.423387],[109.754334,-7.422479],[109.753606,-7.421799],[109.752827,-7.420757],[109.751634,-7.419017],[109.75125,-7.418238],[109.753043,-7.41572]]]]}},{"id":"92","type":"Feature","properties":{"DESA":"Sawal"},"geometry":{"type":"MultiPolygon","coordinates":[[[[109.784546,-7.421713],[109.784793,-7.421072],[109.785097,-7.420557],[109.785796,-7.420722],[109.786847,-7.421141],[109.787324,-7.421486],[109.787737,-7.421939],[109.788151,-7.422193],[109.788788,-7.422303],[109.789425,-7.422269],[109.790095,-7.422244],[109.790636,-7.422354],[109.790922,-7.422707],[109.791333,-7.423803],[109.791842,-7.424365],[109.79229,-7.424474],[109.793293,-7.424296],[109.793544,-7.424044],[109.793363,-7.423483],[109.793411,-7.423039],[109.79307,-7.422867],[109.792906,-7.422405],[109.793025,-7.422071],[109.793458,-7.421972],[109.793799,-7.421811],[109.794157,-7.421323],[109.794608,-7.42089],[109.79523,-7.420793],[109.795692,-7.42083],[109.796169,-7.420985],[109.797172,-7.42144],[109.79792,-7.421849],[109.798668,-7.422104],[109.799099,-7.422096],[109.799577,-7.42179],[109.800056,-7.42152],[109.80063,-7.421395],[109.801156,-7.421414],[109.801969,-7.421525],[109.802697,-7.421726],[109.803762,-7.424108],[109.804332,-7.425538],[109.805311,-7.428833],[109.805852,-7.429766],[109.805628,-7.430217],[109.805429,-7.430524],[109.805302,-7.430985],[109.805279,-7.431717],[109.805048,-7.431997],[109.80458,-7.432077],[109.804035,-7.432031],[109.803738,-7.432156],[109.803297,-7.432454],[109.80283,-7.432814],[109.802249,-7.43331],[109.801655,-7.433471],[109.801198,-7.433859],[109.800919,-7.434356],[109.800612,-7.435304],[109.800217,-7.435575],[109.799459,-7.43616],[109.799155,-7.436322],[109.798357,-7.436836],[109.798148,-7.43717],[109.798211,-7.437568],[109.798103,-7.438345],[109.797693,-7.438661],[109.797312,-7.438976],[109.796964,-7.439437],[109.796653,-7.439788],[109.796371,-7.440394],[109.796042,-7.440501],[109.795888,-7.440211],[109.795761,-7.439696],[109.795331,-7.439604],[109.795191,-7.440101],[109.795024,-7.440544],[109.79468,-7.44057],[109.794261,-7.440551],[109.793628,-7.440694],[109.792797,-7.441225],[109.792432,-7.441595],[109.79227,-7.441893],[109.791875,-7.442308],[109.791766,-7.442678],[109.791662,-7.443564],[109.791417,-7.444287],[109.790992,-7.444919],[109.790787,-7.445253],[109.790386,-7.445867],[109.790285,-7.446228],[109.790283,-7.446662],[109.789055,-7.447862],[109.788368,-7.448032],[109.787583,-7.448165],[109.786568,-7.44828],[109.784853,-7.448285],[109.783305,-7.448172],[109.781893,-7.44805],[109.779968,-7.448027],[109.778399,-7.448023],[109.777174,-7.448001],[109.77715,-7.446952],[109.776753,-7.446472],[109.776563,-7.446191],[109.776516,-7.445793],[109.776616,-7.444228],[109.776777,-7.443722],[109.776938,-7.443135],[109.777071,-7.442647],[109.776917,-7.441887],[109.776529,-7.441352],[109.776082,-7.441179],[109.775797,-7.440654],[109.775766,-7.440238],[109.775704,-7.439903],[109.7758,-7.439514],[109.775973,-7.438936],[109.776013,-7.438574],[109.776025,-7.438195],[109.776035,-7.437797],[109.77611,-7.437363],[109.776197,-7.436956],[109.776336,-7.436613],[109.776572,-7.436179],[109.777124,-7.435774],[109.777386,-7.435539],[109.777822,-7.435161],[109.778233,-7.434664],[109.778358,-7.434222],[109.777895,-7.433931],[109.777878,-7.433198],[109.777899,-7.432439],[109.777959,-7.431996],[109.778348,-7.431644],[109.77864,-7.43141],[109.778733,-7.431094],[109.778974,-7.430741],[109.779096,-7.430208],[109.779141,-7.429874],[109.779684,-7.429948],[109.780098,-7.429732],[109.780398,-7.429262],[109.780545,-7.428765],[109.781106,-7.428125],[109.78158,-7.427475],[109.781887,-7.427123],[109.78254,-7.425732],[109.782695,-7.425127],[109.782886,-7.424711],[109.783167,-7.423997],[109.78336,-7.423546],[109.783828,-7.422869],[109.784055,-7.422526],[109.784097,-7.42201],[109.784546,-7.421713]]]]}},{"id":"93","type":"Feature","properties":{"DESA":"Panawaren"},"geometry":{"type":"MultiPolygon","coordinates":[[[[109.805852,-7.429766],[109.80695,-7.429723],[109.808384,-7.429718],[109.809883,-7.429659],[109.81103,-7.429725],[109.811795,-7.429818],[109.812464,-7.429946],[109.813005,-7.430029],[109.813547,-7.430049],[109.814025,-7.429887],[109.815078,-7.429591],[109.815587,-7.429737],[109.816001,-7.429956],[109.816526,-7.430418],[109.816956,-7.430546],[109.817625,-7.430611],[109.818278,-7.430649],[109.81874,-7.430632],[109.819266,-7.430588],[109.819713,-7.430508],[109.820255,-7.430464],[109.820637,-7.430492],[109.821003,-7.430683],[109.821862,-7.431391],[109.822419,-7.431781],[109.822865,-7.431855],[109.823327,-7.431883],[109.823581,-7.432092],[109.823915,-7.432391],[109.824281,-7.432664],[109.824726,-7.432954],[109.825075,-7.433317],[109.824924,-7.43404],[109.824581,-7.434491],[109.824376,-7.434807],[109.823907,-7.434978],[109.82399,-7.435412],[109.823909,-7.435855],[109.823606,-7.436243],[109.823672,-7.436569],[109.823959,-7.437076],[109.823924,-7.437637],[109.823832,-7.438369],[109.823955,-7.438722],[109.824264,-7.439112],[109.824204,-7.439474],[109.824031,-7.439762],[109.823839,-7.440106],[109.82388,-7.440467],[109.824974,-7.440796],[109.825418,-7.441186],[109.825729,-7.44201],[109.825997,-7.442698],[109.825819,-7.443421],[109.825817,-7.444235],[109.825714,-7.445446],[109.825463,-7.446775],[109.825496,-7.448304],[109.824319,-7.448581],[109.823081,-7.448379],[109.82261,-7.448332],[109.82204,-7.448421],[109.821445,-7.448573],[109.820974,-7.448672],[109.820257,-7.448371],[109.819837,-7.4479],[109.819268,-7.447482],[109.818724,-7.447128],[109.818377,-7.447209],[109.817053,-7.447947],[109.815974,-7.448523],[109.814122,-7.448771],[109.812961,-7.448858],[109.811506,-7.448818],[109.809248,-7.448541],[109.808149,-7.448502],[109.807563,-7.448554],[109.806516,-7.449076],[109.804536,-7.449993],[109.802735,-7.450531],[109.801542,-7.45069],[109.800361,-7.450407],[109.799514,-7.45016],[109.798072,-7.449632],[109.796484,-7.448714],[109.795826,-7.448432],[109.793683,-7.447956],[109.793055,-7.447918],[109.791998,-7.44806],[109.791328,-7.448158],[109.790659,-7.448192],[109.789055,-7.447862],[109.790283,-7.446662],[109.790285,-7.446228],[109.790386,-7.445867],[109.790787,-7.445253],[109.790992,-7.444919],[109.791417,-7.444287],[109.791662,-7.443564],[109.791766,-7.442678],[109.791875,-7.442308],[109.79227,-7.441893],[109.792432,-7.441595],[109.792797,-7.441225],[109.793628,-7.440694],[109.794261,-7.440551],[109.79468,-7.44057],[109.795024,-7.440544],[109.795191,-7.440101],[109.795331,-7.439604],[109.795761,-7.439696],[109.795888,-7.440211],[109.796042,-7.440501],[109.796371,-7.440394],[109.796653,-7.439788],[109.796964,-7.439437],[109.797312,-7.438976],[109.797693,-7.438661],[109.798103,-7.438345],[109.798211,-7.437568],[109.798148,-7.43717],[109.798357,-7.436836],[109.799155,-7.436322],[109.799459,-7.43616],[109.800217,-7.435575],[109.800612,-7.435304],[109.800919,-7.434356],[109.801198,-7.433859],[109.801655,-7.433471],[109.802249,-7.43331],[109.80283,-7.432814],[109.803297,-7.432454],[109.803738,-7.432156],[109.804035,-7.432031],[109.80458,-7.432077],[109.805048,-7.431997],[109.805279,-7.431717],[109.805302,-7.430985],[109.805429,-7.430524],[109.805628,-7.430217],[109.805852,-7.429766]]]]}},{"id":"94","type":"Feature","properties":{"DESA":"Tunggara"},"geometry":{"type":"MultiPolygon","coordinates":[[[[109.821281,-7.420473],[109.821742,-7.420891],[109.822072,-7.4211],[109.82255,-7.421354],[109.822913,-7.421418],[109.823309,-7.421338],[109.823789,-7.421023],[109.824666,-7.420618],[109.825889,-7.420196],[109.826649,-7.419864],[109.827343,-7.419648],[109.828037,-7.419768],[109.828482,-7.419805],[109.829044,-7.419689],[109.829473,-7.419808],[109.829671,-7.420089],[109.828992,-7.420693],[109.828578,-7.42099],[109.828511,-7.421451],[109.829204,-7.421833],[109.82993,-7.42188],[109.830641,-7.421782],[109.831277,-7.421449],[109.831602,-7.421604],[109.831939,-7.421967],[109.832531,-7.422203],[109.832811,-7.42253],[109.832959,-7.422829],[109.832891,-7.423181],[109.832623,-7.423443],[109.832528,-7.424048],[109.832156,-7.424988],[109.831854,-7.425421],[109.831757,-7.425738],[109.831878,-7.426172],[109.832163,-7.426743],[109.832242,-7.427177],[109.832216,-7.427801],[109.832097,-7.428895],[109.831728,-7.429979],[109.831767,-7.430314],[109.831947,-7.430767],[109.831901,-7.431173],[109.831813,-7.431643],[109.83176,-7.432059],[109.831731,-7.432656],[109.831544,-7.433081],[109.831221,-7.433532],[109.830104,-7.434189],[109.82936,-7.434558],[109.828219,-7.435125],[109.827573,-7.435666],[109.827275,-7.436162],[109.827174,-7.436804],[109.826746,-7.439299],[109.826419,-7.44127],[109.825997,-7.442698],[109.825729,-7.44201],[109.825418,-7.441186],[109.824974,-7.440796],[109.82388,-7.440467],[109.823839,-7.440106],[109.824031,-7.439762],[109.824204,-7.439474],[109.824264,-7.439112],[109.823955,-7.438722],[109.823832,-7.438369],[109.823924,-7.437637],[109.823959,-7.437076],[109.823672,-7.436569],[109.823606,-7.436243],[109.823909,-7.435855],[109.82399,-7.435412],[109.823907,-7.434978],[109.824376,-7.434807],[109.824581,-7.434491],[109.824924,-7.43404],[109.825075,-7.433317],[109.82503,-7.432458],[109.825095,-7.431987],[109.825208,-7.431337],[109.825082,-7.430821],[109.824385,-7.429498],[109.824036,-7.428647],[109.823942,-7.428068],[109.824199,-7.427355],[109.824887,-7.42628],[109.825192,-7.425449],[109.825047,-7.425051],[109.824748,-7.424372],[109.824038,-7.424315],[109.823733,-7.424206],[109.823373,-7.424051],[109.82304,-7.423933],[109.822676,-7.423715],[109.822069,-7.423107],[109.821344,-7.422536],[109.821097,-7.422074],[109.820771,-7.421349],[109.821281,-7.420473]]]]}},{"id":"95","type":"Feature","properties":{"DESA":"Randengan"},"geometry":{"type":"MultiPolygon","coordinates":[[[[109.816571,-7.41546],[109.817363,-7.415769],[109.81766,-7.415969],[109.818055,-7.416305],[109.818465,-7.416803],[109.819191,-7.417719],[109.819783,-7.418543],[109.820639,-7.419441],[109.821281,-7.420473],[109.820771,-7.421349],[109.821097,-7.422074],[109.821344,-7.422536],[109.822069,-7.423107],[109.822676,-7.423715],[109.82304,-7.423933],[109.823373,-7.424051],[109.823733,-7.424206],[109.824038,-7.424315],[109.824748,-7.424372],[109.825047,-7.425051],[109.825192,-7.425449],[109.824887,-7.42628],[109.824199,-7.427355],[109.823942,-7.428068],[109.824036,-7.428647],[109.824385,-7.429498],[109.825082,-7.430821],[109.825208,-7.431337],[109.825095,-7.431987],[109.82503,-7.432458],[109.825075,-7.433317],[109.824726,-7.432954],[109.824281,-7.432664],[109.823915,-7.432391],[109.823581,-7.432092],[109.823327,-7.431883],[109.822865,-7.431855],[109.822419,-7.431781],[109.821862,-7.431391],[109.821003,-7.430683],[109.820637,-7.430492],[109.820255,-7.430464],[109.819713,-7.430508],[109.819266,-7.430588],[109.81874,-7.430632],[109.818278,-7.430649],[109.817625,-7.430611],[109.816956,-7.430546],[109.816526,-7.430418],[109.816001,-7.429956],[109.815587,-7.429737],[109.815078,-7.429591],[109.815092,-7.429221],[109.815088,-7.428841],[109.814989,-7.428379],[109.815151,-7.428054],[109.815364,-7.427575],[109.815289,-7.427032],[109.81546,-7.426409],[109.816037,-7.425606],[109.816091,-7.425271],[109.816033,-7.424529],[109.816036,-7.423932],[109.816319,-7.423327],[109.816438,-7.423002],[109.816427,-7.42255],[109.81606,-7.42169],[109.815822,-7.420875],[109.815705,-7.420477],[109.815407,-7.419635],[109.815208,-7.419074],[109.815161,-7.418549],[109.815402,-7.418116],[109.815801,-7.417845],[109.816081,-7.417059],[109.816467,-7.416554],[109.816661,-7.416274],[109.816608,-7.41584],[109.816571,-7.41546]]]]}},{"id":"96","type":"Feature","properties":{"DESA":"Bojanegara"},"geometry":{"type":"MultiPolygon","coordinates":[[[[109.800645,-7.41189],[109.802279,-7.412057],[109.803121,-7.412114],[109.803716,-7.412142],[109.80426,-7.412225],[109.805003,-7.41248],[109.805877,-7.412908],[109.806817,-7.413227],[109.80751,-7.413672],[109.807873,-7.413899],[109.80845,-7.414018],[109.808962,-7.413983],[109.809607,-7.413858],[109.810036,-7.413805],[109.810581,-7.413861],[109.811241,-7.41398],[109.812248,-7.414263],[109.813502,-7.414674],[109.814508,-7.414975],[109.815597,-7.415258],[109.816571,-7.41546],[109.816608,-7.41584],[109.816661,-7.416274],[109.816467,-7.416554],[109.816081,-7.417059],[109.815801,-7.417845],[109.815402,-7.418116],[109.815161,-7.418549],[109.815208,-7.419074],[109.815407,-7.419635],[109.815705,-7.420477],[109.815822,-7.420875],[109.81606,-7.42169],[109.816427,-7.42255],[109.816438,-7.423002],[109.816319,-7.423327],[109.816036,-7.423932],[109.816033,-7.424529],[109.816091,-7.425271],[109.816037,-7.425606],[109.81546,-7.426409],[109.815289,-7.427032],[109.815364,-7.427575],[109.815151,-7.428054],[109.814989,-7.428379],[109.815088,-7.428841],[109.815092,-7.429221],[109.815078,-7.429591],[109.814025,-7.429887],[109.813547,-7.430049],[109.813005,-7.430029],[109.812464,-7.429946],[109.811795,-7.429818],[109.81103,-7.429725],[109.809883,-7.429659],[109.808384,-7.429718],[109.80695,-7.429723],[109.805852,-7.429766],[109.805311,-7.428833],[109.804332,-7.425538],[109.803762,-7.424108],[109.802697,-7.421726],[109.802842,-7.421365],[109.802753,-7.42103],[109.802699,-7.420668],[109.802898,-7.419746],[109.802798,-7.418941],[109.802479,-7.418479],[109.802387,-7.418153],[109.802349,-7.417655],[109.802503,-7.41714],[109.802606,-7.416815],[109.802547,-7.416435],[109.802156,-7.415204],[109.802195,-7.413983],[109.801922,-7.41372],[109.801471,-7.413439],[109.801208,-7.413094],[109.800972,-7.412678],[109.800746,-7.412306],[109.800645,-7.41189]]]]}},{"id":"97","type":"Feature","properties":{"DESA":"Bandingan"},"geometry":{"type":"MultiPolygon","coordinates":[[[[109.791894,-7.41136],[109.792422,-7.411524],[109.793463,-7.411491],[109.794272,-7.411393],[109.79505,-7.410609],[109.795612,-7.410411],[109.796075,-7.410449],[109.796925,-7.410587],[109.797229,-7.411012],[109.797641,-7.411303],[109.798301,-7.411504],[109.799176,-7.411624],[109.800645,-7.41189],[109.800746,-7.412306],[109.800972,-7.412678],[109.801208,-7.413094],[109.801471,-7.413439],[109.801922,-7.41372],[109.802195,-7.413983],[109.802156,-7.415204],[109.802547,-7.416435],[109.802606,-7.416815],[109.802503,-7.41714],[109.802349,-7.417655],[109.802387,-7.418153],[109.802479,-7.418479],[109.802798,-7.418941],[109.802898,-7.419746],[109.802699,-7.420668],[109.802753,-7.42103],[109.802842,-7.421365],[109.802697,-7.421726],[109.801969,-7.421525],[109.801156,-7.421414],[109.80063,-7.421395],[109.800056,-7.42152],[109.799577,-7.42179],[109.799099,-7.422096],[109.798668,-7.422104],[109.79792,-7.421849],[109.797172,-7.42144],[109.796169,-7.420985],[109.795692,-7.42083],[109.79523,-7.420793],[109.794608,-7.42089],[109.794157,-7.421323],[109.793799,-7.421811],[109.793458,-7.421972],[109.793025,-7.422071],[109.792906,-7.422405],[109.79307,-7.422867],[109.793411,-7.423039],[109.793363,-7.423483],[109.793544,-7.424044],[109.793293,-7.424296],[109.79229,-7.424474],[109.791842,-7.424365],[109.791333,-7.423803],[109.790922,-7.422707],[109.790636,-7.422354],[109.790095,-7.422244],[109.789425,-7.422269],[109.788788,-7.422303],[109.788151,-7.422193],[109.787737,-7.421939],[109.787324,-7.421486],[109.786847,-7.421141],[109.785796,-7.420722],[109.785097,-7.420557],[109.786279,-7.419005],[109.786999,-7.417994],[109.787334,-7.417741],[109.788052,-7.41749],[109.789264,-7.417077],[109.789647,-7.416726],[109.790047,-7.416184],[109.790033,-7.415741],[109.790051,-7.414945],[109.790244,-7.414313],[109.790804,-7.41341],[109.790933,-7.412849],[109.791125,-7.412443],[109.791509,-7.412028],[109.791894,-7.41136]]]]}},{"id":"98","type":"Feature","properties":{"DESA":"Prigi"},"geometry":{"type":"MultiPolygon","coordinates":[[[[109.773543,-7.399399],[109.773845,-7.399535],[109.774442,-7.399727],[109.775512,-7.399902],[109.776304,-7.400103],[109.777425,-7.400857],[109.779336,-7.402318],[109.779846,-7.402989],[109.780142,-7.403505],[109.780273,-7.403831],[109.780402,-7.40479],[109.7804,-7.40564],[109.780482,-7.40602],[109.780745,-7.406201],[109.781092,-7.406356],[109.781504,-7.406421],[109.782165,-7.406287],[109.783157,-7.405946],[109.783868,-7.405803],[109.784462,-7.405732],[109.785024,-7.405734],[109.785816,-7.405935],[109.786492,-7.406317],[109.787464,-7.407142],[109.788222,-7.407506],[109.78941,-7.408007],[109.790119,-7.40837],[109.790663,-7.408652],[109.791091,-7.409033],[109.791437,-7.409514],[109.791748,-7.410717],[109.791894,-7.41136],[109.791509,-7.412028],[109.791125,-7.412443],[109.790933,-7.412849],[109.790804,-7.41341],[109.790244,-7.414313],[109.790051,-7.414945],[109.790033,-7.415741],[109.790047,-7.416184],[109.789647,-7.416726],[109.789264,-7.417077],[109.788052,-7.41749],[109.787334,-7.417741],[109.786999,-7.417994],[109.786279,-7.419005],[109.785097,-7.420557],[109.784793,-7.421072],[109.784546,-7.421713],[109.784097,-7.42201],[109.78372,-7.422253],[109.782986,-7.422649],[109.782236,-7.422919],[109.781599,-7.423016],[109.780643,-7.422968],[109.779846,-7.422822],[109.779098,-7.422503],[109.778382,-7.422049],[109.776712,-7.421095],[109.77555,-7.420504],[109.774468,-7.419877],[109.77353,-7.419368],[109.772431,-7.418948],[109.771699,-7.418648],[109.770458,-7.417948],[109.769981,-7.417576],[109.769249,-7.417104],[109.768756,-7.416958],[109.768421,-7.416975],[109.767911,-7.417064],[109.76756,-7.417126],[109.767162,-7.417035],[109.766971,-7.416745],[109.766847,-7.415777],[109.766833,-7.414899],[109.766756,-7.414058],[109.766791,-7.412991],[109.766649,-7.412231],[109.766483,-7.411308],[109.767083,-7.41093],[109.768119,-7.410951],[109.769903,-7.411146],[109.770318,-7.411029],[109.770305,-7.410062],[109.771452,-7.409857],[109.772138,-7.409786],[109.772441,-7.409516],[109.772475,-7.409037],[109.772905,-7.408785],[109.773271,-7.409165],[109.77402,-7.409059],[109.774165,-7.408625],[109.774341,-7.408309],[109.774948,-7.407877],[109.77504,-7.407325],[109.775135,-7.406937],[109.775244,-7.406593],[109.774827,-7.406004],[109.774949,-7.405372],[109.774167,-7.405053],[109.773778,-7.404889],[109.773505,-7.404662],[109.773502,-7.404255],[109.773556,-7.403903],[109.773665,-7.40355],[109.773968,-7.403081],[109.773969,-7.402556],[109.77434,-7.402386],[109.774446,-7.402069],[109.774193,-7.401752],[109.773921,-7.401471],[109.773727,-7.401091],[109.773527,-7.400566],[109.773431,-7.400059],[109.773543,-7.399399]]]]}},{"id":"99","type":"Feature","properties":{"DESA":"Gembongan"},"geometry":{"type":"MultiPolygon","coordinates":[[[[109.758551,-7.38893],[109.758979,-7.38923],[109.759637,-7.390027],[109.760229,-7.390852],[109.760723,-7.391477],[109.761184,-7.391922],[109.761992,-7.392331],[109.762833,-7.392749],[109.763196,-7.392949],[109.763741,-7.393014],[109.764319,-7.393016],[109.765343,-7.392838],[109.766234,-7.392822],[109.766961,-7.392806],[109.767945,-7.39299],[109.76838,-7.393226],[109.768577,-7.393805],[109.768278,-7.394374],[109.768112,-7.394745],[109.768111,-7.395133],[109.768523,-7.395415],[109.769826,-7.395834],[109.771113,-7.396317],[109.771541,-7.39659],[109.77187,-7.396971],[109.772296,-7.398193],[109.772542,-7.39889],[109.772806,-7.39908],[109.773543,-7.399399],[109.773431,-7.400059],[109.773527,-7.400566],[109.773727,-7.401091],[109.773921,-7.401471],[109.774193,-7.401752],[109.774446,-7.402069],[109.77434,-7.402386],[109.773969,-7.402556],[109.773968,-7.403081],[109.773665,-7.40355],[109.773556,-7.403903],[109.773502,-7.404255],[109.773505,-7.404662],[109.773778,-7.404889],[109.774167,-7.405053],[109.774949,-7.405372],[109.774827,-7.406004],[109.775244,-7.406593],[109.775135,-7.406937],[109.77504,-7.407325],[109.774948,-7.407877],[109.774341,-7.408309],[109.774165,-7.408625],[109.77402,-7.409059],[109.773271,-7.409165],[109.772905,-7.408785],[109.772475,-7.409037],[109.772441,-7.409516],[109.772138,-7.409786],[109.771452,-7.409857],[109.770305,-7.410062],[109.769797,-7.409328],[109.769416,-7.408712],[109.769226,-7.40815],[109.769101,-7.407363],[109.768992,-7.406386],[109.768707,-7.405608],[109.768406,-7.405182],[109.76734,-7.404401],[109.765289,-7.402948],[109.76443,-7.402295],[109.763682,-7.402049],[109.762583,-7.401729],[109.761787,-7.40141],[109.760944,-7.400983],[109.760181,-7.400438],[109.759639,-7.400328],[109.758795,-7.400208],[109.75819,-7.400098],[109.758542,-7.399366],[109.758576,-7.398688],[109.758498,-7.398317],[109.756812,-7.3972],[109.75691,-7.396151],[109.756961,-7.395102],[109.756934,-7.393312],[109.756919,-7.392959],[109.758146,-7.393089],[109.759022,-7.393091],[109.759373,-7.392884],[109.759518,-7.392505],[109.759807,-7.391791],[109.758931,-7.391436],[109.758342,-7.39129],[109.757865,-7.391026],[109.757579,-7.390636],[109.757628,-7.390112],[109.75798,-7.389589],[109.758551,-7.38893]]]]}},{"id":"100","type":"Feature","properties":{"DESA":"Kemiri"},"geometry":{"type":"MultiPolygon","coordinates":[[[[109.754802,-7.400396],[109.755224,-7.400885],[109.755701,-7.401203],[109.756115,-7.401286],[109.756593,-7.401233],[109.757615,-7.400729],[109.75819,-7.400098],[109.758795,-7.400208],[109.759639,-7.400328],[109.760181,-7.400438],[109.760944,-7.400983],[109.761787,-7.40141],[109.762583,-7.401729],[109.763682,-7.402049],[109.76443,-7.402295],[109.765289,-7.402948],[109.76734,-7.404401],[109.768406,-7.405182],[109.768707,-7.405608],[109.768992,-7.406386],[109.769101,-7.407363],[109.769226,-7.40815],[109.769416,-7.408712],[109.769797,-7.409328],[109.770305,-7.410062],[109.770318,-7.411029],[109.769903,-7.411146],[109.768119,-7.410951],[109.767083,-7.41093],[109.766483,-7.411308],[109.765649,-7.411677],[109.765501,-7.412047],[109.765268,-7.412535],[109.764761,-7.413094],[109.764407,-7.413473],[109.763838,-7.413896],[109.762971,-7.41421],[109.762552,-7.414354],[109.762112,-7.414823],[109.761976,-7.415329],[109.761634,-7.415636],[109.761415,-7.415906],[109.761012,-7.415806],[109.761065,-7.415444],[109.761065,-7.414874],[109.760895,-7.414521],[109.76084,-7.41406],[109.760435,-7.414095],[109.760401,-7.414502],[109.760154,-7.415243],[109.759819,-7.415549],[109.759177,-7.416099],[109.758017,-7.416494],[109.757622,-7.416592],[109.757543,-7.416194],[109.757807,-7.415969],[109.757697,-7.415652],[109.757516,-7.415262],[109.75758,-7.414865],[109.757369,-7.414367],[109.756843,-7.414347],[109.756268,-7.41506],[109.755709,-7.415393],[109.755453,-7.415808],[109.755245,-7.416061],[109.754847,-7.415997],[109.754002,-7.415994],[109.753365,-7.415947],[109.753043,-7.41572],[109.752937,-7.415195],[109.752692,-7.412771],[109.752666,-7.412373],[109.752671,-7.411912],[109.752621,-7.411541],[109.754576,-7.410832],[109.754905,-7.410399],[109.754898,-7.410046],[109.754961,-7.409711],[109.755158,-7.409115],[109.755436,-7.408646],[109.755582,-7.408239],[109.755768,-7.40738],[109.755809,-7.406784],[109.75578,-7.406322],[109.755722,-7.405761],[109.755753,-7.405156],[109.75543,-7.404965],[109.755158,-7.404593],[109.754847,-7.404249],[109.75483,-7.403923],[109.754932,-7.403525],[109.754838,-7.403109],[109.755099,-7.402631],[109.755189,-7.402323],[109.75483,-7.401897],[109.754597,-7.401408],[109.754603,-7.40101],[109.754802,-7.400396]]]]}},{"id":"101","type":"Feature","properties":{"DESA":"Karangmangu"},"geometry":{"type":"MultiPolygon","coordinates":[[[[109.751187,-7.397221],[109.751456,-7.397692],[109.751902,-7.398],[109.752561,-7.398219],[109.752873,-7.39832],[109.75319,-7.398737],[109.753317,-7.399144],[109.753666,-7.399497],[109.754048,-7.39967],[109.754425,-7.400024],[109.754802,-7.400396],[109.754603,-7.40101],[109.754597,-7.401408],[109.75483,-7.401897],[109.755189,-7.402323],[109.755099,-7.402631],[109.754838,-7.403109],[109.754932,-7.403525],[109.75483,-7.403923],[109.754847,-7.404249],[109.755158,-7.404593],[109.75543,-7.404965],[109.755753,-7.405156],[109.755722,-7.405761],[109.75578,-7.406322],[109.755809,-7.406784],[109.755768,-7.40738],[109.755582,-7.408239],[109.755436,-7.408646],[109.755158,-7.409115],[109.754961,-7.409711],[109.754898,-7.410046],[109.754905,-7.410399],[109.754576,-7.410832],[109.752621,-7.411541],[109.752671,-7.411912],[109.752666,-7.412373],[109.752692,-7.412771],[109.752937,-7.415195],[109.753043,-7.41572],[109.75125,-7.418238],[109.750679,-7.417025],[109.750001,-7.415856],[109.749782,-7.415593],[109.749242,-7.414968],[109.748587,-7.414206],[109.748088,-7.413608],[109.747661,-7.4131],[109.747101,-7.412348],[109.746406,-7.411469],[109.745793,-7.410635],[109.747184,-7.410051],[109.747828,-7.409095],[109.748035,-7.408797],[109.748401,-7.408427],[109.748822,-7.408057],[109.749118,-7.407895],[109.74942,-7.407743],[109.749659,-7.407526],[109.750001,-7.407174],[109.750376,-7.406814],[109.750581,-7.406552],[109.750899,-7.405314],[109.75061,-7.40326],[109.750699,-7.401614],[109.750745,-7.400231],[109.750789,-7.399562],[109.750707,-7.398721],[109.751187,-7.397221]]]]}},{"id":"102","type":"Feature","properties":{"DESA":"Wanacipta"},"geometry":{"type":"MultiPolygon","coordinates":[[[[109.751187,-7.397221],[109.75122,-7.39657],[109.751381,-7.396055],[109.751653,-7.395657],[109.752085,-7.395206],[109.752468,-7.394918],[109.75298,-7.39406],[109.753412,-7.3936],[109.753811,-7.39343],[109.754402,-7.392843],[109.755265,-7.392014],[109.755776,-7.391482],[109.756159,-7.391483],[109.756476,-7.391701],[109.75673,-7.392244],[109.756919,-7.392959],[109.756934,-7.393312],[109.756961,-7.395102],[109.75691,-7.396151],[109.756812,-7.3972],[109.758498,-7.398317],[109.758576,-7.398688],[109.758542,-7.399366],[109.75819,-7.400098],[109.757615,-7.400729],[109.756593,-7.401233],[109.756115,-7.401286],[109.755701,-7.401203],[109.755224,-7.400885],[109.754802,-7.400396],[109.754425,-7.400024],[109.754048,-7.39967],[109.753666,-7.399497],[109.753317,-7.399144],[109.75319,-7.398737],[109.752873,-7.39832],[109.752561,-7.398219],[109.751902,-7.398],[109.751456,-7.397692],[109.751187,-7.397221]]]]}},{"id":"103","type":"Feature","properties":{"DESA":"Sigaluh"},"geometry":{"type":"MultiPolygon","coordinates":[[[[109.750603,-7.39059],[109.751412,-7.390655],[109.752223,-7.390133],[109.753612,-7.389215],[109.754423,-7.388855],[109.755001,-7.388694],[109.75581,-7.388696],[109.756718,-7.388735],[109.757593,-7.388719],[109.758056,-7.388739],[109.758551,-7.38893],[109.75798,-7.389589],[109.757628,-7.390112],[109.757579,-7.390636],[109.757865,-7.391026],[109.758342,-7.39129],[109.758931,-7.391436],[109.759807,-7.391791],[109.759518,-7.392505],[109.759373,-7.392884],[109.759022,-7.393091],[109.758146,-7.393089],[109.756919,-7.392959],[109.75673,-7.392244],[109.756476,-7.391701],[109.756159,-7.391483],[109.755776,-7.391482],[109.755265,-7.392014],[109.754402,-7.392843],[109.753811,-7.39343],[109.753412,-7.3936],[109.75298,-7.39406],[109.752468,-7.394918],[109.752085,-7.395206],[109.751653,-7.395657],[109.751381,-7.396055],[109.75122,-7.39657],[109.751187,-7.397221],[109.750503,-7.396739],[109.750553,-7.396052],[109.750442,-7.395735],[109.75,-7.395499],[109.749566,-7.395091],[109.74936,-7.394738],[109.749449,-7.394322],[109.749519,-7.393987],[109.749494,-7.393499],[109.749479,-7.393074],[109.749675,-7.39236],[109.749663,-7.392034],[109.749474,-7.391636],[109.749443,-7.391265],[109.749524,-7.390949],[109.750288,-7.391177],[109.750603,-7.39059]]]]}},{"id":"104","type":"Feature","properties":{"DESA":"Singometro"},"geometry":{"type":"MultiPolygon","coordinates":[[[[109.734987,-7.388412],[109.73581,-7.388658],[109.736792,-7.388769],[109.737564,-7.388799],[109.737957,-7.388746],[109.738245,-7.388593],[109.738718,-7.388214],[109.73927,-7.387691],[109.739808,-7.387159],[109.740477,-7.386627],[109.741132,-7.386512],[109.741577,-7.38663],[109.741851,-7.386912],[109.742294,-7.387437],[109.742594,-7.387936],[109.742881,-7.388515],[109.743154,-7.388905],[109.743572,-7.389259],[109.744069,-7.389622],[109.7445,-7.389849],[109.744958,-7.390022],[109.745586,-7.390187],[109.746031,-7.390279],[109.746436,-7.390352],[109.747183,-7.390399],[109.747864,-7.390483],[109.748347,-7.390547],[109.749185,-7.390776],[109.749524,-7.390949],[109.749443,-7.391265],[109.749474,-7.391636],[109.749663,-7.392034],[109.749675,-7.39236],[109.749479,-7.393074],[109.749494,-7.393499],[109.749519,-7.393987],[109.749449,-7.394322],[109.74936,-7.394738],[109.749566,-7.395091],[109.75,-7.395499],[109.750442,-7.395735],[109.750553,-7.396052],[109.750503,-7.396739],[109.751187,-7.397221],[109.750707,-7.398721],[109.750789,-7.399562],[109.750745,-7.400231],[109.750699,-7.401614],[109.75061,-7.40326],[109.750899,-7.405314],[109.750581,-7.406552],[109.750376,-7.406814],[109.750001,-7.407174],[109.749659,-7.407526],[109.74942,-7.407743],[109.749118,-7.407895],[109.748822,-7.408057],[109.748401,-7.408427],[109.748035,-7.408797],[109.747828,-7.409095],[109.747184,-7.410051],[109.745793,-7.410635],[109.745045,-7.409675],[109.744239,-7.408768],[109.743415,-7.407988],[109.742314,-7.407053],[109.741409,-7.406291],[109.740206,-7.405438],[109.739029,-7.404602],[109.737986,-7.403903],[109.736943,-7.403158],[109.7359,-7.402432],[109.735097,-7.401896],[109.734482,-7.401514],[109.734014,-7.401242],[109.734276,-7.400718],[109.734417,-7.40032],[109.73447,-7.399941],[109.734541,-7.399471],[109.734569,-7.399],[109.734614,-7.398377],[109.734653,-7.39778],[109.734703,-7.397201],[109.734793,-7.396315],[109.734846,-7.3958],[109.734918,-7.395031],[109.735026,-7.394064],[109.735044,-7.393558],[109.735063,-7.392952],[109.735031,-7.392237],[109.735014,-7.391776],[109.734976,-7.391396],[109.734843,-7.390356],[109.734812,-7.389795],[109.734848,-7.389343],[109.734901,-7.388927],[109.734987,-7.388412]]]]}},{"id":"105","type":"Feature","properties":{"DESA":"Kalibenda"},"geometry":{"type":"MultiPolygon","coordinates":[[[[109.725577,-7.387155],[109.726003,-7.386957],[109.726521,-7.386597],[109.727111,-7.386119],[109.727492,-7.385858],[109.728069,-7.385588],[109.72871,-7.385482],[109.732228,-7.38702],[109.732842,-7.387356],[109.733535,-7.387711],[109.734581,-7.38823],[109.734987,-7.388412],[109.734901,-7.388927],[109.734848,-7.389343],[109.734812,-7.389795],[109.734843,-7.390356],[109.734976,-7.391396],[109.735014,-7.391776],[109.735031,-7.392237],[109.735063,-7.392952],[109.735044,-7.393558],[109.735026,-7.394064],[109.734918,-7.395031],[109.734846,-7.3958],[109.734793,-7.396315],[109.734703,-7.397201],[109.734653,-7.39778],[109.734614,-7.398377],[109.734569,-7.399],[109.734541,-7.399471],[109.73447,-7.399941],[109.734417,-7.40032],[109.734276,-7.400718],[109.734014,-7.401242],[109.733626,-7.401006],[109.732702,-7.400415],[109.731727,-7.39977],[109.731305,-7.399308],[109.731059,-7.399],[109.730659,-7.398356],[109.730472,-7.398003],[109.730205,-7.39774],[109.729778,-7.397386],[109.729484,-7.396879],[109.728977,-7.395973],[109.728685,-7.395249],[109.728633,-7.394796],[109.728528,-7.394073],[109.728369,-7.393376],[109.728317,-7.392734],[109.728185,-7.392145],[109.728079,-7.39172],[109.727892,-7.391322],[109.727306,-7.39009],[109.726853,-7.389392],[109.726399,-7.388803],[109.725998,-7.38835],[109.725651,-7.387842],[109.725491,-7.387544],[109.725577,-7.387155]]]]}},{"id":"106","type":"Feature","properties":{"DESA":"Rejasa"},"geometry":{"type":"MultiPolygon","coordinates":[[[[109.684513,-7.381628],[109.685095,-7.382145],[109.685386,-7.38239],[109.685889,-7.382816],[109.68615,-7.383025],[109.68619,-7.383342],[109.686168,-7.383731],[109.686509,-7.383804],[109.687064,-7.383706],[109.687558,-7.383662],[109.688142,-7.383519],[109.688505,-7.383367],[109.688818,-7.383241],[109.68919,-7.383116],[109.689583,-7.38309],[109.690127,-7.383263],[109.69065,-7.383473],[109.690992,-7.383564],[109.691364,-7.38361],[109.691746,-7.383467],[109.692103,-7.383133],[109.692311,-7.38289],[109.692652,-7.382547],[109.693194,-7.382223],[109.6935,-7.382124],[109.694265,-7.382045],[109.694808,-7.382056],[109.695659,-7.382113],[109.696272,-7.382142],[109.696945,-7.382162],[109.697449,-7.382109],[109.697581,-7.382742],[109.697726,-7.383032],[109.698147,-7.383386],[109.698019,-7.383811],[109.697668,-7.384063],[109.69762,-7.384524],[109.698132,-7.384969],[109.69839,-7.385512],[109.698461,-7.386425],[109.698119,-7.386569],[109.697431,-7.386459],[109.696894,-7.386457],[109.696631,-7.386854],[109.696852,-7.387416],[109.697231,-7.387724],[109.697694,-7.38844],[109.697816,-7.389001],[109.697632,-7.389326],[109.697173,-7.389415],[109.69665,-7.389296],[109.695683,-7.388859],[109.694352,-7.388132],[109.693892,-7.388022],[109.693551,-7.388184],[109.693314,-7.388563],[109.69288,-7.389312],[109.692485,-7.389763],[109.692105,-7.389988],[109.691633,-7.390131],[109.690926,-7.39022],[109.689878,-7.39037],[109.689446,-7.390378],[109.688949,-7.390304],[109.688386,-7.390131],[109.68751,-7.389803],[109.686621,-7.389411],[109.68568,-7.388984],[109.685144,-7.388801],[109.684619,-7.388863],[109.684291,-7.389477],[109.683973,-7.390525],[109.683853,-7.391185],[109.683486,-7.391591],[109.683085,-7.391906],[109.682774,-7.39214],[109.682459,-7.392356],[109.682047,-7.392672],[109.681815,-7.3923],[109.681522,-7.391865],[109.681185,-7.391502],[109.680812,-7.391085],[109.68053,-7.390551],[109.680442,-7.389999],[109.680385,-7.389221],[109.680372,-7.388507],[109.680433,-7.388181],[109.680615,-7.387386],[109.680782,-7.386482],[109.681039,-7.385642],[109.681281,-7.384603],[109.681522,-7.383753],[109.681718,-7.38322],[109.681898,-7.382949],[109.682138,-7.382679],[109.682498,-7.382427],[109.683052,-7.382166],[109.683575,-7.382032],[109.684024,-7.381943],[109.684513,-7.381628]]]]}},{"id":"107","type":"Feature","properties":{"DESA":"Kenteng"},"geometry":{"type":"MultiPolygon","coordinates":[[[[109.704362,-7.376549],[109.70496,-7.377573],[109.705369,-7.377719],[109.706559,-7.378409],[109.707393,-7.37871],[109.708228,-7.378993],[109.708678,-7.379157],[109.70947,-7.37934],[109.710186,-7.379451],[109.711168,-7.378893],[109.71095,-7.379498],[109.710844,-7.379959],[109.71073,-7.380501],[109.710614,-7.381315],[109.710498,-7.382219],[109.71044,-7.38278],[109.710379,-7.383476],[109.710342,-7.384262],[109.710358,-7.384977],[109.710412,-7.3858],[109.710484,-7.386542],[109.710065,-7.386513],[109.708821,-7.386338],[109.707984,-7.386218],[109.707146,-7.386062],[109.706558,-7.385861],[109.705917,-7.385624],[109.70542,-7.385388],[109.704793,-7.385096],[109.703916,-7.384814],[109.703367,-7.384694],[109.703013,-7.384702],[109.702659,-7.384728],[109.702345,-7.384999],[109.70237,-7.385487],[109.702565,-7.38575],[109.703297,-7.386168],[109.703794,-7.386531],[109.704081,-7.386903],[109.704066,-7.387373],[109.703528,-7.387679],[109.703135,-7.387723],[109.70214,-7.387639],[109.701748,-7.387575],[109.701304,-7.387501],[109.700947,-7.387427],[109.700581,-7.387327],[109.700185,-7.38719],[109.699612,-7.386971],[109.698897,-7.386752],[109.698461,-7.386425],[109.69839,-7.385512],[109.698132,-7.384969],[109.69762,-7.384524],[109.697668,-7.384063],[109.698019,-7.383811],[109.698147,-7.383386],[109.697726,-7.383032],[109.697581,-7.382742],[109.697449,-7.382109],[109.697813,-7.381739],[109.698157,-7.381134],[109.698163,-7.380619],[109.698163,-7.38023],[109.698558,-7.380023],[109.698956,-7.37968],[109.699197,-7.379383],[109.69949,-7.379176],[109.699672,-7.37886],[109.69979,-7.378372],[109.699945,-7.377775],[109.70039,-7.377695],[109.700798,-7.377561],[109.701236,-7.377679],[109.701552,-7.37778],[109.701713,-7.3775],[109.701664,-7.377102],[109.702378,-7.377411],[109.703122,-7.377468],[109.703588,-7.377397],[109.703915,-7.376982],[109.704362,-7.376549]]]]}},{"id":"108","type":"Feature","properties":{"DESA":"Bantarwaru"},"geometry":{"type":"MultiPolygon","coordinates":[[[[109.717142,-7.365824],[109.717469,-7.365409],[109.717881,-7.365708],[109.718127,-7.365999],[109.718436,-7.366135],[109.718808,-7.365973],[109.718967,-7.365603],[109.719024,-7.364807],[109.719343,-7.364935],[109.719778,-7.36518],[109.720314,-7.364513],[109.720662,-7.364215],[109.721016,-7.364243],[109.72122,-7.364615],[109.721618,-7.36477],[109.722157,-7.364853],[109.722369,-7.364464],[109.722479,-7.364076],[109.722908,-7.364565],[109.723087,-7.365063],[109.723205,-7.365642],[109.723187,-7.366483],[109.723054,-7.367342],[109.722886,-7.368246],[109.722622,-7.369312],[109.722427,-7.37132],[109.722473,-7.371998],[109.722431,-7.372387],[109.722302,-7.373092],[109.722125,-7.373851],[109.722021,-7.374511],[109.721973,-7.374999],[109.72191,-7.375415],[109.72172,-7.375948],[109.721587,-7.376336],[109.721416,-7.376906],[109.721274,-7.377602],[109.721167,-7.378334],[109.72107,-7.379084],[109.721011,-7.379925],[109.720934,-7.380775],[109.720857,-7.381444],[109.720798,-7.38214],[109.720701,-7.382918],[109.720624,-7.38355],[109.720807,-7.384283],[109.720125,-7.3843],[109.719575,-7.384578],[109.7185,-7.385136],[109.717713,-7.385504],[109.71728,-7.385747],[109.716927,-7.385909],[109.716586,-7.385999],[109.716088,-7.386006],[109.715512,-7.385996],[109.714211,-7.385856],[109.713418,-7.385827],[109.712999,-7.385853],[109.71258,-7.385942],[109.711781,-7.386283],[109.711125,-7.38648],[109.710484,-7.386542],[109.710412,-7.3858],[109.710358,-7.384977],[109.710342,-7.384262],[109.710379,-7.383476],[109.71044,-7.38278],[109.710498,-7.382219],[109.710614,-7.381315],[109.71073,-7.380501],[109.710844,-7.379959],[109.71095,-7.379498],[109.711168,-7.378893],[109.711447,-7.378496],[109.711737,-7.378189],[109.712245,-7.377657],[109.712768,-7.377025],[109.712968,-7.376746],[109.713181,-7.376339],[109.713353,-7.37596],[109.713474,-7.375662],[109.713632,-7.375228],[109.713804,-7.374487],[109.713956,-7.374035],[109.714126,-7.373484],[109.71428,-7.373096],[109.714499,-7.372518],[109.71465,-7.371985],[109.714868,-7.37109],[109.715029,-7.370439],[109.715257,-7.369988],[109.715619,-7.369401],[109.715876,-7.368886],[109.716162,-7.368516],[109.716479,-7.368137],[109.716714,-7.367758],[109.716875,-7.367406],[109.717022,-7.366692],[109.717142,-7.365824]]]]}},{"id":"109","type":"Feature","properties":{"DESA":"Dawuhan"},"geometry":{"type":"MultiPolygon","coordinates":[[[[109.723187,-7.366483],[109.724177,-7.366595],[109.725812,-7.366409],[109.727411,-7.366125],[109.727927,-7.365963],[109.728199,-7.365747],[109.728733,-7.364971],[109.728928,-7.365496],[109.729365,-7.366962],[109.729577,-7.367831],[109.729833,-7.368709],[109.730023,-7.369768],[109.730068,-7.370401],[109.730003,-7.371142],[109.730018,-7.371576],[109.730144,-7.37192],[109.730325,-7.372482],[109.730369,-7.372889],[109.730308,-7.373286],[109.73012,-7.373892],[109.730125,-7.374868],[109.730204,-7.375692],[109.730185,-7.376144],[109.730081,-7.376758],[109.729908,-7.377771],[109.729544,-7.378168],[109.729562,-7.379334],[109.729704,-7.380212],[109.72935,-7.380482],[109.72882,-7.381078],[109.728658,-7.381367],[109.728536,-7.381701],[109.728637,-7.382054],[109.727759,-7.382359],[109.727553,-7.38263],[109.727236,-7.383253],[109.727222,-7.384012],[109.727041,-7.384672],[109.726738,-7.385078],[109.726431,-7.38543],[109.725847,-7.386541],[109.726003,-7.386957],[109.725577,-7.387155],[109.724751,-7.387388],[109.724292,-7.387413],[109.723926,-7.387376],[109.723481,-7.38723],[109.723076,-7.386904],[109.722738,-7.386523],[109.72232,-7.385997],[109.721811,-7.385254],[109.721355,-7.384629],[109.720807,-7.384283],[109.720624,-7.38355],[109.720701,-7.382918],[109.720798,-7.38214],[109.720857,-7.381444],[109.720934,-7.380775],[109.721011,-7.379925],[109.72107,-7.379084],[109.721167,-7.378334],[109.721274,-7.377602],[109.721416,-7.376906],[109.721587,-7.376336],[109.72172,-7.375948],[109.72191,-7.375415],[109.721973,-7.374999],[109.722021,-7.374511],[109.722125,-7.373851],[109.722302,-7.373092],[109.722431,-7.372387],[109.722473,-7.371998],[109.722427,-7.37132],[109.722622,-7.369312],[109.722886,-7.368246],[109.723054,-7.367342],[109.723187,-7.366483]]]]}},{"id":"110","type":"Feature","properties":{"DESA":"Pagelak"},"geometry":{"type":"MultiPolygon","coordinates":[[[[109.728733,-7.364971],[109.729067,-7.364583],[109.729311,-7.364375],[109.729664,-7.36425],[109.730449,-7.364632],[109.730844,-7.36447],[109.731522,-7.363794],[109.731847,-7.363867],[109.732326,-7.364276],[109.732698,-7.364105],[109.73311,-7.363771],[109.733699,-7.36361],[109.734408,-7.363721],[109.735444,-7.364013],[109.735949,-7.364521],[109.735889,-7.365091],[109.735811,-7.366112],[109.735785,-7.366809],[109.735761,-7.367686],[109.735739,-7.368698],[109.735697,-7.369377],[109.735669,-7.370154],[109.735684,-7.370815],[109.735515,-7.372858],[109.735418,-7.373608],[109.735219,-7.374512],[109.735105,-7.375],[109.735124,-7.37538],[109.735132,-7.376031],[109.735284,-7.376475],[109.735562,-7.376819],[109.735858,-7.3771],[109.73655,-7.377654],[109.737071,-7.378126],[109.73726,-7.378768],[109.737241,-7.379356],[109.737187,-7.380052],[109.737134,-7.380595],[109.737045,-7.381201],[109.736957,-7.381716],[109.736798,-7.382412],[109.736588,-7.383153],[109.736429,-7.383776],[109.736236,-7.384418],[109.73599,-7.385059],[109.735728,-7.385891],[109.735464,-7.386695],[109.735324,-7.387146],[109.735148,-7.387752],[109.734987,-7.388412],[109.734581,-7.38823],[109.733535,-7.387711],[109.732842,-7.387356],[109.732228,-7.38702],[109.72871,-7.385482],[109.728069,-7.385588],[109.727492,-7.385858],[109.727111,-7.386119],[109.726521,-7.386597],[109.726003,-7.386957],[109.725847,-7.386541],[109.726431,-7.38543],[109.726738,-7.385078],[109.727041,-7.384672],[109.727222,-7.384012],[109.727236,-7.383253],[109.727553,-7.38263],[109.727759,-7.382359],[109.728637,-7.382054],[109.728536,-7.381701],[109.728658,-7.381367],[109.72882,-7.381078],[109.72935,-7.380482],[109.729704,-7.380212],[109.729562,-7.379334],[109.729544,-7.378168],[109.729908,-7.377771],[109.730081,-7.376758],[109.730185,-7.376144],[109.730204,-7.375692],[109.730125,-7.374868],[109.73012,-7.373892],[109.730308,-7.373286],[109.730369,-7.372889],[109.730325,-7.372482],[109.730144,-7.37192],[109.730018,-7.371576],[109.730003,-7.371142],[109.730068,-7.370401],[109.730023,-7.369768],[109.729833,-7.368709],[109.729577,-7.367831],[109.729365,-7.366962],[109.728928,-7.365496],[109.728733,-7.364971]]]]}},{"id":"111","type":"Feature","properties":{"DESA":"Kotayasa Lor"},"geometry":{"type":"MultiPolygon","coordinates":[[[[109.749886,-7.380993],[109.750189,-7.38084],[109.750696,-7.381167],[109.751113,-7.381258],[109.751483,-7.38144],[109.751737,-7.381812],[109.752014,-7.382228],[109.752563,-7.382944],[109.752844,-7.383506],[109.753347,-7.383959],[109.753064,-7.384601],[109.753095,-7.385406],[109.752895,-7.38602],[109.752447,-7.386905],[109.751833,-7.387844],[109.751236,-7.388629],[109.750853,-7.389912],[109.750603,-7.39059],[109.750288,-7.391177],[109.749524,-7.390949],[109.749185,-7.390776],[109.748347,-7.390547],[109.747864,-7.390483],[109.747183,-7.390399],[109.746436,-7.390352],[109.746031,-7.390279],[109.745586,-7.390187],[109.744958,-7.390022],[109.7445,-7.389849],[109.744069,-7.389622],[109.743572,-7.389259],[109.743154,-7.388905],[109.742881,-7.388515],[109.742594,-7.387936],[109.742294,-7.387437],[109.741851,-7.386912],[109.741577,-7.38663],[109.741132,-7.386512],[109.740477,-7.386627],[109.739808,-7.387159],[109.73927,-7.387691],[109.738718,-7.388214],[109.738245,-7.388593],[109.737957,-7.388746],[109.737564,-7.388799],[109.736792,-7.388769],[109.73581,-7.388658],[109.734987,-7.388412],[109.735148,-7.387752],[109.735324,-7.387146],[109.735464,-7.386695],[109.735728,-7.385891],[109.73599,-7.385059],[109.736236,-7.384418],[109.736429,-7.383776],[109.736588,-7.383153],[109.736798,-7.382412],[109.737537,-7.38311],[109.738595,-7.383339],[109.739445,-7.383315],[109.739674,-7.381199],[109.739914,-7.380567],[109.740498,-7.380767],[109.741245,-7.381032],[109.742166,-7.381296],[109.742217,-7.381984],[109.742585,-7.381849],[109.743231,-7.381625],[109.743554,-7.381526],[109.743957,-7.381482],[109.744562,-7.381448],[109.744993,-7.381313],[109.745408,-7.38126],[109.745809,-7.381379],[109.746516,-7.381236],[109.746921,-7.381518],[109.747296,-7.381446],[109.748,-7.381186],[109.748607,-7.381034],[109.74903,-7.381008],[109.749886,-7.380993]]]]}},{"id":"112","type":"Feature","properties":{"DESA":"Pekauman"},"geometry":{"type":"MultiPolygon","coordinates":[[[[109.735949,-7.364521],[109.736363,-7.36482],[109.737029,-7.364786],[109.7371,-7.364416],[109.737297,-7.364127],[109.737982,-7.363505],[109.738193,-7.36375],[109.738702,-7.363932],[109.739344,-7.364142],[109.73991,-7.364333],[109.740444,-7.364506],[109.740874,-7.364734],[109.741652,-7.364917],[109.741011,-7.36525],[109.740537,-7.365646],[109.740246,-7.366052],[109.740149,-7.366477],[109.740165,-7.366957],[109.740278,-7.367545],[109.740416,-7.368477],[109.740739,-7.369572],[109.740937,-7.370359],[109.741183,-7.371083],[109.741298,-7.371789],[109.741462,-7.372432],[109.74154,-7.373191],[109.741539,-7.373734],[109.741475,-7.37424],[109.741373,-7.375],[109.741002,-7.376084],[109.741033,-7.377088],[109.740897,-7.378308],[109.741701,-7.37803],[109.742049,-7.377986],[109.742444,-7.378005],[109.742853,-7.378115],[109.74395,-7.378172],[109.74441,-7.378255],[109.744948,-7.378446],[109.744877,-7.379124],[109.744841,-7.37983],[109.744769,-7.380644],[109.744562,-7.381448],[109.743957,-7.381482],[109.743554,-7.381526],[109.743231,-7.381625],[109.742585,-7.381849],[109.742217,-7.381984],[109.742166,-7.381296],[109.741245,-7.381032],[109.740498,-7.380767],[109.739914,-7.380567],[109.739674,-7.381199],[109.739445,-7.383315],[109.738595,-7.383339],[109.737537,-7.38311],[109.736798,-7.382412],[109.736957,-7.381716],[109.737045,-7.381201],[109.737134,-7.380595],[109.737187,-7.380052],[109.737241,-7.379356],[109.73726,-7.378768],[109.737071,-7.378126],[109.73655,-7.377654],[109.735858,-7.3771],[109.735562,-7.376819],[109.735284,-7.376475],[109.735132,-7.376031],[109.735124,-7.37538],[109.735105,-7.375],[109.735219,-7.374512],[109.735418,-7.373608],[109.735515,-7.372858],[109.735684,-7.370815],[109.735669,-7.370154],[109.735697,-7.369377],[109.735739,-7.368698],[109.735761,-7.367686],[109.735785,-7.366809],[109.735811,-7.366112],[109.735889,-7.365091],[109.735949,-7.364521]]]]}},{"id":"113","type":"Feature","properties":{"DESA":"Talunamba"},"geometry":{"type":"MultiPolygon","coordinates":[[[[109.768906,-7.353543],[109.769171,-7.353815],[109.769651,-7.353997],[109.769554,-7.354567],[109.76976,-7.355219],[109.769704,-7.355607],[109.769661,-7.356014],[109.769245,-7.356574],[109.768638,-7.357259],[109.768154,-7.357828],[109.767745,-7.358442],[109.767387,-7.359074],[109.767133,-7.359607],[109.76699,-7.359995],[109.766922,-7.360764],[109.766988,-7.361334],[109.767155,-7.361913],[109.767223,-7.362637],[109.767142,-7.363324],[109.76699,-7.363929],[109.766674,-7.364489],[109.766132,-7.364976],[109.765502,-7.365815],[109.76505,-7.366474],[109.764701,-7.366916],[109.764285,-7.367485],[109.763896,-7.368144],[109.76373,-7.368695],[109.763593,-7.3694],[109.763447,-7.370024],[109.763201,-7.370647],[109.762767,-7.371207],[109.762351,-7.371622],[109.761982,-7.371829],[109.76164,-7.372135],[109.761242,-7.372487],[109.760816,-7.372893],[109.760523,-7.373263],[109.76032,-7.373669],[109.759922,-7.374229],[109.759321,-7.374797],[109.758982,-7.375004],[109.757633,-7.375968],[109.756198,-7.376841],[109.755321,-7.37739],[109.754364,-7.377903],[109.752787,-7.378857],[109.75255,-7.379146],[109.751865,-7.379343],[109.751229,-7.379802],[109.750859,-7.380154],[109.750508,-7.380614],[109.750189,-7.38084],[109.749886,-7.380993],[109.74903,-7.381008],[109.748607,-7.381034],[109.748,-7.381186],[109.747296,-7.381446],[109.746921,-7.381518],[109.746516,-7.381236],[109.746983,-7.380975],[109.747283,-7.380777],[109.747505,-7.380434],[109.74754,-7.380073],[109.747576,-7.379458],[109.748015,-7.379061],[109.748305,-7.378447],[109.748174,-7.377533],[109.74834,-7.377117],[109.748524,-7.376801],[109.748551,-7.376349],[109.748255,-7.375824],[109.747845,-7.375271],[109.748015,-7.375],[109.747982,-7.374277],[109.74797,-7.373716],[109.747921,-7.373173],[109.747835,-7.372658],[109.747781,-7.37188],[109.747603,-7.371156],[109.747439,-7.370215],[109.747195,-7.369572],[109.746977,-7.368748],[109.746833,-7.368124],[109.746675,-7.366278],[109.746806,-7.365673],[109.747013,-7.365122],[109.747398,-7.364463],[109.747787,-7.363957],[109.748215,-7.363524],[109.748553,-7.363299],[109.749052,-7.362984],[109.749563,-7.362642],[109.75,-7.362137],[109.750347,-7.361224],[109.750887,-7.360719],[109.751355,-7.360305],[109.751902,-7.359709],[109.75242,-7.359277],[109.753048,-7.359079],[109.753816,-7.35891],[109.755094,-7.358678],[109.755803,-7.358418],[109.756969,-7.357779],[109.75789,-7.357528],[109.758976,-7.357332],[109.760269,-7.357209],[109.761343,-7.35704],[109.762768,-7.356565],[109.763618,-7.35616],[109.764802,-7.355485],[109.765677,-7.355054],[109.766477,-7.354649],[109.767427,-7.354226],[109.768284,-7.35384],[109.768906,-7.353543]]]]}},{"id":"114","type":"Feature","properties":{"DESA":"Penawangan"},"geometry":{"type":"MultiPolygon","coordinates":[[[[109.757633,-7.375968],[109.758982,-7.375004],[109.758785,-7.375654],[109.758638,-7.37607],[109.758291,-7.37672],[109.757969,-7.376728],[109.757634,-7.376791],[109.757348,-7.377314],[109.759221,-7.377564],[109.760004,-7.378823],[109.760366,-7.378878],[109.760837,-7.378961],[109.761487,-7.379008],[109.761954,-7.379055],[109.761753,-7.379723],[109.76154,-7.380537],[109.761421,-7.380898],[109.76124,-7.381268],[109.760841,-7.381638],[109.760237,-7.381826],[109.759939,-7.382052],[109.759496,-7.382412],[109.759135,-7.382673],[109.757744,-7.382525],[109.757322,-7.382469],[109.756978,-7.382459],[109.756567,-7.382512],[109.755972,-7.382592],[109.755595,-7.382302],[109.75519,-7.382255],[109.754524,-7.382516],[109.752911,-7.382855],[109.752563,-7.382944],[109.752014,-7.382228],[109.751737,-7.381812],[109.751483,-7.38144],[109.751113,-7.381258],[109.750696,-7.381167],[109.750189,-7.38084],[109.750508,-7.380614],[109.750859,-7.380154],[109.751229,-7.379802],[109.751865,-7.379343],[109.75255,-7.379146],[109.752787,-7.378857],[109.754364,-7.377903],[109.755321,-7.37739],[109.756198,-7.376841],[109.757633,-7.375968]]]]}},{"id":"115","type":"Feature","properties":{"DESA":"Limbangan"},"geometry":{"type":"MultiPolygon","coordinates":[[[[109.769661,-7.356014],[109.76989,-7.356349],[109.770209,-7.356522],[109.77051,-7.356704],[109.77104,-7.357221],[109.771317,-7.357619],[109.771696,-7.358199],[109.771952,-7.358535],[109.772863,-7.359794],[109.773236,-7.360392],[109.773505,-7.361071],[109.773702,-7.361605],[109.773894,-7.362221],[109.774038,-7.362574],[109.774673,-7.363091],[109.775044,-7.36321],[109.775484,-7.363292],[109.775951,-7.36352],[109.776211,-7.363747],[109.7767,-7.364155],[109.776238,-7.364208],[109.775974,-7.36399],[109.775576,-7.363917],[109.775268,-7.364015],[109.774871,-7.364186],[109.774582,-7.364456],[109.774238,-7.364926],[109.773677,-7.365783],[109.773351,-7.36609],[109.772899,-7.366451],[109.77261,-7.366812],[109.772642,-7.368069],[109.772695,-7.368467],[109.772604,-7.368982],[109.77244,-7.369434],[109.772015,-7.369939],[109.771669,-7.370246],[109.771281,-7.370371],[109.770547,-7.370369],[109.769576,-7.370602],[109.769079,-7.370944],[109.768733,-7.371287],[109.768517,-7.371593],[109.768256,-7.372208],[109.768168,-7.372832],[109.76808,-7.373329],[109.767993,-7.373907],[109.767862,-7.374404],[109.76771,-7.374856],[109.767418,-7.375353],[109.767245,-7.375678],[109.767024,-7.376075],[109.766607,-7.377675],[109.76563,-7.378477],[109.764935,-7.378972],[109.76472,-7.379216],[109.76452,-7.379876],[109.764535,-7.380454],[109.764696,-7.381766],[109.764513,-7.382444],[109.764149,-7.382723],[109.763686,-7.383048],[109.763355,-7.383164],[109.762579,-7.383045],[109.761854,-7.382762],[109.761524,-7.382671],[109.761193,-7.382914],[109.761701,-7.384444],[109.761699,-7.384905],[109.7615,-7.385366],[109.761152,-7.385889],[109.76087,-7.386088],[109.760309,-7.386104],[109.759715,-7.385723],[109.758874,-7.385313],[109.758445,-7.385258],[109.75795,-7.385311],[109.756942,-7.38557],[109.756198,-7.385785],[109.755868,-7.385784],[109.755309,-7.384905],[109.754947,-7.384398],[109.754387,-7.384017],[109.753809,-7.383897],[109.753347,-7.383959],[109.752844,-7.383506],[109.752563,-7.382944],[109.752911,-7.382855],[109.754524,-7.382516],[109.75519,-7.382255],[109.755595,-7.382302],[109.755972,-7.382592],[109.756567,-7.382512],[109.756978,-7.382459],[109.757322,-7.382469],[109.757744,-7.382525],[109.759135,-7.382673],[109.759496,-7.382412],[109.759939,-7.382052],[109.760237,-7.381826],[109.760841,-7.381638],[109.76124,-7.381268],[109.761421,-7.380898],[109.76154,-7.380537],[109.761753,-7.379723],[109.761954,-7.379055],[109.761487,-7.379008],[109.760837,-7.378961],[109.760366,-7.378878],[109.760004,-7.378823],[109.759221,-7.377564],[109.757348,-7.377314],[109.757634,-7.376791],[109.757969,-7.376728],[109.758291,-7.37672],[109.758638,-7.37607],[109.758785,-7.375654],[109.758982,-7.375004],[109.759321,-7.374797],[109.759922,-7.374229],[109.76032,-7.373669],[109.760523,-7.373263],[109.760816,-7.372893],[109.761242,-7.372487],[109.76164,-7.372135],[109.761982,-7.371829],[109.762351,-7.371622],[109.762767,-7.371207],[109.763201,-7.370647],[109.763447,-7.370024],[109.763593,-7.3694],[109.76373,-7.368695],[109.763896,-7.368144],[109.764285,-7.367485],[109.764701,-7.366916],[109.76505,-7.366474],[109.765502,-7.365815],[109.766132,-7.364976],[109.766674,-7.364489],[109.76699,-7.363929],[109.767142,-7.363324],[109.767223,-7.362637],[109.767155,-7.361913],[109.766988,-7.361334],[109.766922,-7.360764],[109.76699,-7.359995],[109.767133,-7.359607],[109.767387,-7.359074],[109.767745,-7.358442],[109.768154,-7.357828],[109.768638,-7.357259],[109.769245,-7.356574],[109.769661,-7.356014]]]]}},{"id":"116","type":"Feature","properties":{"DESA":"Clapar"},"geometry":{"type":"MultiPolygon","coordinates":[[[[109.748549,-7.338194],[109.749232,-7.338006],[109.750001,-7.337682],[109.750691,-7.337947],[109.751323,-7.338364],[109.752273,-7.338991],[109.753138,-7.339446],[109.753926,-7.339746],[109.754548,-7.339938],[109.75517,-7.340057],[109.755683,-7.340068],[109.756245,-7.33997],[109.756619,-7.33988],[109.757351,-7.33953],[109.757829,-7.339287],[109.758177,-7.339116],[109.758823,-7.338892],[109.759402,-7.338703],[109.75984,-7.338713],[109.760285,-7.338751],[109.760625,-7.338833],[109.760879,-7.33906],[109.761128,-7.339667],[109.760987,-7.340227],[109.761,-7.340634],[109.761077,-7.341077],[109.761279,-7.341539],[109.761576,-7.342037],[109.761807,-7.342409],[109.762051,-7.343079],[109.762405,-7.343668],[109.762688,-7.34413],[109.763163,-7.3448],[109.763465,-7.345235],[109.763605,-7.345742],[109.763627,-7.346257],[109.76393,-7.347479],[109.764437,-7.347933],[109.764923,-7.348368],[109.765131,-7.348613],[109.765424,-7.349102],[109.765637,-7.349446],[109.766093,-7.349846],[109.766566,-7.350037],[109.766889,-7.350399],[109.767437,-7.350591],[109.767791,-7.351361],[109.76784,-7.351867],[109.767821,-7.352238],[109.768163,-7.352438],[109.768461,-7.352764],[109.768661,-7.353289],[109.768906,-7.353543],[109.768284,-7.35384],[109.767427,-7.354226],[109.766477,-7.354649],[109.765677,-7.355054],[109.764802,-7.355485],[109.763618,-7.35616],[109.762768,-7.356565],[109.761343,-7.35704],[109.760269,-7.357209],[109.758976,-7.357332],[109.75789,-7.357528],[109.756969,-7.357779],[109.755803,-7.358418],[109.755094,-7.358678],[109.753816,-7.35891],[109.753048,-7.359079],[109.75242,-7.359277],[109.751902,-7.359709],[109.751355,-7.360305],[109.750887,-7.360719],[109.750347,-7.361224],[109.75,-7.362137],[109.749563,-7.362642],[109.749052,-7.362984],[109.748553,-7.363299],[109.748215,-7.363524],[109.747787,-7.363957],[109.747398,-7.364463],[109.747013,-7.365122],[109.746806,-7.365673],[109.745347,-7.365398],[109.744636,-7.365396],[109.743689,-7.365275],[109.742247,-7.365018],[109.742759,-7.364459],[109.743214,-7.364116],[109.743443,-7.36371],[109.743651,-7.363222],[109.743762,-7.362571],[109.743914,-7.361523],[109.744051,-7.361179],[109.744206,-7.360854],[109.744556,-7.360304],[109.744959,-7.359844],[109.745229,-7.359338],[109.745641,-7.358769],[109.746171,-7.358147],[109.746551,-7.357795],[109.746993,-7.357471],[109.747518,-7.357174],[109.748159,-7.356814],[109.748862,-7.356391],[109.749564,-7.355931],[109.750003,-7.355526],[109.750698,-7.355274],[109.751189,-7.355131],[109.751722,-7.354943],[109.752097,-7.354672],[109.752732,-7.354095],[109.753194,-7.353626],[109.75354,-7.353428],[109.753742,-7.353112],[109.753585,-7.352696],[109.753413,-7.352388],[109.753336,-7.351746],[109.752049,-7.351281],[109.750468,-7.350354],[109.749887,-7.349692],[109.749469,-7.349139],[109.749063,-7.348559],[109.748686,-7.347826],[109.748255,-7.346956],[109.747964,-7.34616],[109.747627,-7.3453],[109.747374,-7.344548],[109.747257,-7.343743],[109.747203,-7.343255],[109.747244,-7.342848],[109.747408,-7.342342],[109.747585,-7.341872],[109.747681,-7.341402],[109.747818,-7.340796],[109.747965,-7.340082],[109.748159,-7.339486],[109.748323,-7.338971],[109.748549,-7.338194]]]]}},{"id":"117","type":"Feature","properties":{"DESA":"Madukara"},"geometry":{"type":"MultiPolygon","coordinates":[[[[109.741652,-7.364917],[109.742247,-7.365018],[109.743689,-7.365275],[109.744636,-7.365396],[109.745347,-7.365398],[109.746806,-7.365673],[109.746675,-7.366278],[109.746833,-7.368124],[109.746977,-7.368748],[109.747195,-7.369572],[109.747439,-7.370215],[109.747603,-7.371156],[109.747781,-7.37188],[109.747835,-7.372658],[109.747921,-7.373173],[109.74797,-7.373716],[109.747982,-7.374277],[109.748015,-7.375],[109.747845,-7.375271],[109.748255,-7.375824],[109.748551,-7.376349],[109.748524,-7.376801],[109.74834,-7.377117],[109.748174,-7.377533],[109.748305,-7.378447],[109.748015,-7.379061],[109.747576,-7.379458],[109.74754,-7.380073],[109.747505,-7.380434],[109.747283,-7.380777],[109.746983,-7.380975],[109.746516,-7.381236],[109.745809,-7.381379],[109.745408,-7.38126],[109.744993,-7.381313],[109.744562,-7.381448],[109.744769,-7.380644],[109.744841,-7.37983],[109.744877,-7.379124],[109.744948,-7.378446],[109.74441,-7.378255],[109.74395,-7.378172],[109.742853,-7.378115],[109.742444,-7.378005],[109.742049,-7.377986],[109.741701,-7.37803],[109.740897,-7.378308],[109.741033,-7.377088],[109.741002,-7.376084],[109.741373,-7.375],[109.741475,-7.37424],[109.741539,-7.373734],[109.74154,-7.373191],[109.741462,-7.372432],[109.741298,-7.371789],[109.741183,-7.371083],[109.740937,-7.370359],[109.740739,-7.369572],[109.740416,-7.368477],[109.740278,-7.367545],[109.740165,-7.366957],[109.740149,-7.366477],[109.740246,-7.366052],[109.740537,-7.365646],[109.741011,-7.36525],[109.741652,-7.364917]]]]}},{"id":"118","type":"Feature","properties":{"DESA":"Karangannyar"},"geometry":{"type":"MultiPolygon","coordinates":[[[[109.721705,-7.361379],[109.722282,-7.361561],[109.722607,-7.361435],[109.722447,-7.360856],[109.722406,-7.360449],[109.722589,-7.360052],[109.723056,-7.359592],[109.723723,-7.359114],[109.724084,-7.35898],[109.726173,-7.358307],[109.726609,-7.358101],[109.726597,-7.357287],[109.726914,-7.357134],[109.727413,-7.357388],[109.727818,-7.357471],[109.727971,-7.357182],[109.728359,-7.35664],[109.728784,-7.356425],[109.729057,-7.356172],[109.729363,-7.355938],[109.729722,-7.355568],[109.730302,-7.355109],[109.730915,-7.35483],[109.731499,-7.35456],[109.73203,-7.354291],[109.732328,-7.353921],[109.733128,-7.354484],[109.733716,-7.35482],[109.734261,-7.355219],[109.734935,-7.355764],[109.735557,-7.356245],[109.736296,-7.356708],[109.736885,-7.357035],[109.737624,-7.357535],[109.738008,-7.357834],[109.738292,-7.358179],[109.738485,-7.358577],[109.738606,-7.359003],[109.738614,-7.35941],[109.73867,-7.360242],[109.738658,-7.361146],[109.738626,-7.362014],[109.738434,-7.362873],[109.737982,-7.363505],[109.737297,-7.364127],[109.7371,-7.364416],[109.737029,-7.364786],[109.736363,-7.36482],[109.735949,-7.364521],[109.735444,-7.364013],[109.734408,-7.363721],[109.733699,-7.36361],[109.73311,-7.363771],[109.732698,-7.364105],[109.732326,-7.364276],[109.731847,-7.363867],[109.731522,-7.363794],[109.730844,-7.36447],[109.730449,-7.364632],[109.729664,-7.36425],[109.729311,-7.364375],[109.729067,-7.364583],[109.728733,-7.364971],[109.728199,-7.365747],[109.727927,-7.365963],[109.727411,-7.366125],[109.725812,-7.366409],[109.724177,-7.366595],[109.723187,-7.366483],[109.723205,-7.365642],[109.723087,-7.365063],[109.722908,-7.364565],[109.722479,-7.364076],[109.72223,-7.363786],[109.721882,-7.363269],[109.72181,-7.362844],[109.721762,-7.362328],[109.721708,-7.361876],[109.721705,-7.361379]]]]}},{"id":"119","type":"Feature","properties":{"DESA":"Sered"},"geometry":{"type":"MultiPolygon","coordinates":[[[[109.714887,-7.360192],[109.715341,-7.360158],[109.71614,-7.360124],[109.716932,-7.360099],[109.717625,-7.360101],[109.718251,-7.360166],[109.718964,-7.360249],[109.719703,-7.360333],[109.720343,-7.360479],[109.720839,-7.360616],[109.721296,-7.360961],[109.721705,-7.361379],[109.721708,-7.361876],[109.721762,-7.362328],[109.72181,-7.362844],[109.721882,-7.363269],[109.72223,-7.363786],[109.722479,-7.364076],[109.722369,-7.364464],[109.722157,-7.364853],[109.721618,-7.36477],[109.72122,-7.364615],[109.721016,-7.364243],[109.720662,-7.364215],[109.720314,-7.364513],[109.719778,-7.36518],[109.719343,-7.364935],[109.719024,-7.364807],[109.718967,-7.365603],[109.718808,-7.365973],[109.718436,-7.366135],[109.718127,-7.365999],[109.717881,-7.365708],[109.717469,-7.365409],[109.717142,-7.365824],[109.717022,-7.366692],[109.716875,-7.367406],[109.716714,-7.367758],[109.716479,-7.368137],[109.716162,-7.368516],[109.715876,-7.368886],[109.715619,-7.369401],[109.715257,-7.369988],[109.715029,-7.370439],[109.714868,-7.37109],[109.71465,-7.371985],[109.714499,-7.372518],[109.71428,-7.373096],[109.714126,-7.373484],[109.713956,-7.374035],[109.713804,-7.374487],[109.713632,-7.375228],[109.713474,-7.375662],[109.713353,-7.37596],[109.713181,-7.376339],[109.712968,-7.376746],[109.712768,-7.377025],[109.712245,-7.377657],[109.711737,-7.378189],[109.711447,-7.378496],[109.711168,-7.378893],[109.710186,-7.379451],[109.70947,-7.37934],[109.708678,-7.379157],[109.708228,-7.378993],[109.707393,-7.37871],[109.706559,-7.378409],[109.705369,-7.377719],[109.70496,-7.377573],[109.704362,-7.376549],[109.704137,-7.375933],[109.704091,-7.375526],[109.70462,-7.374741],[109.704914,-7.374136],[109.705296,-7.37392],[109.705632,-7.373595],[109.705858,-7.37318],[109.706109,-7.372846],[109.706277,-7.372548],[109.706418,-7.372259],[109.706502,-7.371907],[109.706546,-7.371265],[109.706704,-7.370632],[109.707187,-7.370109],[109.707281,-7.369802],[109.707664,-7.369423],[109.708122,-7.368882],[109.70836,-7.368412],[109.708913,-7.368233],[109.709583,-7.367991],[109.710244,-7.367649],[109.710986,-7.367308],[109.711616,-7.366984],[109.71213,-7.366533],[109.7121,-7.36599],[109.711974,-7.365646],[109.711727,-7.365148],[109.710915,-7.363988],[109.710594,-7.363544],[109.710182,-7.362982],[109.710966,-7.362569],[109.711888,-7.362182],[109.712811,-7.361832],[109.713578,-7.361509],[109.714244,-7.361113],[109.714733,-7.360635],[109.714887,-7.360192]]]]}},{"id":"120","type":"Feature","properties":{"DESA":"Blitar"},"geometry":{"type":"MultiPolygon","coordinates":[[[[109.697839,-7.370136],[109.69838,-7.370237],[109.698758,-7.370103],[109.699218,-7.369715],[109.699571,-7.369255],[109.699978,-7.368469],[109.700422,-7.367892],[109.70086,-7.367351],[109.701273,-7.367081],[109.701985,-7.366504],[109.702532,-7.366107],[109.703213,-7.365829],[109.703904,-7.365759],[109.704672,-7.365779],[109.706253,-7.365811],[109.706977,-7.365532],[109.707581,-7.365163],[109.708307,-7.364641],[109.70911,-7.363938],[109.709642,-7.363397],[109.710182,-7.362982],[109.710594,-7.363544],[109.710915,-7.363988],[109.711727,-7.365148],[109.711974,-7.365646],[109.7121,-7.36599],[109.71213,-7.366533],[109.711616,-7.366984],[109.710986,-7.367308],[109.710244,-7.367649],[109.709583,-7.367991],[109.708913,-7.368233],[109.70836,-7.368412],[109.708122,-7.368882],[109.707664,-7.369423],[109.707281,-7.369802],[109.707187,-7.370109],[109.706704,-7.370632],[109.706546,-7.371265],[109.706502,-7.371907],[109.706418,-7.372259],[109.706277,-7.372548],[109.706109,-7.372846],[109.705858,-7.37318],[109.705632,-7.373595],[109.705296,-7.37392],[109.704914,-7.374136],[109.70462,-7.374741],[109.704091,-7.375526],[109.704137,-7.375933],[109.704362,-7.376549],[109.703915,-7.376982],[109.703588,-7.377397],[109.703122,-7.377468],[109.702378,-7.377411],[109.701664,-7.377102],[109.701713,-7.3775],[109.701552,-7.37778],[109.701236,-7.377679],[109.700798,-7.377561],[109.70039,-7.377695],[109.699945,-7.377775],[109.69979,-7.378372],[109.699672,-7.37886],[109.69949,-7.379176],[109.699197,-7.379383],[109.698956,-7.37968],[109.698558,-7.380023],[109.698163,-7.38023],[109.698163,-7.380619],[109.698157,-7.381134],[109.697813,-7.381739],[109.697163,-7.381412],[109.697136,-7.38105],[109.697185,-7.380706],[109.697321,-7.380227],[109.697732,-7.379089],[109.697597,-7.378772],[109.697238,-7.378319],[109.697208,-7.377975],[109.697729,-7.377335],[109.69759,-7.376801],[109.697496,-7.376402],[109.697465,-7.375516],[109.697039,-7.375253],[109.696723,-7.374998],[109.6969,-7.374673],[109.697189,-7.374168],[109.696985,-7.37367],[109.697231,-7.373291],[109.697564,-7.372767],[109.697528,-7.372161],[109.697651,-7.3718],[109.697973,-7.371611],[109.697839,-7.370136]]]]}},{"id":"121","type":"Feature","properties":{"DESA":"Petambakan"},"geometry":{"type":"MultiPolygon","coordinates":[[[[109.691522,-7.364873],[109.692076,-7.364947],[109.692513,-7.365056],[109.693089,-7.36523],[109.693473,-7.365412],[109.694024,-7.365766],[109.694483,-7.366211],[109.695006,-7.366737],[109.695396,-7.367163],[109.695984,-7.367825],[109.696415,-7.368351],[109.696672,-7.368921],[109.69708,-7.369411],[109.697334,-7.369746],[109.697839,-7.370136],[109.697973,-7.371611],[109.697651,-7.3718],[109.697528,-7.372161],[109.697564,-7.372767],[109.697231,-7.373291],[109.696985,-7.37367],[109.697189,-7.374168],[109.6969,-7.374673],[109.696723,-7.374998],[109.697039,-7.375253],[109.697465,-7.375516],[109.697496,-7.376402],[109.69759,-7.376801],[109.697729,-7.377335],[109.697208,-7.377975],[109.697238,-7.378319],[109.697597,-7.378772],[109.697732,-7.379089],[109.697321,-7.380227],[109.697185,-7.380706],[109.697136,-7.38105],[109.697163,-7.381412],[109.697813,-7.381739],[109.697449,-7.382109],[109.696945,-7.382162],[109.696272,-7.382142],[109.695659,-7.382113],[109.694808,-7.382056],[109.694265,-7.382045],[109.6935,-7.382124],[109.693194,-7.382223],[109.692652,-7.382547],[109.692311,-7.38289],[109.692103,-7.383133],[109.691746,-7.383467],[109.691364,-7.38361],[109.690992,-7.383564],[109.69065,-7.383473],[109.690127,-7.383263],[109.689583,-7.38309],[109.68919,-7.383116],[109.688818,-7.383241],[109.688505,-7.383367],[109.688142,-7.383519],[109.687558,-7.383662],[109.687064,-7.383706],[109.686509,-7.383804],[109.686168,-7.383731],[109.68619,-7.383342],[109.68615,-7.383025],[109.685889,-7.382816],[109.685386,-7.38239],[109.685095,-7.382145],[109.684513,-7.381628],[109.684743,-7.38133],[109.685209,-7.380617],[109.685404,-7.380138],[109.68542,-7.379795],[109.685421,-7.379469],[109.685632,-7.378981],[109.686292,-7.378386],[109.686442,-7.37807],[109.686475,-7.377085],[109.686432,-7.376506],[109.686493,-7.376063],[109.686673,-7.375765],[109.686896,-7.375368],[109.687052,-7.374997],[109.687276,-7.374609],[109.687516,-7.37413],[109.687781,-7.373543],[109.688092,-7.37321],[109.688309,-7.372613],[109.688358,-7.372161],[109.688646,-7.371683],[109.689077,-7.371277],[109.689341,-7.370925],[109.68953,-7.370609],[109.69006,-7.369996],[109.690516,-7.369645],[109.691234,-7.36924],[109.691416,-7.368888],[109.691558,-7.3684],[109.691631,-7.367694],[109.691492,-7.367151],[109.691399,-7.366654],[109.69133,-7.366075],[109.691355,-7.365415],[109.691522,-7.364873]]]]}},{"id":"122","type":"Feature","properties":{"DESA":"Rakitan"},"geometry":{"type":"MultiPolygon","coordinates":[[[[109.706473,-7.353033],[109.706933,-7.353477],[109.707916,-7.35386],[109.708853,-7.354179],[109.709602,-7.354453],[109.710295,-7.354753],[109.710924,-7.355008],[109.711901,-7.355445],[109.712826,-7.355755],[109.713336,-7.355956],[109.713713,-7.356101],[109.714157,-7.356708],[109.714319,-7.357252],[109.714577,-7.357994],[109.714703,-7.35889],[109.714835,-7.359577],[109.714887,-7.360192],[109.714733,-7.360635],[109.714244,-7.361113],[109.713578,-7.361509],[109.712811,-7.361832],[109.711888,-7.362182],[109.710966,-7.362569],[109.710182,-7.362982],[109.709642,-7.363397],[109.70911,-7.363938],[109.708307,-7.364641],[109.707581,-7.365163],[109.706977,-7.365532],[109.706253,-7.365811],[109.704672,-7.365779],[109.703904,-7.365759],[109.703213,-7.365829],[109.702532,-7.366107],[109.701985,-7.366504],[109.701273,-7.367081],[109.70086,-7.367351],[109.700422,-7.367892],[109.699978,-7.368469],[109.699571,-7.369255],[109.699218,-7.369715],[109.698758,-7.370103],[109.69838,-7.370237],[109.697839,-7.370136],[109.697334,-7.369746],[109.69708,-7.369411],[109.696672,-7.368921],[109.696415,-7.368351],[109.695984,-7.367825],[109.695396,-7.367163],[109.695006,-7.366737],[109.694483,-7.366211],[109.694024,-7.365766],[109.693473,-7.365412],[109.693089,-7.36523],[109.692513,-7.365056],[109.692076,-7.364947],[109.691522,-7.364873],[109.691877,-7.36415],[109.692185,-7.363518],[109.692352,-7.362696],[109.692501,-7.361764],[109.692604,-7.361295],[109.692789,-7.36087],[109.693177,-7.360301],[109.693525,-7.359959],[109.693994,-7.359815],[109.694442,-7.359943],[109.694829,-7.359926],[109.695319,-7.359801],[109.695666,-7.359603],[109.696217,-7.359117],[109.696565,-7.358855],[109.696831,-7.358503],[109.696974,-7.35816],[109.697037,-7.357735],[109.697059,-7.357184],[109.697345,-7.356904],[109.697712,-7.356905],[109.698282,-7.356862],[109.698629,-7.356646],[109.698455,-7.35622],[109.698303,-7.355758],[109.698474,-7.35546],[109.698883,-7.355308],[109.69926,-7.354902],[109.699465,-7.354559],[109.699721,-7.354252],[109.700131,-7.3541],[109.700488,-7.35439],[109.700725,-7.354852],[109.700928,-7.35535],[109.701131,-7.355839],[109.7013,-7.35621],[109.701675,-7.356329],[109.70188,-7.356076],[109.702017,-7.355787],[109.702172,-7.355335],[109.702446,-7.354956],[109.703008,-7.354841],[109.703605,-7.354797],[109.704236,-7.354573],[109.704509,-7.354357],[109.70497,-7.35405],[109.705499,-7.353781],[109.705994,-7.353438],[109.706473,-7.353033]]]]}},{"id":"123","type":"Feature","properties":{"DESA":"Kaliurip"},"geometry":{"type":"MultiPolygon","coordinates":[[[[109.707952,-7.345079],[109.708433,-7.344809],[109.709024,-7.344602],[109.709406,-7.344631],[109.709763,-7.34484],[109.710171,-7.345212],[109.710699,-7.345421],[109.711312,-7.345405],[109.711705,-7.345008],[109.712082,-7.344503],[109.712441,-7.343997],[109.712732,-7.343465],[109.712955,-7.343058],[109.713177,-7.342742],[109.713502,-7.3423],[109.713691,-7.34193],[109.713904,-7.341343],[109.714049,-7.340909],[109.714379,-7.340602],[109.714872,-7.340622],[109.716454,-7.340654],[109.717153,-7.340656],[109.717606,-7.34053],[109.718181,-7.34027],[109.718634,-7.340289],[109.719148,-7.340191],[109.719175,-7.339847],[109.719919,-7.340211],[109.720598,-7.340439],[109.721414,-7.340668],[109.722137,-7.340887],[109.722903,-7.341106],[109.723544,-7.341316],[109.724445,-7.341716],[109.725255,-7.34218],[109.726136,-7.342553],[109.726999,-7.34289],[109.728106,-7.343282],[109.728696,-7.343402],[109.729898,-7.343902],[109.730869,-7.34433],[109.731373,-7.344558],[109.732054,-7.344849],[109.732717,-7.345149],[109.733157,-7.345331],[109.7335,-7.345595],[109.733749,-7.345903],[109.733748,-7.346418],[109.73369,-7.346925],[109.733645,-7.347756],[109.733664,-7.34867],[109.733643,-7.349131],[109.733636,-7.349674],[109.733556,-7.350325],[109.733508,-7.350704],[109.733416,-7.351364],[109.733318,-7.35206],[109.733227,-7.352747],[109.732889,-7.353352],[109.732328,-7.353921],[109.73203,-7.354291],[109.731499,-7.35456],[109.730915,-7.35483],[109.730302,-7.355109],[109.729722,-7.355568],[109.729363,-7.355938],[109.729057,-7.356172],[109.728784,-7.356425],[109.728359,-7.35664],[109.727971,-7.357182],[109.727818,-7.357471],[109.727413,-7.357388],[109.726914,-7.357134],[109.726597,-7.357287],[109.726609,-7.358101],[109.726173,-7.358307],[109.724084,-7.35898],[109.723723,-7.359114],[109.723056,-7.359592],[109.722589,-7.360052],[109.722406,-7.360449],[109.722447,-7.360856],[109.722607,-7.361435],[109.722282,-7.361561],[109.721705,-7.361379],[109.721296,-7.360961],[109.720839,-7.360616],[109.720343,-7.360479],[109.719703,-7.360333],[109.718964,-7.360249],[109.718251,-7.360166],[109.717625,-7.360101],[109.716932,-7.360099],[109.71614,-7.360124],[109.715341,-7.360158],[109.714887,-7.360192],[109.714835,-7.359577],[109.714703,-7.35889],[109.714577,-7.357994],[109.714319,-7.357252],[109.714157,-7.356708],[109.713713,-7.356101],[109.713336,-7.355956],[109.712826,-7.355755],[109.711901,-7.355445],[109.710924,-7.355008],[109.710295,-7.354753],[109.709602,-7.354453],[109.708853,-7.354179],[109.707916,-7.35386],[109.706933,-7.353477],[109.706473,-7.353033],[109.706593,-7.352364],[109.706316,-7.351947],[109.706159,-7.351513],[109.7061,-7.351196],[109.705963,-7.350716],[109.705964,-7.350201],[109.706481,-7.349913],[109.707017,-7.349797],[109.707673,-7.349654],[109.708209,-7.349502],[109.708766,-7.349123],[109.708708,-7.348608],[109.70849,-7.348255],[109.708253,-7.347919],[109.708096,-7.347575],[109.707918,-7.347141],[109.707612,-7.346461],[109.70751,-7.34609],[109.70758,-7.345494],[109.707952,-7.345079]]]]}},{"id":"124","type":"Feature","properties":{"DESA":"Gununggiana"},"geometry":{"type":"MultiPolygon","coordinates":[[[[109.745492,-7.338267],[109.746223,-7.338305],[109.747134,-7.33828],[109.747671,-7.3383],[109.748549,-7.338194],[109.748323,-7.338971],[109.748159,-7.339486],[109.747965,-7.340082],[109.747818,-7.340796],[109.747681,-7.341402],[109.747585,-7.341872],[109.747408,-7.342342],[109.747244,-7.342848],[109.747203,-7.343255],[109.747257,-7.343743],[109.747374,-7.344548],[109.747627,-7.3453],[109.747964,-7.34616],[109.748255,-7.346956],[109.748686,-7.347826],[109.749063,-7.348559],[109.749469,-7.349139],[109.749887,-7.349692],[109.750468,-7.350354],[109.752049,-7.351281],[109.753336,-7.351746],[109.753413,-7.352388],[109.753585,-7.352696],[109.753742,-7.353112],[109.75354,-7.353428],[109.753194,-7.353626],[109.752732,-7.354095],[109.752097,-7.354672],[109.751722,-7.354943],[109.751189,-7.355131],[109.750698,-7.355274],[109.750003,-7.355526],[109.749564,-7.355931],[109.748862,-7.356391],[109.748159,-7.356814],[109.747518,-7.357174],[109.746993,-7.357471],[109.746551,-7.357795],[109.746171,-7.358147],[109.745641,-7.358769],[109.745229,-7.359338],[109.744959,-7.359844],[109.744556,-7.360304],[109.744206,-7.360854],[109.744051,-7.361179],[109.743914,-7.361523],[109.743762,-7.362571],[109.743651,-7.363222],[109.743443,-7.36371],[109.743214,-7.364116],[109.742759,-7.364459],[109.742247,-7.365018],[109.741652,-7.364917],[109.740874,-7.364734],[109.740444,-7.364506],[109.73991,-7.364333],[109.739344,-7.364142],[109.738702,-7.363932],[109.738193,-7.36375],[109.737982,-7.363505],[109.738434,-7.362873],[109.738626,-7.362014],[109.738658,-7.361146],[109.73867,-7.360242],[109.738614,-7.35941],[109.738606,-7.359003],[109.738485,-7.358577],[109.738292,-7.358179],[109.738008,-7.357834],[109.737624,-7.357535],[109.736885,-7.357035],[109.736296,-7.356708],[109.735557,-7.356245],[109.734935,-7.355764],[109.734261,-7.355219],[109.733716,-7.35482],[109.733128,-7.354484],[109.732328,-7.353921],[109.732889,-7.353352],[109.733227,-7.352747],[109.733318,-7.35206],[109.733416,-7.351364],[109.733508,-7.350704],[109.733556,-7.350325],[109.733636,-7.349674],[109.734215,-7.349965],[109.734719,-7.350156],[109.735235,-7.35023],[109.735877,-7.35015],[109.736343,-7.34969],[109.736926,-7.348978],[109.737059,-7.348426],[109.73694,-7.347865],[109.737031,-7.347305],[109.73738,-7.347062],[109.737949,-7.346629],[109.738285,-7.346458],[109.738768,-7.346206],[109.739173,-7.346009],[109.739498,-7.345856],[109.739823,-7.345658],[109.740453,-7.345171],[109.74084,-7.344828],[109.74132,-7.344459],[109.741671,-7.344089],[109.741883,-7.343719],[109.742019,-7.343331],[109.7422,-7.342617],[109.742686,-7.34194],[109.743599,-7.34083],[109.744845,-7.339233],[109.745324,-7.33861],[109.745492,-7.338267]]]]}},{"id":"125","type":"Feature","properties":{"DESA":"Pakelen"},"geometry":{"type":"MultiPolygon","coordinates":[[[[109.724303,-7.324018],[109.726239,-7.32481],[109.727844,-7.325701],[109.727758,-7.326026],[109.728153,-7.326434],[109.728537,-7.326707],[109.729793,-7.327687],[109.730099,-7.328013],[109.730528,-7.328358],[109.730976,-7.328658],[109.731727,-7.329329],[109.732017,-7.329628],[109.732367,-7.329982],[109.732654,-7.330272],[109.733328,-7.330609],[109.734051,-7.330837],[109.734595,-7.330974],[109.735288,-7.331329],[109.73576,-7.33161],[109.736098,-7.331801],[109.736466,-7.33211],[109.736782,-7.33259],[109.737088,-7.33298],[109.737494,-7.333415],[109.738449,-7.333924],[109.739013,-7.334495],[109.73942,-7.334931],[109.739692,-7.335158],[109.740086,-7.33543],[109.740517,-7.335865],[109.74091,-7.336382],[109.741477,-7.337288],[109.742024,-7.337606],[109.743418,-7.338026],[109.744577,-7.338219],[109.745492,-7.338267],[109.745324,-7.33861],[109.744845,-7.339233],[109.743599,-7.34083],[109.742686,-7.34194],[109.7422,-7.342617],[109.742019,-7.343331],[109.741883,-7.343719],[109.741671,-7.344089],[109.74132,-7.344459],[109.74084,-7.344828],[109.740453,-7.345171],[109.739823,-7.345658],[109.739498,-7.345856],[109.739173,-7.346009],[109.738768,-7.346206],[109.738285,-7.346458],[109.737949,-7.346629],[109.73738,-7.347062],[109.737031,-7.347305],[109.73694,-7.347865],[109.737059,-7.348426],[109.736926,-7.348978],[109.736343,-7.34969],[109.735877,-7.35015],[109.735235,-7.35023],[109.734719,-7.350156],[109.734215,-7.349965],[109.733636,-7.349674],[109.733643,-7.349131],[109.733664,-7.34867],[109.733645,-7.347756],[109.73369,-7.346925],[109.733748,-7.346418],[109.733749,-7.345903],[109.7335,-7.345595],[109.733157,-7.345331],[109.732717,-7.345149],[109.732054,-7.344849],[109.731373,-7.344558],[109.730869,-7.34433],[109.729898,-7.343902],[109.728696,-7.343402],[109.728106,-7.343282],[109.726999,-7.34289],[109.726136,-7.342553],[109.725255,-7.34218],[109.724445,-7.341716],[109.723544,-7.341316],[109.722903,-7.341106],[109.722137,-7.340887],[109.721414,-7.340668],[109.720598,-7.340439],[109.719919,-7.340211],[109.719175,-7.339847],[109.719006,-7.339576],[109.718554,-7.339303],[109.718247,-7.33904],[109.718001,-7.338768],[109.717858,-7.338424],[109.717818,-7.338089],[109.717963,-7.337701],[109.718169,-7.337421],[109.718849,-7.336844],[109.719384,-7.336538],[109.719858,-7.336169],[109.719983,-7.335744],[109.72036,-7.334596],[109.72024,-7.334171],[109.72006,-7.333872],[109.719941,-7.333284],[109.720032,-7.332977],[109.720154,-7.332679],[109.720579,-7.332065],[109.720807,-7.331532],[109.72111,-7.331144],[109.721473,-7.331036],[109.72182,-7.331191],[109.722076,-7.331463],[109.722453,-7.331645],[109.72244,-7.331084],[109.722275,-7.330677],[109.722079,-7.330324],[109.721986,-7.329998],[109.721988,-7.329283],[109.722207,-7.328497],[109.722309,-7.327837],[109.72231,-7.327485],[109.722279,-7.326589],[109.722597,-7.326337],[109.722748,-7.326021],[109.722816,-7.325542],[109.723102,-7.324855],[109.723407,-7.324666],[109.724089,-7.324288],[109.724303,-7.324018]]]]}},{"id":"126","type":"Feature","properties":{"DESA":"Jenggawur"},"geometry":{"type":"MultiPolygon","coordinates":[[[[109.673775,-7.380303],[109.674603,-7.380025],[109.675067,-7.37971],[109.6754,-7.379503],[109.676056,-7.379143],[109.676459,-7.378999],[109.676992,-7.378856],[109.677587,-7.378686],[109.678383,-7.378481],[109.679129,-7.378302],[109.679774,-7.378123],[109.680308,-7.378016],[109.680707,-7.377981],[109.681026,-7.378036],[109.68133,-7.3782],[109.681717,-7.378599],[109.681872,-7.378898],[109.682153,-7.379324],[109.682464,-7.379704],[109.682815,-7.38004],[109.683076,-7.380285],[109.683488,-7.380657],[109.683789,-7.380947],[109.684171,-7.38131],[109.684513,-7.381628],[109.684024,-7.381943],[109.683575,-7.382032],[109.683052,-7.382166],[109.682498,-7.382427],[109.682138,-7.382679],[109.681898,-7.382949],[109.681718,-7.38322],[109.681522,-7.383753],[109.681281,-7.384603],[109.681039,-7.385642],[109.680782,-7.386482],[109.680615,-7.387386],[109.680433,-7.388181],[109.680372,-7.388507],[109.680385,-7.389221],[109.680442,-7.389999],[109.68053,-7.390551],[109.680812,-7.391085],[109.681185,-7.391502],[109.681522,-7.391865],[109.681815,-7.3923],[109.682047,-7.392672],[109.681845,-7.393105],[109.68162,-7.394],[109.681291,-7.394587],[109.680804,-7.395218],[109.680292,-7.395678],[109.67961,-7.396218],[109.679163,-7.396615],[109.678626,-7.397075],[109.678245,-7.397254],[109.677904,-7.397317],[109.677316,-7.39727],[109.676867,-7.397033],[109.676257,-7.396543],[109.675762,-7.395854],[109.675358,-7.395121],[109.675007,-7.39426],[109.674591,-7.393355],[109.674174,-7.392495],[109.67377,-7.391951],[109.673365,-7.391651],[109.672895,-7.391469],[109.672437,-7.391386],[109.672031,-7.391412],[109.671519,-7.391808],[109.671308,-7.392233],[109.671542,-7.392668],[109.671855,-7.39303],[109.672011,-7.393383],[109.672023,-7.394016],[109.671943,-7.394505],[109.671628,-7.394793],[109.671025,-7.394836],[109.670529,-7.394546],[109.670202,-7.3944],[109.669822,-7.39429],[109.669152,-7.394144],[109.668645,-7.393952],[109.668227,-7.393752],[109.667861,-7.393398],[109.667666,-7.392954],[109.667589,-7.392502],[109.667565,-7.391914],[109.667553,-7.391399],[109.667162,-7.39081],[109.66664,-7.3906],[109.666104,-7.390327],[109.665568,-7.389891],[109.665137,-7.389727],[109.664704,-7.389762],[109.66384,-7.389941],[109.663329,-7.390002],[109.662871,-7.389992],[109.662583,-7.389819],[109.662257,-7.389402],[109.662219,-7.388914],[109.66226,-7.388579],[109.662588,-7.388164],[109.662904,-7.387641],[109.662958,-7.38727],[109.663051,-7.38661],[109.663127,-7.385959],[109.663749,-7.385807],[109.664473,-7.385638],[109.665197,-7.38545],[109.665715,-7.385334],[109.666203,-7.3852],[109.666963,-7.384985],[109.667667,-7.384761],[109.668258,-7.384546],[109.668717,-7.384339],[109.669087,-7.384105],[109.669472,-7.383799],[109.669813,-7.383483],[109.670477,-7.382943],[109.671101,-7.382492],[109.671545,-7.382213],[109.6723,-7.381709],[109.672804,-7.381385],[109.673203,-7.381124],[109.673455,-7.38089],[109.673662,-7.380628],[109.673775,-7.380303]]]]}},{"id":"127","type":"Feature","properties":{"DESA":"Banjar Kulon"},"geometry":{"type":"MultiPolygon","coordinates":[[[[109.669914,-7.369032],[109.670321,-7.368934],[109.670672,-7.368817],[109.67139,-7.36891],[109.671736,-7.368911],[109.672032,-7.368758],[109.672698,-7.368624],[109.673316,-7.368445],[109.674004,-7.368348],[109.675119,-7.368623],[109.675543,-7.368687],[109.676021,-7.368327],[109.676412,-7.368147],[109.676789,-7.368166],[109.677134,-7.368312],[109.677506,-7.368494],[109.678709,-7.368886],[109.679232,-7.368951],[109.679566,-7.368934],[109.679972,-7.368773],[109.681017,-7.368495],[109.681397,-7.368379],[109.681765,-7.368154],[109.682384,-7.36811],[109.682818,-7.368256],[109.683391,-7.368511],[109.683944,-7.368676],[109.684513,-7.368732],[109.684831,-7.368696],[109.685115,-7.368535],[109.685391,-7.368002],[109.685552,-7.36764],[109.685795,-7.367307],[109.68609,-7.367136],[109.686805,-7.366966],[109.687308,-7.367157],[109.68787,-7.367439],[109.688013,-7.367729],[109.688017,-7.368489],[109.687971,-7.368959],[109.688005,-7.369402],[109.688225,-7.369765],[109.6886,-7.370082],[109.689062,-7.370355],[109.68953,-7.370609],[109.689341,-7.370925],[109.689077,-7.371277],[109.688646,-7.371683],[109.688358,-7.372161],[109.688309,-7.372613],[109.688092,-7.37321],[109.687781,-7.373543],[109.687516,-7.37413],[109.687276,-7.374609],[109.687052,-7.374997],[109.686896,-7.375368],[109.686673,-7.375765],[109.686493,-7.376063],[109.686432,-7.376506],[109.686475,-7.377085],[109.686442,-7.37807],[109.686292,-7.378386],[109.685632,-7.378981],[109.685421,-7.379469],[109.68542,-7.379795],[109.685404,-7.380138],[109.685209,-7.380617],[109.684743,-7.38133],[109.684513,-7.381628],[109.684171,-7.38131],[109.683789,-7.380947],[109.683488,-7.380657],[109.683076,-7.380285],[109.682815,-7.38004],[109.682464,-7.379704],[109.682153,-7.379324],[109.681872,-7.378898],[109.681717,-7.378599],[109.68133,-7.3782],[109.681026,-7.378036],[109.680707,-7.377981],[109.680308,-7.378016],[109.679774,-7.378123],[109.679129,-7.378302],[109.678383,-7.378481],[109.677587,-7.378686],[109.676992,-7.378856],[109.676459,-7.378999],[109.676056,-7.379143],[109.6754,-7.379503],[109.675067,-7.37971],[109.674603,-7.380025],[109.673775,-7.380303],[109.673887,-7.379643],[109.673951,-7.378802],[109.673979,-7.378404],[109.674011,-7.377826],[109.674042,-7.377211],[109.674073,-7.376578],[109.674046,-7.375954],[109.674032,-7.37551],[109.674065,-7.374859],[109.674195,-7.374426],[109.674198,-7.373946],[109.674053,-7.373295],[109.673788,-7.372571],[109.673249,-7.3719],[109.67263,-7.371256],[109.671858,-7.370476],[109.670824,-7.369713],[109.669914,-7.369032]]]]}},{"id":"128","type":"Feature","properties":{"DESA":"Banjarmangu"},"geometry":{"type":"MultiPolygon","coordinates":[[[[109.68924,-7.3566],[109.68975,-7.357117],[109.690418,-7.357824],[109.690887,-7.35835],[109.691323,-7.358858],[109.691693,-7.359067],[109.692157,-7.359647],[109.692689,-7.359875],[109.693177,-7.360301],[109.692789,-7.36087],[109.692604,-7.361295],[109.692501,-7.361764],[109.692352,-7.362696],[109.692185,-7.363518],[109.691877,-7.36415],[109.691522,-7.364873],[109.691355,-7.365415],[109.69133,-7.366075],[109.691399,-7.366654],[109.691492,-7.367151],[109.691631,-7.367694],[109.691558,-7.3684],[109.691416,-7.368888],[109.691234,-7.36924],[109.690516,-7.369645],[109.69006,-7.369996],[109.68953,-7.370609],[109.689062,-7.370355],[109.6886,-7.370082],[109.688225,-7.369765],[109.688005,-7.369402],[109.687971,-7.368959],[109.688017,-7.368489],[109.688013,-7.367729],[109.68787,-7.367439],[109.687308,-7.367157],[109.686805,-7.366966],[109.68609,-7.367136],[109.685795,-7.367307],[109.685552,-7.36764],[109.685391,-7.368002],[109.685115,-7.368535],[109.684831,-7.368696],[109.684513,-7.368732],[109.683944,-7.368676],[109.683391,-7.368511],[109.682818,-7.368256],[109.682384,-7.36811],[109.681765,-7.368154],[109.681397,-7.368379],[109.681017,-7.368495],[109.679972,-7.368773],[109.679566,-7.368934],[109.679232,-7.368951],[109.678709,-7.368886],[109.677506,-7.368494],[109.677134,-7.368312],[109.676789,-7.368166],[109.676412,-7.368147],[109.676021,-7.368327],[109.675543,-7.368687],[109.675119,-7.368623],[109.674004,-7.368348],[109.673316,-7.368445],[109.672698,-7.368624],[109.672032,-7.368758],[109.671736,-7.368911],[109.67139,-7.36891],[109.670672,-7.368817],[109.670321,-7.368934],[109.669914,-7.369032],[109.669431,-7.36838],[109.669249,-7.368035],[109.669377,-7.367683],[109.669775,-7.367368],[109.670148,-7.367369],[109.670583,-7.367623],[109.670976,-7.367724],[109.671665,-7.367337],[109.671663,-7.36665],[109.671987,-7.366497],[109.672534,-7.366472],[109.672628,-7.365911],[109.67294,-7.365659],[109.673264,-7.365488],[109.672851,-7.364917],[109.672318,-7.36478],[109.67187,-7.364923],[109.671766,-7.364371],[109.671581,-7.364027],[109.671101,-7.363863],[109.670838,-7.363564],[109.670858,-7.363238],[109.671033,-7.362696],[109.671172,-7.362199],[109.671679,-7.361785],[109.672349,-7.361642],[109.672475,-7.361163],[109.672964,-7.360803],[109.673391,-7.360894],[109.673778,-7.360787],[109.674239,-7.360607],[109.674924,-7.360519],[109.675446,-7.36072],[109.676267,-7.360071],[109.676942,-7.359838],[109.677289,-7.359712],[109.677842,-7.359687],[109.678367,-7.359562],[109.679121,-7.35922],[109.679926,-7.359358],[109.680277,-7.359395],[109.680854,-7.359261],[109.681505,-7.359046],[109.681874,-7.359075],[109.68244,-7.359031],[109.682923,-7.358924],[109.683827,-7.358393],[109.684774,-7.358106],[109.685119,-7.358035],[109.685738,-7.358173],[109.686275,-7.357957],[109.686628,-7.357705],[109.687244,-7.3572],[109.687613,-7.357084],[109.68809,-7.357212],[109.688638,-7.357051],[109.68924,-7.3566]]]]}},{"id":"129","type":"Feature","properties":{"DESA":"Rejasari"},"geometry":{"type":"MultiPolygon","coordinates":[[[[109.67387,-7.341281],[109.67464,-7.341391],[109.675504,-7.34152],[109.676406,-7.341659],[109.677089,-7.341787],[109.677966,-7.341917],[109.678947,-7.341947],[109.679875,-7.341886],[109.680678,-7.341762],[109.681379,-7.341565],[109.681883,-7.341304],[109.681868,-7.341738],[109.682164,-7.342408],[109.682214,-7.343494],[109.682146,-7.343846],[109.682041,-7.34418],[109.681898,-7.34484],[109.681793,-7.345744],[109.681853,-7.34654],[109.681983,-7.347662],[109.682245,-7.348558],[109.682581,-7.349364],[109.682918,-7.349944],[109.683468,-7.35056],[109.684176,-7.351015],[109.685259,-7.351705],[109.686454,-7.352441],[109.688546,-7.35337],[109.689208,-7.353679],[109.689839,-7.353997],[109.690231,-7.354207],[109.691293,-7.355114],[109.691027,-7.355638],[109.690995,-7.355999],[109.690196,-7.356304],[109.689723,-7.35633],[109.68924,-7.3566],[109.688638,-7.357051],[109.68809,-7.357212],[109.687613,-7.357084],[109.687244,-7.3572],[109.686628,-7.357705],[109.686275,-7.357957],[109.685738,-7.358173],[109.685119,-7.358035],[109.684774,-7.358106],[109.683827,-7.358393],[109.682923,-7.358924],[109.68244,-7.359031],[109.681874,-7.359075],[109.681505,-7.359046],[109.680854,-7.359261],[109.680277,-7.359395],[109.679926,-7.359358],[109.679121,-7.35922],[109.678367,-7.359562],[109.677842,-7.359687],[109.677289,-7.359712],[109.676942,-7.359838],[109.676267,-7.360071],[109.675446,-7.36072],[109.674924,-7.360519],[109.675394,-7.360258],[109.675505,-7.35987],[109.675428,-7.359173],[109.675208,-7.358521],[109.674906,-7.357824],[109.67439,-7.357063],[109.673865,-7.356428],[109.673238,-7.35601],[109.672352,-7.355456],[109.671686,-7.355255],[109.671862,-7.354713],[109.671963,-7.35418],[109.672105,-7.353186],[109.672199,-7.352336],[109.672384,-7.351341],[109.672581,-7.350347],[109.672798,-7.349344],[109.672998,-7.348187],[109.673266,-7.347284],[109.673529,-7.346118],[109.673767,-7.345305],[109.673774,-7.344464],[109.673849,-7.343279],[109.673933,-7.34223],[109.67387,-7.341281]]]]}},{"id":"130","type":"Feature","properties":{"DESA":"Kasenent"},"geometry":{"type":"MultiPolygon","coordinates":[[[[109.699199,-7.341128],[109.70001,-7.340787],[109.700632,-7.340662],[109.70107,-7.341025],[109.701221,-7.341351],[109.701472,-7.341705],[109.701647,-7.342004],[109.702204,-7.342385],[109.702916,-7.342414],[109.70345,-7.342262],[109.704205,-7.341966],[109.704853,-7.341624],[109.705412,-7.342069],[109.705873,-7.342595],[109.706276,-7.343066],[109.706832,-7.343647],[109.707314,-7.344299],[109.707952,-7.345079],[109.70758,-7.345494],[109.70751,-7.34609],[109.707612,-7.346461],[109.707918,-7.347141],[109.708096,-7.347575],[109.708253,-7.347919],[109.70849,-7.348255],[109.708708,-7.348608],[109.708766,-7.349123],[109.708209,-7.349502],[109.707673,-7.349654],[109.707017,-7.349797],[109.706481,-7.349913],[109.705964,-7.350201],[109.705963,-7.350716],[109.7061,-7.351196],[109.706159,-7.351513],[109.706316,-7.351947],[109.706593,-7.352364],[109.706473,-7.353033],[109.705994,-7.353438],[109.705499,-7.353781],[109.70497,-7.35405],[109.704509,-7.354357],[109.704236,-7.354573],[109.703605,-7.354797],[109.703008,-7.354841],[109.702446,-7.354956],[109.702172,-7.355335],[109.702017,-7.355787],[109.70188,-7.356076],[109.701675,-7.356329],[109.7013,-7.35621],[109.701131,-7.355839],[109.700928,-7.35535],[109.700725,-7.354852],[109.700488,-7.35439],[109.700131,-7.3541],[109.699721,-7.354252],[109.699465,-7.354559],[109.69926,-7.354902],[109.698883,-7.355308],[109.698474,-7.35546],[109.698303,-7.355758],[109.698455,-7.35622],[109.698629,-7.356646],[109.698282,-7.356862],[109.697712,-7.356905],[109.697345,-7.356904],[109.697059,-7.357184],[109.697037,-7.357735],[109.696974,-7.35816],[109.696831,-7.358503],[109.696565,-7.358855],[109.696217,-7.359117],[109.695666,-7.359603],[109.695319,-7.359801],[109.694829,-7.359926],[109.694442,-7.359943],[109.693994,-7.359815],[109.693525,-7.359959],[109.693177,-7.360301],[109.692689,-7.359875],[109.692157,-7.359647],[109.691693,-7.359067],[109.691323,-7.358858],[109.690887,-7.35835],[109.690418,-7.357824],[109.68975,-7.357117],[109.68924,-7.3566],[109.689723,-7.35633],[109.690196,-7.356304],[109.690995,-7.355999],[109.691027,-7.355638],[109.691293,-7.355114],[109.690231,-7.354207],[109.689839,-7.353997],[109.689208,-7.353679],[109.688546,-7.35337],[109.686454,-7.352441],[109.685259,-7.351705],[109.684176,-7.351015],[109.683468,-7.35056],[109.682918,-7.349944],[109.682581,-7.349364],[109.682245,-7.348558],[109.681983,-7.347662],[109.682832,-7.347673],[109.683363,-7.347693],[109.684531,-7.347724],[109.685445,-7.347826],[109.686776,-7.347902],[109.687528,-7.348013],[109.688372,-7.348106],[109.689045,-7.34809],[109.689118,-7.347683],[109.689503,-7.347232],[109.689939,-7.347197],[109.690531,-7.347172],[109.691293,-7.347156],[109.691952,-7.34704],[109.692591,-7.34715],[109.693324,-7.347261],[109.693765,-7.347461],[109.694218,-7.347589],[109.694754,-7.347609],[109.695331,-7.34743],[109.695871,-7.34725],[109.696515,-7.346999],[109.697099,-7.346603],[109.697442,-7.346278],[109.697722,-7.345962],[109.697948,-7.345412],[109.698251,-7.344662],[109.698473,-7.343966],[109.698602,-7.343279],[109.698646,-7.342719],[109.698791,-7.342194],[109.699021,-7.341544],[109.699199,-7.341128]]]]}},{"id":"131","type":"Feature","properties":{"DESA":"Gripit"},"geometry":{"type":"MultiPolygon","coordinates":[[[[109.68744,-7.341438],[109.687575,-7.341095],[109.687819,-7.340562],[109.688224,-7.34002],[109.688704,-7.339778],[109.689025,-7.339516],[109.689164,-7.3392],[109.689787,-7.339428],[109.690196,-7.339475],[109.690633,-7.339783],[109.690879,-7.340037],[109.691331,-7.340464],[109.691817,-7.340709],[109.692017,-7.341189],[109.692549,-7.341625],[109.693132,-7.342268],[109.693442,-7.341935],[109.693875,-7.341583],[109.694451,-7.341341],[109.695145,-7.34127],[109.696159,-7.341382],[109.69704,-7.341421],[109.698086,-7.341333],[109.699199,-7.341128],[109.699021,-7.341544],[109.698791,-7.342194],[109.698646,-7.342719],[109.698602,-7.343279],[109.698473,-7.343966],[109.698251,-7.344662],[109.697948,-7.345412],[109.697722,-7.345962],[109.697442,-7.346278],[109.697099,-7.346603],[109.696515,-7.346999],[109.695871,-7.34725],[109.695331,-7.34743],[109.694754,-7.347609],[109.694218,-7.347589],[109.693765,-7.347461],[109.693324,-7.347261],[109.692591,-7.34715],[109.691952,-7.34704],[109.691293,-7.347156],[109.690531,-7.347172],[109.689939,-7.347197],[109.689503,-7.347232],[109.689118,-7.347683],[109.689045,-7.34809],[109.688372,-7.348106],[109.687528,-7.348013],[109.686776,-7.347902],[109.685445,-7.347826],[109.684531,-7.347724],[109.683363,-7.347693],[109.682832,-7.347673],[109.681983,-7.347662],[109.681853,-7.34654],[109.681793,-7.345744],[109.681898,-7.34484],[109.682041,-7.34418],[109.682146,-7.343846],[109.682214,-7.343494],[109.683662,-7.343534],[109.684521,-7.343401],[109.685191,-7.343213],[109.68597,-7.342853],[109.686578,-7.342394],[109.686951,-7.342033],[109.68744,-7.341438]]]]}},{"id":"132","type":"Feature","properties":{"DESA":"Sigeblok"},"geometry":{"type":"MultiPolygon","coordinates":[[[[109.671999,-7.292947],[109.672319,-7.293174],[109.672917,-7.292913],[109.673412,-7.293331],[109.674056,-7.294002],[109.674744,-7.294637],[109.675316,-7.295136],[109.676137,-7.295871],[109.67688,-7.296452],[109.677542,-7.29706],[109.678482,-7.297831],[109.679199,-7.298412],[109.679745,-7.29883],[109.6803,-7.299365],[109.680746,-7.299809],[109.681307,-7.300362],[109.681849,-7.300889],[109.682305,-7.301215],[109.68261,-7.301451],[109.683551,-7.302268],[109.684448,-7.303067],[109.685505,-7.304055],[109.686544,-7.305089],[109.687286,-7.306005],[109.688294,-7.307301],[109.688853,-7.308108],[109.689385,-7.308896],[109.68986,-7.309856],[109.690391,-7.31078],[109.690755,-7.311477],[109.691062,-7.312129],[109.691328,-7.312845],[109.690677,-7.312942],[109.689473,-7.313083],[109.688193,-7.313405],[109.686979,-7.313818],[109.686081,-7.314168],[109.684979,-7.314608],[109.683641,-7.315065],[109.682576,-7.315487],[109.681503,-7.315855],[109.680629,-7.316105],[109.679712,-7.316446],[109.678653,-7.316859],[109.677575,-7.317227],[109.676439,-7.317558],[109.675712,-7.317384],[109.675467,-7.317022],[109.675337,-7.316488],[109.675168,-7.315854],[109.675092,-7.315239],[109.67493,-7.314678],[109.67477,-7.314189],[109.674491,-7.313944],[109.674193,-7.313744],[109.67339,-7.31385],[109.672412,-7.314245],[109.671605,-7.314776],[109.671053,-7.315209],[109.670724,-7.315597],[109.671363,-7.317181],[109.671879,-7.317997],[109.672326,-7.319056],[109.672583,-7.319672],[109.672914,-7.320306],[109.673249,-7.321048],[109.673689,-7.322687],[109.67377,-7.32303],[109.674075,-7.323791],[109.674595,-7.324064],[109.675482,-7.324446],[109.675745,-7.324764],[109.675937,-7.325262],[109.676016,-7.326039],[109.676097,-7.326483],[109.676432,-7.326999],[109.676544,-7.327759],[109.676684,-7.328203],[109.676866,-7.328475],[109.677263,-7.329028],[109.677536,-7.329417],[109.677644,-7.329806],[109.678978,-7.330416],[109.679577,-7.330744],[109.680104,-7.331134],[109.680745,-7.331642],[109.681413,-7.332223],[109.681842,-7.332731],[109.682042,-7.333364],[109.682275,-7.334278],[109.682193,-7.334947],[109.682367,-7.3354],[109.682557,-7.335771],[109.682938,-7.335863],[109.683258,-7.335945],[109.683659,-7.335928],[109.683466,-7.336823],[109.683031,-7.338088],[109.682671,-7.339055],[109.682361,-7.339877],[109.682004,-7.340843],[109.681883,-7.341304],[109.681379,-7.341565],[109.680678,-7.341762],[109.679875,-7.341886],[109.678947,-7.341947],[109.677966,-7.341917],[109.677089,-7.341787],[109.676406,-7.341659],[109.675504,-7.34152],[109.67464,-7.341391],[109.67387,-7.341281],[109.673807,-7.340114],[109.673637,-7.338829],[109.673051,-7.336214],[109.672825,-7.335571],[109.67257,-7.335028],[109.672401,-7.334702],[109.672083,-7.334438],[109.671735,-7.33422],[109.671302,-7.334083],[109.670642,-7.333864],[109.670004,-7.333537],[109.669635,-7.333201],[109.669278,-7.332857],[109.66884,-7.332213],[109.668523,-7.331697],[109.66839,-7.331325],[109.668132,-7.3309],[109.667901,-7.330619],[109.66742,-7.33031],[109.667005,-7.330164],[109.666508,-7.329972],[109.665799,-7.329826],[109.664941,-7.32966],[109.663964,-7.32954],[109.662981,-7.329392],[109.661885,-7.329262],[109.661191,-7.32917],[109.661817,-7.328376],[109.662248,-7.327771],[109.662669,-7.327049],[109.663004,-7.326064],[109.663238,-7.325314],[109.663387,-7.324365],[109.663444,-7.323533],[109.663447,-7.322774],[109.66332,-7.321797],[109.663258,-7.321236],[109.663127,-7.32034],[109.663059,-7.319788],[109.663028,-7.319209],[109.663031,-7.318441],[109.662962,-7.317554],[109.662943,-7.31665],[109.662807,-7.315845],[109.662631,-7.315166],[109.662304,-7.31417],[109.661899,-7.313029],[109.661454,-7.311771],[109.660317,-7.310013],[109.660021,-7.309696],[109.659657,-7.309044],[109.660076,-7.308973],[109.660388,-7.308847],[109.660788,-7.30855],[109.661514,-7.308479],[109.662053,-7.308192],[109.662429,-7.308247],[109.662909,-7.308547],[109.663441,-7.308241],[109.663844,-7.308152],[109.664368,-7.308199],[109.664617,-7.308443],[109.665057,-7.308843],[109.665421,-7.308889],[109.666268,-7.308864],[109.666746,-7.308748],[109.667152,-7.30846],[109.667407,-7.308117],[109.667629,-7.30772],[109.667757,-7.307232],[109.667819,-7.306364],[109.667809,-7.30555],[109.667814,-7.304618],[109.667871,-7.303805],[109.66802,-7.303154],[109.66829,-7.302639],[109.668622,-7.30227],[109.668894,-7.302053],[109.670002,-7.301234],[109.670362,-7.300864],[109.670529,-7.300476],[109.670624,-7.299924],[109.670629,-7.299291],[109.670563,-7.298558],[109.670416,-7.297762],[109.670241,-7.296893],[109.67003,-7.296052],[109.669776,-7.295273],[109.66951,-7.294468],[109.669476,-7.294088],[109.669725,-7.293763],[109.670473,-7.293412],[109.671113,-7.293242],[109.671999,-7.292947]]]]}},{"id":"133","type":"Feature","properties":{"DESA":"Paseh"},"geometry":{"type":"MultiPolygon","coordinates":[[[[109.658031,-7.33266],[109.658808,-7.332219],[109.659312,-7.331552],[109.659915,-7.330812],[109.660729,-7.329774],[109.661191,-7.32917],[109.661885,-7.329262],[109.662981,-7.329392],[109.663964,-7.32954],[109.664941,-7.32966],[109.665799,-7.329826],[109.666508,-7.329972],[109.667005,-7.330164],[109.66742,-7.33031],[109.667901,-7.330619],[109.668132,-7.3309],[109.66839,-7.331325],[109.668523,-7.331697],[109.66884,-7.332213],[109.669278,-7.332857],[109.669635,-7.333201],[109.670004,-7.333537],[109.670642,-7.333864],[109.671302,-7.334083],[109.671735,-7.33422],[109.672083,-7.334438],[109.672401,-7.334702],[109.67257,-7.335028],[109.672825,-7.335571],[109.673051,-7.336214],[109.673637,-7.338829],[109.673807,-7.340114],[109.67387,-7.341281],[109.673933,-7.34223],[109.673849,-7.343279],[109.673774,-7.344464],[109.673767,-7.345305],[109.673529,-7.346118],[109.673266,-7.347284],[109.672998,-7.348187],[109.672798,-7.349344],[109.672581,-7.350347],[109.672384,-7.351341],[109.672199,-7.352336],[109.672105,-7.353186],[109.671963,-7.35418],[109.671862,-7.354713],[109.671686,-7.355255],[109.670865,-7.355063],[109.670173,-7.354835],[109.6693,-7.354597],[109.66828,-7.354232],[109.667971,-7.354096],[109.667666,-7.353814],[109.667065,-7.353297],[109.666085,-7.352535],[109.66524,-7.351809],[109.664566,-7.351219],[109.663864,-7.350538],[109.663391,-7.349985],[109.66278,-7.349143],[109.662199,-7.348227],[109.660972,-7.346596],[109.660648,-7.346052],[109.660422,-7.345301],[109.660278,-7.344785],[109.660185,-7.344188],[109.660165,-7.343582],[109.660215,-7.342958],[109.660341,-7.342434],[109.660555,-7.341621],[109.660808,-7.340627],[109.66093,-7.33956],[109.661018,-7.338077],[109.660879,-7.337597],[109.660669,-7.337253],[109.660373,-7.337008],[109.660187,-7.336447],[109.660068,-7.335696],[109.659877,-7.335361],[109.659588,-7.334935],[109.659084,-7.334427],[109.658031,-7.33266]]]]}},{"id":"134","type":"Feature","properties":{"DESA":"Sipedang"},"geometry":{"type":"MultiPolygon","coordinates":[[[[109.655678,-7.306617],[109.655869,-7.306962],[109.65616,-7.307261],[109.656395,-7.307506],[109.656699,-7.307687],[109.657641,-7.308378],[109.658252,-7.308479],[109.658642,-7.308751],[109.658901,-7.308951],[109.659657,-7.309044],[109.660021,-7.309696],[109.660317,-7.310013],[109.661454,-7.311771],[109.661899,-7.313029],[109.662304,-7.31417],[109.662631,-7.315166],[109.662807,-7.315845],[109.662943,-7.31665],[109.662962,-7.317554],[109.663031,-7.318441],[109.663028,-7.319209],[109.663059,-7.319788],[109.663127,-7.32034],[109.663258,-7.321236],[109.66332,-7.321797],[109.663447,-7.322774],[109.663444,-7.323533],[109.663387,-7.324365],[109.663238,-7.325314],[109.663004,-7.326064],[109.662669,-7.327049],[109.662248,-7.327771],[109.661817,-7.328376],[109.661191,-7.32917],[109.660729,-7.329774],[109.659915,-7.330812],[109.659312,-7.331552],[109.658808,-7.332219],[109.658031,-7.33266],[109.657574,-7.331999],[109.65699,-7.331273],[109.656131,-7.330448],[109.655241,-7.329713],[109.655031,-7.32945],[109.654723,-7.329232],[109.654383,-7.328996],[109.65376,-7.328904],[109.653286,-7.328477],[109.653008,-7.32825],[109.652411,-7.328131],[109.651716,-7.328093],[109.651379,-7.328028],[109.650918,-7.328],[109.650572,-7.32808],[109.650142,-7.328178],[109.649828,-7.328277],[109.649493,-7.328393],[109.648843,-7.328608],[109.6486,-7.328101],[109.648243,-7.327856],[109.647664,-7.327583],[109.647196,-7.327383],[109.64693,-7.327047],[109.646931,-7.326604],[109.646887,-7.326251],[109.6468,-7.325781],[109.647051,-7.32532],[109.64707,-7.324968],[109.646947,-7.324669],[109.646632,-7.324243],[109.646423,-7.323971],[109.64609,-7.323717],[109.645687,-7.323263],[109.645688,-7.322775],[109.645813,-7.322386],[109.645989,-7.321971],[109.646325,-7.321466],[109.64645,-7.320887],[109.646504,-7.320408],[109.646382,-7.320082],[109.645885,-7.319728],[109.645414,-7.319627],[109.644863,-7.319607],[109.644391,-7.319669],[109.643702,-7.319604],[109.64333,-7.319214],[109.64337,-7.318825],[109.643489,-7.31841],[109.643825,-7.317859],[109.644142,-7.317353],[109.64432,-7.317055],[109.644282,-7.316486],[109.644205,-7.315898],[109.644482,-7.315591],[109.644994,-7.31524],[109.645035,-7.31477],[109.644977,-7.31439],[109.644919,-7.313937],[109.645021,-7.313341],[109.645257,-7.312998],[109.645601,-7.31289],[109.64629,-7.312585],[109.647119,-7.312244],[109.647652,-7.312055],[109.648246,-7.311858],[109.648685,-7.311606],[109.648967,-7.311309],[109.649296,-7.310957],[109.649594,-7.310578],[109.649783,-7.310127],[109.650019,-7.309666],[109.650224,-7.309278],[109.650566,-7.3088],[109.650883,-7.308538],[109.651352,-7.308205],[109.651836,-7.307926],[109.652388,-7.30762],[109.652956,-7.307396],[109.653374,-7.307243],[109.654092,-7.307047],[109.65506,-7.306769],[109.655678,-7.306617]]]]}},{"id":"135","type":"Feature","properties":{"DESA":"Pekandangan"},"geometry":{"type":"MultiPolygon","coordinates":[[[[109.691328,-7.312845],[109.691472,-7.313668],[109.691598,-7.314509],[109.691788,-7.315631],[109.692073,-7.31707],[109.692152,-7.31755],[109.692325,-7.318364],[109.692387,-7.31925],[109.692466,-7.320037],[109.692512,-7.320698],[109.69254,-7.321268],[109.692488,-7.321955],[109.692119,-7.323979],[109.692079,-7.324423],[109.691865,-7.324919],[109.691675,-7.325344],[109.6914,-7.325723],[109.69105,-7.326083],[109.690772,-7.326426],[109.690455,-7.326968],[109.690277,-7.327293],[109.690064,-7.32779],[109.689898,-7.328296],[109.689813,-7.328739],[109.689635,-7.329281],[109.689229,-7.329696],[109.688756,-7.329866],[109.688206,-7.330054],[109.687839,-7.330261],[109.687507,-7.330631],[109.687261,-7.3312],[109.687094,-7.331498],[109.686696,-7.332112],[109.686075,-7.332544],[109.6856,-7.332751],[109.685283,-7.333256],[109.684835,-7.334557],[109.684715,-7.335063],[109.68422,-7.335505],[109.683659,-7.335928],[109.683258,-7.335945],[109.682938,-7.335863],[109.682557,-7.335771],[109.682367,-7.3354],[109.682193,-7.334947],[109.682275,-7.334278],[109.682042,-7.333364],[109.681842,-7.332731],[109.681413,-7.332223],[109.680745,-7.331642],[109.680104,-7.331134],[109.679577,-7.330744],[109.678978,-7.330416],[109.677644,-7.329806],[109.677536,-7.329417],[109.677263,-7.329028],[109.676866,-7.328475],[109.676684,-7.328203],[109.676544,-7.327759],[109.676432,-7.326999],[109.676097,-7.326483],[109.676016,-7.326039],[109.675937,-7.325262],[109.675745,-7.324764],[109.675482,-7.324446],[109.674595,-7.324064],[109.674075,-7.323791],[109.67377,-7.32303],[109.673689,-7.322687],[109.673249,-7.321048],[109.672914,-7.320306],[109.672583,-7.319672],[109.672326,-7.319056],[109.671879,-7.317997],[109.671363,-7.317181],[109.670724,-7.315597],[109.671053,-7.315209],[109.671605,-7.314776],[109.672412,-7.314245],[109.67339,-7.31385],[109.674193,-7.313744],[109.674491,-7.313944],[109.67477,-7.314189],[109.67493,-7.314678],[109.675092,-7.315239],[109.675168,-7.315854],[109.675337,-7.316488],[109.675467,-7.317022],[109.675712,-7.317384],[109.676439,-7.317558],[109.677575,-7.317227],[109.678653,-7.316859],[109.679712,-7.316446],[109.680629,-7.316105],[109.681503,-7.315855],[109.682576,-7.315487],[109.683641,-7.315065],[109.684979,-7.314608],[109.686081,-7.314168],[109.686979,-7.313818],[109.688193,-7.313405],[109.689473,-7.313083],[109.690677,-7.312942],[109.691328,-7.312845]]]]}},{"id":"136","type":"Feature","properties":{"DESA":"Kendaga"},"geometry":{"type":"MultiPolygon","coordinates":[[[[109.692079,-7.324423],[109.692119,-7.323979],[109.692488,-7.321955],[109.69254,-7.321268],[109.693407,-7.321116],[109.694346,-7.320938],[109.695162,-7.320859],[109.696203,-7.32079],[109.697239,-7.320784],[109.698139,-7.320823],[109.69909,-7.320934],[109.699767,-7.32109],[109.700414,-7.321245],[109.701025,-7.3215],[109.7016,-7.321846],[109.702342,-7.32239],[109.702974,-7.322736],[109.70355,-7.323126],[109.704168,-7.323408],[109.704777,-7.323591],[109.705368,-7.323792],[109.705789,-7.32391],[109.706173,-7.324083],[109.706666,-7.324374],[109.706972,-7.324674],[109.707285,-7.325262],[109.707947,-7.326196],[109.708365,-7.326468],[109.708755,-7.326596],[109.709213,-7.326724],[109.709233,-7.327348],[109.70919,-7.327954],[109.709146,-7.328532],[109.708832,-7.32921],[109.708441,-7.329516],[109.707777,-7.329668],[109.706838,-7.329719],[109.706041,-7.329627],[109.705233,-7.329498],[109.704425,-7.329387],[109.703564,-7.329394],[109.702891,-7.329437],[109.702458,-7.329598],[109.702046,-7.33023],[109.702097,-7.330574],[109.702485,-7.330892],[109.702831,-7.331028],[109.703549,-7.331311],[109.704022,-7.331538],[109.704732,-7.331757],[109.7051,-7.332048],[109.70538,-7.332284],[109.705678,-7.332818],[109.705844,-7.333298],[109.706077,-7.334565],[109.706215,-7.33546],[109.706305,-7.336202],[109.706498,-7.337044],[109.706668,-7.338292],[109.706699,-7.338862],[109.706475,-7.340064],[109.70624,-7.340462],[109.705862,-7.340913],[109.705476,-7.341264],[109.704853,-7.341624],[109.704205,-7.341966],[109.70345,-7.342262],[109.702916,-7.342414],[109.702204,-7.342385],[109.701647,-7.342004],[109.701472,-7.341705],[109.701221,-7.341351],[109.70107,-7.341025],[109.700632,-7.340662],[109.70001,-7.340787],[109.699199,-7.341128],[109.698086,-7.341333],[109.69704,-7.341421],[109.696159,-7.341382],[109.695145,-7.34127],[109.694451,-7.341341],[109.693875,-7.341583],[109.693442,-7.341935],[109.693132,-7.342268],[109.692549,-7.341625],[109.692017,-7.341189],[109.691817,-7.340709],[109.691331,-7.340464],[109.690879,-7.340037],[109.690633,-7.339783],[109.690196,-7.339475],[109.689787,-7.339428],[109.689164,-7.3392],[109.689025,-7.339516],[109.688704,-7.339778],[109.688224,-7.34002],[109.687819,-7.340562],[109.687575,-7.341095],[109.68744,-7.341438],[109.686951,-7.342033],[109.686578,-7.342394],[109.68597,-7.342853],[109.685191,-7.343213],[109.684521,-7.343401],[109.683662,-7.343534],[109.682214,-7.343494],[109.682164,-7.342408],[109.681868,-7.341738],[109.681883,-7.341304],[109.682004,-7.340843],[109.682361,-7.339877],[109.682671,-7.339055],[109.683031,-7.338088],[109.683466,-7.336823],[109.683659,-7.335928],[109.68422,-7.335505],[109.684715,-7.335063],[109.684835,-7.334557],[109.685283,-7.333256],[109.6856,-7.332751],[109.686075,-7.332544],[109.686696,-7.332112],[109.687094,-7.331498],[109.687261,-7.3312],[109.687507,-7.330631],[109.687839,-7.330261],[109.688206,-7.330054],[109.688756,-7.329866],[109.689229,-7.329696],[109.689635,-7.329281],[109.689813,-7.328739],[109.689898,-7.328296],[109.690064,-7.32779],[109.690277,-7.327293],[109.690455,-7.326968],[109.690772,-7.326426],[109.69105,-7.326083],[109.6914,-7.325723],[109.691675,-7.325344],[109.691865,-7.324919],[109.692079,-7.324423]]]]}},{"id":"137","type":"Feature","properties":{"DESA":"Kalilunjar"},"geometry":{"type":"MultiPolygon","coordinates":[[[[109.724423,-7.32078],[109.724972,-7.320918],[109.725502,-7.3211],[109.72512,-7.321343],[109.724727,-7.321713],[109.724027,-7.322308],[109.723634,-7.322578],[109.723361,-7.322794],[109.723121,-7.323255],[109.723478,-7.323572],[109.724074,-7.323547],[109.724381,-7.323701],[109.724303,-7.324018],[109.724089,-7.324288],[109.723407,-7.324666],[109.723102,-7.324855],[109.722816,-7.325542],[109.722748,-7.326021],[109.722597,-7.326337],[109.722279,-7.326589],[109.72231,-7.327485],[109.722309,-7.327837],[109.722207,-7.328497],[109.721988,-7.329283],[109.721986,-7.329998],[109.722079,-7.330324],[109.722275,-7.330677],[109.72244,-7.331084],[109.722453,-7.331645],[109.722076,-7.331463],[109.72182,-7.331191],[109.721473,-7.331036],[109.72111,-7.331144],[109.720807,-7.331532],[109.720579,-7.332065],[109.720154,-7.332679],[109.720032,-7.332977],[109.719941,-7.333284],[109.72006,-7.333872],[109.72024,-7.334171],[109.72036,-7.334596],[109.719983,-7.335744],[109.719858,-7.336169],[109.719384,-7.336538],[109.718849,-7.336844],[109.718169,-7.337421],[109.717963,-7.337701],[109.717818,-7.338089],[109.717858,-7.338424],[109.718001,-7.338768],[109.718247,-7.33904],[109.718554,-7.339303],[109.719006,-7.339576],[109.719175,-7.339847],[109.719148,-7.340191],[109.718634,-7.340289],[109.718181,-7.34027],[109.717606,-7.34053],[109.717153,-7.340656],[109.716454,-7.340654],[109.714872,-7.340622],[109.714379,-7.340602],[109.714049,-7.340909],[109.713904,-7.341343],[109.713691,-7.34193],[109.713502,-7.3423],[109.713177,-7.342742],[109.712955,-7.343058],[109.712732,-7.343465],[109.712441,-7.343997],[109.712082,-7.344503],[109.711705,-7.345008],[109.711312,-7.345405],[109.710699,-7.345421],[109.710171,-7.345212],[109.709763,-7.34484],[109.709406,-7.344631],[109.709024,-7.344602],[109.708433,-7.344809],[109.707952,-7.345079],[109.707314,-7.344299],[109.706832,-7.343647],[109.706276,-7.343066],[109.705873,-7.342595],[109.705412,-7.342069],[109.704853,-7.341624],[109.705476,-7.341264],[109.705862,-7.340913],[109.70624,-7.340462],[109.706475,-7.340064],[109.706699,-7.338862],[109.706668,-7.338292],[109.706498,-7.337044],[109.706305,-7.336202],[109.706215,-7.33546],[109.706077,-7.334565],[109.705844,-7.333298],[109.705678,-7.332818],[109.70538,-7.332284],[109.7051,-7.332048],[109.704732,-7.331757],[109.704022,-7.331538],[109.703549,-7.331311],[109.702831,-7.331028],[109.702485,-7.330892],[109.702097,-7.330574],[109.702046,-7.33023],[109.702458,-7.329598],[109.702891,-7.329437],[109.703564,-7.329394],[109.704425,-7.329387],[109.705233,-7.329498],[109.706041,-7.329627],[109.706838,-7.329719],[109.707777,-7.329668],[109.708441,-7.329516],[109.708832,-7.32921],[109.709146,-7.328532],[109.70919,-7.327954],[109.709233,-7.327348],[109.709213,-7.326724],[109.709606,-7.32668],[109.710181,-7.326437],[109.710475,-7.326149],[109.71071,-7.32577],[109.710776,-7.325363],[109.710793,-7.324974],[109.710631,-7.324386],[109.710383,-7.323869],[109.709839,-7.322972],[109.709677,-7.322402],[109.709743,-7.321986],[109.709868,-7.321679],[109.710177,-7.321246],[109.710573,-7.320795],[109.711423,-7.320291],[109.711869,-7.320265],[109.712305,-7.320167],[109.712664,-7.320087],[109.713507,-7.319908],[109.714122,-7.319856],[109.71452,-7.319866],[109.715021,-7.320111],[109.71533,-7.320366],[109.716153,-7.320458],[109.71654,-7.320586],[109.716852,-7.320732],[109.717266,-7.320787],[109.7176,-7.320906],[109.717832,-7.321223],[109.718094,-7.321034],[109.718459,-7.321116],[109.719217,-7.321191],[109.719712,-7.321065],[109.720008,-7.320922],[109.720525,-7.320878],[109.720967,-7.320734],[109.721671,-7.320583],[109.722253,-7.320693],[109.72281,-7.320821],[109.723227,-7.320931],[109.723861,-7.320842],[109.724423,-7.32078]]]]}},{"id":"138","type":"Feature","properties":{"DESA":"Sijeruk"},"geometry":{"type":"MultiPolygon","coordinates":[[[[109.698228,-7.311589],[109.698631,-7.311518],[109.699032,-7.311556],[109.699553,-7.311439],[109.700005,-7.311414],[109.700526,-7.31137],[109.701199,-7.311363],[109.701922,-7.311356],[109.702502,-7.31133],[109.703081,-7.311242],[109.703468,-7.311035],[109.703924,-7.310774],[109.704186,-7.310992],[109.704578,-7.311264],[109.704974,-7.311591],[109.705298,-7.311926],[109.706244,-7.312173],[109.706879,-7.312311],[109.707379,-7.312466],[109.707771,-7.312594],[109.708217,-7.312785],[109.709082,-7.313031],[109.709555,-7.313132],[109.709974,-7.31317],[109.710298,-7.313134],[109.710718,-7.312946],[109.711017,-7.312729],[109.711464,-7.31226],[109.711627,-7.311917],[109.711953,-7.311656],[109.712585,-7.311965],[109.713242,-7.312085],[109.713883,-7.312114],[109.714615,-7.312224],[109.715167,-7.312416],[109.715495,-7.312616],[109.715941,-7.313042],[109.716448,-7.313523],[109.71679,-7.313867],[109.717132,-7.314167],[109.71767,-7.314096],[109.718044,-7.314034],[109.718387,-7.31408],[109.718744,-7.314425],[109.719085,-7.315185],[109.719413,-7.31553],[109.720144,-7.315695],[109.720203,-7.316147],[109.720223,-7.316509],[109.720649,-7.316998],[109.720954,-7.31747],[109.721361,-7.317489],[109.72191,-7.317852],[109.722235,-7.31816],[109.722886,-7.318633],[109.723312,-7.319222],[109.723494,-7.319711],[109.723819,-7.3202],[109.724389,-7.3204],[109.724959,-7.320402],[109.725448,-7.320385],[109.725754,-7.320486],[109.726007,-7.320902],[109.725502,-7.3211],[109.724972,-7.320918],[109.724423,-7.32078],[109.723861,-7.320842],[109.723227,-7.320931],[109.72281,-7.320821],[109.722253,-7.320693],[109.721671,-7.320583],[109.720967,-7.320734],[109.720525,-7.320878],[109.720008,-7.320922],[109.719712,-7.321065],[109.719217,-7.321191],[109.718459,-7.321116],[109.718094,-7.321034],[109.717832,-7.321223],[109.7176,-7.320906],[109.717266,-7.320787],[109.716852,-7.320732],[109.71654,-7.320586],[109.716153,-7.320458],[109.71533,-7.320366],[109.715021,-7.320111],[109.71452,-7.319866],[109.714122,-7.319856],[109.713507,-7.319908],[109.712664,-7.320087],[109.712305,-7.320167],[109.711869,-7.320265],[109.711423,-7.320291],[109.710573,-7.320795],[109.710177,-7.321246],[109.709868,-7.321679],[109.709743,-7.321986],[109.709677,-7.322402],[109.709839,-7.322972],[109.710383,-7.323869],[109.710631,-7.324386],[109.710793,-7.324974],[109.710776,-7.325363],[109.71071,-7.32577],[109.710475,-7.326149],[109.710181,-7.326437],[109.709606,-7.32668],[109.709213,-7.326724],[109.708755,-7.326596],[109.708365,-7.326468],[109.707947,-7.326196],[109.707285,-7.325262],[109.706972,-7.324674],[109.706666,-7.324374],[109.706173,-7.324083],[109.705789,-7.32391],[109.705368,-7.323792],[109.704777,-7.323591],[109.704168,-7.323408],[109.70355,-7.323126],[109.702974,-7.322736],[109.702342,-7.32239],[109.7016,-7.321846],[109.701025,-7.3215],[109.700414,-7.321245],[109.699767,-7.32109],[109.69909,-7.320934],[109.698139,-7.320823],[109.697239,-7.320784],[109.696203,-7.32079],[109.695162,-7.320859],[109.694346,-7.320938],[109.693407,-7.321116],[109.69254,-7.321268],[109.692512,-7.320698],[109.692466,-7.320037],[109.692387,-7.31925],[109.692325,-7.318364],[109.692152,-7.31755],[109.692073,-7.31707],[109.691788,-7.315631],[109.691598,-7.314509],[109.691472,-7.313668],[109.691328,-7.312845],[109.691732,-7.312755],[109.692552,-7.312586],[109.693435,-7.312399],[109.694435,-7.312184],[109.695102,-7.312123],[109.695799,-7.312026],[109.696807,-7.311866],[109.697789,-7.311688],[109.698228,-7.311589]]]]}},{"id":"139","type":"Feature","properties":{"DESA":"Prendengan"},"geometry":{"type":"MultiPolygon","coordinates":[[[[109.693663,-7.29537],[109.694103,-7.295055],[109.694729,-7.294541],[109.695036,-7.294271],[109.695703,-7.295421],[109.696419,-7.296527],[109.696938,-7.297423],[109.697522,-7.298501],[109.69826,-7.299733],[109.698639,-7.300548],[109.698946,-7.301164],[109.699299,-7.301844],[109.699122,-7.302259],[109.69943,-7.302549],[109.699855,-7.30265],[109.700299,-7.302669],[109.700724,-7.302888],[109.700819,-7.303286],[109.700837,-7.303657],[109.701203,-7.304119],[109.701453,-7.304509],[109.701549,-7.304834],[109.701876,-7.305297],[109.702204,-7.305469],[109.702691,-7.305652],[109.702904,-7.306104],[109.702974,-7.306575],[109.703046,-7.306901],[109.703292,-7.307326],[109.703597,-7.307924],[109.703712,-7.308476],[109.703565,-7.308955],[109.703534,-7.309606],[109.703591,-7.309995],[109.703692,-7.310393],[109.703924,-7.310774],[109.703468,-7.311035],[109.703081,-7.311242],[109.702502,-7.31133],[109.701922,-7.311356],[109.701199,-7.311363],[109.700526,-7.31137],[109.700005,-7.311414],[109.699553,-7.311439],[109.699032,-7.311556],[109.698631,-7.311518],[109.698228,-7.311589],[109.697789,-7.311688],[109.696807,-7.311866],[109.695799,-7.312026],[109.695102,-7.312123],[109.694435,-7.312184],[109.693435,-7.312399],[109.692552,-7.312586],[109.691732,-7.312755],[109.691328,-7.312845],[109.691062,-7.312129],[109.690755,-7.311477],[109.690391,-7.31078],[109.68986,-7.309856],[109.689385,-7.308896],[109.688853,-7.308108],[109.688294,-7.307301],[109.687286,-7.306005],[109.686544,-7.305089],[109.685505,-7.304055],[109.684448,-7.303067],[109.683551,-7.302268],[109.68261,-7.301451],[109.683434,-7.30149],[109.68375,-7.301129],[109.684381,-7.300769],[109.685033,-7.300355],[109.685582,-7.300303],[109.685998,-7.300403],[109.686395,-7.300486],[109.686808,-7.299782],[109.68722,-7.299719],[109.687642,-7.299748],[109.688025,-7.29955],[109.688415,-7.299551],[109.688905,-7.299335],[109.689588,-7.29875],[109.68997,-7.298371],[109.690319,-7.298037],[109.690936,-7.297605],[109.691388,-7.297371],[109.691898,-7.297273],[109.692218,-7.297247],[109.692558,-7.297139],[109.692957,-7.29648],[109.693102,-7.296101],[109.693423,-7.295695],[109.693663,-7.29537]]]]}},{"id":"140","type":"Feature","properties":{"DESA":"Majatengah"},"geometry":{"type":"MultiPolygon","coordinates":[[[[109.672917,-7.292913],[109.673231,-7.292733],[109.673764,-7.292563],[109.674144,-7.292302],[109.674465,-7.292104],[109.675107,-7.291871],[109.675342,-7.2916],[109.676159,-7.291005],[109.67694,-7.290465],[109.678011,-7.289736],[109.678986,-7.288907],[109.679595,-7.288167],[109.680322,-7.287427],[109.680998,-7.28667],[109.681672,-7.286039],[109.682216,-7.285507],[109.682565,-7.285182],[109.682981,-7.284776],[109.683727,-7.284363],[109.684503,-7.284166],[109.685356,-7.28406],[109.686125,-7.28408],[109.686924,-7.284128],[109.68729,-7.284282],[109.687975,-7.28451],[109.688906,-7.285164],[109.689839,-7.285881],[109.690641,-7.286598],[109.691271,-7.28717],[109.691853,-7.287841],[109.692559,-7.289018],[109.693069,-7.290132],[109.693532,-7.291074],[109.693979,-7.292124],[109.694489,-7.293238],[109.694835,-7.293936],[109.695036,-7.294271],[109.694729,-7.294541],[109.694103,-7.295055],[109.693663,-7.29537],[109.693423,-7.295695],[109.693102,-7.296101],[109.692957,-7.29648],[109.692558,-7.297139],[109.692218,-7.297247],[109.691898,-7.297273],[109.691388,-7.297371],[109.690936,-7.297605],[109.690319,-7.298037],[109.68997,-7.298371],[109.689588,-7.29875],[109.688905,-7.299335],[109.688415,-7.299551],[109.688025,-7.29955],[109.687642,-7.299748],[109.68722,-7.299719],[109.686808,-7.299782],[109.686395,-7.300486],[109.685998,-7.300403],[109.685582,-7.300303],[109.685033,-7.300355],[109.684381,-7.300769],[109.68375,-7.301129],[109.683434,-7.30149],[109.68261,-7.301451],[109.682305,-7.301215],[109.681849,-7.300889],[109.681307,-7.300362],[109.680746,-7.299809],[109.6803,-7.299365],[109.679745,-7.29883],[109.679199,-7.298412],[109.678482,-7.297831],[109.677542,-7.29706],[109.67688,-7.296452],[109.676137,-7.295871],[109.675316,-7.295136],[109.674744,-7.294637],[109.674056,-7.294002],[109.673412,-7.293331],[109.672917,-7.292913]]]]}},{"id":"141","type":"Feature","properties":{"DESA":"Sijenggung"},"geometry":{"type":"MultiPolygon","coordinates":[[[[109.661768,-7.286731],[109.662692,-7.286426],[109.663648,-7.286203],[109.664444,-7.28606],[109.665404,-7.285973],[109.666108,-7.285903],[109.666663,-7.285886],[109.667125,-7.285887],[109.667539,-7.285988],[109.668313,-7.286596],[109.668734,-7.287339],[109.669169,-7.288091],[109.669503,-7.288843],[109.669937,-7.289884],[109.670392,-7.291043],[109.670817,-7.291659],[109.671305,-7.292275],[109.671574,-7.292611],[109.671999,-7.292947],[109.671113,-7.293242],[109.670473,-7.293412],[109.669725,-7.293763],[109.669476,-7.294088],[109.66951,-7.294468],[109.669776,-7.295273],[109.67003,-7.296052],[109.670241,-7.296893],[109.670416,-7.297762],[109.670563,-7.298558],[109.670629,-7.299291],[109.670624,-7.299924],[109.670529,-7.300476],[109.670362,-7.300864],[109.670002,-7.301234],[109.668894,-7.302053],[109.668622,-7.30227],[109.66829,-7.302639],[109.66802,-7.303154],[109.667871,-7.303805],[109.667814,-7.304618],[109.667809,-7.30555],[109.667819,-7.306364],[109.667757,-7.307232],[109.667629,-7.30772],[109.667407,-7.308117],[109.667152,-7.30846],[109.666746,-7.308748],[109.666268,-7.308864],[109.665421,-7.308889],[109.665057,-7.308843],[109.664617,-7.308443],[109.664368,-7.308199],[109.663844,-7.308152],[109.663441,-7.308241],[109.662909,-7.308547],[109.662429,-7.308247],[109.662053,-7.308192],[109.661514,-7.308479],[109.660788,-7.30855],[109.660388,-7.308847],[109.660076,-7.308973],[109.659657,-7.309044],[109.658901,-7.308951],[109.658642,-7.308751],[109.658252,-7.308479],[109.657641,-7.308378],[109.656699,-7.307687],[109.656395,-7.307506],[109.65616,-7.307261],[109.655869,-7.306962],[109.655678,-7.306617],[109.656263,-7.306375],[109.656665,-7.305906],[109.656749,-7.305553],[109.656767,-7.305192],[109.656802,-7.30474],[109.656908,-7.304306],[109.657038,-7.303691],[109.657128,-7.302887],[109.657066,-7.30172],[109.656934,-7.300499],[109.656728,-7.299304],[109.65654,-7.298092],[109.656277,-7.29687],[109.655972,-7.295621],[109.655841,-7.295205],[109.655715,-7.29477],[109.655508,-7.294137],[109.655432,-7.29382],[109.655325,-7.293322],[109.655231,-7.292807],[109.654485,-7.291204],[109.654004,-7.290018],[109.655136,-7.289542],[109.656236,-7.288993],[109.657547,-7.288446],[109.658598,-7.28796],[109.659588,-7.28752],[109.660299,-7.287206],[109.661049,-7.286964],[109.661768,-7.286731]]]]}},{"id":"142","type":"Feature","properties":{"DESA":"Tapen"},"geometry":{"type":"MultiPolygon","coordinates":[[[[109.60617,-7.381372],[109.606913,-7.382062],[109.607506,-7.382995],[109.608406,-7.38458],[109.609048,-7.385405],[109.609944,-7.38643],[109.610635,-7.387192],[109.611215,-7.387637],[109.609721,-7.388862],[109.608464,-7.389997],[109.60773,-7.390863],[109.606689,-7.392307],[109.606387,-7.392731],[109.605826,-7.393525],[109.605272,-7.394238],[109.604857,-7.394571],[109.604291,-7.394705],[109.6035,-7.394766],[109.602214,-7.394961],[109.60167,-7.395203],[109.601339,-7.395763],[109.601122,-7.396467],[109.600807,-7.39719],[109.599831,-7.397983],[109.599014,-7.398613],[109.59866,-7.399118],[109.598483,-7.39947],[109.598525,-7.400104],[109.59892,-7.400611],[109.599028,-7.401181],[109.598675,-7.401515],[109.598256,-7.401559],[109.597793,-7.401512],[109.59742,-7.401294],[109.596936,-7.400867],[109.59665,-7.400695],[109.595614,-7.400791],[109.595272,-7.399506],[109.594878,-7.398094],[109.594479,-7.396745],[109.593957,-7.395531],[109.592315,-7.393528],[109.591781,-7.393029],[109.590518,-7.392365],[109.589767,-7.391792],[109.590358,-7.391324],[109.591151,-7.390621],[109.591829,-7.389846],[109.592618,-7.388935],[109.593423,-7.388205],[109.594417,-7.387512],[109.595208,-7.387044],[109.596285,-7.38646],[109.597507,-7.385903],[109.598626,-7.385554],[109.600103,-7.385178],[109.601669,-7.384921],[109.60272,-7.384599],[109.603063,-7.384482],[109.603645,-7.384113],[109.604054,-7.383816],[109.604498,-7.383537],[109.604748,-7.383158],[109.604953,-7.382815],[109.60548,-7.382111],[109.60617,-7.381372]]]]}},{"id":"143","type":"Feature","properties":{"DESA":"Kasilip"},"geometry":{"type":"MultiPolygon","coordinates":[[[[109.60082,-7.37384],[109.601274,-7.373561],[109.601625,-7.373309],[109.602224,-7.372931],[109.602824,-7.372418],[109.60354,-7.371968],[109.604693,-7.37142],[109.604885,-7.372126],[109.605174,-7.372769],[109.605377,-7.373384],[109.605602,-7.373855],[109.606076,-7.374996],[109.606113,-7.375349],[109.605497,-7.378096],[109.605421,-7.379254],[109.605569,-7.380186],[109.605752,-7.38062],[109.606067,-7.381055],[109.60617,-7.381372],[109.60548,-7.382111],[109.604953,-7.382815],[109.604748,-7.383158],[109.604498,-7.383537],[109.604054,-7.383816],[109.603645,-7.384113],[109.603063,-7.384482],[109.60272,-7.384599],[109.601669,-7.384921],[109.600103,-7.385178],[109.598626,-7.385554],[109.597507,-7.385903],[109.596285,-7.38646],[109.595208,-7.387044],[109.594417,-7.387512],[109.593423,-7.388205],[109.592618,-7.388935],[109.591829,-7.389846],[109.591151,-7.390621],[109.590358,-7.391324],[109.589767,-7.391792],[109.589312,-7.391276],[109.588546,-7.390161],[109.587773,-7.388983],[109.586967,-7.387759],[109.586287,-7.386898],[109.585667,-7.385956],[109.585328,-7.38562],[109.584674,-7.385057],[109.584239,-7.384622],[109.584095,-7.384016],[109.584363,-7.383727],[109.584727,-7.383746],[109.585115,-7.383901],[109.585527,-7.384192],[109.586035,-7.384555],[109.586544,-7.384819],[109.586982,-7.38482],[109.587589,-7.384506],[109.587761,-7.38391],[109.58786,-7.383394],[109.588007,-7.382861],[109.588169,-7.3825],[109.588319,-7.382202],[109.588644,-7.38195],[109.589195,-7.381581],[109.590119,-7.381032],[109.590795,-7.380519],[109.591221,-7.379969],[109.591647,-7.379247],[109.591948,-7.378732],[109.592324,-7.378236],[109.592649,-7.377884],[109.593274,-7.377588],[109.594523,-7.377167],[109.595098,-7.37687],[109.595698,-7.376402],[109.596398,-7.375979],[109.597423,-7.375512],[109.598847,-7.375019],[109.600075,-7.374308],[109.60082,-7.37384]]]]}},{"id":"144","type":"Feature","properties":{"DESA":"Karangjambe"},"geometry":{"type":"MultiPolygon","coordinates":[[[[109.614689,-7.366676],[109.615364,-7.366669],[109.615766,-7.366761],[109.616442,-7.36726],[109.617255,-7.36842],[109.61789,-7.368893],[109.618471,-7.368876],[109.619025,-7.368634],[109.61976,-7.368148],[109.620827,-7.367491],[109.621312,-7.368306],[109.621736,-7.368922],[109.621996,-7.369457],[109.622294,-7.369919],[109.622562,-7.37077],[109.62287,-7.371323],[109.623644,-7.372663],[109.623898,-7.373351],[109.624365,-7.374999],[109.624396,-7.375813],[109.624272,-7.377404],[109.62404,-7.379366],[109.623836,-7.381047],[109.623524,-7.383442],[109.621912,-7.3836],[109.620695,-7.383768],[109.61878,-7.384233],[109.617166,-7.384653],[109.616235,-7.384957],[109.614718,-7.385586],[109.613527,-7.386106],[109.612364,-7.386835],[109.611215,-7.387637],[109.610635,-7.387192],[109.609944,-7.38643],[109.609048,-7.385405],[109.608406,-7.38458],[109.607506,-7.382995],[109.606913,-7.382062],[109.60617,-7.381372],[109.606067,-7.381055],[109.605752,-7.38062],[109.605569,-7.380186],[109.605421,-7.379254],[109.605497,-7.378096],[109.606113,-7.375349],[109.606076,-7.374996],[109.605602,-7.373855],[109.605377,-7.373384],[109.605174,-7.372769],[109.604885,-7.372126],[109.604693,-7.37142],[109.605478,-7.370988],[109.606214,-7.370692],[109.606967,-7.370423],[109.608056,-7.369893],[109.60836,-7.36974],[109.608984,-7.369688],[109.610024,-7.36942],[109.610874,-7.36888],[109.611259,-7.368411],[109.611949,-7.36769],[109.612558,-7.367375],[109.613182,-7.367169],[109.613886,-7.367126],[109.614689,-7.366676]]]]}},{"id":"145","type":"Feature","properties":{"DESA":"Wanadadi"},"geometry":{"type":"MultiPolygon","coordinates":[[[[109.625164,-7.365759],[109.625814,-7.365661],[109.62666,-7.365565],[109.627211,-7.365467],[109.627566,-7.36535],[109.628196,-7.365081],[109.628708,-7.364883],[109.629299,-7.364578],[109.629419,-7.364922],[109.629562,-7.365456],[109.629684,-7.365945],[109.629796,-7.366515],[109.629981,-7.366995],[109.630153,-7.367438],[109.630464,-7.367964],[109.630694,-7.368254],[109.630926,-7.368598],[109.631033,-7.368924],[109.63114,-7.369259],[109.631073,-7.369648],[109.6304,-7.370903],[109.629864,-7.371805],[109.629314,-7.372708],[109.628782,-7.373529],[109.628367,-7.374278],[109.627842,-7.375064],[109.627557,-7.375687],[109.627435,-7.376347],[109.62733,-7.376952],[109.627094,-7.377593],[109.626735,-7.378542],[109.626384,-7.379346],[109.626005,-7.380149],[109.62561,-7.381116],[109.625497,-7.381622],[109.625295,-7.382327],[109.625,-7.383348],[109.62454,-7.383337],[109.623524,-7.383442],[109.623836,-7.381047],[109.62404,-7.379366],[109.624272,-7.377404],[109.624396,-7.375813],[109.624365,-7.374999],[109.623898,-7.373351],[109.623644,-7.372663],[109.62287,-7.371323],[109.622562,-7.37077],[109.622294,-7.369919],[109.621996,-7.369457],[109.621736,-7.368922],[109.621312,-7.368306],[109.620827,-7.367491],[109.622019,-7.366997],[109.622684,-7.366637],[109.623446,-7.366296],[109.62454,-7.365947],[109.625164,-7.365759]]]]}},{"id":"146","type":"Feature","properties":{"DESA":"Wanakarsa"},"geometry":{"type":"MultiPolygon","coordinates":[[[[109.629899,-7.363992],[109.630252,-7.364156],[109.630817,-7.364293],[109.631581,-7.364377],[109.632473,-7.364371],[109.633139,-7.3643],[109.633791,-7.364121],[109.634074,-7.363968],[109.6344,-7.363951],[109.63475,-7.363989],[109.635092,-7.363854],[109.635641,-7.363711],[109.636028,-7.363432],[109.636525,-7.36346],[109.636935,-7.36367],[109.637215,-7.364032],[109.637758,-7.36417],[109.638106,-7.364207],[109.638491,-7.364127],[109.639162,-7.363866],[109.639488,-7.363849],[109.639382,-7.364862],[109.639286,-7.365648],[109.639247,-7.366435],[109.639217,-7.366824],[109.639176,-7.36752],[109.639166,-7.368261],[109.639081,-7.369274],[109.639063,-7.37016],[109.639046,-7.371137],[109.639032,-7.37196],[109.638967,-7.372755],[109.639044,-7.373723],[109.639117,-7.374546],[109.639145,-7.374963],[109.639126,-7.375388],[109.639034,-7.376038],[109.638974,-7.37697],[109.638958,-7.377856],[109.638957,-7.378435],[109.638955,-7.379059],[109.638953,-7.379692],[109.638951,-7.380198],[109.638572,-7.381472],[109.638036,-7.381696],[109.637497,-7.382029],[109.637101,-7.382372],[109.636814,-7.382733],[109.635974,-7.383481],[109.635476,-7.383678],[109.634716,-7.383766],[109.633853,-7.383637],[109.633043,-7.383191],[109.63163,-7.382626],[109.630725,-7.382416],[109.628882,-7.382555],[109.626896,-7.382974],[109.625833,-7.383151],[109.625,-7.383348],[109.625295,-7.382327],[109.625497,-7.381622],[109.62561,-7.381116],[109.626005,-7.380149],[109.626384,-7.379346],[109.626735,-7.378542],[109.627094,-7.377593],[109.62733,-7.376952],[109.627435,-7.376347],[109.627557,-7.375687],[109.627842,-7.375064],[109.628367,-7.374278],[109.628782,-7.373529],[109.629314,-7.372708],[109.629864,-7.371805],[109.6304,-7.370903],[109.631073,-7.369648],[109.63114,-7.369259],[109.631033,-7.368924],[109.630926,-7.368598],[109.630694,-7.368254],[109.630464,-7.367964],[109.630153,-7.367438],[109.629981,-7.366995],[109.629796,-7.366515],[109.629684,-7.365945],[109.629562,-7.365456],[109.629419,-7.364922],[109.629299,-7.364578],[109.629899,-7.363992]]]]}},{"id":"147","type":"Feature","properties":{"DESA":"Karangkemiri"},"geometry":{"type":"MultiPolygon","coordinates":[[[[109.639217,-7.366824],[109.640004,-7.366835],[109.640835,-7.366901],[109.641742,-7.36694],[109.64263,-7.367042],[109.643282,-7.367134],[109.64383,-7.367362],[109.644435,-7.367672],[109.645094,-7.368126],[109.645672,-7.36858],[109.646148,-7.368952],[109.646657,-7.369396],[109.647254,-7.369896],[109.647966,-7.370495],[109.648483,-7.371039],[109.649222,-7.37171],[109.649911,-7.372137],[109.65051,-7.37242],[109.651006,-7.372557],[109.651516,-7.37273],[109.652044,-7.372985],[109.652564,-7.373348],[109.652115,-7.37379],[109.651859,-7.374223],[109.651666,-7.374865],[109.651635,-7.375362],[109.651482,-7.375886],[109.65113,-7.376075],[109.650481,-7.3762],[109.650271,-7.376443],[109.650111,-7.37685],[109.649549,-7.377192],[109.64926,-7.377381],[109.649204,-7.377769],[109.649494,-7.378277],[109.64951,-7.378666],[109.647907,-7.379384],[109.646014,-7.38021],[109.645544,-7.380815],[109.645105,-7.380606],[109.644584,-7.380523],[109.644034,-7.380548],[109.643091,-7.380735],[109.642017,-7.380985],[109.641152,-7.3811],[109.640341,-7.381107],[109.63987,-7.381141],[109.639346,-7.381221],[109.638976,-7.381328],[109.638572,-7.381472],[109.638951,-7.380198],[109.638953,-7.379692],[109.638955,-7.379059],[109.638957,-7.378435],[109.638958,-7.377856],[109.638974,-7.37697],[109.639034,-7.376038],[109.639126,-7.375388],[109.639145,-7.374963],[109.639117,-7.374546],[109.639044,-7.373723],[109.638967,-7.372755],[109.639032,-7.37196],[109.639046,-7.371137],[109.639063,-7.37016],[109.639081,-7.369274],[109.639166,-7.368261],[109.639176,-7.36752],[109.639217,-7.366824]]]]}},{"id":"148","type":"Feature","properties":{"DESA":"Gumingsari"},"geometry":{"type":"MultiPolygon","coordinates":[[[[109.673951,-7.378802],[109.673887,-7.379643],[109.673775,-7.380303],[109.673662,-7.380628],[109.673455,-7.38089],[109.673203,-7.381124],[109.672804,-7.381385],[109.6723,-7.381709],[109.671545,-7.382213],[109.671101,-7.382492],[109.670477,-7.382943],[109.669813,-7.383483],[109.669472,-7.383799],[109.669087,-7.384105],[109.668717,-7.384339],[109.668258,-7.384546],[109.667667,-7.384761],[109.666963,-7.384985],[109.666203,-7.3852],[109.665715,-7.385334],[109.665197,-7.38545],[109.664473,-7.385638],[109.663749,-7.385807],[109.663127,-7.385959],[109.663158,-7.385589],[109.663056,-7.385028],[109.66273,-7.384611],[109.662351,-7.384429],[109.661565,-7.384553],[109.660792,-7.384659],[109.660282,-7.384477],[109.659746,-7.384222],[109.659209,-7.384256],[109.659012,-7.384509],[109.658735,-7.385304],[109.658312,-7.385746],[109.655009,-7.383656],[109.654174,-7.382577],[109.653801,-7.382359],[109.654678,-7.381892],[109.655294,-7.381161],[109.65582,-7.380557],[109.65663,-7.379799],[109.65721,-7.379313],[109.657842,-7.378917],[109.658421,-7.37871],[109.65913,-7.378514],[109.66021,-7.378435],[109.661613,-7.378403],[109.663155,-7.378354],[109.664944,-7.378287],[109.666504,-7.378255],[109.667697,-7.37825],[109.668762,-7.378217],[109.669879,-7.378166],[109.67103,-7.378197],[109.671727,-7.378235],[109.672516,-7.378364],[109.673111,-7.378555],[109.673549,-7.378756],[109.673951,-7.378802]]]]}},{"id":"149","type":"Feature","properties":{"DESA":"Linggasari"},"geometry":{"type":"MultiPolygon","coordinates":[[[[109.660052,-7.364553],[109.66096,-7.364665],[109.661975,-7.36483],[109.662884,-7.365023],[109.66373,-7.365197],[109.664428,-7.365407],[109.665075,-7.365581],[109.665921,-7.366027],[109.666696,-7.3664],[109.667341,-7.366755],[109.668125,-7.367245],[109.668713,-7.367591],[109.669377,-7.367683],[109.669249,-7.368035],[109.669431,-7.36838],[109.669914,-7.369032],[109.670824,-7.369713],[109.671858,-7.370476],[109.67263,-7.371256],[109.673249,-7.3719],[109.673788,-7.372571],[109.674053,-7.373295],[109.674198,-7.373946],[109.674195,-7.374426],[109.674065,-7.374859],[109.674032,-7.37551],[109.674046,-7.375954],[109.674073,-7.376578],[109.674042,-7.377211],[109.674011,-7.377826],[109.673979,-7.378404],[109.673951,-7.378802],[109.673549,-7.378756],[109.673111,-7.378555],[109.672516,-7.378364],[109.671727,-7.378235],[109.67103,-7.378197],[109.669879,-7.378166],[109.668762,-7.378217],[109.667697,-7.37825],[109.666504,-7.378255],[109.664944,-7.378287],[109.663155,-7.378354],[109.661613,-7.378403],[109.66021,-7.378435],[109.65913,-7.378514],[109.658421,-7.37871],[109.657842,-7.378917],[109.65721,-7.379313],[109.65663,-7.379799],[109.65582,-7.380557],[109.655294,-7.381161],[109.654678,-7.381892],[109.653801,-7.382359],[109.653442,-7.382322],[109.653061,-7.382475],[109.652511,-7.382663],[109.651778,-7.38276],[109.651303,-7.382777],[109.65056,-7.382811],[109.649988,-7.382845],[109.648701,-7.382832],[109.648321,-7.38275],[109.647785,-7.382486],[109.647361,-7.38224],[109.646871,-7.381868],[109.646087,-7.381205],[109.645544,-7.380815],[109.646014,-7.38021],[109.647907,-7.379384],[109.64951,-7.378666],[109.649494,-7.378277],[109.649204,-7.377769],[109.64926,-7.377381],[109.649549,-7.377192],[109.650111,-7.37685],[109.650271,-7.376443],[109.650481,-7.3762],[109.65113,-7.376075],[109.651482,-7.375886],[109.651635,-7.375362],[109.651666,-7.374865],[109.651859,-7.374223],[109.652115,-7.37379],[109.652564,-7.373348],[109.653036,-7.372925],[109.653485,-7.372501],[109.654071,-7.372078],[109.654518,-7.371781],[109.65454,-7.371202],[109.654833,-7.37095],[109.654594,-7.370677],[109.654725,-7.370298],[109.654645,-7.369909],[109.654501,-7.369393],[109.65438,-7.368886],[109.654611,-7.368462],[109.654745,-7.368028],[109.655254,-7.367632],[109.655865,-7.367299],[109.656587,-7.366912],[109.657305,-7.366616],[109.658075,-7.366121],[109.658763,-7.36559],[109.659476,-7.365049],[109.660052,-7.364553]]]]}},{"id":"150","type":"Feature","properties":{"DESA":"Medayu"},"geometry":{"type":"MultiPolygon","coordinates":[[[[109.657553,-7.352428],[109.657688,-7.351913],[109.657766,-7.35147],[109.657806,-7.351018],[109.657766,-7.350593],[109.657584,-7.349959],[109.657309,-7.349316],[109.657102,-7.348086],[109.657256,-7.347435],[109.657441,-7.346992],[109.657763,-7.346577],[109.658197,-7.346154],[109.659208,-7.345542],[109.65991,-7.345381],[109.660422,-7.345301],[109.660648,-7.346052],[109.660972,-7.346596],[109.662199,-7.348227],[109.66278,-7.349143],[109.663391,-7.349985],[109.663864,-7.350538],[109.664566,-7.351219],[109.66524,-7.351809],[109.666085,-7.352535],[109.667065,-7.353297],[109.667666,-7.353814],[109.667971,-7.354096],[109.66828,-7.354232],[109.6693,-7.354597],[109.670173,-7.354835],[109.670865,-7.355063],[109.671686,-7.355255],[109.672352,-7.355456],[109.673238,-7.35601],[109.673865,-7.356428],[109.67439,-7.357063],[109.674906,-7.357824],[109.675208,-7.358521],[109.675428,-7.359173],[109.675505,-7.35987],[109.675394,-7.360258],[109.674924,-7.360519],[109.674239,-7.360607],[109.673778,-7.360787],[109.673391,-7.360894],[109.672964,-7.360803],[109.672475,-7.361163],[109.672349,-7.361642],[109.671679,-7.361785],[109.671172,-7.362199],[109.671033,-7.362696],[109.670858,-7.363238],[109.670838,-7.363564],[109.671101,-7.363863],[109.671581,-7.364027],[109.671766,-7.364371],[109.67187,-7.364923],[109.672318,-7.36478],[109.672851,-7.364917],[109.673264,-7.365488],[109.67294,-7.365659],[109.672628,-7.365911],[109.672534,-7.366472],[109.671987,-7.366497],[109.671663,-7.36665],[109.671665,-7.367337],[109.670976,-7.367724],[109.670583,-7.367623],[109.670148,-7.367369],[109.669775,-7.367368],[109.669377,-7.367683],[109.668713,-7.367591],[109.668125,-7.367245],[109.667341,-7.366755],[109.666696,-7.3664],[109.665921,-7.366027],[109.665075,-7.365581],[109.664428,-7.365407],[109.66373,-7.365197],[109.662884,-7.365023],[109.661975,-7.36483],[109.66096,-7.364665],[109.660052,-7.364553],[109.660795,-7.363669],[109.661312,-7.362984],[109.66188,-7.362126],[109.662493,-7.361278],[109.662791,-7.360619],[109.662883,-7.359968],[109.662905,-7.359235],[109.66275,-7.358376],[109.662418,-7.358013],[109.661981,-7.357713],[109.661492,-7.357359],[109.660879,-7.356977],[109.66051,-7.356642],[109.660149,-7.356098],[109.65994,-7.355519],[109.659803,-7.354822],[109.659667,-7.354469],[109.659449,-7.354116],[109.659143,-7.353581],[109.658562,-7.3531],[109.658085,-7.352683],[109.657553,-7.352428]]]]}},{"id":"151","type":"Feature","properties":{"DESA":"Kandangwangi"},"geometry":{"type":"MultiPolygon","coordinates":[[[[109.654373,-7.35212],[109.655075,-7.351941],[109.655833,-7.351889],[109.656479,-7.352009],[109.656893,-7.352118],[109.657553,-7.352428],[109.658085,-7.352683],[109.658562,-7.3531],[109.659143,-7.353581],[109.659449,-7.354116],[109.659667,-7.354469],[109.659803,-7.354822],[109.65994,-7.355519],[109.660149,-7.356098],[109.66051,-7.356642],[109.660879,-7.356977],[109.661492,-7.357359],[109.661981,-7.357713],[109.662418,-7.358013],[109.66275,-7.358376],[109.662905,-7.359235],[109.662883,-7.359968],[109.662791,-7.360619],[109.662493,-7.361278],[109.66188,-7.362126],[109.661312,-7.362984],[109.660795,-7.363669],[109.660052,-7.364553],[109.659476,-7.365049],[109.658763,-7.36559],[109.658075,-7.366121],[109.657305,-7.366616],[109.656587,-7.366912],[109.655865,-7.367299],[109.655254,-7.367632],[109.654745,-7.368028],[109.654611,-7.368462],[109.65438,-7.368886],[109.654501,-7.369393],[109.654645,-7.369909],[109.654725,-7.370298],[109.654594,-7.370677],[109.654833,-7.37095],[109.65454,-7.371202],[109.654518,-7.371781],[109.654071,-7.372078],[109.653485,-7.372501],[109.653036,-7.372925],[109.652564,-7.373348],[109.652044,-7.372985],[109.651516,-7.37273],[109.651006,-7.372557],[109.65051,-7.37242],[109.649911,-7.372137],[109.649222,-7.37171],[109.648483,-7.371039],[109.647966,-7.370495],[109.647254,-7.369896],[109.646657,-7.369396],[109.646148,-7.368952],[109.645672,-7.36858],[109.645094,-7.368126],[109.644435,-7.367672],[109.64383,-7.367362],[109.643282,-7.367134],[109.64263,-7.367042],[109.641742,-7.36694],[109.640835,-7.366901],[109.640004,-7.366835],[109.639217,-7.366824],[109.639247,-7.366435],[109.639286,-7.365648],[109.639382,-7.364862],[109.639488,-7.363849],[109.640185,-7.364059],[109.640747,-7.36426],[109.641494,-7.364326],[109.642423,-7.363768],[109.642789,-7.36357],[109.643184,-7.363345],[109.643603,-7.36265],[109.643962,-7.362063],[109.64418,-7.361693],[109.644582,-7.361333],[109.644675,-7.360962],[109.646128,-7.35961],[109.64726,-7.358854],[109.64757,-7.358493],[109.647568,-7.35795],[109.647287,-7.357307],[109.646878,-7.356999],[109.646523,-7.356627],[109.646535,-7.356238],[109.64705,-7.355616],[109.647291,-7.35539],[109.647587,-7.354858],[109.648109,-7.354054],[109.648559,-7.353323],[109.648894,-7.352664],[109.649559,-7.352313],[109.649937,-7.352269],[109.650497,-7.352235],[109.650888,-7.352236],[109.65183,-7.352239],[109.652407,-7.352222],[109.652866,-7.352242],[109.65389,-7.352254],[109.654373,-7.35212]]]]}},{"id":"152","type":"Feature","properties":{"DESA":"Lemahjaya"},"geometry":{"type":"MultiPolygon","coordinates":[[[[109.648843,-7.328608],[109.649493,-7.328393],[109.649828,-7.328277],[109.650142,-7.328178],[109.650572,-7.32808],[109.650918,-7.328],[109.651379,-7.328028],[109.651716,-7.328093],[109.652411,-7.328131],[109.653008,-7.32825],[109.653286,-7.328477],[109.65376,-7.328904],[109.654383,-7.328996],[109.654723,-7.329232],[109.655031,-7.32945],[109.655241,-7.329713],[109.656131,-7.330448],[109.65699,-7.331273],[109.657574,-7.331999],[109.658031,-7.33266],[109.659084,-7.334427],[109.659588,-7.334935],[109.659877,-7.335361],[109.660068,-7.335696],[109.660187,-7.336447],[109.660373,-7.337008],[109.660669,-7.337253],[109.660879,-7.337597],[109.661018,-7.338077],[109.66093,-7.33956],[109.660808,-7.340627],[109.660555,-7.341621],[109.660341,-7.342434],[109.660215,-7.342958],[109.660165,-7.343582],[109.660185,-7.344188],[109.660278,-7.344785],[109.660422,-7.345301],[109.65991,-7.345381],[109.659208,-7.345542],[109.658197,-7.346154],[109.657763,-7.346577],[109.657441,-7.346992],[109.657256,-7.347435],[109.657102,-7.348086],[109.657309,-7.349316],[109.657584,-7.349959],[109.657766,-7.350593],[109.657806,-7.351018],[109.657766,-7.35147],[109.657688,-7.351913],[109.657553,-7.352428],[109.656893,-7.352118],[109.656479,-7.352009],[109.655833,-7.351889],[109.655075,-7.351941],[109.654373,-7.35212],[109.65389,-7.352254],[109.652866,-7.352242],[109.652407,-7.352222],[109.65183,-7.352239],[109.650888,-7.352236],[109.650497,-7.352235],[109.649937,-7.352269],[109.649559,-7.352313],[109.648894,-7.352664],[109.648559,-7.353323],[109.648109,-7.354054],[109.647587,-7.354858],[109.647291,-7.35539],[109.64705,-7.355616],[109.646535,-7.356238],[109.646523,-7.356627],[109.646878,-7.356999],[109.647287,-7.357307],[109.647568,-7.35795],[109.64757,-7.358493],[109.64726,-7.358854],[109.646128,-7.35961],[109.644675,-7.360962],[109.644582,-7.361333],[109.64418,-7.361693],[109.643962,-7.362063],[109.643603,-7.36265],[109.643184,-7.363345],[109.642789,-7.36357],[109.642423,-7.363768],[109.641494,-7.364326],[109.640747,-7.36426],[109.640185,-7.364059],[109.639488,-7.363849],[109.639162,-7.363866],[109.638491,-7.364127],[109.638106,-7.364207],[109.637758,-7.36417],[109.637215,-7.364032],[109.636935,-7.36367],[109.636525,-7.36346],[109.636028,-7.363432],[109.635641,-7.363711],[109.635092,-7.363854],[109.63475,-7.363989],[109.6344,-7.363951],[109.634074,-7.363968],[109.633791,-7.364121],[109.633139,-7.3643],[109.632473,-7.364371],[109.631581,-7.364377],[109.630817,-7.364293],[109.630252,-7.364156],[109.629899,-7.363992],[109.630273,-7.363387],[109.630716,-7.362647],[109.631127,-7.362178],[109.631285,-7.361518],[109.631266,-7.361147],[109.631229,-7.360587],[109.631192,-7.359827],[109.631156,-7.359103],[109.631177,-7.358308],[109.631276,-7.357883],[109.631511,-7.357531],[109.631766,-7.357324],[109.632331,-7.357145],[109.633131,-7.357075],[109.63356,-7.357166],[109.634106,-7.357286],[109.634457,-7.357287],[109.634769,-7.357215],[109.635393,-7.356946],[109.636058,-7.356668],[109.636464,-7.356379],[109.636971,-7.35601],[109.637563,-7.355424],[109.638324,-7.354703],[109.638815,-7.354153],[109.639255,-7.35363],[109.639424,-7.35335],[109.639628,-7.352862],[109.639798,-7.35232],[109.640036,-7.351697],[109.640256,-7.351435],[109.64051,-7.351228],[109.640926,-7.350985],[109.641255,-7.350796],[109.64142,-7.350516],[109.641648,-7.349983],[109.641609,-7.34935],[109.641137,-7.348915],[109.640788,-7.348932],[109.640129,-7.349111],[109.639885,-7.348522],[109.639845,-7.348115],[109.639887,-7.347744],[109.639929,-7.347392],[109.63989,-7.346903],[109.63985,-7.346532],[109.640057,-7.346081],[109.640386,-7.345901],[109.640695,-7.345739],[109.64123,-7.345551],[109.641704,-7.345145],[109.641869,-7.344757],[109.642048,-7.344115],[109.642372,-7.343583],[109.642677,-7.343421],[109.643107,-7.343296],[109.643394,-7.343152],[109.643664,-7.342872],[109.643808,-7.342565],[109.643917,-7.342195],[109.643918,-7.341779],[109.643901,-7.341426],[109.643813,-7.340892],[109.644119,-7.34064],[109.644156,-7.340242],[109.643978,-7.33978],[109.643782,-7.339337],[109.643687,-7.338785],[109.643609,-7.33845],[109.64361,-7.338097],[109.643651,-7.337546],[109.643869,-7.337076],[109.644145,-7.336806],[109.64452,-7.33659],[109.645149,-7.336555],[109.645581,-7.336864],[109.645876,-7.337064],[109.646368,-7.336966],[109.646624,-7.336714],[109.646724,-7.336379],[109.646685,-7.336027],[109.646549,-7.335728],[109.646294,-7.335221],[109.646512,-7.334986],[109.646946,-7.334599],[109.647183,-7.334283],[109.647282,-7.333966],[109.647303,-7.333496],[109.647305,-7.333008],[109.647248,-7.332474],[109.647093,-7.332103],[109.647116,-7.331651],[109.647452,-7.331363],[109.647766,-7.330947],[109.648034,-7.330677],[109.648325,-7.330479],[109.648549,-7.330055],[109.648617,-7.329675],[109.648663,-7.329259],[109.648843,-7.328608]]]]}},{"id":"153","type":"Feature","properties":{"DESA":"Situwangi"},"geometry":{"type":"MultiPolygon","coordinates":[[[[109.506743,-7.426952],[109.507927,-7.426441],[109.508201,-7.426613],[109.508506,-7.426958],[109.509224,-7.427042],[109.510338,-7.427109],[109.511077,-7.426967],[109.511834,-7.42677],[109.512584,-7.426519],[109.513273,-7.426413],[109.514059,-7.426443],[109.514934,-7.426536],[109.515784,-7.426621],[109.517005,-7.426733],[109.51774,-7.426754],[109.51822,-7.426828],[109.517753,-7.428626],[109.517478,-7.429529],[109.517333,-7.430279],[109.517133,-7.431083],[109.517843,-7.431474],[109.518376,-7.431793],[109.518668,-7.431947],[109.518727,-7.432508],[109.518586,-7.433512],[109.518093,-7.4337],[109.517312,-7.43395],[109.516844,-7.434193],[109.51651,-7.434536],[109.516484,-7.435241],[109.516481,-7.436208],[109.516571,-7.437475],[109.516536,-7.438442],[109.516462,-7.438903],[109.516036,-7.439363],[109.515315,-7.439849],[109.51498,-7.440137],[109.514943,-7.440905],[109.514912,-7.44209],[109.514991,-7.443447],[109.515441,-7.443511],[109.515864,-7.443522],[109.515805,-7.444833],[109.514964,-7.444939],[109.514428,-7.44519],[109.514054,-7.445397],[109.513814,-7.445685],[109.513681,-7.44601],[109.513719,-7.447168],[109.513149,-7.447519],[109.512884,-7.448133],[109.512795,-7.448567],[109.51275,-7.449154],[109.51277,-7.449634],[109.512702,-7.450248],[109.512613,-7.450574],[109.512132,-7.450572],[109.51187,-7.450354],[109.511391,-7.449783],[109.510889,-7.44941],[109.51008,-7.449037],[109.509075,-7.448572],[109.507749,-7.448025],[109.507835,-7.446497],[109.507902,-7.445629],[109.507979,-7.444535],[109.508008,-7.44327],[109.508022,-7.442193],[109.508114,-7.440901],[109.508403,-7.439428],[109.508356,-7.438704],[109.508043,-7.438495],[109.5079,-7.437988],[109.507257,-7.436051],[109.506834,-7.435073],[109.506687,-7.434249],[109.506712,-7.433508],[109.506699,-7.432685],[109.506716,-7.43179],[109.506842,-7.430416],[109.506961,-7.430082],[109.506898,-7.429656],[109.50691,-7.429295],[109.506899,-7.428833],[109.506828,-7.428282],[109.506743,-7.426952]]]]}},{"id":"154","type":"Feature","properties":{"DESA":"Gelang"},"geometry":{"type":"MultiPolygon","coordinates":[[[[109.51822,-7.426828],[109.518501,-7.426358],[109.518968,-7.426089],[109.519519,-7.425937],[109.519858,-7.425567],[109.520547,-7.426564],[109.52075,-7.426863],[109.52098,-7.42709],[109.522192,-7.42779],[109.522923,-7.428091],[109.523541,-7.428238],[109.523884,-7.428447],[109.524122,-7.428819],[109.524269,-7.429317],[109.524323,-7.430718],[109.52428,-7.432301],[109.524379,-7.433377],[109.524356,-7.434652],[109.524277,-7.43599],[109.524209,-7.437202],[109.52415,-7.438232],[109.524141,-7.4392],[109.524243,-7.440087],[109.524434,-7.441],[109.524692,-7.441942],[109.524526,-7.442249],[109.524524,-7.442764],[109.524639,-7.443805],[109.524706,-7.444881],[109.524585,-7.445658],[109.524371,-7.446128],[109.52404,-7.446434],[109.523661,-7.446668],[109.523077,-7.446829],[109.521654,-7.446923],[109.520781,-7.44692],[109.520191,-7.446819],[109.519814,-7.446727],[109.51927,-7.446816],[109.518797,-7.447194],[109.51851,-7.447537],[109.518465,-7.447925],[109.518441,-7.448585],[109.518483,-7.449192],[109.518481,-7.449562],[109.518392,-7.44996],[109.517932,-7.450239],[109.517385,-7.45011],[109.516753,-7.449584],[109.515902,-7.448658],[109.515248,-7.448032],[109.514549,-7.447524],[109.514069,-7.447214],[109.513719,-7.447168],[109.513681,-7.44601],[109.513814,-7.445685],[109.514054,-7.445397],[109.514428,-7.44519],[109.514964,-7.444939],[109.515805,-7.444833],[109.515864,-7.443522],[109.515441,-7.443511],[109.514991,-7.443447],[109.514912,-7.44209],[109.514943,-7.440905],[109.51498,-7.440137],[109.515315,-7.439849],[109.516036,-7.439363],[109.516462,-7.438903],[109.516536,-7.438442],[109.516571,-7.437475],[109.516481,-7.436208],[109.516484,-7.435241],[109.51651,-7.434536],[109.516844,-7.434193],[109.517312,-7.43395],[109.518093,-7.4337],[109.518586,-7.433512],[109.518727,-7.432508],[109.518668,-7.431947],[109.518376,-7.431793],[109.517843,-7.431474],[109.517133,-7.431083],[109.517333,-7.430279],[109.517478,-7.429529],[109.517753,-7.428626],[109.51822,-7.426828]]]]}},{"id":"155","type":"Feature","properties":{"DESA":"Rakit"},"geometry":{"type":"MultiPolygon","coordinates":[[[[109.525183,-7.422655],[109.525548,-7.423081],[109.52598,-7.423155],[109.526785,-7.423131],[109.527487,-7.423883],[109.527681,-7.424137],[109.52802,-7.424437],[109.528306,-7.4246],[109.528692,-7.424828],[109.52904,-7.425064],[109.529637,-7.425545],[109.530407,-7.426452],[109.53114,-7.427486],[109.53189,-7.428763],[109.532672,-7.430086],[109.533312,-7.431182],[109.533902,-7.432296],[109.534408,-7.433284],[109.534661,-7.433773],[109.535094,-7.43448],[109.535274,-7.435159],[109.535398,-7.435783],[109.535429,-7.436515],[109.53479,-7.436577],[109.534487,-7.436775],[109.534133,-7.437153],[109.53388,-7.437379],[109.533477,-7.437603],[109.532595,-7.437953],[109.531812,-7.438375],[109.531459,-7.438655],[109.531181,-7.438979],[109.530726,-7.439376],[109.530297,-7.439799],[109.530019,-7.440205],[109.529639,-7.440783],[109.529335,-7.441306],[109.528881,-7.441657],[109.528301,-7.441881],[109.527289,-7.441996],[109.526675,-7.442048],[109.526226,-7.442019],[109.525707,-7.4419],[109.525259,-7.441826],[109.524692,-7.441942],[109.524434,-7.441],[109.524243,-7.440087],[109.524141,-7.4392],[109.52415,-7.438232],[109.524209,-7.437202],[109.524277,-7.43599],[109.524356,-7.434652],[109.524379,-7.433377],[109.52428,-7.432301],[109.524323,-7.430718],[109.524269,-7.429317],[109.524122,-7.428819],[109.523884,-7.428447],[109.523541,-7.428238],[109.522923,-7.428091],[109.522192,-7.42779],[109.52098,-7.42709],[109.52075,-7.426863],[109.520547,-7.426564],[109.519858,-7.425567],[109.520368,-7.424737],[109.520587,-7.423915],[109.52098,-7.423374],[109.521377,-7.423067],[109.522148,-7.422925],[109.522664,-7.422592],[109.523097,-7.422187],[109.523676,-7.421818],[109.524315,-7.421766],[109.524765,-7.422003],[109.525183,-7.422655]]]]}},{"id":"156","type":"Feature","properties":{"DESA":"Adipasir"},"geometry":{"type":"MultiPolygon","coordinates":[[[[109.529637,-7.425545],[109.530182,-7.425457],[109.530568,-7.425187],[109.531013,-7.424935],[109.531797,-7.424703],[109.532516,-7.424379],[109.532706,-7.424072],[109.53268,-7.42372],[109.532611,-7.422996],[109.532502,-7.422101],[109.532297,-7.42106],[109.532092,-7.420064],[109.532069,-7.419413],[109.532232,-7.419043],[109.532568,-7.41871],[109.533487,-7.418767],[109.534298,-7.418896],[109.53492,-7.41907],[109.535639,-7.419262],[109.537421,-7.41972],[109.537794,-7.419812],[109.53922,-7.419563],[109.539816,-7.419403],[109.540352,-7.419278],[109.540929,-7.41928],[109.541938,-7.419283],[109.54305,-7.419214],[109.543471,-7.41917],[109.543805,-7.41909],[109.544117,-7.418956],[109.544893,-7.418596],[109.546602,-7.417028],[109.547038,-7.416759],[109.548043,-7.416373],[109.547867,-7.416879],[109.547551,-7.418298],[109.547415,-7.418758],[109.547338,-7.420232],[109.547603,-7.42158],[109.547911,-7.422422],[109.548107,-7.422712],[109.548479,-7.422876],[109.548905,-7.42295],[109.549378,-7.423051],[109.549657,-7.423251],[109.549863,-7.423731],[109.550569,-7.426365],[109.550887,-7.427017],[109.551441,-7.427751],[109.551013,-7.428093],[109.550711,-7.428725],[109.550646,-7.429069],[109.550686,-7.429838],[109.550685,-7.430434],[109.550577,-7.430814],[109.550021,-7.430939],[109.54953,-7.430684],[109.548954,-7.430429],[109.54857,-7.430364],[109.548229,-7.430426],[109.547391,-7.431111],[109.547063,-7.431408],[109.546664,-7.431597],[109.54587,-7.431567],[109.545005,-7.431474],[109.54456,-7.431563],[109.544209,-7.431752],[109.543928,-7.432004],[109.543786,-7.432492],[109.543901,-7.433053],[109.544132,-7.433967],[109.544247,-7.434428],[109.544222,-7.434754],[109.544011,-7.435178],[109.543098,-7.435266],[109.542514,-7.435381],[109.542139,-7.435543],[109.541647,-7.435867],[109.54092,-7.43666],[109.54052,-7.437192],[109.540074,-7.437571],[109.539494,-7.437723],[109.539117,-7.437649],[109.538689,-7.437521],[109.538236,-7.437646],[109.538033,-7.437899],[109.537755,-7.438422],[109.5374,-7.439172],[109.536919,-7.439749],[109.536617,-7.43992],[109.536089,-7.439674],[109.535913,-7.439366],[109.535738,-7.438913],[109.535716,-7.438289],[109.535743,-7.437683],[109.53577,-7.437159],[109.535429,-7.436515],[109.535398,-7.435783],[109.535274,-7.435159],[109.535094,-7.43448],[109.534661,-7.433773],[109.534408,-7.433284],[109.533902,-7.432296],[109.533312,-7.431182],[109.532672,-7.430086],[109.53189,-7.428763],[109.53114,-7.427486],[109.530407,-7.426452],[109.529637,-7.425545]]]]}},{"id":"157","type":"Feature","properties":{"DESA":"Kincang"},"geometry":{"type":"MultiPolygon","coordinates":[[[[109.553988,-7.415778],[109.554374,-7.415661],[109.55495,-7.415229],[109.555571,-7.415005],[109.556818,-7.414358],[109.557489,-7.413718],[109.558038,-7.413005],[109.558411,-7.4126],[109.558872,-7.41223],[109.559356,-7.411888],[109.559737,-7.411239],[109.559844,-7.410859],[109.560009,-7.410308],[109.560401,-7.409893],[109.5608,-7.410365],[109.561286,-7.410647],[109.561822,-7.41101],[109.562036,-7.411562],[109.562113,-7.412521],[109.562137,-7.412847],[109.5622,-7.413381],[109.562238,-7.414014],[109.562367,-7.414548],[109.562579,-7.41482],[109.562949,-7.415273],[109.563372,-7.415772],[109.563568,-7.416279],[109.563832,-7.416994],[109.564051,-7.417709],[109.564299,-7.418687],[109.564451,-7.419501],[109.564037,-7.420829],[109.563413,-7.420926],[109.562749,-7.421322],[109.562387,-7.421619],[109.562175,-7.422035],[109.562053,-7.422459],[109.562081,-7.422939],[109.562231,-7.423418],[109.562471,-7.423691],[109.563162,-7.424055],[109.563523,-7.424327],[109.563702,-7.424771],[109.563851,-7.42535],[109.563789,-7.425829],[109.563576,-7.426579],[109.563301,-7.427509],[109.563029,-7.428015],[109.562605,-7.428556],[109.562092,-7.428916],[109.5617,-7.429032],[109.561128,-7.428967],[109.560828,-7.428704],[109.560588,-7.428396],[109.560468,-7.428007],[109.560409,-7.42759],[109.56023,-7.427255],[109.559899,-7.42711],[109.559357,-7.427045],[109.558844,-7.427133],[109.558482,-7.427403],[109.558149,-7.427818],[109.557967,-7.428116],[109.557694,-7.429019],[109.557457,-7.429769],[109.557221,-7.430067],[109.556665,-7.430318],[109.55628,-7.430408],[109.55596,-7.430361],[109.555855,-7.429954],[109.556005,-7.429656],[109.556455,-7.429025],[109.556799,-7.428492],[109.556843,-7.428176],[109.556609,-7.427705],[109.556119,-7.427549],[109.55567,-7.42772],[109.555156,-7.428044],[109.554984,-7.428332],[109.554812,-7.428676],[109.554704,-7.428992],[109.55466,-7.429507],[109.554402,-7.43004],[109.55423,-7.430383],[109.553973,-7.430608],[109.553609,-7.430779],[109.553225,-7.430823],[109.552777,-7.430568],[109.552671,-7.430242],[109.552801,-7.429673],[109.553102,-7.429095],[109.55304,-7.428543],[109.552742,-7.428162],[109.552252,-7.427736],[109.551911,-7.427662],[109.551441,-7.427751],[109.550887,-7.427017],[109.550569,-7.426365],[109.549863,-7.423731],[109.549657,-7.423251],[109.549378,-7.423051],[109.548905,-7.42295],[109.548479,-7.422876],[109.548107,-7.422712],[109.547911,-7.422422],[109.547603,-7.42158],[109.547338,-7.420232],[109.547415,-7.418758],[109.547551,-7.418298],[109.547867,-7.416879],[109.548043,-7.416373],[109.549297,-7.416242],[109.550541,-7.416209],[109.551984,-7.416097],[109.553151,-7.415974],[109.553668,-7.415867],[109.553988,-7.415778]]]]}},{"id":"158","type":"Feature","properties":{"DESA":"Tanjunganom"},"geometry":{"type":"MultiPolygon","coordinates":[[[[109.568989,-7.409577],[109.570003,-7.409599],[109.570853,-7.409321],[109.571562,-7.408907],[109.572164,-7.408457],[109.572663,-7.407835],[109.573009,-7.407067],[109.5733,-7.406426],[109.573546,-7.40611],[109.574167,-7.40566],[109.574728,-7.405373],[109.575221,-7.405202],[109.575774,-7.405204],[109.576091,-7.40535],[109.576727,-7.405867],[109.577282,-7.406195],[109.577772,-7.406368],[109.578274,-7.406361],[109.578759,-7.406308],[109.579193,-7.406119],[109.579531,-7.40594],[109.579912,-7.405624],[109.580236,-7.404594],[109.580845,-7.405275],[109.581308,-7.405773],[109.581659,-7.405883],[109.581313,-7.407266],[109.581328,-7.407835],[109.581611,-7.408505],[109.581708,-7.408994],[109.582195,-7.409891],[109.5822,-7.410343],[109.581828,-7.410884],[109.581853,-7.412169],[109.582096,-7.412965],[109.582141,-7.413436],[109.582363,-7.414133],[109.581585,-7.414212],[109.581219,-7.414409],[109.580824,-7.414833],[109.580233,-7.415139],[109.578826,-7.415577],[109.577111,-7.416132],[109.576547,-7.416583],[109.575871,-7.417223],[109.575531,-7.417782],[109.575417,-7.418514],[109.575246,-7.419183],[109.574898,-7.419562],[109.57456,-7.419534],[109.574055,-7.419035],[109.573634,-7.418373],[109.573298,-7.417829],[109.573024,-7.417575],[109.572454,-7.417483],[109.571458,-7.418239],[109.570949,-7.418871],[109.570715,-7.419295],[109.570502,-7.419964],[109.570351,-7.420705],[109.570158,-7.421626],[109.569903,-7.422222],[109.569584,-7.422701],[109.569203,-7.422935],[109.568485,-7.422914],[109.567915,-7.422505],[109.567199,-7.421897],[109.566883,-7.421661],[109.566524,-7.421515],[109.566206,-7.421596],[109.565847,-7.421721],[109.565399,-7.421629],[109.564979,-7.421266],[109.564588,-7.42093],[109.564037,-7.420829],[109.564451,-7.419501],[109.564299,-7.418687],[109.564051,-7.417709],[109.563832,-7.416994],[109.563568,-7.416279],[109.563372,-7.415772],[109.562949,-7.415273],[109.562579,-7.41482],[109.562367,-7.414548],[109.562238,-7.414014],[109.5622,-7.413381],[109.562137,-7.412847],[109.562113,-7.412521],[109.562036,-7.411562],[109.561822,-7.41101],[109.562169,-7.410387],[109.562355,-7.409981],[109.562615,-7.409665],[109.563113,-7.409549],[109.563568,-7.409605],[109.564736,-7.410079],[109.565719,-7.410525],[109.566426,-7.410935],[109.566913,-7.411298],[109.56732,-7.41176],[109.56765,-7.411897],[109.567983,-7.411726],[109.568229,-7.411501],[109.568713,-7.411087],[109.569238,-7.410546],[109.569276,-7.410085],[109.568989,-7.409577]]]]}},{"id":"159","type":"Feature","properties":{"DESA":"Luwung"},"geometry":{"type":"MultiPolygon","coordinates":[[[[109.591781,-7.393029],[109.592315,-7.393528],[109.593957,-7.395531],[109.594479,-7.396745],[109.594878,-7.398094],[109.595272,-7.399506],[109.595614,-7.400791],[109.594732,-7.401132],[109.594533,-7.401411],[109.594488,-7.401764],[109.594442,-7.402288],[109.594331,-7.402704],[109.59411,-7.402974],[109.593425,-7.403452],[109.592978,-7.403694],[109.592672,-7.403947],[109.59224,-7.404226],[109.591807,-7.404351],[109.59155,-7.405381],[109.591395,-7.40614],[109.59114,-7.406573],[109.590555,-7.406626],[109.590277,-7.406372],[109.589541,-7.406089],[109.589185,-7.40616],[109.588905,-7.406385],[109.588497,-7.406872],[109.588112,-7.407902],[109.587651,-7.409167],[109.58737,-7.409808],[109.586934,-7.411018],[109.586679,-7.411849],[109.586339,-7.412436],[109.586057,-7.412833],[109.585578,-7.413193],[109.58479,-7.413607],[109.583581,-7.413974],[109.582363,-7.414133],[109.582141,-7.413436],[109.582096,-7.412965],[109.581853,-7.412169],[109.581828,-7.410884],[109.5822,-7.410343],[109.582195,-7.409891],[109.581708,-7.408994],[109.581611,-7.408505],[109.581328,-7.407835],[109.581313,-7.407266],[109.581659,-7.405883],[109.581308,-7.405773],[109.580845,-7.405275],[109.580236,-7.404594],[109.580401,-7.403718],[109.580359,-7.402623],[109.580334,-7.402298],[109.58042,-7.401882],[109.580716,-7.401404],[109.581109,-7.401025],[109.581428,-7.401099],[109.582004,-7.401417],[109.582515,-7.40159],[109.583023,-7.401411],[109.583402,-7.401249],[109.584015,-7.401062],[109.585064,-7.400712],[109.585285,-7.400442],[109.585606,-7.399764],[109.585872,-7.399159],[109.586349,-7.398528],[109.585526,-7.397639],[109.585075,-7.396607],[109.585173,-7.396299],[109.585142,-7.395901],[109.585589,-7.39499],[109.58597,-7.394638],[109.586625,-7.394459],[109.587109,-7.394389],[109.587466,-7.394363],[109.587776,-7.394264],[109.588049,-7.394093],[109.588547,-7.393588],[109.588839,-7.393291],[109.589133,-7.393111],[109.589596,-7.392986],[109.590468,-7.393106],[109.591781,-7.393029]]]]}},{"id":"160","type":"Feature","properties":{"DESA":"Lengkong"},"geometry":{"type":"MultiPolygon","coordinates":[[[[109.585667,-7.385956],[109.586287,-7.386898],[109.586967,-7.387759],[109.587773,-7.388983],[109.588546,-7.390161],[109.589312,-7.391276],[109.589767,-7.391792],[109.590518,-7.392365],[109.591781,-7.393029],[109.590468,-7.393106],[109.589596,-7.392986],[109.589133,-7.393111],[109.588839,-7.393291],[109.588547,-7.393588],[109.588049,-7.394093],[109.587776,-7.394264],[109.587466,-7.394363],[109.587109,-7.394389],[109.586625,-7.394459],[109.58597,-7.394638],[109.585589,-7.39499],[109.585142,-7.395901],[109.585173,-7.396299],[109.585075,-7.396607],[109.585526,-7.397639],[109.586349,-7.398528],[109.585872,-7.399159],[109.585606,-7.399764],[109.585285,-7.400442],[109.585064,-7.400712],[109.584015,-7.401062],[109.583402,-7.401249],[109.583023,-7.401411],[109.582515,-7.40159],[109.582004,-7.401417],[109.581428,-7.401099],[109.581109,-7.401025],[109.580716,-7.401404],[109.58042,-7.401882],[109.580334,-7.402298],[109.580359,-7.402623],[109.580401,-7.403718],[109.580236,-7.404594],[109.579912,-7.405624],[109.579531,-7.40594],[109.579193,-7.406119],[109.578759,-7.406308],[109.578274,-7.406361],[109.577772,-7.406368],[109.577282,-7.406195],[109.576727,-7.405867],[109.576091,-7.40535],[109.575774,-7.405204],[109.575221,-7.405202],[109.574728,-7.405373],[109.574167,-7.40566],[109.573546,-7.40611],[109.5733,-7.406426],[109.573009,-7.407067],[109.572663,-7.407835],[109.572164,-7.408457],[109.571562,-7.408907],[109.570853,-7.409321],[109.570003,-7.409599],[109.568989,-7.409577],[109.568334,-7.409403],[109.567796,-7.409121],[109.566864,-7.408639],[109.565759,-7.407948],[109.565554,-7.407703],[109.565417,-7.407368],[109.565313,-7.406934],[109.565457,-7.406473],[109.565841,-7.405597],[109.566085,-7.405164],[109.566391,-7.404541],[109.566575,-7.404044],[109.566743,-7.403593],[109.566839,-7.40324],[109.567301,-7.402102],[109.567558,-7.401253],[109.567591,-7.400837],[109.567586,-7.400494],[109.567617,-7.400114],[109.567663,-7.399571],[109.567698,-7.39921],[109.567865,-7.398695],[109.567942,-7.398324],[109.568076,-7.397837],[109.568341,-7.397376],[109.568552,-7.397069],[109.569131,-7.396194],[109.5694,-7.395824],[109.569778,-7.395409],[109.568962,-7.394403],[109.568401,-7.393515],[109.567942,-7.39279],[109.567769,-7.392147],[109.567636,-7.39136],[109.567258,-7.387859],[109.567316,-7.387227],[109.568051,-7.387645],[109.568918,-7.388073],[109.570116,-7.388384],[109.571129,-7.388758],[109.571696,-7.389131],[109.572953,-7.390464],[109.574088,-7.391381],[109.574532,-7.391599],[109.57515,-7.391827],[109.575891,-7.391875],[109.576659,-7.391579],[109.576808,-7.391236],[109.577032,-7.390965],[109.577551,-7.390768],[109.577897,-7.39085],[109.578316,-7.391241],[109.578663,-7.390998],[109.578838,-7.390483],[109.578889,-7.389986],[109.579088,-7.38967],[109.579386,-7.389399],[109.579832,-7.38903],[109.580099,-7.388651],[109.580416,-7.388164],[109.580804,-7.388147],[109.581703,-7.388195],[109.583111,-7.3881],[109.583451,-7.387884],[109.584084,-7.387452],[109.584741,-7.387065],[109.585544,-7.386516],[109.585667,-7.385956]]]]}},{"id":"161","type":"Feature","properties":{"DESA":"Badamita"},"geometry":{"type":"MultiPolygon","coordinates":[[[[109.562438,-7.390982],[109.562966,-7.390486],[109.563493,-7.390072],[109.563862,-7.389838],[109.564153,-7.389441],[109.564654,-7.388846],[109.565262,-7.388079],[109.565789,-7.387611],[109.566501,-7.387197],[109.566922,-7.387144],[109.567316,-7.387227],[109.567258,-7.387859],[109.567636,-7.39136],[109.567769,-7.392147],[109.567942,-7.39279],[109.568401,-7.393515],[109.568962,-7.394403],[109.569778,-7.395409],[109.5694,-7.395824],[109.569131,-7.396194],[109.568552,-7.397069],[109.568341,-7.397376],[109.568076,-7.397837],[109.567942,-7.398324],[109.567865,-7.398695],[109.567698,-7.39921],[109.567663,-7.399571],[109.567617,-7.400114],[109.567586,-7.400494],[109.567591,-7.400837],[109.567558,-7.401253],[109.567301,-7.402102],[109.566839,-7.40324],[109.566743,-7.403593],[109.566575,-7.404044],[109.566391,-7.404541],[109.566085,-7.405164],[109.565841,-7.405597],[109.565457,-7.406473],[109.565313,-7.406934],[109.565417,-7.407368],[109.565554,-7.407703],[109.565759,-7.407948],[109.566864,-7.408639],[109.567796,-7.409121],[109.568334,-7.409403],[109.568989,-7.409577],[109.569276,-7.410085],[109.569238,-7.410546],[109.568713,-7.411087],[109.568229,-7.411501],[109.567983,-7.411726],[109.56765,-7.411897],[109.56732,-7.41176],[109.566913,-7.411298],[109.566426,-7.410935],[109.565719,-7.410525],[109.564736,-7.410079],[109.563568,-7.409605],[109.563113,-7.409549],[109.562615,-7.409665],[109.562355,-7.409981],[109.562169,-7.410387],[109.561822,-7.41101],[109.561286,-7.410647],[109.5608,-7.410365],[109.560401,-7.409893],[109.560009,-7.410308],[109.559844,-7.410859],[109.559737,-7.411239],[109.559356,-7.411888],[109.558872,-7.41223],[109.558411,-7.4126],[109.558038,-7.413005],[109.557489,-7.413718],[109.556818,-7.414358],[109.555571,-7.415005],[109.55495,-7.415229],[109.554374,-7.415661],[109.553988,-7.415778],[109.553523,-7.414248],[109.553325,-7.413271],[109.553068,-7.411814],[109.552874,-7.410701],[109.552788,-7.409624],[109.552868,-7.408431],[109.553016,-7.407093],[109.552888,-7.405809],[109.552716,-7.404524],[109.55252,-7.403293],[109.552123,-7.402062],[109.551567,-7.400686],[109.551226,-7.399437],[109.551118,-7.398749],[109.551418,-7.398352],[109.551558,-7.397575],[109.551822,-7.396554],[109.552031,-7.395623],[109.552368,-7.395064],[109.552725,-7.394486],[109.553007,-7.3938],[109.553325,-7.393376],[109.5537,-7.393061],[109.55426,-7.392854],[109.555044,-7.392748],[109.555771,-7.392877],[109.556367,-7.393142],[109.556907,-7.393686],[109.557353,-7.394185],[109.55767,-7.394358],[109.55808,-7.394395],[109.558434,-7.394396],[109.558789,-7.394289],[109.559294,-7.394064],[109.559836,-7.393822],[109.560879,-7.393418],[109.5613,-7.39313],[109.56167,-7.392788],[109.561855,-7.3924],[109.562068,-7.391641],[109.562438,-7.390982]]]]}},{"id":"162","type":"Feature","properties":{"DESA":"Bandingan"},"geometry":{"type":"MultiPolygon","coordinates":[[[[109.548999,-7.398073],[109.549516,-7.397849],[109.549907,-7.39813],[109.550615,-7.398648],[109.551118,-7.398749],[109.551226,-7.399437],[109.551567,-7.400686],[109.552123,-7.402062],[109.55252,-7.403293],[109.552716,-7.404524],[109.552888,-7.405809],[109.553016,-7.407093],[109.552868,-7.408431],[109.552788,-7.409624],[109.552874,-7.410701],[109.553068,-7.411814],[109.553325,-7.413271],[109.553523,-7.414248],[109.553988,-7.415778],[109.553668,-7.415867],[109.553151,-7.415974],[109.551984,-7.416097],[109.550541,-7.416209],[109.549297,-7.416242],[109.548043,-7.416373],[109.547038,-7.416759],[109.546602,-7.417028],[109.544893,-7.418596],[109.544117,-7.418956],[109.543805,-7.41909],[109.543471,-7.41917],[109.54305,-7.419214],[109.541938,-7.419283],[109.540929,-7.41928],[109.540352,-7.419278],[109.539816,-7.419403],[109.53922,-7.419563],[109.537794,-7.419812],[109.537421,-7.41972],[109.535639,-7.419262],[109.53492,-7.41907],[109.534298,-7.418896],[109.533487,-7.418767],[109.532568,-7.41871],[109.532232,-7.419043],[109.532069,-7.419413],[109.532092,-7.420064],[109.532297,-7.42106],[109.532502,-7.422101],[109.532611,-7.422996],[109.53268,-7.42372],[109.532706,-7.424072],[109.532516,-7.424379],[109.531797,-7.424703],[109.531013,-7.424935],[109.530568,-7.425187],[109.530182,-7.425457],[109.529637,-7.425545],[109.52904,-7.425064],[109.528692,-7.424828],[109.528306,-7.4246],[109.52802,-7.424437],[109.527681,-7.424137],[109.527487,-7.423883],[109.526785,-7.423131],[109.52598,-7.423155],[109.525548,-7.423081],[109.525183,-7.422655],[109.525432,-7.421462],[109.525731,-7.42055],[109.525946,-7.419474],[109.526166,-7.418716],[109.526465,-7.417758],[109.526692,-7.417062],[109.526908,-7.416059],[109.526987,-7.415092],[109.527095,-7.414034],[109.527067,-7.413094],[109.526937,-7.412017],[109.526831,-7.410914],[109.526726,-7.409611],[109.527836,-7.409678],[109.528562,-7.40969],[109.529132,-7.409655],[109.529613,-7.409548],[109.53024,-7.409352],[109.530877,-7.409155],[109.531292,-7.409029],[109.531662,-7.408922],[109.531971,-7.408788],[109.532281,-7.408346],[109.532411,-7.407966],[109.53248,-7.407632],[109.532542,-7.407171],[109.532679,-7.406855],[109.533016,-7.406811],[109.53362,-7.40693],[109.534249,-7.406905],[109.53467,-7.406934],[109.535136,-7.407234],[109.535509,-7.407777],[109.536021,-7.408313],[109.536372,-7.408332],[109.536957,-7.407963],[109.537075,-7.407638],[109.53703,-7.407312],[109.536891,-7.406914],[109.536683,-7.406262],[109.536941,-7.405937],[109.537362,-7.405866],[109.537759,-7.405985],[109.538273,-7.406132],[109.538833,-7.406405],[109.539323,-7.406578],[109.53965,-7.406643],[109.540421,-7.406745],[109.541076,-7.406882],[109.541636,-7.407047],[109.542174,-7.407049],[109.542549,-7.406679],[109.542644,-7.406327],[109.542811,-7.405161],[109.54286,-7.404582],[109.542815,-7.404067],[109.542793,-7.403623],[109.543005,-7.403226],[109.543648,-7.403219],[109.54418,-7.403583],[109.544478,-7.404],[109.544908,-7.404715],[109.545273,-7.405115],[109.545638,-7.405297],[109.546253,-7.405299],[109.546504,-7.40492],[109.546489,-7.404585],[109.546458,-7.403789],[109.546493,-7.40331],[109.546611,-7.402786],[109.546912,-7.402398],[109.547245,-7.402254],[109.547744,-7.402292],[109.548309,-7.402475],[109.548659,-7.402223],[109.548843,-7.401925],[109.548944,-7.401527],[109.54904,-7.400922],[109.549066,-7.400596],[109.549054,-7.400244],[109.54898,-7.399855],[109.548919,-7.399258],[109.548908,-7.39876],[109.548999,-7.398073]]]]}},{"id":"163","type":"Feature","properties":{"DESA":"Pingit"},"geometry":{"type":"MultiPolygon","coordinates":[[[[109.503285,-7.411622],[109.50372,-7.410999],[109.50408,-7.410503],[109.504573,-7.410134],[109.505162,-7.409946],[109.505672,-7.409921],[109.506614,-7.409906],[109.507081,-7.409971],[109.507547,-7.410253],[109.507833,-7.410552],[109.508041,-7.410887],[109.508169,-7.41124],[109.508183,-7.411873],[109.508262,-7.412226],[109.5086,-7.412255],[109.50902,-7.412048],[109.509262,-7.41176],[109.509699,-7.411318],[109.510165,-7.411464],[109.510357,-7.411863],[109.510517,-7.412261],[109.510773,-7.412696],[109.511127,-7.412679],[109.511515,-7.412472],[109.512031,-7.412257],[109.512821,-7.411997],[109.513096,-7.411682],[109.513387,-7.411213],[109.513926,-7.41097],[109.514305,-7.411026],[109.514814,-7.41129],[109.515046,-7.411571],[109.515364,-7.412078],[109.515647,-7.412351],[109.516035,-7.412605],[109.516596,-7.412679],[109.517079,-7.412672],[109.517468,-7.412546],[109.517736,-7.412258],[109.518031,-7.411879],[109.518394,-7.411627],[109.518819,-7.411701],[109.519606,-7.411839],[109.520215,-7.411697],[109.5211,-7.411437],[109.522054,-7.41126],[109.522552,-7.411062],[109.522995,-7.410892],[109.523368,-7.410839],[109.524115,-7.410724],[109.524544,-7.410608],[109.524838,-7.410464],[109.525789,-7.409907],[109.526181,-7.409673],[109.526726,-7.409611],[109.526831,-7.410914],[109.526937,-7.412017],[109.527067,-7.413094],[109.527095,-7.414034],[109.526987,-7.415092],[109.526908,-7.416059],[109.526692,-7.417062],[109.526465,-7.417758],[109.526166,-7.418716],[109.525946,-7.419474],[109.525731,-7.42055],[109.525432,-7.421462],[109.525183,-7.422655],[109.524765,-7.422003],[109.524315,-7.421766],[109.523676,-7.421818],[109.523097,-7.422187],[109.522664,-7.422592],[109.522148,-7.422925],[109.521377,-7.423067],[109.52098,-7.423374],[109.520587,-7.423915],[109.520368,-7.424737],[109.519858,-7.425567],[109.519519,-7.425937],[109.518968,-7.426089],[109.518501,-7.426358],[109.51822,-7.426828],[109.51774,-7.426754],[109.517005,-7.426733],[109.515784,-7.426621],[109.514934,-7.426536],[109.514059,-7.426443],[109.513273,-7.426413],[109.512584,-7.426519],[109.511834,-7.42677],[109.511077,-7.426967],[109.510338,-7.427109],[109.509224,-7.427042],[109.508506,-7.426958],[109.508201,-7.426613],[109.507927,-7.426441],[109.506743,-7.426952],[109.506369,-7.426643],[109.505942,-7.426172],[109.505877,-7.425412],[109.505788,-7.424598],[109.505777,-7.423901],[109.505909,-7.423133],[109.506033,-7.422636],[109.506364,-7.42214],[109.506986,-7.421373],[109.507781,-7.42077],[109.508232,-7.420274],[109.508468,-7.419769],[109.508495,-7.419118],[109.508132,-7.418004],[109.507859,-7.417443],[109.507394,-7.416682],[109.507138,-7.416418],[109.506486,-7.415693],[109.505795,-7.414976],[109.504922,-7.414205],[109.504254,-7.413325],[109.503847,-7.412655],[109.503285,-7.411622]]]]}},{"id":"164","type":"Feature","properties":{"DESA":"Sambung"},"geometry":{"type":"MultiPolygon","coordinates":[[[[109.547127,-7.370197],[109.547905,-7.37047],[109.548359,-7.370508],[109.549114,-7.370492],[109.549812,-7.370594],[109.55025,-7.37065],[109.550778,-7.370634],[109.551626,-7.370591],[109.552058,-7.370565],[109.552749,-7.370658],[109.553485,-7.370733],[109.553939,-7.370825],[109.55439,-7.370808],[109.55508,-7.37072],[109.555529,-7.370712],[109.555963,-7.370714],[109.557472,-7.370728],[109.558258,-7.370685],[109.558901,-7.370705],[109.559382,-7.370688],[109.559526,-7.371005],[109.559877,-7.371712],[109.560323,-7.372826],[109.559905,-7.373014],[109.559679,-7.373303],[109.559516,-7.374098],[109.559643,-7.374632],[109.560299,-7.375095],[109.560567,-7.375304],[109.560686,-7.3761],[109.560421,-7.376624],[109.560297,-7.377112],[109.56054,-7.37733],[109.560865,-7.377295],[109.561518,-7.377432],[109.561903,-7.377777],[109.562329,-7.378158],[109.562551,-7.378548],[109.56316,-7.378649],[109.563994,-7.378634],[109.564542,-7.378799],[109.564765,-7.37908],[109.564702,-7.379694],[109.564537,-7.380345],[109.564434,-7.380788],[109.56435,-7.381493],[109.56443,-7.382027],[109.564915,-7.382996],[109.565092,-7.384579],[109.564947,-7.385456],[109.564741,-7.386305],[109.564271,-7.387217],[109.563582,-7.388679],[109.562982,-7.389681],[109.562542,-7.39034],[109.562438,-7.390982],[109.562068,-7.391641],[109.561855,-7.3924],[109.56167,-7.392788],[109.5613,-7.39313],[109.560879,-7.393418],[109.559836,-7.393822],[109.559294,-7.394064],[109.558789,-7.394289],[109.558434,-7.394396],[109.55808,-7.394395],[109.55767,-7.394358],[109.557353,-7.394185],[109.556907,-7.393686],[109.556367,-7.393142],[109.555771,-7.392877],[109.555044,-7.392748],[109.55426,-7.392854],[109.5537,-7.393061],[109.553325,-7.393376],[109.553007,-7.3938],[109.552725,-7.394486],[109.552368,-7.395064],[109.552031,-7.395623],[109.551822,-7.396554],[109.551558,-7.397575],[109.551418,-7.398352],[109.551118,-7.398749],[109.550615,-7.398648],[109.549907,-7.39813],[109.549516,-7.397849],[109.548999,-7.398073],[109.548533,-7.397113],[109.548134,-7.396542],[109.547509,-7.395952],[109.546833,-7.395353],[109.546017,-7.394636],[109.545222,-7.394037],[109.544235,-7.393283],[109.543523,-7.392756],[109.542765,-7.392112],[109.542101,-7.391495],[109.541495,-7.390896],[109.541275,-7.39057],[109.541092,-7.389981],[109.540704,-7.388289],[109.540208,-7.387121],[109.539961,-7.385112],[109.539797,-7.384687],[109.539522,-7.384008],[109.539323,-7.383365],[109.538978,-7.382649],[109.538615,-7.381934],[109.538222,-7.381354],[109.537708,-7.380692],[109.537135,-7.379813],[109.536664,-7.37916],[109.537522,-7.378828],[109.538134,-7.378577],[109.538949,-7.378092],[109.540218,-7.377309],[109.541215,-7.376788],[109.541503,-7.376526],[109.541849,-7.376256],[109.542347,-7.375752],[109.542743,-7.375002],[109.543298,-7.374045],[109.543509,-7.373477],[109.543864,-7.372836],[109.543914,-7.372357],[109.544124,-7.371806],[109.544351,-7.371264],[109.544672,-7.371021],[109.544978,-7.370895],[109.54607,-7.370772],[109.546986,-7.370549],[109.547127,-7.370197]]]]}},{"id":"165","type":"Feature","properties":{"DESA":"Tribuana"},"geometry":{"type":"MultiPolygon","coordinates":[[[[109.56453,-7.367468],[109.565289,-7.367995],[109.565936,-7.368349],[109.566239,-7.368594],[109.566272,-7.369282],[109.566465,-7.369879],[109.566734,-7.370332],[109.567148,-7.370596],[109.567466,-7.371022],[109.567484,-7.371501],[109.568444,-7.372011],[109.569059,-7.372212],[109.569562,-7.372448],[109.570058,-7.372812],[109.570311,-7.37312],[109.570859,-7.373167],[109.571268,-7.373186],[109.571681,-7.373296],[109.572139,-7.373334],[109.573214,-7.373663],[109.573465,-7.374007],[109.573758,-7.374994],[109.57386,-7.375916],[109.574368,-7.377003],[109.576359,-7.377697],[109.577308,-7.377727],[109.57833,-7.377586],[109.579183,-7.37748],[109.58005,-7.377501],[109.581059,-7.377712],[109.581838,-7.378094],[109.582302,-7.37843],[109.578574,-7.384459],[109.577468,-7.386337],[109.577218,-7.387168],[109.577049,-7.388008],[109.576666,-7.389137],[109.576218,-7.390158],[109.575947,-7.390889],[109.575891,-7.391875],[109.57515,-7.391827],[109.574532,-7.391599],[109.574088,-7.391381],[109.572953,-7.390464],[109.571696,-7.389131],[109.571129,-7.388758],[109.570116,-7.388384],[109.568918,-7.388073],[109.568051,-7.387645],[109.567316,-7.387227],[109.566922,-7.387144],[109.566501,-7.387197],[109.565789,-7.387611],[109.565262,-7.388079],[109.564654,-7.388846],[109.564153,-7.389441],[109.563862,-7.389838],[109.563493,-7.390072],[109.562966,-7.390486],[109.562438,-7.390982],[109.562542,-7.39034],[109.562982,-7.389681],[109.563582,-7.388679],[109.564271,-7.387217],[109.564741,-7.386305],[109.564947,-7.385456],[109.565092,-7.384579],[109.564915,-7.382996],[109.56443,-7.382027],[109.56435,-7.381493],[109.564434,-7.380788],[109.564537,-7.380345],[109.564702,-7.379694],[109.564765,-7.37908],[109.564542,-7.378799],[109.563994,-7.378634],[109.56316,-7.378649],[109.562551,-7.378548],[109.562329,-7.378158],[109.561903,-7.377777],[109.561518,-7.377432],[109.560865,-7.377295],[109.56054,-7.37733],[109.560297,-7.377112],[109.560421,-7.376624],[109.560686,-7.3761],[109.560567,-7.375304],[109.560299,-7.375095],[109.559643,-7.374632],[109.559516,-7.374098],[109.559679,-7.373303],[109.559905,-7.373014],[109.560323,-7.372826],[109.559877,-7.371712],[109.559526,-7.371005],[109.559382,-7.370688],[109.559816,-7.370545],[109.560202,-7.370275],[109.560476,-7.369923],[109.561056,-7.369536],[109.561731,-7.369177],[109.562021,-7.368997],[109.562359,-7.368663],[109.562649,-7.368411],[109.563083,-7.368132],[109.563421,-7.367961],[109.56453,-7.367468]]]]}},{"id":"166","type":"Feature","properties":{"DESA":"Sawangan"},"geometry":{"type":"MultiPolygon","coordinates":[[[[109.578117,-7.357175],[109.579291,-7.356979],[109.579883,-7.356837],[109.580356,-7.356721],[109.581184,-7.356443],[109.581665,-7.357168],[109.582057,-7.357721],[109.582288,-7.35821],[109.582549,-7.358807],[109.582793,-7.359306],[109.583143,-7.359967],[109.583467,-7.360538],[109.583756,-7.361135],[109.584001,-7.361778],[109.58403,-7.362167],[109.584118,-7.362809],[109.584286,-7.363497],[109.584476,-7.363986],[109.584626,-7.364276],[109.584922,-7.364774],[109.585275,-7.365191],[109.585599,-7.365599],[109.585891,-7.366116],[109.586151,-7.366632],[109.586315,-7.367049],[109.58646,-7.36742],[109.58641,-7.368261],[109.586568,-7.368686],[109.586419,-7.369057],[109.586428,-7.369436],[109.586468,-7.369916],[109.586113,-7.370331],[109.586651,-7.370947],[109.586786,-7.371282],[109.587094,-7.37141],[109.587554,-7.37152],[109.588116,-7.371919],[109.588275,-7.372309],[109.588574,-7.372653],[109.588551,-7.373449],[109.588798,-7.37373],[109.589399,-7.373967],[109.589794,-7.374204],[109.590333,-7.374404],[109.590707,-7.374722],[109.590678,-7.375409],[109.590988,-7.375926],[109.591316,-7.376216],[109.591653,-7.376606],[109.591614,-7.37695],[109.591417,-7.377338],[109.590798,-7.377996],[109.590772,-7.378566],[109.59077,-7.379343],[109.590506,-7.379975],[109.590128,-7.380463],[109.589857,-7.380706],[109.589532,-7.380994],[109.589195,-7.381581],[109.588644,-7.38195],[109.588319,-7.382202],[109.588169,-7.3825],[109.588007,-7.382861],[109.58786,-7.383394],[109.587761,-7.38391],[109.587589,-7.384506],[109.586982,-7.38482],[109.586544,-7.384819],[109.586035,-7.384555],[109.585527,-7.384192],[109.585115,-7.383901],[109.584727,-7.383746],[109.584363,-7.383727],[109.584095,-7.384016],[109.584239,-7.384622],[109.584674,-7.385057],[109.585328,-7.38562],[109.585667,-7.385956],[109.585544,-7.386516],[109.584741,-7.387065],[109.584084,-7.387452],[109.583451,-7.387884],[109.583111,-7.3881],[109.581703,-7.388195],[109.580804,-7.388147],[109.580416,-7.388164],[109.580099,-7.388651],[109.579832,-7.38903],[109.579386,-7.389399],[109.579088,-7.38967],[109.578889,-7.389986],[109.578838,-7.390483],[109.578663,-7.390998],[109.578316,-7.391241],[109.577897,-7.39085],[109.577551,-7.390768],[109.577032,-7.390965],[109.576808,-7.391236],[109.576659,-7.391579],[109.575891,-7.391875],[109.575947,-7.390889],[109.576218,-7.390158],[109.576666,-7.389137],[109.577049,-7.388008],[109.577218,-7.387168],[109.577468,-7.386337],[109.578574,-7.384459],[109.582302,-7.37843],[109.581838,-7.378094],[109.581059,-7.377712],[109.58005,-7.377501],[109.579183,-7.37748],[109.57833,-7.377586],[109.577308,-7.377727],[109.576359,-7.377697],[109.574368,-7.377003],[109.57386,-7.375916],[109.573758,-7.374994],[109.573465,-7.374007],[109.573214,-7.373663],[109.572139,-7.373334],[109.571681,-7.373296],[109.571268,-7.373186],[109.570859,-7.373167],[109.570311,-7.37312],[109.570058,-7.372812],[109.569562,-7.372448],[109.569059,-7.372212],[109.568444,-7.372011],[109.567484,-7.371501],[109.567466,-7.371022],[109.567148,-7.370596],[109.566734,-7.370332],[109.566465,-7.369879],[109.566272,-7.369282],[109.566239,-7.368594],[109.565936,-7.368349],[109.565289,-7.367995],[109.56453,-7.367468],[109.565173,-7.36728],[109.565687,-7.367227],[109.566086,-7.367174],[109.566969,-7.367068],[109.567469,-7.3666],[109.567857,-7.365462],[109.567845,-7.364395],[109.56817,-7.363274],[109.568397,-7.362344],[109.568606,-7.361612],[109.568384,-7.360761],[109.568321,-7.360281],[109.56834,-7.359413],[109.568325,-7.359033],[109.568727,-7.359035],[109.569061,-7.358927],[109.570606,-7.358688],[109.573097,-7.35809],[109.577231,-7.357344],[109.578117,-7.357175]]]]}},{"id":"167","type":"Feature","properties":{"DESA":"Sidarata"},"geometry":{"type":"MultiPolygon","coordinates":[[[[109.581184,-7.356443],[109.581657,-7.356291],[109.582226,-7.356012],[109.58276,-7.355797],[109.583364,-7.355573],[109.584016,-7.355285],[109.584534,-7.355025],[109.584908,-7.354917],[109.58526,-7.354855],[109.585765,-7.354676],[109.586276,-7.354614],[109.588225,-7.354412],[109.58914,-7.354451],[109.589789,-7.354562],[109.590528,-7.3546],[109.591281,-7.354901],[109.593208,-7.354111],[109.59371,-7.353733],[109.594215,-7.353473],[109.594815,-7.353113],[109.595413,-7.352699],[109.59609,-7.35224],[109.596764,-7.3516],[109.597604,-7.350969],[109.598966,-7.350548],[109.599497,-7.350532],[109.600089,-7.350498],[109.600757,-7.350455],[109.602376,-7.350414],[109.602161,-7.352195],[109.602585,-7.353743],[109.60238,-7.354086],[109.601883,-7.354428],[109.60145,-7.35496],[109.601471,-7.355295],[109.601747,-7.355856],[109.602184,-7.356473],[109.602286,-7.357178],[109.602144,-7.357494],[109.600928,-7.358323],[109.600976,-7.358974],[109.601113,-7.359463],[109.601179,-7.360078],[109.601226,-7.360413],[109.601358,-7.360802],[109.601584,-7.361137],[109.601826,-7.361599],[109.601803,-7.362015],[109.601775,-7.362494],[109.602066,-7.362766],[109.602544,-7.363012],[109.602915,-7.363321],[109.603373,-7.363964],[109.603423,-7.364534],[109.603056,-7.364931],[109.602473,-7.365725],[109.601265,-7.36734],[109.601474,-7.36876],[109.60133,-7.369402],[109.60083,-7.370106],[109.600967,-7.371743],[109.600892,-7.372873],[109.60082,-7.37384],[109.600075,-7.374308],[109.598847,-7.375019],[109.597423,-7.375512],[109.596398,-7.375979],[109.595698,-7.376402],[109.595098,-7.37687],[109.594523,-7.377167],[109.593274,-7.377588],[109.592649,-7.377884],[109.592324,-7.378236],[109.591948,-7.378732],[109.591647,-7.379247],[109.591221,-7.379969],[109.590795,-7.380519],[109.590119,-7.381032],[109.589195,-7.381581],[109.589532,-7.380994],[109.589857,-7.380706],[109.590128,-7.380463],[109.590506,-7.379975],[109.59077,-7.379343],[109.590772,-7.378566],[109.590798,-7.377996],[109.591417,-7.377338],[109.591614,-7.37695],[109.591653,-7.376606],[109.591316,-7.376216],[109.590988,-7.375926],[109.590678,-7.375409],[109.590707,-7.374722],[109.590333,-7.374404],[109.589794,-7.374204],[109.589399,-7.373967],[109.588798,-7.37373],[109.588551,-7.373449],[109.588574,-7.372653],[109.588275,-7.372309],[109.588116,-7.371919],[109.587554,-7.37152],[109.587094,-7.37141],[109.586786,-7.371282],[109.586651,-7.370947],[109.586113,-7.370331],[109.586468,-7.369916],[109.586428,-7.369436],[109.586419,-7.369057],[109.586568,-7.368686],[109.58641,-7.368261],[109.58646,-7.36742],[109.586315,-7.367049],[109.586151,-7.366632],[109.585891,-7.366116],[109.585599,-7.365599],[109.585275,-7.365191],[109.584922,-7.364774],[109.584626,-7.364276],[109.584476,-7.363986],[109.584286,-7.363497],[109.584118,-7.362809],[109.58403,-7.362167],[109.584001,-7.361778],[109.583756,-7.361135],[109.583467,-7.360538],[109.583143,-7.359967],[109.582793,-7.359306],[109.582549,-7.358807],[109.582288,-7.35821],[109.582057,-7.357721],[109.581665,-7.357168],[109.581184,-7.356443]]]]}},{"id":"168","type":"Feature","properties":{"DESA":"Badakarya"},"geometry":{"type":"MultiPolygon","coordinates":[[[[109.602376,-7.350414],[109.603163,-7.350335],[109.603995,-7.350275],[109.605025,-7.35026],[109.607091,-7.350284],[109.608813,-7.349828],[109.608702,-7.349159],[109.608842,-7.348382],[109.609046,-7.347659],[109.609242,-7.346855],[109.609381,-7.346331],[109.609536,-7.346042],[109.609899,-7.345998],[109.610359,-7.346098],[109.611021,-7.346137],[109.612041,-7.346221],[109.61313,-7.346505],[109.613724,-7.346751],[109.614058,-7.346851],[109.614436,-7.346925],[109.614807,-7.346926],[109.615137,-7.346927],[109.61556,-7.346928],[109.615648,-7.347498],[109.616065,-7.347409],[109.616418,-7.347437],[109.616675,-7.347728],[109.616837,-7.348081],[109.617007,-7.348452],[109.617324,-7.348715],[109.617994,-7.348618],[109.618431,-7.348881],[109.618289,-7.349867],[109.618307,-7.350265],[109.61885,-7.350284],[109.619169,-7.35024],[109.620536,-7.350805],[109.621032,-7.351114],[109.621209,-7.351395],[109.621386,-7.351757],[109.621469,-7.352309],[109.621111,-7.35295],[109.621109,-7.35333],[109.621343,-7.353602],[109.62168,-7.353793],[109.622038,-7.354029],[109.625001,-7.354337],[109.625446,-7.354365],[109.625977,-7.354403],[109.62701,-7.354569],[109.627619,-7.355005],[109.627752,-7.355376],[109.627895,-7.355973],[109.627939,-7.356869],[109.627624,-7.357899],[109.627283,-7.358621],[109.626483,-7.359632],[109.626202,-7.360083],[109.625857,-7.360507],[109.625582,-7.360723],[109.62505,-7.361065],[109.624611,-7.361217],[109.62384,-7.36126],[109.623201,-7.361114],[109.622623,-7.360985],[109.622409,-7.361283],[109.622397,-7.361807],[109.6224,-7.362766],[109.622402,-7.363164],[109.621299,-7.363396],[109.620843,-7.363051],[109.620493,-7.362878],[109.62012,-7.362913],[109.619697,-7.363011],[109.619245,-7.363263],[109.619032,-7.363515],[109.618809,-7.363777],[109.618354,-7.363848],[109.617269,-7.363944],[109.616599,-7.364602],[109.616227,-7.365116],[109.615906,-7.365504],[109.615589,-7.365928],[109.614689,-7.366676],[109.613886,-7.367126],[109.613182,-7.367169],[109.612558,-7.367375],[109.611949,-7.36769],[109.611259,-7.368411],[109.610874,-7.36888],[109.610024,-7.36942],[109.608984,-7.369688],[109.60836,-7.36974],[109.608056,-7.369893],[109.606967,-7.370423],[109.606214,-7.370692],[109.605478,-7.370988],[109.604693,-7.37142],[109.60354,-7.371968],[109.602824,-7.372418],[109.602224,-7.372931],[109.601625,-7.373309],[109.601274,-7.373561],[109.60082,-7.37384],[109.600892,-7.372873],[109.600967,-7.371743],[109.60083,-7.370106],[109.60133,-7.369402],[109.601474,-7.36876],[109.601265,-7.36734],[109.602473,-7.365725],[109.603056,-7.364931],[109.603423,-7.364534],[109.603373,-7.363964],[109.602915,-7.363321],[109.602544,-7.363012],[109.602066,-7.362766],[109.601775,-7.362494],[109.601803,-7.362015],[109.601826,-7.361599],[109.601584,-7.361137],[109.601358,-7.360802],[109.601226,-7.360413],[109.601179,-7.360078],[109.601113,-7.359463],[109.600976,-7.358974],[109.600928,-7.358323],[109.602144,-7.357494],[109.602286,-7.357178],[109.602184,-7.356473],[109.601747,-7.355856],[109.601471,-7.355295],[109.60145,-7.35496],[109.601883,-7.354428],[109.60238,-7.354086],[109.602585,-7.353743],[109.602161,-7.352195],[109.602376,-7.350414]]]]}},{"id":"169","type":"Feature","properties":{"DESA":"Bandolharjo"},"geometry":{"type":"MultiPolygon","coordinates":[[[[109.624997,-7.336928],[109.625446,-7.337129],[109.625161,-7.337851],[109.625069,-7.33852],[109.625074,-7.33937],[109.62512,-7.340356],[109.625146,-7.341306],[109.625157,-7.342111],[109.625161,-7.342879],[109.62507,-7.343937],[109.624989,-7.344615],[109.625001,-7.345682],[109.625079,-7.346478],[109.625389,-7.346931],[109.625815,-7.347285],[109.626549,-7.34774],[109.627272,-7.347995],[109.628427,-7.348315],[109.62969,-7.348681],[109.63068,-7.348865],[109.631831,-7.349004],[109.633095,-7.349116],[109.634126,-7.349174],[109.635463,-7.349205],[109.636688,-7.349281],[109.6379,-7.349339],[109.638956,-7.349351],[109.639735,-7.349281],[109.640129,-7.349111],[109.640788,-7.348932],[109.641137,-7.348915],[109.641609,-7.34935],[109.641648,-7.349983],[109.64142,-7.350516],[109.641255,-7.350796],[109.640926,-7.350985],[109.64051,-7.351228],[109.640256,-7.351435],[109.640036,-7.351697],[109.639798,-7.35232],[109.639628,-7.352862],[109.639424,-7.35335],[109.639255,-7.35363],[109.638815,-7.354153],[109.638324,-7.354703],[109.637563,-7.355424],[109.636971,-7.35601],[109.636464,-7.356379],[109.636058,-7.356668],[109.635393,-7.356946],[109.634769,-7.357215],[109.634457,-7.357287],[109.634106,-7.357286],[109.63356,-7.357166],[109.633131,-7.357075],[109.632331,-7.357145],[109.631766,-7.357324],[109.631511,-7.357531],[109.631276,-7.357883],[109.631177,-7.358308],[109.631156,-7.359103],[109.631192,-7.359827],[109.631229,-7.360587],[109.631266,-7.361147],[109.631285,-7.361518],[109.631127,-7.362178],[109.630716,-7.362647],[109.630273,-7.363387],[109.629899,-7.363992],[109.629299,-7.364578],[109.628708,-7.364883],[109.628196,-7.365081],[109.627566,-7.36535],[109.627211,-7.365467],[109.62666,-7.365565],[109.625814,-7.365661],[109.625164,-7.365759],[109.62454,-7.365947],[109.623446,-7.366296],[109.622684,-7.366637],[109.622019,-7.366997],[109.620827,-7.367491],[109.61976,-7.368148],[109.619025,-7.368634],[109.618471,-7.368876],[109.61789,-7.368893],[109.617255,-7.36842],[109.616442,-7.36726],[109.615766,-7.366761],[109.615364,-7.366669],[109.614689,-7.366676],[109.615589,-7.365928],[109.615906,-7.365504],[109.616227,-7.365116],[109.616599,-7.364602],[109.617269,-7.363944],[109.618354,-7.363848],[109.618809,-7.363777],[109.619032,-7.363515],[109.619245,-7.363263],[109.619697,-7.363011],[109.62012,-7.362913],[109.620493,-7.362878],[109.620843,-7.363051],[109.621299,-7.363396],[109.622402,-7.363164],[109.6224,-7.362766],[109.622397,-7.361807],[109.622409,-7.361283],[109.622623,-7.360985],[109.623201,-7.361114],[109.62384,-7.36126],[109.624611,-7.361217],[109.62505,-7.361065],[109.625582,-7.360723],[109.625857,-7.360507],[109.626202,-7.360083],[109.626483,-7.359632],[109.627283,-7.358621],[109.627624,-7.357899],[109.627939,-7.356869],[109.627895,-7.355973],[109.627752,-7.355376],[109.627619,-7.355005],[109.62701,-7.354569],[109.625977,-7.354403],[109.625446,-7.354365],[109.625001,-7.354337],[109.622038,-7.354029],[109.62168,-7.353793],[109.621343,-7.353602],[109.621109,-7.35333],[109.621111,-7.35295],[109.621469,-7.352309],[109.621386,-7.351757],[109.621209,-7.351395],[109.621032,-7.351114],[109.620536,-7.350805],[109.619169,-7.35024],[109.61885,-7.350284],[109.618307,-7.350265],[109.618289,-7.349867],[109.618431,-7.348881],[109.617994,-7.348618],[109.617324,-7.348715],[109.617007,-7.348452],[109.616837,-7.348081],[109.616675,-7.347728],[109.616418,-7.347437],[109.616065,-7.347409],[109.615648,-7.347498],[109.61556,-7.346928],[109.615137,-7.346927],[109.614807,-7.346926],[109.614436,-7.346925],[109.614058,-7.346851],[109.613724,-7.346751],[109.61313,-7.346505],[109.612041,-7.346221],[109.611021,-7.346137],[109.610359,-7.346098],[109.609899,-7.345998],[109.609536,-7.346042],[109.609381,-7.346331],[109.609242,-7.346855],[109.609046,-7.347659],[109.608842,-7.348382],[109.608497,-7.34782],[109.608323,-7.347232],[109.608075,-7.346444],[109.608031,-7.345151],[109.607931,-7.344734],[109.607706,-7.344245],[109.607544,-7.343548],[109.60737,-7.342996],[109.607174,-7.342471],[109.606872,-7.341756],[109.606538,-7.341086],[109.606344,-7.340434],[109.606741,-7.340182],[109.607213,-7.339948],[109.607667,-7.33976],[109.608204,-7.33949],[109.608997,-7.33923],[109.610449,-7.338828],[109.613423,-7.338539],[109.613839,-7.33844],[109.614258,-7.33836],[109.61476,-7.338235],[109.615351,-7.338111],[109.616049,-7.338022],[109.61658,-7.338051],[109.617072,-7.338034],[109.617562,-7.338027],[109.618582,-7.337913],[109.619228,-7.337824],[109.61966,-7.33778],[109.620287,-7.337719],[109.620891,-7.337666],[109.621361,-7.33736],[109.621636,-7.337189],[109.622077,-7.336928],[109.622567,-7.336785],[109.623008,-7.336696],[109.623693,-7.336671],[109.624078,-7.336699],[109.624508,-7.336791],[109.624997,-7.336928]]]]}},{"id":"170","type":"Feature","properties":{"DESA":"Punggelan"},"geometry":{"type":"MultiPolygon","coordinates":[[[[109.568893,-7.312843],[109.56934,-7.312944],[109.569644,-7.313225],[109.570093,-7.313363],[109.570547,-7.313246],[109.570912,-7.313112],[109.571295,-7.312941],[109.571688,-7.313169],[109.572429,-7.313497],[109.573182,-7.313535],[109.573629,-7.313591],[109.574251,-7.313746],[109.57468,-7.313856],[109.575482,-7.313868],[109.575759,-7.314077],[109.576113,-7.314503],[109.576542,-7.314911],[109.576896,-7.315346],[109.57712,-7.315781],[109.577722,-7.315892],[109.579461,-7.315698],[109.580566,-7.315494],[109.580976,-7.315622],[109.581348,-7.315831],[109.58213,-7.316059],[109.582582,-7.316223],[109.584482,-7.316356],[109.585316,-7.316223],[109.586739,-7.315947],[109.587953,-7.315734],[109.588386,-7.316459],[109.589613,-7.318696],[109.590027,-7.319403],[109.590284,-7.320019],[109.590699,-7.321024],[109.590892,-7.321748],[109.590864,-7.322254],[109.590715,-7.322778],[109.590409,-7.323383],[109.590135,-7.323816],[109.589921,-7.324096],[109.589554,-7.324511],[109.589181,-7.325106],[109.588872,-7.325467],[109.588643,-7.326081],[109.588455,-7.32647],[109.588264,-7.326867],[109.587983,-7.327282],[109.587805,-7.32767],[109.587598,-7.32814],[109.587288,-7.328573],[109.586985,-7.329033],[109.586772,-7.329431],[109.586463,-7.32999],[109.586233,-7.330324],[109.585889,-7.330766],[109.585394,-7.331579],[109.585569,-7.332031],[109.585674,-7.332357],[109.585813,-7.332746],[109.585942,-7.333045],[109.586283,-7.333272],[109.586614,-7.3334],[109.587167,-7.333546],[109.587768,-7.333494],[109.588142,-7.333459],[109.588505,-7.333487],[109.588607,-7.333994],[109.588973,-7.334366],[109.58951,-7.334666],[109.589989,-7.334722],[109.590354,-7.334669],[109.590834,-7.334589],[109.591278,-7.334572],[109.591694,-7.334791],[109.591735,-7.335161],[109.591832,-7.335596],[109.592349,-7.335606],[109.592876,-7.335328],[109.593263,-7.335193],[109.593589,-7.335592],[109.593963,-7.335964],[109.594352,-7.336137],[109.59513,-7.336655],[109.595492,-7.336855],[109.595847,-7.336883],[109.596269,-7.336713],[109.596549,-7.336334],[109.59679,-7.336118],[109.597308,-7.335938],[109.597702,-7.336121],[109.597855,-7.336456],[109.598502,-7.336657],[109.599184,-7.336975],[109.599688,-7.337058],[109.600482,-7.337685],[109.600879,-7.33736],[109.601327,-7.33757],[109.601799,-7.338204],[109.602142,-7.338477],[109.602518,-7.33883],[109.602812,-7.340052],[109.602917,-7.340496],[109.603412,-7.340787],[109.603834,-7.340951],[109.604371,-7.340808],[109.604693,-7.340727],[109.605385,-7.34035],[109.606344,-7.340434],[109.606538,-7.341086],[109.606872,-7.341756],[109.607174,-7.342471],[109.60737,-7.342996],[109.607544,-7.343548],[109.607706,-7.344245],[109.607931,-7.344734],[109.608031,-7.345151],[109.608075,-7.346444],[109.608323,-7.347232],[109.608497,-7.34782],[109.608842,-7.348382],[109.608702,-7.349159],[109.608813,-7.349828],[109.607091,-7.350284],[109.605025,-7.35026],[109.603995,-7.350275],[109.603163,-7.350335],[109.602376,-7.350414],[109.600757,-7.350455],[109.600089,-7.350498],[109.599497,-7.350532],[109.598966,-7.350548],[109.597604,-7.350969],[109.596764,-7.3516],[109.59609,-7.35224],[109.595413,-7.352699],[109.594815,-7.353113],[109.594215,-7.353473],[109.59371,-7.353733],[109.593208,-7.354111],[109.591281,-7.354901],[109.590528,-7.3546],[109.589789,-7.354562],[109.58914,-7.354451],[109.588225,-7.354412],[109.586276,-7.354614],[109.585765,-7.354676],[109.58526,-7.354855],[109.584908,-7.354917],[109.584534,-7.355025],[109.584016,-7.355285],[109.583364,-7.355573],[109.58276,-7.355797],[109.582226,-7.356012],[109.581657,-7.356291],[109.581184,-7.356443],[109.580356,-7.356721],[109.579883,-7.356837],[109.579291,-7.356979],[109.578117,-7.357175],[109.578068,-7.35656],[109.578044,-7.355691],[109.578063,-7.355312],[109.578257,-7.354779],[109.578387,-7.354381],[109.578622,-7.353803],[109.578893,-7.353017],[109.579074,-7.352331],[109.579338,-7.351671],[109.579293,-7.351346],[109.578918,-7.351145],[109.578645,-7.350548],[109.578262,-7.349715],[109.577956,-7.348628],[109.578115,-7.348041],[109.578156,-7.347689],[109.578084,-7.347173],[109.578061,-7.346612],[109.578037,-7.345862],[109.577983,-7.344595],[109.577934,-7.343926],[109.577868,-7.343003],[109.577814,-7.341999],[109.577717,-7.341068],[109.577628,-7.340055],[109.577419,-7.339267],[109.577033,-7.33856],[109.576735,-7.338315],[109.5763,-7.337916],[109.57599,-7.337526],[109.575802,-7.3372],[109.575454,-7.336955],[109.57509,-7.336655],[109.574919,-7.336365],[109.574785,-7.335877],[109.574749,-7.335533],[109.574335,-7.335134],[109.573835,-7.334734],[109.573662,-7.334381],[109.573862,-7.334119],[109.574152,-7.333813],[109.573946,-7.33317],[109.573822,-7.332708],[109.573379,-7.332734],[109.573018,-7.332579],[109.572588,-7.332216],[109.572274,-7.331971],[109.571921,-7.331852],[109.571512,-7.331652],[109.571397,-7.331353],[109.57122,-7.331073],[109.570873,-7.331035],[109.570375,-7.331006],[109.570439,-7.330627],[109.570396,-7.330274],[109.570303,-7.32984],[109.570203,-7.329414],[109.570056,-7.329106],[109.569839,-7.328771],[109.569683,-7.328418],[109.569475,-7.328119],[109.569049,-7.3279],[109.568645,-7.327872],[109.568045,-7.327707],[109.567411,-7.327805],[109.566134,-7.328398],[109.5656,-7.328378],[109.565287,-7.328024],[109.565575,-7.326886],[109.565719,-7.326181],[109.565936,-7.325187],[109.565938,-7.324689],[109.565796,-7.3244],[109.565655,-7.323974],[109.565372,-7.32362],[109.564494,-7.322677],[109.564604,-7.322081],[109.564756,-7.32152],[109.564996,-7.320762],[109.565626,-7.319651],[109.565606,-7.319154],[109.565586,-7.31872],[109.565652,-7.318186],[109.565437,-7.31786],[109.564833,-7.317768],[109.564508,-7.318119],[109.564377,-7.318698],[109.564354,-7.319105],[109.563964,-7.31951],[109.563468,-7.3194],[109.563124,-7.319209],[109.562414,-7.318366],[109.562437,-7.317914],[109.562848,-7.317572],[109.563626,-7.317104],[109.564578,-7.316591],[109.564924,-7.31652],[109.566823,-7.3164],[109.567083,-7.316211],[109.567149,-7.315822],[109.567323,-7.315343],[109.567605,-7.314973],[109.568033,-7.314613],[109.568319,-7.314334],[109.568676,-7.31391],[109.568891,-7.313485],[109.568893,-7.312843]]]]}},{"id":"171","type":"Feature","properties":{"DESA":"Karangsari"},"geometry":{"type":"MultiPolygon","coordinates":[[[[109.550188,-7.331059],[109.550763,-7.331206],[109.551604,-7.331335],[109.552813,-7.331411],[109.554165,-7.331416],[109.554521,-7.331272],[109.55502,-7.330921],[109.55559,-7.330778],[109.556088,-7.330708],[109.556657,-7.330854],[109.557864,-7.331563],[109.55829,-7.331782],[109.55886,-7.331784],[109.559642,-7.331931],[109.560424,-7.332006],[109.560852,-7.33179],[109.561136,-7.332008],[109.561776,-7.332073],[109.562558,-7.332293],[109.562986,-7.331869],[109.563272,-7.331373],[109.563487,-7.330948],[109.56356,-7.330234],[109.563138,-7.329247],[109.56304,-7.328912],[109.562957,-7.328586],[109.563156,-7.328108],[109.563589,-7.328019],[109.564068,-7.327984],[109.564606,-7.328112],[109.565046,-7.328304],[109.565287,-7.328024],[109.5656,-7.328378],[109.566134,-7.328398],[109.567411,-7.327805],[109.568045,-7.327707],[109.568645,-7.327872],[109.569049,-7.3279],[109.569475,-7.328119],[109.569683,-7.328418],[109.569839,-7.328771],[109.570056,-7.329106],[109.570203,-7.329414],[109.570303,-7.32984],[109.570396,-7.330274],[109.570439,-7.330627],[109.570375,-7.331006],[109.570873,-7.331035],[109.57122,-7.331073],[109.571397,-7.331353],[109.571512,-7.331652],[109.571921,-7.331852],[109.572274,-7.331971],[109.572588,-7.332216],[109.573018,-7.332579],[109.573379,-7.332734],[109.573822,-7.332708],[109.573946,-7.33317],[109.574152,-7.333813],[109.573862,-7.334119],[109.573662,-7.334381],[109.573835,-7.334734],[109.574335,-7.335134],[109.574749,-7.335533],[109.574785,-7.335877],[109.574919,-7.336365],[109.57509,-7.336655],[109.575454,-7.336955],[109.575802,-7.3372],[109.57599,-7.337526],[109.5763,-7.337916],[109.576735,-7.338315],[109.577033,-7.33856],[109.577419,-7.339267],[109.577628,-7.340055],[109.577717,-7.341068],[109.577814,-7.341999],[109.577868,-7.343003],[109.577934,-7.343926],[109.577983,-7.344595],[109.578037,-7.345862],[109.578061,-7.346612],[109.578084,-7.347173],[109.578156,-7.347689],[109.578115,-7.348041],[109.577956,-7.348628],[109.578262,-7.349715],[109.578645,-7.350548],[109.578918,-7.351145],[109.579293,-7.351346],[109.579338,-7.351671],[109.579074,-7.352331],[109.578893,-7.353017],[109.578622,-7.353803],[109.578387,-7.354381],[109.578257,-7.354779],[109.578063,-7.355312],[109.578044,-7.355691],[109.578068,-7.35656],[109.578117,-7.357175],[109.577231,-7.357344],[109.573097,-7.35809],[109.570606,-7.358688],[109.569061,-7.358927],[109.568727,-7.359035],[109.568325,-7.359033],[109.568057,-7.357712],[109.568186,-7.357414],[109.568556,-7.357072],[109.569038,-7.356269],[109.569153,-7.355546],[109.569304,-7.353593],[109.569402,-7.353114],[109.569565,-7.35221],[109.569711,-7.351668],[109.56987,-7.350909],[109.569809,-7.350538],[109.569621,-7.349144],[109.569527,-7.348385],[109.569449,-7.347444],[109.569114,-7.346909],[109.568603,-7.346175],[109.568331,-7.345867],[109.567773,-7.345485],[109.567197,-7.345122],[109.566697,-7.34484],[109.56612,-7.344503],[109.565698,-7.344285],[109.564951,-7.343749],[109.564407,-7.34344],[109.563843,-7.343167],[109.563334,-7.342839],[109.562879,-7.34254],[109.5617,-7.342183],[109.561394,-7.342092],[109.560947,-7.342018],[109.560561,-7.341999],[109.560108,-7.341997],[109.559487,-7.341995],[109.558887,-7.341849],[109.558626,-7.341558],[109.558396,-7.341332],[109.557809,-7.340778],[109.557605,-7.340515],[109.557189,-7.339971],[109.556878,-7.339563],[109.556503,-7.339218],[109.555947,-7.339072],[109.555619,-7.339125],[109.555213,-7.339079],[109.554861,-7.338933],[109.554209,-7.338524],[109.553984,-7.338125],[109.554031,-7.337646],[109.554156,-7.336941],[109.554267,-7.336299],[109.554381,-7.335739],[109.554488,-7.335242],[109.554396,-7.33488],[109.554189,-7.334518],[109.553845,-7.334345],[109.553231,-7.334071],[109.552862,-7.33379],[109.552552,-7.333617],[109.552172,-7.333462],[109.55126,-7.333233],[109.550853,-7.333096],[109.550232,-7.332877],[109.55016,-7.332154],[109.550249,-7.331819],[109.550435,-7.331494],[109.550188,-7.331059]]]]}},{"id":"172","type":"Feature","properties":{"DESA":"Kacepit"},"geometry":{"type":"MultiPolygon","coordinates":[[[[109.550232,-7.332877],[109.550853,-7.333096],[109.55126,-7.333233],[109.552172,-7.333462],[109.552552,-7.333617],[109.552862,-7.33379],[109.553231,-7.334071],[109.553845,-7.334345],[109.554189,-7.334518],[109.554396,-7.33488],[109.554488,-7.335242],[109.554381,-7.335739],[109.554267,-7.336299],[109.554156,-7.336941],[109.554031,-7.337646],[109.553984,-7.338125],[109.554209,-7.338524],[109.554861,-7.338933],[109.555213,-7.339079],[109.555619,-7.339125],[109.555947,-7.339072],[109.556503,-7.339218],[109.556878,-7.339563],[109.557189,-7.339971],[109.557605,-7.340515],[109.557809,-7.340778],[109.558396,-7.341332],[109.558626,-7.341558],[109.558887,-7.341849],[109.559487,-7.341995],[109.560108,-7.341997],[109.560561,-7.341999],[109.560947,-7.342018],[109.561394,-7.342092],[109.5617,-7.342183],[109.562879,-7.34254],[109.563334,-7.342839],[109.563843,-7.343167],[109.564407,-7.34344],[109.564951,-7.343749],[109.565698,-7.344285],[109.56612,-7.344503],[109.566697,-7.34484],[109.567197,-7.345122],[109.567773,-7.345485],[109.568331,-7.345867],[109.568603,-7.346175],[109.569114,-7.346909],[109.569449,-7.347444],[109.569527,-7.348385],[109.569621,-7.349144],[109.569809,-7.350538],[109.56987,-7.350909],[109.569711,-7.351668],[109.569565,-7.35221],[109.569402,-7.353114],[109.569304,-7.353593],[109.569153,-7.355546],[109.569038,-7.356269],[109.568556,-7.357072],[109.568186,-7.357414],[109.568057,-7.357712],[109.568325,-7.359033],[109.56834,-7.359413],[109.568321,-7.360281],[109.568384,-7.360761],[109.568606,-7.361612],[109.568397,-7.362344],[109.56817,-7.363274],[109.567845,-7.364395],[109.567857,-7.365462],[109.567469,-7.3666],[109.566969,-7.367068],[109.566086,-7.367174],[109.565687,-7.367227],[109.565173,-7.36728],[109.56453,-7.367468],[109.563421,-7.367961],[109.563083,-7.368132],[109.562649,-7.368411],[109.562359,-7.368663],[109.562021,-7.368997],[109.561731,-7.369177],[109.561056,-7.369536],[109.560476,-7.369923],[109.560202,-7.370275],[109.559816,-7.370545],[109.559382,-7.370688],[109.558901,-7.370705],[109.558258,-7.370685],[109.557472,-7.370728],[109.555963,-7.370714],[109.555529,-7.370712],[109.55508,-7.37072],[109.55439,-7.370808],[109.553939,-7.370825],[109.553485,-7.370733],[109.552749,-7.370658],[109.552058,-7.370565],[109.551626,-7.370591],[109.550778,-7.370634],[109.55025,-7.37065],[109.549812,-7.370594],[109.549114,-7.370492],[109.548359,-7.370508],[109.547905,-7.37047],[109.547127,-7.370197],[109.547109,-7.369347],[109.547078,-7.368216],[109.547115,-7.367212],[109.547203,-7.365051],[109.547425,-7.364184],[109.547315,-7.363343],[109.547358,-7.362601],[109.547548,-7.361707],[109.547413,-7.360938],[109.547574,-7.360224],[109.547496,-7.359618],[109.547622,-7.35865],[109.54772,-7.357746],[109.547647,-7.356471],[109.547731,-7.355495],[109.547774,-7.354491],[109.547658,-7.354039],[109.547462,-7.353441],[109.54725,-7.352952],[109.546861,-7.352182],[109.546738,-7.35144],[109.546759,-7.350816],[109.547088,-7.350148],[109.547231,-7.349751],[109.547339,-7.349308],[109.547539,-7.348956],[109.547769,-7.348333],[109.54801,-7.347972],[109.547566,-7.347075],[109.546942,-7.346268],[109.546317,-7.345733],[109.546051,-7.344927],[109.546143,-7.344213],[109.546502,-7.343852],[109.547492,-7.342165],[109.548302,-7.340919],[109.549653,-7.338238],[109.550198,-7.335834],[109.550295,-7.333601],[109.550232,-7.332877]]]]}},{"id":"173","type":"Feature","properties":{"DESA":"Danakerta"},"geometry":{"type":"MultiPolygon","coordinates":[[[[109.518291,-7.343019],[109.522717,-7.34476],[109.524984,-7.344216],[109.525482,-7.34401],[109.525966,-7.343478],[109.5264,-7.343145],[109.527075,-7.343048],[109.529065,-7.343108],[109.530348,-7.343474],[109.532606,-7.344422],[109.533488,-7.344841],[109.534554,-7.345523],[109.535287,-7.34595],[109.535931,-7.346269],[109.536485,-7.346623],[109.537046,-7.347014],[109.538071,-7.347704],[109.538833,-7.348069],[109.539643,-7.348496],[109.540476,-7.348924],[109.541126,-7.349243],[109.541725,-7.34957],[109.542381,-7.349997],[109.542919,-7.350415],[109.543951,-7.350961],[109.54452,-7.351126],[109.545087,-7.351127],[109.545463,-7.351138],[109.546759,-7.350816],[109.546738,-7.35144],[109.546861,-7.352182],[109.54725,-7.352952],[109.547462,-7.353441],[109.547658,-7.354039],[109.547774,-7.354491],[109.547731,-7.355495],[109.547647,-7.356471],[109.54772,-7.357746],[109.547622,-7.35865],[109.547496,-7.359618],[109.547574,-7.360224],[109.547413,-7.360938],[109.547548,-7.361707],[109.547358,-7.362601],[109.547315,-7.363343],[109.547425,-7.364184],[109.547203,-7.365051],[109.547115,-7.367212],[109.547078,-7.368216],[109.547109,-7.369347],[109.547127,-7.370197],[109.546986,-7.370549],[109.54607,-7.370772],[109.544978,-7.370895],[109.544672,-7.371021],[109.544351,-7.371264],[109.544124,-7.371806],[109.543914,-7.372357],[109.543864,-7.372836],[109.543509,-7.373477],[109.543298,-7.374045],[109.542743,-7.375002],[109.542347,-7.375752],[109.541849,-7.376256],[109.541503,-7.376526],[109.541215,-7.376788],[109.540218,-7.377309],[109.538949,-7.378092],[109.538134,-7.378577],[109.537522,-7.378828],[109.536664,-7.37916],[109.536032,-7.378046],[109.536099,-7.377675],[109.535746,-7.376906],[109.535649,-7.376209],[109.535543,-7.375621],[109.535297,-7.374987],[109.535202,-7.374516],[109.535187,-7.374182],[109.535092,-7.373666],[109.534853,-7.373394],[109.534677,-7.373059],[109.53455,-7.372724],[109.534551,-7.372263],[109.534585,-7.371856],[109.534538,-7.371521],[109.534507,-7.371024],[109.534461,-7.370607],[109.534398,-7.370128],[109.534383,-7.369631],[109.534276,-7.369097],[109.534253,-7.368599],[109.534137,-7.368002],[109.534178,-7.367649],[109.534048,-7.36698],[109.534012,-7.366365],[109.534046,-7.365831],[109.53409,-7.365398],[109.534057,-7.364864],[109.534072,-7.364421],[109.534107,-7.363969],[109.534083,-7.363471],[109.534226,-7.362911],[109.534161,-7.362504],[109.534051,-7.361925],[109.534067,-7.361581],[109.534146,-7.361184],[109.534059,-7.360677],[109.53408,-7.360116],[109.534143,-7.359628],[109.534069,-7.359221],[109.534154,-7.358787],[109.534182,-7.358263],[109.534146,-7.357856],[109.534116,-7.357467],[109.533699,-7.356561],[109.533481,-7.356253],[109.533093,-7.355754],[109.532833,-7.355528],[109.532516,-7.355291],[109.531946,-7.354864],[109.531584,-7.354682],[109.531254,-7.354437],[109.53077,-7.354119],[109.530469,-7.353901],[109.530107,-7.35371],[109.529299,-7.353029],[109.528614,-7.35262],[109.528191,-7.352239],[109.527865,-7.351976],[109.527374,-7.351648],[109.526733,-7.350977],[109.526265,-7.350632],[109.525689,-7.350133],[109.524772,-7.349469],[109.524572,-7.349161],[109.523446,-7.349031],[109.522947,-7.348577],[109.522722,-7.348088],[109.522341,-7.347526],[109.521935,-7.347154],[109.521453,-7.346691],[109.520949,-7.346337],[109.520063,-7.346009],[109.519467,-7.34588],[109.519104,-7.345526],[109.519023,-7.345146],[109.518929,-7.344648],[109.518753,-7.34434],[109.518669,-7.343852],[109.518291,-7.343019]]]]}},{"id":"174","type":"Feature","properties":{"DESA":"Klapa"},"geometry":{"type":"MultiPolygon","coordinates":[[[[109.544559,-7.326936],[109.545722,-7.32712],[109.546192,-7.327239],[109.546505,-7.327421],[109.546713,-7.327766],[109.546903,-7.328236],[109.547232,-7.328898],[109.547562,-7.329351],[109.548258,-7.329579],[109.548833,-7.329617],[109.549339,-7.329691],[109.549721,-7.330036],[109.550188,-7.331059],[109.550435,-7.331494],[109.550249,-7.331819],[109.55016,-7.332154],[109.550232,-7.332877],[109.550295,-7.333601],[109.550198,-7.335834],[109.549653,-7.338238],[109.548302,-7.340919],[109.547492,-7.342165],[109.546502,-7.343852],[109.546143,-7.344213],[109.546051,-7.344927],[109.546317,-7.345733],[109.546942,-7.346268],[109.547566,-7.347075],[109.54801,-7.347972],[109.547769,-7.348333],[109.547539,-7.348956],[109.547339,-7.349308],[109.547231,-7.349751],[109.547088,-7.350148],[109.546759,-7.350816],[109.545463,-7.351138],[109.545087,-7.351127],[109.54452,-7.351126],[109.543951,-7.350961],[109.542919,-7.350415],[109.542381,-7.349997],[109.541725,-7.34957],[109.541126,-7.349243],[109.540476,-7.348924],[109.539643,-7.348496],[109.538833,-7.348069],[109.538071,-7.347704],[109.537046,-7.347014],[109.536485,-7.346623],[109.535931,-7.346269],[109.535287,-7.34595],[109.534554,-7.345523],[109.533488,-7.344841],[109.532606,-7.344422],[109.530348,-7.343474],[109.529065,-7.343108],[109.527075,-7.343048],[109.5264,-7.343145],[109.525966,-7.343478],[109.525482,-7.34401],[109.524984,-7.344216],[109.522717,-7.34476],[109.518291,-7.343019],[109.518576,-7.342649],[109.518827,-7.341971],[109.519012,-7.341556],[109.519222,-7.341114],[109.519473,-7.340527],[109.519693,-7.34003],[109.520432,-7.338215],[109.520706,-7.337673],[109.520798,-7.337294],[109.520948,-7.336914],[109.521161,-7.336336],[109.521336,-7.335912],[109.521476,-7.335551],[109.521773,-7.334837],[109.521909,-7.334494],[109.522145,-7.33407],[109.52234,-7.333718],[109.522502,-7.333366],[109.522626,-7.332995],[109.522795,-7.332589],[109.523047,-7.332047],[109.523263,-7.331614],[109.523477,-7.331189],[109.523655,-7.330801],[109.523808,-7.33035],[109.523957,-7.329871],[109.524209,-7.32913],[109.524451,-7.328498],[109.524594,-7.327992],[109.524695,-7.327649],[109.524829,-7.327197],[109.525058,-7.326592],[109.525316,-7.326095],[109.526028,-7.32447],[109.52669,-7.323948],[109.527176,-7.323569],[109.527661,-7.323463],[109.528256,-7.3236],[109.528673,-7.323909],[109.52931,-7.324463],[109.529683,-7.324943],[109.530079,-7.325234],[109.53098,-7.325806],[109.532387,-7.326598],[109.532717,-7.326843],[109.533309,-7.327794],[109.533968,-7.32843],[109.534629,-7.328341],[109.535334,-7.328127],[109.536195,-7.327804],[109.536817,-7.327453],[109.53753,-7.326813],[109.538386,-7.326183],[109.538885,-7.325832],[109.54015,-7.32552],[109.540586,-7.325431],[109.541231,-7.325433],[109.541665,-7.325678],[109.542832,-7.326171],[109.544032,-7.326798],[109.544559,-7.326936]]]]}},{"id":"175","type":"Feature","properties":{"DESA":"Jembangan"},"geometry":{"type":"MultiPolygon","coordinates":[[[[109.584517,-7.293197],[109.585259,-7.293127],[109.586192,-7.292867],[109.586673,-7.292878],[109.587854,-7.293044],[109.591995,-7.292497],[109.592491,-7.293086],[109.592924,-7.293431],[109.593829,-7.293506],[109.594713,-7.293961],[109.595063,-7.294541],[109.595337,-7.295129],[109.594753,-7.29558],[109.594834,-7.29634],[109.594759,-7.296828],[109.594693,-7.297343],[109.594559,-7.297749],[109.594423,-7.298364],[109.594402,-7.29897],[109.594339,-7.299404],[109.594254,-7.300371],[109.594102,-7.30094],[109.593997,-7.301419],[109.593855,-7.30188],[109.593632,-7.302621],[109.593358,-7.303334],[109.593014,-7.303804],[109.592778,-7.30421],[109.592847,-7.304943],[109.592781,-7.305485],[109.592666,-7.305819],[109.592424,-7.306325],[109.59223,-7.306686],[109.591799,-7.307227],[109.591381,-7.307859],[109.590743,-7.308463],[109.590609,-7.308896],[109.590451,-7.309448],[109.590292,-7.310008],[109.59013,-7.310514],[109.590022,-7.310893],[109.589872,-7.311336],[109.589723,-7.311661],[109.589558,-7.312167],[109.589184,-7.312681],[109.588862,-7.312951],[109.588575,-7.313249],[109.588112,-7.31379],[109.588022,-7.315029],[109.587953,-7.315734],[109.586739,-7.315947],[109.585316,-7.316223],[109.584482,-7.316356],[109.582582,-7.316223],[109.58213,-7.316059],[109.581348,-7.315831],[109.580976,-7.315622],[109.580566,-7.315494],[109.579461,-7.315698],[109.577722,-7.315892],[109.57712,-7.315781],[109.576896,-7.315346],[109.576542,-7.314911],[109.576113,-7.314503],[109.575759,-7.314077],[109.575482,-7.313868],[109.57468,-7.313856],[109.574251,-7.313746],[109.573629,-7.313591],[109.573182,-7.313535],[109.572429,-7.313497],[109.571688,-7.313169],[109.571295,-7.312941],[109.570912,-7.313112],[109.570547,-7.313246],[109.570093,-7.313363],[109.569644,-7.313225],[109.56934,-7.312944],[109.568893,-7.312843],[109.568399,-7.311422],[109.5684,-7.310997],[109.568188,-7.310571],[109.568048,-7.309856],[109.567766,-7.309222],[109.567484,-7.308299],[109.567202,-7.307656],[109.56706,-7.307303],[109.567133,-7.306951],[109.567277,-7.306454],[109.567278,-7.305956],[109.566782,-7.305313],[109.56657,-7.304742],[109.566644,-7.30411],[109.566718,-7.303043],[109.567,-7.302004],[109.567181,-7.301362],[109.567344,-7.300702],[109.567846,-7.300279],[109.568221,-7.300244],[109.56856,-7.300553],[109.569041,-7.300889],[109.56947,-7.300836],[109.569668,-7.300538],[109.569687,-7.300059],[109.569743,-7.299553],[109.570029,-7.299345],[109.570923,-7.299421],[109.571942,-7.29937],[109.57239,-7.299172],[109.572783,-7.299101],[109.573229,-7.299301],[109.573584,-7.300189],[109.574049,-7.300263],[109.574532,-7.300119],[109.574997,-7.299895],[109.575374,-7.299435],[109.575429,-7.299091],[109.575305,-7.298738],[109.574832,-7.298113],[109.574612,-7.297669],[109.574671,-7.297226],[109.574953,-7.296829],[109.575199,-7.296622],[109.575655,-7.296307],[109.576743,-7.295749],[109.57776,-7.295355],[109.57838,-7.294986],[109.578871,-7.29478],[109.579421,-7.294664],[109.580296,-7.294892],[109.581437,-7.29543],[109.582071,-7.295124],[109.582539,-7.294511],[109.582941,-7.294114],[109.583299,-7.293771],[109.584055,-7.293322],[109.584517,-7.293197]]]]}},{"id":"176","type":"Feature","properties":{"DESA":"Purwasana"},"geometry":{"type":"MultiPolygon","coordinates":[[[[109.595337,-7.295129],[109.595487,-7.295419],[109.596151,-7.296082],[109.597192,-7.296772],[109.597811,-7.29709],[109.598122,-7.297345],[109.598459,-7.297834],[109.598694,-7.298196],[109.599393,-7.298877],[109.60004,-7.299295],[109.600589,-7.299432],[109.601408,-7.299607],[109.601822,-7.299897],[109.602086,-7.300857],[109.601766,-7.302104],[109.601026,-7.303196],[109.600152,-7.304387],[109.599297,-7.305758],[109.59893,-7.306255],[109.598848,-7.30696],[109.599167,-7.307748],[109.599547,-7.30868],[109.599716,-7.309874],[109.601051,-7.310729],[109.60227,-7.311311],[109.603344,-7.31173],[109.603953,-7.312094],[109.604208,-7.312484],[109.604448,-7.313045],[109.604815,-7.313752],[109.604894,-7.314168],[109.604892,-7.314665],[109.60518,-7.31491],[109.606125,-7.315519],[109.606898,-7.316182],[109.607504,-7.316934],[109.607815,-7.317044],[109.608492,-7.317426],[109.608719,-7.317987],[109.608563,-7.318421],[109.607939,-7.319052],[109.607525,-7.319692],[109.607349,-7.320216],[109.607317,-7.320605],[109.607357,-7.321057],[109.607349,-7.321491],[109.607422,-7.321853],[109.607575,-7.32217],[109.607758,-7.32256],[109.60763,-7.323319],[109.6077,-7.323817],[109.607949,-7.324252],[109.608021,-7.324568],[109.608401,-7.325501],[109.608405,-7.326785],[109.608392,-7.327111],[109.607967,-7.32767],[109.607446,-7.328265],[109.607173,-7.328698],[109.606952,-7.329213],[109.606498,-7.329583],[109.605756,-7.330204],[109.605316,-7.330546],[109.604901,-7.331052],[109.604376,-7.331846],[109.604129,-7.332288],[109.60355,-7.333335],[109.6032,-7.333642],[109.602785,-7.334273],[109.602329,-7.334968],[109.602102,-7.335646],[109.601946,-7.335998],[109.601638,-7.336712],[109.600879,-7.33736],[109.600482,-7.337685],[109.599688,-7.337058],[109.599184,-7.336975],[109.598502,-7.336657],[109.597855,-7.336456],[109.597702,-7.336121],[109.597308,-7.335938],[109.59679,-7.336118],[109.596549,-7.336334],[109.596269,-7.336713],[109.595847,-7.336883],[109.595492,-7.336855],[109.59513,-7.336655],[109.594352,-7.336137],[109.593963,-7.335964],[109.593589,-7.335592],[109.593263,-7.335193],[109.592876,-7.335328],[109.592349,-7.335606],[109.591832,-7.335596],[109.591735,-7.335161],[109.591694,-7.334791],[109.591278,-7.334572],[109.590834,-7.334589],[109.590354,-7.334669],[109.589989,-7.334722],[109.58951,-7.334666],[109.588973,-7.334366],[109.588607,-7.333994],[109.588505,-7.333487],[109.588142,-7.333459],[109.587768,-7.333494],[109.587167,-7.333546],[109.586614,-7.3334],[109.586283,-7.333272],[109.585942,-7.333045],[109.585813,-7.332746],[109.585674,-7.332357],[109.585569,-7.332031],[109.585394,-7.331579],[109.585889,-7.330766],[109.586233,-7.330324],[109.586463,-7.32999],[109.586772,-7.329431],[109.586985,-7.329033],[109.587288,-7.328573],[109.587598,-7.32814],[109.587805,-7.32767],[109.587983,-7.327282],[109.588264,-7.326867],[109.588455,-7.32647],[109.588643,-7.326081],[109.588872,-7.325467],[109.589181,-7.325106],[109.589554,-7.324511],[109.589921,-7.324096],[109.590135,-7.323816],[109.590409,-7.323383],[109.590715,-7.322778],[109.590864,-7.322254],[109.590892,-7.321748],[109.590699,-7.321024],[109.590284,-7.320019],[109.590027,-7.319403],[109.589613,-7.318696],[109.588386,-7.316459],[109.587953,-7.315734],[109.588022,-7.315029],[109.588112,-7.31379],[109.588575,-7.313249],[109.588862,-7.312951],[109.589184,-7.312681],[109.589558,-7.312167],[109.589723,-7.311661],[109.589872,-7.311336],[109.590022,-7.310893],[109.59013,-7.310514],[109.590292,-7.310008],[109.590451,-7.309448],[109.590609,-7.308896],[109.590743,-7.308463],[109.591381,-7.307859],[109.591799,-7.307227],[109.59223,-7.306686],[109.592424,-7.306325],[109.592666,-7.305819],[109.592781,-7.305485],[109.592847,-7.304943],[109.592778,-7.30421],[109.593014,-7.303804],[109.593358,-7.303334],[109.593632,-7.302621],[109.593855,-7.30188],[109.593997,-7.301419],[109.594102,-7.30094],[109.594254,-7.300371],[109.594339,-7.299404],[109.594402,-7.29897],[109.594423,-7.298364],[109.594559,-7.297749],[109.594693,-7.297343],[109.594759,-7.296828],[109.594834,-7.29634],[109.594753,-7.29558],[109.595337,-7.295129]]]]}},{"id":"177","type":"Feature","properties":{"DESA":"Petuguran"},"geometry":{"type":"MultiPolygon","coordinates":[[[[109.602086,-7.300857],[109.602512,-7.300605],[109.603493,-7.299857],[109.604104,-7.299506],[109.604603,-7.299318],[109.605229,-7.299338],[109.606047,-7.299467],[109.606544,-7.299631],[109.607347,-7.299616],[109.608326,-7.299619],[109.608968,-7.299747],[109.609657,-7.299994],[109.610122,-7.300086],[109.610893,-7.300106],[109.611374,-7.300144],[109.612048,-7.300354],[109.612706,-7.300464],[109.613747,-7.30044],[109.614421,-7.30056],[109.614822,-7.300634],[109.615287,-7.300707],[109.615639,-7.301152],[109.616519,-7.30186],[109.616872,-7.30215],[109.617561,-7.302867],[109.617754,-7.303148],[109.61798,-7.303483],[109.618064,-7.303845],[109.6181,-7.304225],[109.618072,-7.304586],[109.617928,-7.304875],[109.617422,-7.305046],[109.616729,-7.305179],[109.616333,-7.305368],[109.61603,-7.305602],[109.615713,-7.305863],[109.615343,-7.306088],[109.615218,-7.306486],[109.615338,-7.306794],[109.61545,-7.307092],[109.615905,-7.307392],[109.616466,-7.307421],[109.617124,-7.307676],[109.617607,-7.307786],[109.618088,-7.307851],[109.618661,-7.307781],[109.619061,-7.307728],[109.619486,-7.30772],[109.619928,-7.307703],[109.62028,-7.307677],[109.620981,-7.307724],[109.621472,-7.308106],[109.621854,-7.308514],[109.622118,-7.308813],[109.622452,-7.308977],[109.622896,-7.308888],[109.623324,-7.308799],[109.623757,-7.308682],[109.624159,-7.308801],[109.624518,-7.309146],[109.624741,-7.309427],[109.625,-7.309636],[109.62576,-7.310172],[109.627107,-7.311668],[109.628285,-7.312105],[109.628097,-7.31272],[109.627871,-7.313569],[109.627696,-7.314428],[109.627505,-7.315449],[109.627379,-7.316263],[109.627275,-7.316968],[109.627258,-7.317655],[109.627324,-7.318415],[109.627634,-7.319175],[109.627922,-7.320135],[109.628367,-7.321113],[109.62886,-7.32201],[109.629367,-7.322952],[109.630496,-7.324972],[109.631052,-7.325896],[109.631416,-7.326548],[109.631667,-7.327227],[109.631728,-7.32805],[109.63176,-7.328982],[109.631759,-7.33013],[109.631712,-7.33117],[109.631565,-7.332155],[109.631215,-7.333375],[109.630867,-7.334333],[109.630395,-7.335037],[109.629756,-7.335505],[109.629177,-7.335901],[109.628117,-7.336224],[109.627198,-7.336492],[109.626528,-7.33668],[109.625864,-7.336832],[109.625446,-7.337129],[109.624997,-7.336928],[109.624508,-7.336791],[109.624078,-7.336699],[109.623693,-7.336671],[109.623008,-7.336696],[109.622567,-7.336785],[109.622077,-7.336928],[109.621636,-7.337189],[109.621361,-7.33736],[109.620891,-7.337666],[109.620287,-7.337719],[109.61966,-7.33778],[109.619228,-7.337824],[109.618582,-7.337913],[109.617562,-7.338027],[109.617072,-7.338034],[109.61658,-7.338051],[109.616049,-7.338022],[109.615351,-7.338111],[109.61476,-7.338235],[109.614258,-7.33836],[109.613839,-7.33844],[109.613423,-7.338539],[109.610449,-7.338828],[109.608997,-7.33923],[109.608204,-7.33949],[109.607667,-7.33976],[109.607213,-7.339948],[109.606741,-7.340182],[109.606344,-7.340434],[109.605385,-7.34035],[109.604693,-7.340727],[109.604371,-7.340808],[109.603834,-7.340951],[109.603412,-7.340787],[109.602917,-7.340496],[109.602812,-7.340052],[109.602518,-7.33883],[109.602142,-7.338477],[109.601799,-7.338204],[109.601327,-7.33757],[109.600879,-7.33736],[109.601638,-7.336712],[109.601946,-7.335998],[109.602102,-7.335646],[109.602329,-7.334968],[109.602785,-7.334273],[109.6032,-7.333642],[109.60355,-7.333335],[109.604129,-7.332288],[109.604376,-7.331846],[109.604901,-7.331052],[109.605316,-7.330546],[109.605756,-7.330204],[109.606498,-7.329583],[109.606952,-7.329213],[109.607173,-7.328698],[109.607446,-7.328265],[109.607967,-7.32767],[109.608392,-7.327111],[109.608405,-7.326785],[109.608401,-7.325501],[109.608021,-7.324568],[109.607949,-7.324252],[109.6077,-7.323817],[109.60763,-7.323319],[109.607758,-7.32256],[109.607575,-7.32217],[109.607422,-7.321853],[109.607349,-7.321491],[109.607357,-7.321057],[109.607317,-7.320605],[109.607349,-7.320216],[109.607525,-7.319692],[109.607939,-7.319052],[109.608563,-7.318421],[109.608719,-7.317987],[109.608492,-7.317426],[109.607815,-7.317044],[109.607504,-7.316934],[109.606898,-7.316182],[109.606125,-7.315519],[109.60518,-7.31491],[109.604892,-7.314665],[109.604894,-7.314168],[109.604815,-7.313752],[109.604448,-7.313045],[109.604208,-7.312484],[109.603953,-7.312094],[109.603344,-7.31173],[109.60227,-7.311311],[109.601051,-7.310729],[109.599716,-7.309874],[109.599547,-7.30868],[109.599167,-7.307748],[109.598848,-7.30696],[109.59893,-7.306255],[109.599297,-7.305758],[109.600152,-7.304387],[109.601026,-7.303196],[109.601766,-7.302104],[109.602086,-7.300857]]]]}},{"id":"178","type":"Feature","properties":{"DESA":"Tanjungtirta"},"geometry":{"type":"MultiPolygon","coordinates":[[[[109.628285,-7.312105],[109.629894,-7.312671],[109.630503,-7.312863],[109.631319,-7.313073],[109.63205,-7.313085],[109.632815,-7.312978],[109.63358,-7.312809],[109.633989,-7.312593],[109.63438,-7.312431],[109.634825,-7.312225],[109.635259,-7.31209],[109.635608,-7.312064],[109.636124,-7.312048],[109.636668,-7.31195],[109.637205,-7.311861],[109.638143,-7.311719],[109.638989,-7.311631],[109.639333,-7.311642],[109.63978,-7.311887],[109.640386,-7.312115],[109.641386,-7.312389],[109.642298,-7.312745],[109.64285,-7.313063],[109.643399,-7.313472],[109.643799,-7.313627],[109.644608,-7.313864],[109.644919,-7.313937],[109.644977,-7.31439],[109.645035,-7.31477],[109.644994,-7.31524],[109.644482,-7.315591],[109.644205,-7.315898],[109.644282,-7.316486],[109.64432,-7.317055],[109.644142,-7.317353],[109.643825,-7.317859],[109.643489,-7.31841],[109.64337,-7.318825],[109.64333,-7.319214],[109.643702,-7.319604],[109.644391,-7.319669],[109.644863,-7.319607],[109.645414,-7.319627],[109.645885,-7.319728],[109.646382,-7.320082],[109.646504,-7.320408],[109.64645,-7.320887],[109.646325,-7.321466],[109.645989,-7.321971],[109.645813,-7.322386],[109.645688,-7.322775],[109.645687,-7.323263],[109.64609,-7.323717],[109.646423,-7.323971],[109.646632,-7.324243],[109.646947,-7.324669],[109.64707,-7.324968],[109.647051,-7.32532],[109.6468,-7.325781],[109.646887,-7.326251],[109.646931,-7.326604],[109.64693,-7.327047],[109.647196,-7.327383],[109.647664,-7.327583],[109.648243,-7.327856],[109.6486,-7.328101],[109.648843,-7.328608],[109.648663,-7.329259],[109.648617,-7.329675],[109.648549,-7.330055],[109.648325,-7.330479],[109.648034,-7.330677],[109.647766,-7.330947],[109.647452,-7.331363],[109.647116,-7.331651],[109.647093,-7.332103],[109.647248,-7.332474],[109.647305,-7.333008],[109.647303,-7.333496],[109.647282,-7.333966],[109.647183,-7.334283],[109.646946,-7.334599],[109.646512,-7.334986],[109.646294,-7.335221],[109.646549,-7.335728],[109.646685,-7.336027],[109.646724,-7.336379],[109.646624,-7.336714],[109.646368,-7.336966],[109.645876,-7.337064],[109.645581,-7.336864],[109.645149,-7.336555],[109.64452,-7.33659],[109.644145,-7.336806],[109.643869,-7.337076],[109.643651,-7.337546],[109.64361,-7.338097],[109.643609,-7.33845],[109.643687,-7.338785],[109.643782,-7.339337],[109.643978,-7.33978],[109.644156,-7.340242],[109.644119,-7.34064],[109.643813,-7.340892],[109.643901,-7.341426],[109.643918,-7.341779],[109.643917,-7.342195],[109.643808,-7.342565],[109.643664,-7.342872],[109.643394,-7.343152],[109.643107,-7.343296],[109.642677,-7.343421],[109.642372,-7.343583],[109.642048,-7.344115],[109.641869,-7.344757],[109.641704,-7.345145],[109.64123,-7.345551],[109.640695,-7.345739],[109.640386,-7.345901],[109.640057,-7.346081],[109.63985,-7.346532],[109.63989,-7.346903],[109.639929,-7.347392],[109.639887,-7.347744],[109.639845,-7.348115],[109.639885,-7.348522],[109.640129,-7.349111],[109.639735,-7.349281],[109.638956,-7.349351],[109.6379,-7.349339],[109.636688,-7.349281],[109.635463,-7.349205],[109.634126,-7.349174],[109.633095,-7.349116],[109.631831,-7.349004],[109.63068,-7.348865],[109.62969,-7.348681],[109.628427,-7.348315],[109.627272,-7.347995],[109.626549,-7.34774],[109.625815,-7.347285],[109.625389,-7.346931],[109.625079,-7.346478],[109.625001,-7.345682],[109.624989,-7.344615],[109.62507,-7.343937],[109.625161,-7.342879],[109.625157,-7.342111],[109.625146,-7.341306],[109.62512,-7.340356],[109.625074,-7.33937],[109.625069,-7.33852],[109.625161,-7.337851],[109.625446,-7.337129],[109.625864,-7.336832],[109.626528,-7.33668],[109.627198,-7.336492],[109.628117,-7.336224],[109.629177,-7.335901],[109.629756,-7.335505],[109.630395,-7.335037],[109.630867,-7.334333],[109.631215,-7.333375],[109.631565,-7.332155],[109.631712,-7.33117],[109.631759,-7.33013],[109.63176,-7.328982],[109.631728,-7.32805],[109.631667,-7.327227],[109.631416,-7.326548],[109.631052,-7.325896],[109.630496,-7.324972],[109.629367,-7.322952],[109.62886,-7.32201],[109.628367,-7.321113],[109.627922,-7.320135],[109.627634,-7.319175],[109.627324,-7.318415],[109.627258,-7.317655],[109.627275,-7.316968],[109.627379,-7.316263],[109.627505,-7.315449],[109.627696,-7.314428],[109.627871,-7.313569],[109.628097,-7.31272],[109.628285,-7.312105]]]]}},{"id":"179","type":"Feature","properties":{"DESA":"Mlaya"},"geometry":{"type":"MultiPolygon","coordinates":[[[[109.622512,-7.263616],[109.62307,-7.263373],[109.623511,-7.26342],[109.623989,-7.263684],[109.624449,-7.263866],[109.624727,-7.264084],[109.624992,-7.264374],[109.625001,-7.265884],[109.625285,-7.266093],[109.62579,-7.266076],[109.626242,-7.265969],[109.626677,-7.265835],[109.628628,-7.264882],[109.62948,-7.264921],[109.630227,-7.26543],[109.631064,-7.266282],[109.631806,-7.267107],[109.632806,-7.26806],[109.633633,-7.26884],[109.634492,-7.269603],[109.635386,-7.270528],[109.636182,-7.271308],[109.6388,-7.273206],[109.639561,-7.273561],[109.640447,-7.273699],[109.641222,-7.274144],[109.64194,-7.274391],[109.641675,-7.275077],[109.641318,-7.275402],[109.64128,-7.275727],[109.641659,-7.276325],[109.641375,-7.276731],[109.640982,-7.276775],[109.640639,-7.276829],[109.640209,-7.276773],[109.639817,-7.276582],[109.639448,-7.276726],[109.639251,-7.277105],[109.639323,-7.277792],[109.639322,-7.278272],[109.638793,-7.278605],[109.638554,-7.278857],[109.638382,-7.279128],[109.638245,-7.279507],[109.638192,-7.280167],[109.638276,-7.280556],[109.638394,-7.281117],[109.638495,-7.281461],[109.638579,-7.28185],[109.638595,-7.282221],[109.638696,-7.282547],[109.639087,-7.28282],[109.638962,-7.283271],[109.638579,-7.283325],[109.638272,-7.283532],[109.63806,-7.28382],[109.637848,-7.284218],[109.637713,-7.28466],[109.637711,-7.285212],[109.638227,-7.285711],[109.638456,-7.285956],[109.638588,-7.28649],[109.638529,-7.287068],[109.638489,-7.287566],[109.638736,-7.288118],[109.63908,-7.288481],[109.639266,-7.288762],[109.639522,-7.289124],[109.639989,-7.289334],[109.640094,-7.289804],[109.639926,-7.290346],[109.640091,-7.29069],[109.64071,-7.290828],[109.641042,-7.290919],[109.641252,-7.291372],[109.64125,-7.291897],[109.641172,-7.292638],[109.641171,-7.293018],[109.641007,-7.293343],[109.640889,-7.29374],[109.641191,-7.294203],[109.64126,-7.294601],[109.640768,-7.295069],[109.640557,-7.295485],[109.640696,-7.295838],[109.641022,-7.296092],[109.641512,-7.296347],[109.641815,-7.296447],[109.642469,-7.296567],[109.642959,-7.296659],[109.643402,-7.297121],[109.643657,-7.2978],[109.643771,-7.298434],[109.643793,-7.29913],[109.643791,-7.299709],[109.643813,-7.300197],[109.643816,-7.300586],[109.64393,-7.301084],[109.64414,-7.301347],[109.644426,-7.301673],[109.644692,-7.30209],[109.645017,-7.302498],[109.645322,-7.302761],[109.645512,-7.303322],[109.645645,-7.303793],[109.646046,-7.304183],[109.646466,-7.304483],[109.646771,-7.304773],[109.647,-7.305081],[109.647229,-7.305389],[109.64761,-7.305824],[109.648069,-7.306323],[109.648247,-7.306848],[109.648214,-7.3074],[109.648101,-7.307788],[109.647956,-7.308168],[109.647779,-7.308583],[109.647682,-7.308963],[109.647207,-7.309278],[109.646588,-7.309249],[109.646188,-7.309211],[109.645704,-7.309074],[109.645379,-7.30873],[109.645095,-7.308277],[109.644852,-7.307724],[109.644304,-7.306927],[109.643898,-7.306284],[109.643219,-7.305477],[109.64239,-7.304624],[109.641587,-7.30388],[109.640713,-7.303253],[109.639728,-7.302735],[109.638966,-7.302407],[109.637677,-7.30196],[109.636656,-7.301487],[109.635514,-7.300932],[109.634577,-7.300612],[109.633448,-7.300636],[109.632384,-7.300796],[109.63148,-7.300865],[109.63074,-7.300981],[109.630166,-7.300997],[109.629382,-7.300823],[109.628756,-7.300414],[109.628107,-7.29986],[109.627544,-7.29918],[109.627201,-7.298628],[109.626926,-7.297994],[109.626695,-7.297125],[109.626436,-7.296383],[109.626281,-7.295532],[109.626057,-7.294374],[109.625899,-7.29308],[109.62578,-7.292058],[109.625543,-7.289905],[109.625337,-7.289081],[109.624962,-7.288483],[109.624314,-7.287794],[109.623823,-7.287304],[109.623397,-7.286905],[109.623005,-7.286587],[109.622567,-7.286251],[109.622081,-7.285906],[109.621808,-7.285517],[109.62143,-7.284964],[109.621094,-7.284755],[109.620805,-7.284618],[109.619965,-7.284109],[109.618948,-7.283337],[109.618609,-7.283056],[109.61784,-7.282583],[109.61683,-7.282137],[109.616816,-7.281368],[109.616946,-7.28089],[109.617188,-7.280456],[109.61743,-7.280131],[109.617704,-7.279798],[109.61777,-7.279174],[109.617803,-7.278776],[109.61819,-7.27828],[109.618725,-7.277784],[109.618898,-7.276419],[109.619037,-7.275778],[109.619081,-7.27528],[109.619153,-7.274874],[109.61928,-7.274169],[109.619428,-7.273328],[109.619838,-7.271747],[109.619971,-7.271168],[109.620107,-7.270735],[109.620135,-7.270029],[109.6203,-7.269695],[109.620491,-7.269108],[109.620701,-7.268611],[109.621045,-7.267862],[109.621252,-7.267311],[109.621503,-7.26695],[109.621746,-7.266562],[109.621898,-7.266065],[109.622134,-7.265722],[109.622443,-7.265153],[109.622592,-7.264638],[109.622512,-7.263616]]]]}},{"id":"180","type":"Feature","properties":{"DESA":"Tlaga"},"geometry":{"type":"MultiPolygon","coordinates":[[[[109.64194,-7.274391],[109.642794,-7.274656],[109.643762,-7.274975],[109.644404,-7.275221],[109.644917,-7.275584],[109.645437,-7.275966],[109.645949,-7.276582],[109.64626,-7.277108],[109.646562,-7.277841],[109.646891,-7.278593],[109.647303,-7.279471],[109.648057,-7.280993],[109.64841,-7.281645],[109.648901,-7.282279],[109.649372,-7.283393],[109.649577,-7.284027],[109.649792,-7.284416],[109.650108,-7.284743],[109.651295,-7.286157],[109.652083,-7.286838],[109.652558,-7.287445],[109.653004,-7.288197],[109.65345,-7.288922],[109.653718,-7.289474],[109.654004,-7.290018],[109.654485,-7.291204],[109.655231,-7.292807],[109.655325,-7.293322],[109.655432,-7.29382],[109.655508,-7.294137],[109.655715,-7.29477],[109.655841,-7.295205],[109.655972,-7.295621],[109.656277,-7.29687],[109.65654,-7.298092],[109.656728,-7.299304],[109.656934,-7.300499],[109.657066,-7.30172],[109.657128,-7.302887],[109.657038,-7.303691],[109.656908,-7.304306],[109.656802,-7.30474],[109.656767,-7.305192],[109.656749,-7.305553],[109.656665,-7.305906],[109.656263,-7.306375],[109.655678,-7.306617],[109.65506,-7.306769],[109.654092,-7.307047],[109.653374,-7.307243],[109.652956,-7.307396],[109.652388,-7.30762],[109.651836,-7.307926],[109.651352,-7.308205],[109.650883,-7.308538],[109.650566,-7.3088],[109.650224,-7.309278],[109.650019,-7.309666],[109.649783,-7.310127],[109.649594,-7.310578],[109.649296,-7.310957],[109.648967,-7.311309],[109.648685,-7.311606],[109.648246,-7.311858],[109.647652,-7.312055],[109.647119,-7.312244],[109.64629,-7.312585],[109.645601,-7.31289],[109.645257,-7.312998],[109.645021,-7.313341],[109.644919,-7.313937],[109.644608,-7.313864],[109.643799,-7.313627],[109.643399,-7.313472],[109.64285,-7.313063],[109.642298,-7.312745],[109.641386,-7.312389],[109.640386,-7.312115],[109.63978,-7.311887],[109.639333,-7.311642],[109.638989,-7.311631],[109.638143,-7.311719],[109.637205,-7.311861],[109.636668,-7.31195],[109.636124,-7.312048],[109.635608,-7.312064],[109.635259,-7.31209],[109.634825,-7.312225],[109.63438,-7.312431],[109.633989,-7.312593],[109.63358,-7.312809],[109.632815,-7.312978],[109.63205,-7.313085],[109.631319,-7.313073],[109.630503,-7.312863],[109.629894,-7.312671],[109.628285,-7.312105],[109.627107,-7.311668],[109.62576,-7.310172],[109.625,-7.309636],[109.624741,-7.309427],[109.624518,-7.309146],[109.624159,-7.308801],[109.623757,-7.308682],[109.623324,-7.308799],[109.622896,-7.308888],[109.622452,-7.308977],[109.622118,-7.308813],[109.621854,-7.308514],[109.621472,-7.308106],[109.620981,-7.307724],[109.62028,-7.307677],[109.619928,-7.307703],[109.619486,-7.30772],[109.619061,-7.307728],[109.618661,-7.307781],[109.618088,-7.307851],[109.617607,-7.307786],[109.617124,-7.307676],[109.616466,-7.307421],[109.615905,-7.307392],[109.61545,-7.307092],[109.615338,-7.306794],[109.615218,-7.306486],[109.615343,-7.306088],[109.615713,-7.305863],[109.61603,-7.305602],[109.616333,-7.305368],[109.616729,-7.305179],[109.617422,-7.305046],[109.617928,-7.304875],[109.618072,-7.304586],[109.6181,-7.304225],[109.618064,-7.303845],[109.61798,-7.303483],[109.617754,-7.303148],[109.617561,-7.302867],[109.616872,-7.30215],[109.616519,-7.30186],[109.615639,-7.301152],[109.615287,-7.300707],[109.615594,-7.300112],[109.615884,-7.299633],[109.616431,-7.299201],[109.617027,-7.298741],[109.617045,-7.298036],[109.617374,-7.295469],[109.617359,-7.294926],[109.617296,-7.2946],[109.617039,-7.293939],[109.616849,-7.293242],[109.616708,-7.291949],[109.616791,-7.29118],[109.617065,-7.290829],[109.61795,-7.289918],[109.617953,-7.289249],[109.617936,-7.288833],[109.61798,-7.288254],[109.617714,-7.287593],[109.617379,-7.286814],[109.617286,-7.286009],[109.617223,-7.285611],[109.616777,-7.28428],[109.616651,-7.283683],[109.616797,-7.283159],[109.61683,-7.282137],[109.61784,-7.282583],[109.618609,-7.283056],[109.618948,-7.283337],[109.619965,-7.284109],[109.620805,-7.284618],[109.621094,-7.284755],[109.62143,-7.284964],[109.621808,-7.285517],[109.622081,-7.285906],[109.622567,-7.286251],[109.623005,-7.286587],[109.623397,-7.286905],[109.623823,-7.287304],[109.624314,-7.287794],[109.624962,-7.288483],[109.625337,-7.289081],[109.625543,-7.289905],[109.62578,-7.292058],[109.625899,-7.29308],[109.626057,-7.294374],[109.626281,-7.295532],[109.626436,-7.296383],[109.626695,-7.297125],[109.626926,-7.297994],[109.627201,-7.298628],[109.627544,-7.29918],[109.628107,-7.29986],[109.628756,-7.300414],[109.629382,-7.300823],[109.630166,-7.300997],[109.63074,-7.300981],[109.63148,-7.300865],[109.632384,-7.300796],[109.633448,-7.300636],[109.634577,-7.300612],[109.635514,-7.300932],[109.636656,-7.301487],[109.637677,-7.30196],[109.638966,-7.302407],[109.639728,-7.302735],[109.640713,-7.303253],[109.641587,-7.30388],[109.64239,-7.304624],[109.643219,-7.305477],[109.643898,-7.306284],[109.644304,-7.306927],[109.644852,-7.307724],[109.645095,-7.308277],[109.645379,-7.30873],[109.645704,-7.309074],[109.646188,-7.309211],[109.646588,-7.309249],[109.647207,-7.309278],[109.647682,-7.308963],[109.647779,-7.308583],[109.647956,-7.308168],[109.648101,-7.307788],[109.648214,-7.3074],[109.648247,-7.306848],[109.648069,-7.306323],[109.64761,-7.305824],[109.647229,-7.305389],[109.647,-7.305081],[109.646771,-7.304773],[109.646466,-7.304483],[109.646046,-7.304183],[109.645645,-7.303793],[109.645512,-7.303322],[109.645322,-7.302761],[109.645017,-7.302498],[109.644692,-7.30209],[109.644426,-7.301673],[109.64414,-7.301347],[109.64393,-7.301084],[109.643816,-7.300586],[109.643813,-7.300197],[109.643791,-7.299709],[109.643793,-7.29913],[109.643771,-7.298434],[109.643657,-7.2978],[109.643402,-7.297121],[109.642959,-7.296659],[109.642469,-7.296567],[109.641815,-7.296447],[109.641512,-7.296347],[109.641022,-7.296092],[109.640696,-7.295838],[109.640557,-7.295485],[109.640768,-7.295069],[109.64126,-7.294601],[109.641191,-7.294203],[109.640889,-7.29374],[109.641007,-7.293343],[109.641171,-7.293018],[109.641172,-7.292638],[109.64125,-7.291897],[109.641252,-7.291372],[109.641042,-7.290919],[109.64071,-7.290828],[109.640091,-7.29069],[109.639926,-7.290346],[109.640094,-7.289804],[109.639989,-7.289334],[109.639522,-7.289124],[109.639266,-7.288762],[109.63908,-7.288481],[109.638736,-7.288118],[109.638489,-7.287566],[109.638529,-7.287068],[109.638588,-7.28649],[109.638456,-7.285956],[109.638227,-7.285711],[109.637711,-7.285212],[109.637713,-7.28466],[109.637848,-7.284218],[109.63806,-7.28382],[109.638272,-7.283532],[109.638579,-7.283325],[109.638962,-7.283271],[109.639087,-7.28282],[109.638696,-7.282547],[109.638595,-7.282221],[109.638579,-7.28185],[109.638495,-7.281461],[109.638394,-7.281117],[109.638276,-7.280556],[109.638192,-7.280167],[109.638245,-7.279507],[109.638382,-7.279128],[109.638554,-7.278857],[109.638793,-7.278605],[109.639322,-7.278272],[109.639323,-7.277792],[109.639251,-7.277105],[109.639448,-7.276726],[109.639817,-7.276582],[109.640209,-7.276773],[109.640639,-7.276829],[109.640982,-7.276775],[109.641375,-7.276731],[109.641659,-7.276325],[109.64128,-7.275727],[109.641318,-7.275402],[109.641675,-7.275077],[109.64194,-7.274391]]]]}},{"id":"181","type":"Feature","properties":{"DESA":"Slatri"},"geometry":{"type":"MultiPolygon","coordinates":[[[[109.706676,-7.276941],[109.707415,-7.27697],[109.7078,-7.276862],[109.70852,-7.276693],[109.709162,-7.276667],[109.710315,-7.27687],[109.710682,-7.277115],[109.710976,-7.277405],[109.711279,-7.27784],[109.71148,-7.278211],[109.711749,-7.278565],[109.712161,-7.278855],[109.71248,-7.278883],[109.713209,-7.278795],[109.713788,-7.27876],[109.714223,-7.278771],[109.714415,-7.279151],[109.714693,-7.279631],[109.715005,-7.280211],[109.715346,-7.280972],[109.715964,-7.282719],[109.716078,-7.283388],[109.716214,-7.28423],[109.716293,-7.285306],[109.716371,-7.286627],[109.716442,-7.288191],[109.716532,-7.289223],[109.716661,-7.290299],[109.716773,-7.291159],[109.716783,-7.291936],[109.716851,-7.292787],[109.716329,-7.292885],[109.715708,-7.293028],[109.715049,-7.29327],[109.71461,-7.293585],[109.714047,-7.29409],[109.713808,-7.294379],[109.713336,-7.294929],[109.713007,-7.295326],[109.712786,-7.295642],[109.712497,-7.29613],[109.712211,-7.296599],[109.711957,-7.297032],[109.711731,-7.297357],[109.711479,-7.297899],[109.711268,-7.298387],[109.710944,-7.299128],[109.710596,-7.299805],[109.710298,-7.300473],[109.709861,-7.30106],[109.709503,-7.301538],[109.709075,-7.301953],[109.708627,-7.302341],[109.707878,-7.302917],[109.707066,-7.303485],[109.706156,-7.304115],[109.70541,-7.304592],[109.704456,-7.305232],[109.703611,-7.305681],[109.702904,-7.306104],[109.702691,-7.305652],[109.702204,-7.305469],[109.701876,-7.305297],[109.701549,-7.304834],[109.701453,-7.304509],[109.701203,-7.304119],[109.700837,-7.303657],[109.700819,-7.303286],[109.700724,-7.302888],[109.700299,-7.302669],[109.699855,-7.30265],[109.69943,-7.302549],[109.699122,-7.302259],[109.699299,-7.301844],[109.699901,-7.301321],[109.700186,-7.301104],[109.700456,-7.300662],[109.700442,-7.300327],[109.700317,-7.29983],[109.700064,-7.299576],[109.699765,-7.299349],[109.699433,-7.299131],[109.699058,-7.29884],[109.698958,-7.298352],[109.699348,-7.298091],[109.699766,-7.297793],[109.699839,-7.297459],[109.699754,-7.296916],[109.700044,-7.296383],[109.699915,-7.296057],[109.699801,-7.295677],[109.699903,-7.295307],[109.700034,-7.294909],[109.700093,-7.294575],[109.700297,-7.294223],[109.700566,-7.293509],[109.700968,-7.292895],[109.701486,-7.292951],[109.702169,-7.293161],[109.702503,-7.293135],[109.703054,-7.292955],[109.703138,-7.292639],[109.703072,-7.292304],[109.703274,-7.29197],[109.703592,-7.29142],[109.703677,-7.291103],[109.703728,-7.290724],[109.703613,-7.290172],[109.70338,-7.289728],[109.703315,-7.289176],[109.70302,-7.288877],[109.70271,-7.288668],[109.702385,-7.288151],[109.702334,-7.28769],[109.702387,-7.287292],[109.702596,-7.286795],[109.702803,-7.286525],[109.703062,-7.286245],[109.703338,-7.286056],[109.703768,-7.285876],[109.704045,-7.285651],[109.704115,-7.285172],[109.704168,-7.284657],[109.704462,-7.284332],[109.704893,-7.283971],[109.704917,-7.28361],[109.704834,-7.283121],[109.704953,-7.282814],[109.705122,-7.28248],[109.705394,-7.281857],[109.705277,-7.281368],[109.70538,-7.280916],[109.705566,-7.28051],[109.70577,-7.27994],[109.705973,-7.279688],[109.706345,-7.279318],[109.706503,-7.278902],[109.706588,-7.278523],[109.706723,-7.277872],[109.706676,-7.276941]]]]}},{"id":"182","type":"Feature","properties":{"DESA":"Pawedan"},"geometry":{"type":"MultiPolygon","coordinates":[[[[109.716851,-7.292787],[109.71769,-7.292572],[109.718396,-7.29233],[109.719036,-7.292205],[109.719745,-7.29218],[109.720097,-7.292299],[109.720481,-7.292562],[109.720905,-7.292491],[109.720963,-7.29316],[109.721226,-7.293785],[109.721436,-7.294048],[109.721662,-7.294356],[109.721703,-7.294718],[109.721672,-7.295116],[109.721763,-7.295532],[109.722168,-7.295958],[109.721989,-7.296301],[109.722276,-7.296619],[109.722264,-7.297405],[109.72244,-7.297976],[109.722468,-7.298573],[109.722786,-7.2988],[109.723117,-7.298728],[109.723092,-7.299253],[109.72287,-7.299569],[109.722827,-7.300256],[109.722948,-7.300645],[109.723281,-7.301035],[109.723598,-7.301325],[109.72368,-7.30194],[109.723603,-7.302284],[109.723374,-7.3026],[109.723176,-7.302879],[109.723165,-7.303268],[109.723699,-7.303577],[109.724016,-7.303967],[109.724353,-7.304574],[109.724704,-7.304747],[109.725178,-7.304893],[109.725499,-7.305093],[109.725879,-7.30551],[109.726247,-7.305791],[109.726625,-7.3061],[109.727012,-7.306381],[109.727405,-7.306753],[109.727813,-7.30717],[109.728249,-7.307596],[109.728161,-7.308139],[109.728797,-7.308891],[109.728905,-7.309398],[109.728746,-7.310003],[109.728564,-7.310383],[109.728522,-7.311124],[109.72806,-7.311693],[109.728068,-7.312226],[109.728002,-7.312742],[109.727897,-7.313573],[109.727716,-7.314794],[109.727452,-7.315706],[109.727294,-7.316185],[109.727321,-7.316601],[109.726837,-7.316817],[109.726594,-7.317042],[109.726549,-7.317612],[109.726631,-7.3183],[109.726641,-7.319123],[109.726823,-7.319557],[109.72705,-7.319865],[109.726623,-7.320135],[109.726366,-7.320578],[109.726007,-7.320902],[109.725754,-7.320486],[109.725448,-7.320385],[109.724959,-7.320402],[109.724389,-7.3204],[109.723819,-7.3202],[109.723494,-7.319711],[109.723312,-7.319222],[109.722886,-7.318633],[109.722235,-7.31816],[109.72191,-7.317852],[109.721361,-7.317489],[109.720954,-7.31747],[109.720649,-7.316998],[109.720223,-7.316509],[109.720203,-7.316147],[109.720144,-7.315695],[109.719413,-7.31553],[109.719085,-7.315185],[109.718744,-7.314425],[109.718387,-7.31408],[109.718044,-7.314034],[109.71767,-7.314096],[109.717132,-7.314167],[109.71679,-7.313867],[109.716448,-7.313523],[109.715941,-7.313042],[109.715495,-7.312616],[109.715167,-7.312416],[109.714615,-7.312224],[109.713883,-7.312114],[109.713242,-7.312085],[109.712585,-7.311965],[109.711953,-7.311656],[109.711627,-7.311917],[109.711464,-7.31226],[109.711017,-7.312729],[109.710718,-7.312946],[109.710298,-7.313134],[109.709974,-7.31317],[109.709555,-7.313132],[109.709082,-7.313031],[109.708217,-7.312785],[109.707771,-7.312594],[109.707379,-7.312466],[109.706879,-7.312311],[109.706244,-7.312173],[109.705298,-7.311926],[109.704974,-7.311591],[109.704578,-7.311264],[109.704186,-7.310992],[109.703924,-7.310774],[109.703692,-7.310393],[109.703591,-7.309995],[109.703534,-7.309606],[109.703565,-7.308955],[109.703712,-7.308476],[109.703597,-7.307924],[109.703292,-7.307326],[109.703046,-7.306901],[109.702974,-7.306575],[109.702904,-7.306104],[109.703611,-7.305681],[109.704456,-7.305232],[109.70541,-7.304592],[109.706156,-7.304115],[109.707066,-7.303485],[109.707878,-7.302917],[109.708627,-7.302341],[109.709075,-7.301953],[109.709503,-7.301538],[109.709861,-7.30106],[109.710298,-7.300473],[109.710596,-7.299805],[109.710944,-7.299128],[109.711268,-7.298387],[109.711479,-7.297899],[109.711731,-7.297357],[109.711957,-7.297032],[109.712211,-7.296599],[109.712497,-7.29613],[109.712786,-7.295642],[109.713007,-7.295326],[109.713336,-7.294929],[109.713808,-7.294379],[109.714047,-7.29409],[109.71461,-7.293585],[109.715049,-7.29327],[109.715708,-7.293028],[109.716329,-7.292885],[109.716851,-7.292787]]]]}},{"id":"183","type":"Feature","properties":{"DESA":"Gumelar"},"geometry":{"type":"MultiPolygon","coordinates":[[[[109.730573,-7.285771],[109.731195,-7.285963],[109.732076,-7.286309],[109.733066,-7.2868],[109.733948,-7.287156],[109.734634,-7.287447],[109.735467,-7.287847],[109.736834,-7.288448],[109.737484,-7.288766],[109.738059,-7.289111],[109.739525,-7.290074],[109.739369,-7.290499],[109.73911,-7.291077],[109.738618,-7.291311],[109.738534,-7.291726],[109.738752,-7.292659],[109.738425,-7.293435],[109.737983,-7.294067],[109.737507,-7.294437],[109.737029,-7.294924],[109.736925,-7.295439],[109.736613,-7.296207],[109.737157,-7.296832],[109.737774,-7.297114],[109.737988,-7.297558],[109.738009,-7.297974],[109.737777,-7.298236],[109.7373,-7.298379],[109.737054,-7.29922],[109.736982,-7.299635],[109.736936,-7.300413],[109.736874,-7.300865],[109.73647,-7.30109],[109.736387,-7.30165],[109.73642,-7.302464],[109.736401,-7.302871],[109.73615,-7.303341],[109.735713,-7.303756],[109.735245,-7.304098],[109.734602,-7.304467],[109.733758,-7.305161],[109.733292,-7.305558],[109.733228,-7.305883],[109.733109,-7.306615],[109.732855,-7.307058],[109.73238,-7.307454],[109.731791,-7.307634],[109.731353,-7.307451],[109.73099,-7.30726],[109.730444,-7.306979],[109.729881,-7.307049],[109.728983,-7.307363],[109.728249,-7.307596],[109.727813,-7.30717],[109.727405,-7.306753],[109.727012,-7.306381],[109.726625,-7.3061],[109.726247,-7.305791],[109.725879,-7.30551],[109.725499,-7.305093],[109.725178,-7.304893],[109.724704,-7.304747],[109.724353,-7.304574],[109.724016,-7.303967],[109.723699,-7.303577],[109.723165,-7.303268],[109.723176,-7.302879],[109.723374,-7.3026],[109.723603,-7.302284],[109.72368,-7.30194],[109.723598,-7.301325],[109.723281,-7.301035],[109.722948,-7.300645],[109.722827,-7.300256],[109.72287,-7.299569],[109.723092,-7.299253],[109.723117,-7.298728],[109.722786,-7.2988],[109.722468,-7.298573],[109.72244,-7.297976],[109.722264,-7.297405],[109.722276,-7.296619],[109.721989,-7.296301],[109.722168,-7.295958],[109.721763,-7.295532],[109.721672,-7.295116],[109.721703,-7.294718],[109.721662,-7.294356],[109.721436,-7.294048],[109.721226,-7.293785],[109.720963,-7.29316],[109.721747,-7.293162],[109.722266,-7.292893],[109.722783,-7.292578],[109.723317,-7.292109],[109.724162,-7.291342],[109.725131,-7.29054],[109.72609,-7.28953],[109.726999,-7.288872],[109.727882,-7.288115],[109.728846,-7.287349],[109.729758,-7.286493],[109.730573,-7.285771]]]]}},{"id":"184","type":"Feature","properties":{"DESA":"Purwadadi"},"geometry":{"type":"MultiPolygon","coordinates":[[[[109.730605,-7.275561],[109.731104,-7.275554],[109.731776,-7.275429],[109.732731,-7.275142],[109.733456,-7.274891],[109.734137,-7.274649],[109.736092,-7.274102],[109.73679,-7.274059],[109.737208,-7.274042],[109.738267,-7.273964],[109.739048,-7.273957],[109.74066,-7.274052],[109.741823,-7.274146],[109.742783,-7.274202],[109.74373,-7.274205],[109.744508,-7.274126],[109.745081,-7.275602],[109.745397,-7.276652],[109.745767,-7.277611],[109.746009,-7.278417],[109.746117,-7.279403],[109.746016,-7.280235],[109.74584,-7.280777],[109.745558,-7.281282],[109.744858,-7.281832],[109.744106,-7.2823],[109.743429,-7.282751],[109.742862,-7.283364],[109.74244,-7.283887],[109.742248,-7.284158],[109.742353,-7.284493],[109.742285,-7.285479],[109.742043,-7.285858],[109.741717,-7.286219],[109.741522,-7.286571],[109.7415,-7.28696],[109.741443,-7.287493],[109.741378,-7.288162],[109.741332,-7.288696],[109.740984,-7.289056],[109.740577,-7.289109],[109.740217,-7.28919],[109.739751,-7.289568],[109.739525,-7.290074],[109.738059,-7.289111],[109.737484,-7.288766],[109.736834,-7.288448],[109.735467,-7.287847],[109.734634,-7.287447],[109.733948,-7.287156],[109.733066,-7.2868],[109.732076,-7.286309],[109.731195,-7.285963],[109.730573,-7.285771],[109.731237,-7.285005],[109.731908,-7.284283],[109.732539,-7.283697],[109.732989,-7.283165],[109.733532,-7.282587],[109.733683,-7.282027],[109.733659,-7.281512],[109.73357,-7.28115],[109.733361,-7.280688],[109.73314,-7.28028],[109.732771,-7.279673],[109.732395,-7.27903],[109.732059,-7.278468],[109.73179,-7.277862],[109.731134,-7.276648],[109.730809,-7.276032],[109.730605,-7.275561]]]]}},{"id":"185","type":"Feature","properties":{"DESA":"Sampang"},"geometry":{"type":"MultiPolygon","coordinates":[[[[109.726264,-7.273948],[109.727046,-7.274321],[109.727669,-7.274594],[109.728362,-7.27485],[109.729017,-7.275141],[109.729683,-7.275369],[109.730204,-7.275488],[109.730605,-7.275561],[109.730809,-7.276032],[109.731134,-7.276648],[109.73179,-7.277862],[109.732059,-7.278468],[109.732395,-7.27903],[109.732771,-7.279673],[109.73314,-7.28028],[109.733361,-7.280688],[109.73357,-7.28115],[109.733659,-7.281512],[109.733683,-7.282027],[109.733532,-7.282587],[109.732989,-7.283165],[109.732539,-7.283697],[109.731908,-7.284283],[109.731237,-7.285005],[109.730573,-7.285771],[109.729758,-7.286493],[109.728846,-7.287349],[109.727882,-7.288115],[109.726999,-7.288872],[109.72609,-7.28953],[109.725131,-7.29054],[109.724162,-7.291342],[109.723317,-7.292109],[109.722783,-7.292578],[109.722266,-7.292893],[109.721747,-7.293162],[109.720963,-7.29316],[109.720905,-7.292491],[109.720481,-7.292562],[109.720097,-7.292299],[109.719745,-7.29218],[109.719036,-7.292205],[109.718396,-7.29233],[109.71769,-7.292572],[109.716851,-7.292787],[109.716783,-7.291936],[109.716773,-7.291159],[109.716661,-7.290299],[109.716532,-7.289223],[109.716442,-7.288191],[109.716371,-7.286627],[109.716293,-7.285306],[109.716214,-7.28423],[109.716078,-7.283388],[109.715964,-7.282719],[109.715346,-7.280972],[109.715005,-7.280211],[109.714693,-7.279631],[109.714415,-7.279151],[109.714223,-7.278771],[109.714651,-7.278546],[109.715319,-7.277942],[109.716332,-7.277456],[109.716595,-7.277195],[109.716761,-7.27677],[109.716927,-7.276373],[109.717159,-7.276102],[109.71818,-7.275409],[109.718684,-7.275329],[109.719351,-7.275294],[109.719845,-7.275305],[109.720657,-7.275352],[109.721403,-7.27549],[109.721982,-7.275718],[109.722561,-7.275937],[109.723293,-7.276038],[109.723748,-7.275994],[109.724173,-7.275733],[109.724663,-7.275273],[109.72503,-7.274913],[109.725757,-7.274444],[109.726139,-7.274246],[109.726264,-7.273948]]]]}},{"id":"186","type":"Feature","properties":{"DESA":"Ambal"},"geometry":{"type":"MultiPolygon","coordinates":[[[[109.708489,-7.264457],[109.708887,-7.264358],[109.709147,-7.264133],[109.70947,-7.263962],[109.709883,-7.263656],[109.710329,-7.263404],[109.711038,-7.263189],[109.712072,-7.263164],[109.712812,-7.263338],[109.713303,-7.263548],[109.713879,-7.263902],[109.714579,-7.264284],[109.715388,-7.264747],[109.716221,-7.264967],[109.716739,-7.265004],[109.717099,-7.264897],[109.717679,-7.264745],[109.718546,-7.264413],[109.719512,-7.264063],[109.720402,-7.263929],[109.721345,-7.263643],[109.722019,-7.263364],[109.722392,-7.263899],[109.72288,-7.264506],[109.723361,-7.265123],[109.723804,-7.265721],[109.724337,-7.266391],[109.724672,-7.26689],[109.725271,-7.268094],[109.725509,-7.268692],[109.725718,-7.269416],[109.725945,-7.270113],[109.726101,-7.270674],[109.72619,-7.271353],[109.726225,-7.272121],[109.726286,-7.272945],[109.726272,-7.273451],[109.726264,-7.273948],[109.726139,-7.274246],[109.725757,-7.274444],[109.72503,-7.274913],[109.724663,-7.275273],[109.724173,-7.275733],[109.723748,-7.275994],[109.723293,-7.276038],[109.722561,-7.275937],[109.721982,-7.275718],[109.721403,-7.27549],[109.720657,-7.275352],[109.719845,-7.275305],[109.719351,-7.275294],[109.718684,-7.275329],[109.71818,-7.275409],[109.717159,-7.276102],[109.716927,-7.276373],[109.716761,-7.27677],[109.716595,-7.277195],[109.716332,-7.277456],[109.715319,-7.277942],[109.714651,-7.278546],[109.714223,-7.278771],[109.713788,-7.27876],[109.713209,-7.278795],[109.71248,-7.278883],[109.712161,-7.278855],[109.711749,-7.278565],[109.71148,-7.278211],[109.711279,-7.27784],[109.710976,-7.277405],[109.710682,-7.277115],[109.710315,-7.27687],[109.709162,-7.276667],[109.70852,-7.276693],[109.7078,-7.276862],[109.707415,-7.27697],[109.706676,-7.276941],[109.706878,-7.276426],[109.707129,-7.275974],[109.706947,-7.275476],[109.706831,-7.275141],[109.706716,-7.274544],[109.706667,-7.274164],[109.706655,-7.273712],[109.706914,-7.273523],[109.706967,-7.273197],[109.706916,-7.272763],[109.707107,-7.272384],[109.707401,-7.271978],[109.70766,-7.271562],[109.707834,-7.271066],[109.707886,-7.270704],[109.708008,-7.270198],[109.708095,-7.269818],[109.708354,-7.269521],[109.708785,-7.269196],[109.709062,-7.268718],[109.709022,-7.26832],[109.708672,-7.268056],[109.708444,-7.267748],[109.708134,-7.267503],[109.707931,-7.26724],[109.708046,-7.266933],[109.708251,-7.266572],[109.707974,-7.266345],[109.707926,-7.266028],[109.708342,-7.265903],[109.708688,-7.265814],[109.709146,-7.265525],[109.708982,-7.265181],[109.708518,-7.264827],[109.708489,-7.264457]]]]}},{"id":"187","type":"Feature","properties":{"DESA":"Pagerpelah"},"geometry":{"type":"MultiPolygon","coordinates":[[[[109.68808,-7.27033],[109.689228,-7.270289],[109.690315,-7.270328],[109.69142,-7.270331],[109.6923,-7.270352],[109.693145,-7.270454],[109.694527,-7.270593],[109.695766,-7.270733],[109.696729,-7.270826],[109.698026,-7.270748],[109.69875,-7.270732],[109.6992,-7.270733],[109.699689,-7.271757],[109.700138,-7.27231],[109.700649,-7.272872],[109.701272,-7.273416],[109.701877,-7.27397],[109.702515,-7.274604],[109.703288,-7.275439],[109.703881,-7.276046],[109.70452,-7.276726],[109.705008,-7.277397],[109.705306,-7.277886],[109.705483,-7.278294],[109.705744,-7.27853],[109.706047,-7.278711],[109.706503,-7.278902],[109.706345,-7.279318],[109.705973,-7.279688],[109.70577,-7.27994],[109.705566,-7.28051],[109.70538,-7.280916],[109.705277,-7.281368],[109.705394,-7.281857],[109.705122,-7.28248],[109.704953,-7.282814],[109.704834,-7.283121],[109.704917,-7.28361],[109.704893,-7.283971],[109.704462,-7.284332],[109.704168,-7.284657],[109.704115,-7.285172],[109.704045,-7.285651],[109.703768,-7.285876],[109.703338,-7.286056],[109.703062,-7.286245],[109.702803,-7.286525],[109.702596,-7.286795],[109.702387,-7.287292],[109.702334,-7.28769],[109.702385,-7.288151],[109.70271,-7.288668],[109.70302,-7.288877],[109.703315,-7.289176],[109.70338,-7.289728],[109.703613,-7.290172],[109.703728,-7.290724],[109.703677,-7.291103],[109.703592,-7.29142],[109.703274,-7.29197],[109.703072,-7.292304],[109.703138,-7.292639],[109.703054,-7.292955],[109.702503,-7.293135],[109.702169,-7.293161],[109.701486,-7.292951],[109.700968,-7.292895],[109.700566,-7.293509],[109.700297,-7.294223],[109.700093,-7.294575],[109.700034,-7.294909],[109.699903,-7.295307],[109.699801,-7.295677],[109.699915,-7.296057],[109.700044,-7.296383],[109.699754,-7.296916],[109.699839,-7.297459],[109.699766,-7.297793],[109.699348,-7.298091],[109.698958,-7.298352],[109.699058,-7.29884],[109.699433,-7.299131],[109.699765,-7.299349],[109.700064,-7.299576],[109.700317,-7.29983],[109.700442,-7.300327],[109.700456,-7.300662],[109.700186,-7.301104],[109.699901,-7.301321],[109.699299,-7.301844],[109.698946,-7.301164],[109.698639,-7.300548],[109.69826,-7.299733],[109.697522,-7.298501],[109.696938,-7.297423],[109.696419,-7.296527],[109.695703,-7.295421],[109.695036,-7.294271],[109.694835,-7.293936],[109.694489,-7.293238],[109.693979,-7.292124],[109.693532,-7.291074],[109.693069,-7.290132],[109.692559,-7.289018],[109.691853,-7.287841],[109.691271,-7.28717],[109.690641,-7.286598],[109.689839,-7.285881],[109.688906,-7.285164],[109.687975,-7.28451],[109.68729,-7.284282],[109.686924,-7.284128],[109.686125,-7.28408],[109.685356,-7.28406],[109.684503,-7.284166],[109.683727,-7.284363],[109.68403,-7.28335],[109.68439,-7.282366],[109.684735,-7.281236],[109.685043,-7.280179],[109.685457,-7.278806],[109.685782,-7.277631],[109.686166,-7.276619],[109.686541,-7.275155],[109.686951,-7.273899],[109.687294,-7.272987],[109.687648,-7.271731],[109.68808,-7.27033]]]]}},{"id":"188","type":"Feature","properties":{"DESA":"Pasuruhan"},"geometry":{"type":"MultiPolygon","coordinates":[[[[109.670414,-7.264636],[109.670821,-7.264366],[109.672043,-7.264008],[109.672543,-7.263756],[109.67314,-7.26336],[109.673878,-7.262855],[109.674634,-7.262297],[109.675361,-7.261838],[109.6759,-7.26165],[109.676822,-7.261281],[109.678295,-7.260707],[109.679923,-7.260033],[109.681342,-7.259558],[109.682464,-7.259173],[109.68359,-7.258715],[109.684654,-7.258247],[109.685678,-7.257699],[109.687162,-7.257007],[109.688589,-7.256323],[109.688969,-7.256876],[109.689424,-7.257429],[109.689747,-7.257946],[109.690144,-7.259005],[109.690244,-7.259611],[109.690438,-7.260543],[109.690472,-7.26123],[109.690431,-7.261972],[109.690339,-7.262614],[109.690295,-7.26322],[109.690055,-7.264033],[109.689819,-7.265144],[109.689431,-7.266346],[109.689065,-7.267322],[109.68868,-7.268578],[109.688328,-7.269644],[109.68808,-7.27033],[109.687648,-7.271731],[109.687294,-7.272987],[109.686951,-7.273899],[109.686541,-7.275155],[109.686166,-7.276619],[109.685782,-7.277631],[109.685457,-7.278806],[109.685043,-7.280179],[109.684735,-7.281236],[109.68439,-7.282366],[109.68403,-7.28335],[109.683727,-7.284363],[109.682981,-7.284776],[109.682565,-7.285182],[109.682216,-7.285507],[109.681672,-7.286039],[109.680998,-7.28667],[109.680322,-7.287427],[109.679595,-7.288167],[109.678986,-7.288907],[109.678011,-7.289736],[109.67694,-7.290465],[109.676159,-7.291005],[109.675342,-7.2916],[109.675107,-7.291871],[109.674465,-7.292104],[109.674144,-7.292302],[109.673764,-7.292563],[109.673231,-7.292733],[109.672917,-7.292913],[109.672319,-7.293174],[109.671999,-7.292947],[109.671574,-7.292611],[109.671305,-7.292275],[109.670817,-7.291659],[109.670392,-7.291043],[109.669937,-7.289884],[109.669503,-7.288843],[109.669169,-7.288091],[109.668734,-7.287339],[109.668313,-7.286596],[109.668513,-7.286],[109.668776,-7.285169],[109.669007,-7.284555],[109.669483,-7.283787],[109.670113,-7.282867],[109.670722,-7.282163],[109.671483,-7.281523],[109.672339,-7.280676],[109.673347,-7.279666],[109.673968,-7.278917],[109.674537,-7.27805],[109.675254,-7.276832],[109.675689,-7.275585],[109.676013,-7.274654],[109.676371,-7.273579],[109.676591,-7.272486],[109.676661,-7.271654],[109.676595,-7.27121],[109.676112,-7.270793],[109.675339,-7.270239],[109.674369,-7.269522],[109.673334,-7.268714],[109.67193,-7.267833],[109.670994,-7.267242],[109.670273,-7.266797],[109.670055,-7.266561],[109.669927,-7.2661],[109.670016,-7.265566],[109.670235,-7.265015],[109.670414,-7.264636]]]]}},{"id":"189","type":"Feature","properties":{"DESA":"Karanggondang"},"geometry":{"type":"MultiPolygon","coordinates":[[[[109.691225,-7.254314],[109.69169,-7.253637],[109.692301,-7.253015],[109.693129,-7.252339],[109.693799,-7.251835],[109.694592,-7.251539],[109.695205,-7.25135],[109.696163,-7.251172],[109.697005,-7.251148],[109.697875,-7.251259],[109.698785,-7.251505],[109.699726,-7.251716],[109.700421,-7.251818],[109.701103,-7.251892],[109.702134,-7.251976],[109.703154,-7.252097],[109.703974,-7.25218],[109.705371,-7.252203],[109.705175,-7.252528],[109.704644,-7.253023],[109.704399,-7.253339],[109.704232,-7.253728],[109.703545,-7.254784],[109.703312,-7.255208],[109.702997,-7.256202],[109.702969,-7.257152],[109.703233,-7.257731],[109.703796,-7.258167],[109.704663,-7.258404],[109.7052,-7.258614],[109.70456,-7.25911],[109.70371,-7.25974],[109.702804,-7.260271],[109.702173,-7.260875],[109.701695,-7.261281],[109.701094,-7.261768],[109.70069,-7.262155],[109.700386,-7.262525],[109.700093,-7.262859],[109.69986,-7.263328],[109.69972,-7.263798],[109.699713,-7.264332],[109.699676,-7.265236],[109.699543,-7.266041],[109.699456,-7.266936],[109.699375,-7.267541],[109.699184,-7.268246],[109.699031,-7.268987],[109.699021,-7.269693],[109.69905,-7.270172],[109.6992,-7.270733],[109.69875,-7.270732],[109.698026,-7.270748],[109.696729,-7.270826],[109.695766,-7.270733],[109.694527,-7.270593],[109.693145,-7.270454],[109.6923,-7.270352],[109.69142,-7.270331],[109.690315,-7.270328],[109.689228,-7.270289],[109.68808,-7.27033],[109.688328,-7.269644],[109.68868,-7.268578],[109.689065,-7.267322],[109.689431,-7.266346],[109.689819,-7.265144],[109.690055,-7.264033],[109.690295,-7.26322],[109.690339,-7.262614],[109.690431,-7.261972],[109.690472,-7.26123],[109.690438,-7.260543],[109.690244,-7.259611],[109.690144,-7.259005],[109.689747,-7.257946],[109.689424,-7.257429],[109.688969,-7.256876],[109.688589,-7.256323],[109.68934,-7.255855],[109.68992,-7.255504],[109.690583,-7.255009],[109.690987,-7.254612],[109.691225,-7.254314]]]]}},{"id":"190","type":"Feature","properties":{"DESA":"Jlegong"},"geometry":{"type":"MultiPolygon","coordinates":[[[[109.7052,-7.258614],[109.705484,-7.25885],[109.705818,-7.2598],[109.705817,-7.260198],[109.706212,-7.261158],[109.706453,-7.261539],[109.70672,-7.261829],[109.707599,-7.262419],[109.707881,-7.262583],[109.707962,-7.262927],[109.708022,-7.263361],[109.708111,-7.263786],[109.708347,-7.264131],[109.708489,-7.264457],[109.708518,-7.264827],[109.708982,-7.265181],[109.709146,-7.265525],[109.708688,-7.265814],[109.708342,-7.265903],[109.707926,-7.266028],[109.707974,-7.266345],[109.708251,-7.266572],[109.708046,-7.266933],[109.707931,-7.26724],[109.708134,-7.267503],[109.708444,-7.267748],[109.708672,-7.268056],[109.709022,-7.26832],[109.709062,-7.268718],[109.708785,-7.269196],[109.708354,-7.269521],[109.708095,-7.269818],[109.708008,-7.270198],[109.707886,-7.270704],[109.707834,-7.271066],[109.70766,-7.271562],[109.707401,-7.271978],[109.707107,-7.272384],[109.706916,-7.272763],[109.706967,-7.273197],[109.706914,-7.273523],[109.706655,-7.273712],[109.706667,-7.274164],[109.706716,-7.274544],[109.706831,-7.275141],[109.706947,-7.275476],[109.707129,-7.275974],[109.706878,-7.276426],[109.706676,-7.276941],[109.706723,-7.277872],[109.706588,-7.278523],[109.706503,-7.278902],[109.706047,-7.278711],[109.705744,-7.27853],[109.705483,-7.278294],[109.705306,-7.277886],[109.705008,-7.277397],[109.70452,-7.276726],[109.703881,-7.276046],[109.703288,-7.275439],[109.702515,-7.274604],[109.701877,-7.27397],[109.701272,-7.273416],[109.700649,-7.272872],[109.700138,-7.27231],[109.699689,-7.271757],[109.6992,-7.270733],[109.69905,-7.270172],[109.699021,-7.269693],[109.699031,-7.268987],[109.699184,-7.268246],[109.699375,-7.267541],[109.699456,-7.266936],[109.699543,-7.266041],[109.699676,-7.265236],[109.699713,-7.264332],[109.69972,-7.263798],[109.69986,-7.263328],[109.700093,-7.262859],[109.700386,-7.262525],[109.70069,-7.262155],[109.701094,-7.261768],[109.701695,-7.261281],[109.702173,-7.260875],[109.702804,-7.260271],[109.70371,-7.25974],[109.70456,-7.25911],[109.7052,-7.258614]]]]}},{"id":"191","type":"Feature","properties":{"DESA":"Binangun"},"geometry":{"type":"MultiPolygon","coordinates":[[[[109.713023,-7.249068],[109.713885,-7.248853],[109.714819,-7.248621],[109.715537,-7.248524],[109.716878,-7.248337],[109.7175,-7.248294],[109.718074,-7.248314],[109.719007,-7.248533],[109.719533,-7.24877],[109.72013,-7.248916],[109.7208,-7.249018],[109.72196,-7.248994],[109.723146,-7.24897],[109.723911,-7.248999],[109.724964,-7.249029],[109.725515,-7.249103],[109.726771,-7.249215],[109.726623,-7.250011],[109.726557,-7.250327],[109.726606,-7.250707],[109.726803,-7.251802],[109.726447,-7.252325],[109.725977,-7.252849],[109.725463,-7.253471],[109.725003,-7.253796],[109.72479,-7.254111],[109.724558,-7.2545],[109.724441,-7.255169],[109.724369,-7.255856],[109.724245,-7.256525],[109.724222,-7.257176],[109.724342,-7.258153],[109.724437,-7.259057],[109.724422,-7.259817],[109.724085,-7.261308],[109.722831,-7.262824],[109.722019,-7.263364],[109.721345,-7.263643],[109.720402,-7.263929],[109.719512,-7.264063],[109.718546,-7.264413],[109.717679,-7.264745],[109.717099,-7.264897],[109.716739,-7.265004],[109.716221,-7.264967],[109.715388,-7.264747],[109.714579,-7.264284],[109.713879,-7.263902],[109.713303,-7.263548],[109.712812,-7.263338],[109.712072,-7.263164],[109.711038,-7.263189],[109.710329,-7.263404],[109.709883,-7.263656],[109.70947,-7.263962],[109.709147,-7.264133],[109.708887,-7.264358],[109.708489,-7.264457],[109.708347,-7.264131],[109.708111,-7.263786],[109.708022,-7.263361],[109.707962,-7.262927],[109.707881,-7.262583],[109.707599,-7.262419],[109.70672,-7.261829],[109.706453,-7.261539],[109.706212,-7.261158],[109.705817,-7.260198],[109.705818,-7.2598],[109.705484,-7.25885],[109.7052,-7.258614],[109.704663,-7.258404],[109.703796,-7.258167],[109.703233,-7.257731],[109.702969,-7.257152],[109.702997,-7.256202],[109.703312,-7.255208],[109.703545,-7.254784],[109.704232,-7.253728],[109.704399,-7.253339],[109.704644,-7.253023],[109.705175,-7.252528],[109.705371,-7.252203],[109.705932,-7.251815],[109.706299,-7.251572],[109.706963,-7.251267],[109.707626,-7.250762],[109.708306,-7.249932],[109.70924,-7.249699],[109.709623,-7.249728],[109.710173,-7.249802],[109.710532,-7.249775],[109.711058,-7.249705],[109.711442,-7.249606],[109.711969,-7.249345],[109.713023,-7.249068]]]]}},{"id":"192","type":"Feature","properties":{"DESA":"Karangkobar"},"geometry":{"type":"MultiPolygon","coordinates":[[[[109.725977,-7.252849],[109.726447,-7.252325],[109.72696,-7.252707],[109.72774,-7.252971],[109.72835,-7.25319],[109.728816,-7.25339],[109.729316,-7.253708],[109.729844,-7.254153],[109.730358,-7.254588],[109.730647,-7.254951],[109.731058,-7.255495],[109.731526,-7.256057],[109.732014,-7.256709],[109.732493,-7.257515],[109.732747,-7.257986],[109.732998,-7.258376],[109.733211,-7.258982],[109.733291,-7.259507],[109.733375,-7.259969],[109.733548,-7.260747],[109.733617,-7.261353],[109.733725,-7.262023],[109.733687,-7.262565],[109.733576,-7.262945],[109.733428,-7.263622],[109.733123,-7.263947],[109.732862,-7.264281],[109.73265,-7.264615],[109.732503,-7.26504],[109.732481,-7.265456],[109.732509,-7.26589],[109.732574,-7.266279],[109.732959,-7.266786],[109.733619,-7.266987],[109.73414,-7.26717],[109.734361,-7.267568],[109.734245,-7.267993],[109.734112,-7.268463],[109.733986,-7.269005],[109.733872,-7.269502],[109.733939,-7.270208],[109.734248,-7.270733],[109.735409,-7.271179],[109.736104,-7.271426],[109.737791,-7.27172],[109.738727,-7.27184],[109.738901,-7.271451],[109.739211,-7.270747],[109.739582,-7.270748],[109.740344,-7.270741],[109.740832,-7.270724],[109.74157,-7.270763],[109.742072,-7.270827],[109.742851,-7.271064],[109.743862,-7.271194],[109.744528,-7.271078],[109.74422,-7.271638],[109.74408,-7.272307],[109.744363,-7.272905],[109.74456,-7.273665],[109.744508,-7.274126],[109.74373,-7.274205],[109.742783,-7.274202],[109.741823,-7.274146],[109.74066,-7.274052],[109.739048,-7.273957],[109.738267,-7.273964],[109.737208,-7.274042],[109.73679,-7.274059],[109.736092,-7.274102],[109.734137,-7.274649],[109.733456,-7.274891],[109.732731,-7.275142],[109.731776,-7.275429],[109.731104,-7.275554],[109.730605,-7.275561],[109.730204,-7.275488],[109.729683,-7.275369],[109.729017,-7.275141],[109.728362,-7.27485],[109.727669,-7.274594],[109.727046,-7.274321],[109.726264,-7.273948],[109.726272,-7.273451],[109.726286,-7.272945],[109.726225,-7.272121],[109.72619,-7.271353],[109.726101,-7.270674],[109.725945,-7.270113],[109.725718,-7.269416],[109.725509,-7.268692],[109.725271,-7.268094],[109.724672,-7.26689],[109.724337,-7.266391],[109.723804,-7.265721],[109.723361,-7.265123],[109.72288,-7.264506],[109.722392,-7.263899],[109.722019,-7.263364],[109.722831,-7.262824],[109.724085,-7.261308],[109.724422,-7.259817],[109.724437,-7.259057],[109.724342,-7.258153],[109.724222,-7.257176],[109.724245,-7.256525],[109.724369,-7.255856],[109.724441,-7.255169],[109.724558,-7.2545],[109.72479,-7.254111],[109.725003,-7.253796],[109.725463,-7.253471],[109.725977,-7.252849]]]]}},{"id":"193","type":"Feature","properties":{"DESA":"Leksana"},"geometry":{"type":"MultiPolygon","coordinates":[[[[109.726771,-7.249215],[109.727142,-7.249252],[109.727859,-7.249372],[109.728768,-7.249465],[109.729294,-7.249539],[109.730156,-7.249641],[109.730682,-7.249687],[109.731304,-7.249716],[109.731687,-7.24969],[109.732214,-7.249646],[109.732645,-7.249648],[109.73341,-7.249668],[109.734153,-7.249552],[109.734631,-7.249463],[109.735086,-7.249465],[109.735589,-7.249484],[109.736043,-7.249585],[109.736387,-7.249703],[109.736784,-7.250012],[109.73722,-7.250411],[109.737816,-7.251191],[109.738293,-7.252196],[109.738527,-7.25292],[109.738732,-7.253861],[109.738919,-7.254748],[109.738982,-7.255643],[109.739006,-7.256475],[109.739209,-7.257055],[109.739775,-7.257391],[109.740299,-7.257709],[109.740988,-7.258118],[109.741932,-7.258735],[109.742497,-7.259207],[109.742822,-7.259506],[109.743365,-7.260087],[109.744101,-7.260659],[109.744536,-7.261157],[109.744953,-7.261692],[109.745194,-7.262036],[109.74523,-7.26247],[109.74523,-7.262814],[109.745189,-7.263239],[109.745334,-7.263854],[109.745571,-7.264316],[109.745497,-7.265293],[109.74527,-7.265952],[109.745486,-7.266333],[109.74545,-7.266667],[109.745322,-7.267011],[109.74524,-7.267499],[109.745383,-7.268358],[109.745491,-7.268666],[109.745628,-7.269128],[109.745134,-7.269931],[109.744725,-7.270744],[109.744528,-7.271078],[109.743862,-7.271194],[109.742851,-7.271064],[109.742072,-7.270827],[109.74157,-7.270763],[109.740832,-7.270724],[109.740344,-7.270741],[109.739582,-7.270748],[109.739211,-7.270747],[109.738901,-7.271451],[109.738727,-7.27184],[109.737791,-7.27172],[109.736104,-7.271426],[109.735409,-7.271179],[109.734248,-7.270733],[109.733939,-7.270208],[109.733872,-7.269502],[109.733986,-7.269005],[109.734112,-7.268463],[109.734245,-7.267993],[109.734361,-7.267568],[109.73414,-7.26717],[109.733619,-7.266987],[109.732959,-7.266786],[109.732574,-7.266279],[109.732509,-7.26589],[109.732481,-7.265456],[109.732503,-7.26504],[109.73265,-7.264615],[109.732862,-7.264281],[109.733123,-7.263947],[109.733428,-7.263622],[109.733576,-7.262945],[109.733687,-7.262565],[109.733725,-7.262023],[109.733617,-7.261353],[109.733548,-7.260747],[109.733375,-7.259969],[109.733291,-7.259507],[109.733211,-7.258982],[109.732998,-7.258376],[109.732747,-7.257986],[109.732493,-7.257515],[109.732014,-7.256709],[109.731526,-7.256057],[109.731058,-7.255495],[109.730647,-7.254951],[109.730358,-7.254588],[109.729844,-7.254153],[109.729316,-7.253708],[109.728816,-7.25339],[109.72835,-7.25319],[109.72774,-7.252971],[109.72696,-7.252707],[109.726447,-7.252325],[109.726803,-7.251802],[109.726606,-7.250707],[109.726557,-7.250327],[109.726623,-7.250011],[109.726771,-7.249215]]]]}},{"id":"194","type":"Feature","properties":{"DESA":"Nagasari"},"geometry":{"type":"MultiPolygon","coordinates":[[[[109.726007,-7.320902],[109.726366,-7.320578],[109.726623,-7.320135],[109.72705,-7.319865],[109.727509,-7.319903],[109.728003,-7.320076],[109.728467,-7.32034],[109.728961,-7.321001],[109.729322,-7.321726],[109.729618,-7.322106],[109.729882,-7.322324],[109.730228,-7.32247],[109.730971,-7.322553],[109.731598,-7.322591],[109.732291,-7.322656],[109.73315,-7.322713],[109.733546,-7.322714],[109.734322,-7.322653],[109.73488,-7.322836],[109.735253,-7.323262],[109.735664,-7.323796],[109.736097,-7.323897],[109.736608,-7.323935],[109.737356,-7.323937],[109.73771,-7.324101],[109.738122,-7.324255],[109.738456,-7.324356],[109.738968,-7.32443],[109.739302,-7.324394],[109.739834,-7.324143],[109.740071,-7.32389],[109.74019,-7.323592],[109.740151,-7.323221],[109.740074,-7.322733],[109.739919,-7.321945],[109.73997,-7.321267],[109.740197,-7.321024],[109.740692,-7.320745],[109.741241,-7.320638],[109.741891,-7.320594],[109.742688,-7.320624],[109.743431,-7.320508],[109.744339,-7.320366],[109.745099,-7.320305],[109.745826,-7.32037],[109.746354,-7.320516],[109.746633,-7.320788],[109.746814,-7.32116],[109.747125,-7.322119],[109.747239,-7.322626],[109.747634,-7.323088],[109.748211,-7.323307],[109.74902,-7.323427],[109.749998,-7.323556],[109.749808,-7.325618],[109.749804,-7.327074],[109.749905,-7.328313],[109.749902,-7.329507],[109.750002,-7.330646],[109.750001,-7.331551],[109.750265,-7.332185],[109.750673,-7.33262],[109.75121,-7.332956],[109.752009,-7.333193],[109.751345,-7.333924],[109.751342,-7.334747],[109.750664,-7.335686],[109.750038,-7.336561],[109.750001,-7.337682],[109.749232,-7.338006],[109.748549,-7.338194],[109.747671,-7.3383],[109.747134,-7.33828],[109.746223,-7.338305],[109.745492,-7.338267],[109.744577,-7.338219],[109.743418,-7.338026],[109.742024,-7.337606],[109.741477,-7.337288],[109.74091,-7.336382],[109.740517,-7.335865],[109.740086,-7.33543],[109.739692,-7.335158],[109.73942,-7.334931],[109.739013,-7.334495],[109.738449,-7.333924],[109.737494,-7.333415],[109.737088,-7.33298],[109.736782,-7.33259],[109.736466,-7.33211],[109.736098,-7.331801],[109.73576,-7.33161],[109.735288,-7.331329],[109.734595,-7.330974],[109.734051,-7.330837],[109.733328,-7.330609],[109.732654,-7.330272],[109.732367,-7.329982],[109.732017,-7.329628],[109.731727,-7.329329],[109.730976,-7.328658],[109.730528,-7.328358],[109.730099,-7.328013],[109.729793,-7.327687],[109.728537,-7.326707],[109.728153,-7.326434],[109.727758,-7.326026],[109.727844,-7.325701],[109.726239,-7.32481],[109.724303,-7.324018],[109.724381,-7.323701],[109.724074,-7.323547],[109.723478,-7.323572],[109.723121,-7.323255],[109.723361,-7.322794],[109.723634,-7.322578],[109.724027,-7.322308],[109.724727,-7.321713],[109.72512,-7.321343],[109.725502,-7.3211],[109.726007,-7.320902]]]]}},{"id":"195","type":"Feature","properties":{"DESA":"Aribaya"},"geometry":{"type":"MultiPolygon","coordinates":[[[[109.752009,-7.333193],[109.75268,-7.333267],[109.753398,-7.333152],[109.753809,-7.333072],[109.754309,-7.333046],[109.754761,-7.333092],[109.755112,-7.333157],[109.755705,-7.333412],[109.756639,-7.333477],[109.757536,-7.333263],[109.758896,-7.33267],[109.760077,-7.332194],[109.761119,-7.331645],[109.762087,-7.331159],[109.763311,-7.330656],[109.76435,-7.330306],[109.765351,-7.329956],[109.766659,-7.32958],[109.768019,-7.328987],[109.76856,-7.328816],[109.769576,-7.328557],[109.770416,-7.328297],[109.771276,-7.3281],[109.771945,-7.32803],[109.772457,-7.327968],[109.773047,-7.328096],[109.773476,-7.328604],[109.773915,-7.329401],[109.774481,-7.330307],[109.775159,-7.331132],[109.775436,-7.331594],[109.775036,-7.332307],[109.774271,-7.333282],[109.773348,-7.334545],[109.772595,-7.335511],[109.771943,-7.336196],[109.771325,-7.336963],[109.770735,-7.337921],[109.770253,-7.338634],[109.770004,-7.339076],[109.769833,-7.339347],[109.769623,-7.339871],[109.769559,-7.340838],[109.769367,-7.341652],[109.769145,-7.342592],[109.768968,-7.343179],[109.769046,-7.343722],[109.770266,-7.345136],[109.770674,-7.345897],[109.771058,-7.346748],[109.771173,-7.347246],[109.771137,-7.348069],[109.770824,-7.349108],[109.770343,-7.350228],[109.770124,-7.350996],[109.769917,-7.351674],[109.769819,-7.352506],[109.76972,-7.35331],[109.769651,-7.353997],[109.769171,-7.353815],[109.768906,-7.353543],[109.768661,-7.353289],[109.768461,-7.352764],[109.768163,-7.352438],[109.767821,-7.352238],[109.76784,-7.351867],[109.767791,-7.351361],[109.767437,-7.350591],[109.766889,-7.350399],[109.766566,-7.350037],[109.766093,-7.349846],[109.765637,-7.349446],[109.765424,-7.349102],[109.765131,-7.348613],[109.764923,-7.348368],[109.764437,-7.347933],[109.76393,-7.347479],[109.763627,-7.346257],[109.763605,-7.345742],[109.763465,-7.345235],[109.763163,-7.3448],[109.762688,-7.34413],[109.762405,-7.343668],[109.762051,-7.343079],[109.761807,-7.342409],[109.761576,-7.342037],[109.761279,-7.341539],[109.761077,-7.341077],[109.761,-7.340634],[109.760987,-7.340227],[109.761128,-7.339667],[109.760879,-7.33906],[109.760625,-7.338833],[109.760285,-7.338751],[109.75984,-7.338713],[109.759402,-7.338703],[109.758823,-7.338892],[109.758177,-7.339116],[109.757829,-7.339287],[109.757351,-7.33953],[109.756619,-7.33988],[109.756245,-7.33997],[109.755683,-7.340068],[109.75517,-7.340057],[109.754548,-7.339938],[109.753926,-7.339746],[109.753138,-7.339446],[109.752273,-7.338991],[109.751323,-7.338364],[109.750691,-7.337947],[109.750001,-7.337682],[109.750038,-7.336561],[109.750664,-7.335686],[109.751342,-7.334747],[109.751345,-7.333924],[109.752009,-7.333193]]]]}},{"id":"196","type":"Feature","properties":{"DESA":"Larangan"},"geometry":{"type":"MultiPolygon","coordinates":[[[[109.784838,-7.347545],[109.785628,-7.347502],[109.785966,-7.347711],[109.786393,-7.348056],[109.786331,-7.348463],[109.786016,-7.349176],[109.785702,-7.3498],[109.785701,-7.350234],[109.785892,-7.350614],[109.786122,-7.35132],[109.786213,-7.352342],[109.786304,-7.353238],[109.786582,-7.353926],[109.786829,-7.354578],[109.787014,-7.355076],[109.786981,-7.355663],[109.786918,-7.356224],[109.786761,-7.356839],[109.786322,-7.357742],[109.786047,-7.358184],[109.78582,-7.358835],[109.78526,-7.359385],[109.784824,-7.359565],[109.783828,-7.359815],[109.783423,-7.359995],[109.783235,-7.360465],[109.783339,-7.361405],[109.783425,-7.362138],[109.783336,-7.362464],[109.782827,-7.362842],[109.781609,-7.363671],[109.780635,-7.364265],[109.780215,-7.364553],[109.779794,-7.36486],[109.77933,-7.36503],[109.778821,-7.365011],[109.778159,-7.364855],[109.777762,-7.364628],[109.777453,-7.36432],[109.777166,-7.364165],[109.7767,-7.364155],[109.776211,-7.363747],[109.775951,-7.36352],[109.775484,-7.363292],[109.775044,-7.36321],[109.774673,-7.363091],[109.774038,-7.362574],[109.773894,-7.362221],[109.773702,-7.361605],[109.773505,-7.361071],[109.773236,-7.360392],[109.772863,-7.359794],[109.771952,-7.358535],[109.771696,-7.358199],[109.771317,-7.357619],[109.77104,-7.357221],[109.77051,-7.356704],[109.770209,-7.356522],[109.76989,-7.356349],[109.769661,-7.356014],[109.769704,-7.355607],[109.76976,-7.355219],[109.769554,-7.354567],[109.769651,-7.353997],[109.76972,-7.35331],[109.769819,-7.352506],[109.769917,-7.351674],[109.770124,-7.350996],[109.770343,-7.350228],[109.770824,-7.349108],[109.771137,-7.348069],[109.771173,-7.347246],[109.771799,-7.347953],[109.772388,-7.348407],[109.773007,-7.348707],[109.773699,-7.348926],[109.776398,-7.348997],[109.777529,-7.348864],[109.778613,-7.348596],[109.779511,-7.348417],[109.780638,-7.348113],[109.781404,-7.347862],[109.782125,-7.347601],[109.782575,-7.347548],[109.78337,-7.347596],[109.78399,-7.347579],[109.784838,-7.347545]]]]}},{"id":"197","type":"Feature","properties":{"DESA":"Karangnangka"},"geometry":{"type":"MultiPolygon","coordinates":[[[[109.775436,-7.331594],[109.775944,-7.331893],[109.776527,-7.332374],[109.776743,-7.332619],[109.777274,-7.333],[109.777693,-7.33339],[109.777868,-7.33378],[109.778207,-7.334025],[109.778505,-7.334143],[109.778963,-7.334298],[109.78049,-7.334664],[109.781417,-7.334703],[109.782198,-7.334578],[109.782933,-7.334427],[109.783589,-7.33432],[109.784133,-7.33433],[109.784669,-7.334468],[109.784796,-7.334802],[109.785575,-7.3357],[109.785855,-7.336171],[109.786083,-7.336687],[109.786355,-7.337185],[109.786578,-7.337774],[109.786723,-7.33819],[109.786784,-7.338832],[109.78665,-7.33961],[109.786419,-7.339944],[109.786411,-7.340287],[109.786373,-7.34073],[109.786218,-7.341336],[109.786166,-7.341679],[109.786178,-7.342105],[109.786406,-7.342612],[109.787064,-7.343762],[109.787063,-7.344241],[109.787182,-7.344721],[109.787109,-7.345128],[109.786867,-7.345751],[109.786504,-7.346564],[109.786381,-7.347405],[109.786393,-7.348056],[109.785966,-7.347711],[109.785628,-7.347502],[109.784838,-7.347545],[109.78399,-7.347579],[109.78337,-7.347596],[109.782575,-7.347548],[109.782125,-7.347601],[109.781404,-7.347862],[109.780638,-7.348113],[109.779511,-7.348417],[109.778613,-7.348596],[109.777529,-7.348864],[109.776398,-7.348997],[109.773699,-7.348926],[109.773007,-7.348707],[109.772388,-7.348407],[109.771799,-7.347953],[109.771173,-7.347246],[109.771058,-7.346748],[109.770674,-7.345897],[109.770266,-7.345136],[109.769046,-7.343722],[109.768968,-7.343179],[109.769145,-7.342592],[109.769367,-7.341652],[109.769559,-7.340838],[109.769623,-7.339871],[109.769833,-7.339347],[109.770004,-7.339076],[109.770253,-7.338634],[109.770735,-7.337921],[109.771325,-7.336963],[109.771943,-7.336196],[109.772595,-7.335511],[109.773348,-7.334545],[109.774271,-7.333282],[109.775036,-7.332307],[109.775436,-7.331594]]]]}},{"id":"198","type":"Feature","properties":{"DESA":"Sokaraja"},"geometry":{"type":"MultiPolygon","coordinates":[[[[109.783431,-7.324272],[109.784155,-7.324147],[109.785179,-7.323996],[109.786086,-7.323962],[109.786866,-7.323874],[109.787415,-7.323776],[109.787994,-7.323597],[109.788495,-7.323263],[109.789095,-7.32284],[109.789545,-7.32247],[109.790039,-7.322074],[109.79047,-7.321677],[109.790626,-7.322365],[109.790759,-7.323143],[109.790943,-7.323641],[109.791238,-7.324049],[109.791493,-7.324357],[109.791912,-7.324693],[109.792472,-7.324839],[109.79359,-7.324733],[109.794257,-7.32459],[109.795046,-7.324285],[109.795878,-7.32388],[109.796425,-7.323674],[109.797058,-7.323359],[109.797617,-7.323098],[109.798374,-7.322747],[109.799224,-7.322343],[109.800485,-7.321803],[109.80124,-7.321335],[109.801846,-7.320912],[109.802422,-7.32056],[109.80292,-7.320372],[109.803647,-7.320084],[109.804395,-7.319905],[109.805398,-7.319682],[109.805985,-7.319584],[109.806534,-7.319513],[109.807447,-7.319461],[109.808063,-7.319291],[109.808639,-7.319311],[109.808759,-7.320071],[109.808757,-7.320776],[109.808711,-7.321301],[109.808293,-7.321887],[109.807876,-7.322366],[109.807546,-7.322735],[109.807326,-7.323106],[109.80715,-7.323395],[109.806842,-7.323584],[109.806184,-7.32389],[109.805591,-7.324195],[109.80524,-7.324547],[109.804757,-7.324781],[109.804012,-7.324779],[109.803398,-7.324958],[109.802608,-7.325191],[109.802279,-7.325299],[109.801819,-7.32528],[109.80149,-7.32517],[109.800921,-7.324879],[109.800373,-7.324661],[109.79965,-7.324722],[109.799277,-7.324875],[109.798387,-7.325243],[109.798159,-7.325867],[109.797832,-7.326291],[109.797379,-7.32667],[109.796976,-7.327094],[109.796522,-7.327771],[109.796118,-7.328638],[109.79584,-7.329397],[109.795588,-7.329821],[109.795436,-7.33039],[109.795284,-7.330897],[109.794855,-7.331746],[109.794503,-7.332115],[109.793824,-7.332593],[109.793296,-7.332863],[109.792786,-7.333847],[109.792552,-7.334769],[109.792397,-7.335076],[109.792027,-7.335808],[109.792083,-7.336477],[109.7924,-7.337084],[109.79266,-7.337455],[109.792427,-7.337862],[109.791992,-7.33806],[109.791671,-7.338556],[109.791148,-7.339097],[109.79048,-7.33971],[109.790131,-7.34008],[109.789173,-7.340394],[109.788129,-7.340853],[109.787664,-7.341231],[109.787547,-7.341575],[109.787487,-7.342217],[109.787515,-7.342732],[109.787258,-7.343211],[109.787064,-7.343762],[109.786406,-7.342612],[109.786178,-7.342105],[109.786166,-7.341679],[109.786218,-7.341336],[109.786373,-7.34073],[109.786411,-7.340287],[109.786419,-7.339944],[109.78665,-7.33961],[109.786784,-7.338832],[109.786723,-7.33819],[109.786578,-7.337774],[109.786355,-7.337185],[109.786083,-7.336687],[109.785855,-7.336171],[109.785575,-7.3357],[109.784796,-7.334802],[109.784669,-7.334468],[109.784495,-7.333952],[109.784258,-7.333037],[109.784125,-7.332603],[109.784072,-7.331708],[109.784101,-7.330794],[109.784167,-7.329799],[109.784186,-7.328769],[109.784058,-7.3279],[109.783918,-7.327059],[109.78377,-7.326127],[109.783648,-7.325186],[109.783431,-7.324272]]]]}},{"id":"199","type":"Feature","properties":{"DESA":"Gumingsir"},"geometry":{"type":"MultiPolygon","coordinates":[[[[109.749998,-7.323556],[109.750687,-7.323558],[109.751241,-7.323605],[109.751912,-7.323679],[109.752617,-7.323862],[109.75312,-7.324062],[109.753556,-7.324317],[109.753975,-7.324589],[109.754495,-7.324717],[109.755033,-7.324592],[109.755454,-7.324141],[109.75559,-7.323653],[109.755844,-7.322903],[109.756198,-7.322316],[109.756518,-7.321946],[109.756922,-7.321631],[109.757376,-7.321433],[109.757763,-7.321262],[109.758312,-7.320649],[109.758573,-7.320288],[109.758886,-7.320117],[109.759457,-7.320001],[109.759908,-7.320038],[109.760358,-7.320193],[109.760877,-7.320439],[109.761327,-7.320612],[109.761794,-7.320631],[109.762279,-7.320597],[109.762574,-7.320425],[109.762853,-7.319875],[109.762837,-7.319495],[109.762647,-7.319042],[109.762216,-7.318534],[109.761611,-7.31809],[109.761404,-7.317709],[109.761388,-7.317347],[109.761666,-7.316878],[109.762342,-7.31688],[109.763051,-7.317144],[109.763588,-7.317209],[109.764974,-7.317149],[109.765425,-7.316997],[109.765772,-7.31679],[109.766067,-7.31651],[109.766479,-7.316186],[109.767177,-7.31588],[109.767772,-7.315556],[109.768121,-7.315277],[109.76845,-7.315006],[109.768534,-7.314355],[109.768638,-7.313741],[109.768742,-7.313253],[109.768928,-7.312819],[109.769175,-7.312512],[109.769606,-7.312296],[109.769955,-7.312189],[109.77059,-7.31219],[109.771575,-7.312157],[109.772087,-7.312077],[109.773195,-7.31189],[109.77422,-7.311839],[109.774774,-7.311813],[109.775102,-7.311733],[109.775431,-7.311616],[109.775801,-7.311309],[109.775945,-7.311653],[109.776353,-7.312441],[109.776838,-7.31332],[109.777294,-7.314343],[109.777824,-7.315303],[109.778621,-7.316481],[109.778898,-7.31697],[109.779292,-7.317677],[109.779667,-7.318329],[109.780137,-7.319126],[109.780399,-7.319787],[109.780707,-7.320565],[109.781063,-7.321227],[109.781344,-7.321897],[109.781662,-7.32254],[109.782143,-7.323228],[109.782653,-7.323772],[109.782977,-7.324044],[109.783431,-7.324272],[109.783648,-7.325186],[109.78377,-7.326127],[109.783918,-7.327059],[109.784058,-7.3279],[109.784186,-7.328769],[109.784167,-7.329799],[109.784101,-7.330794],[109.784072,-7.331708],[109.784125,-7.332603],[109.784258,-7.333037],[109.784495,-7.333952],[109.784669,-7.334468],[109.784133,-7.33433],[109.783589,-7.33432],[109.782933,-7.334427],[109.782198,-7.334578],[109.781417,-7.334703],[109.78049,-7.334664],[109.778963,-7.334298],[109.778505,-7.334143],[109.778207,-7.334025],[109.777868,-7.33378],[109.777693,-7.33339],[109.777274,-7.333],[109.776743,-7.332619],[109.776527,-7.332374],[109.775944,-7.331893],[109.775436,-7.331594],[109.775159,-7.331132],[109.774481,-7.330307],[109.773915,-7.329401],[109.773476,-7.328604],[109.773047,-7.328096],[109.772457,-7.327968],[109.771945,-7.32803],[109.771276,-7.3281],[109.770416,-7.328297],[109.769576,-7.328557],[109.76856,-7.328816],[109.768019,-7.328987],[109.766659,-7.32958],[109.765351,-7.329956],[109.76435,-7.330306],[109.763311,-7.330656],[109.762087,-7.331159],[109.761119,-7.331645],[109.760077,-7.332194],[109.758896,-7.33267],[109.757536,-7.333263],[109.756639,-7.333477],[109.755705,-7.333412],[109.755112,-7.333157],[109.754761,-7.333092],[109.754309,-7.333046],[109.753809,-7.333072],[109.753398,-7.333152],[109.75268,-7.333267],[109.752009,-7.333193],[109.75121,-7.332956],[109.750673,-7.33262],[109.750265,-7.332185],[109.750001,-7.331551],[109.750002,-7.330646],[109.749902,-7.329507],[109.749905,-7.328313],[109.749804,-7.327074],[109.749808,-7.325618],[109.749998,-7.323556]]]]}},{"id":"200","type":"Feature","properties":{"DESA":"Kayuares"},"geometry":{"type":"MultiPolygon","coordinates":[[[[109.775801,-7.311309],[109.775945,-7.311002],[109.775987,-7.310632],[109.775906,-7.310288],[109.775735,-7.309916],[109.77534,-7.309545],[109.775091,-7.309065],[109.77553,-7.308478],[109.776185,-7.308181],[109.776837,-7.308264],[109.778075,-7.308539],[109.778672,-7.309065],[109.778883,-7.309663],[109.779145,-7.310324],[109.779382,-7.311039],[109.779931,-7.312008],[109.780462,-7.31229],[109.781091,-7.312463],[109.781606,-7.3126],[109.782219,-7.312566],[109.783766,-7.312299],[109.78441,-7.312255],[109.785121,-7.312474],[109.785913,-7.312693],[109.786497,-7.312776],[109.78693,-7.31285],[109.787425,-7.312878],[109.78818,-7.312799],[109.788818,-7.312746],[109.789725,-7.312722],[109.790674,-7.312634],[109.791351,-7.312645],[109.792347,-7.312692],[109.792031,-7.313976],[109.791857,-7.314771],[109.791484,-7.315638],[109.791161,-7.316488],[109.79074,-7.317083],[109.790224,-7.317661],[109.789839,-7.318139],[109.789549,-7.318771],[109.789539,-7.319242],[109.789675,-7.319902],[109.789994,-7.320563],[109.790241,-7.32108],[109.79047,-7.321677],[109.790039,-7.322074],[109.789545,-7.32247],[109.789095,-7.32284],[109.788495,-7.323263],[109.787994,-7.323597],[109.787415,-7.323776],[109.786866,-7.323874],[109.786086,-7.323962],[109.785179,-7.323996],[109.784155,-7.324147],[109.783431,-7.324272],[109.782977,-7.324044],[109.782653,-7.323772],[109.782143,-7.323228],[109.781662,-7.32254],[109.781344,-7.321897],[109.781063,-7.321227],[109.780707,-7.320565],[109.780399,-7.319787],[109.780137,-7.319126],[109.779667,-7.318329],[109.779292,-7.317677],[109.778898,-7.31697],[109.778621,-7.316481],[109.777824,-7.315303],[109.777294,-7.314343],[109.776838,-7.31332],[109.776353,-7.312441],[109.775945,-7.311653],[109.775801,-7.311309]]]]}},{"id":"201","type":"Feature","properties":{"DESA":"Metawana"},"geometry":{"type":"MultiPolygon","coordinates":[[[[109.796646,-7.309204],[109.797248,-7.309197],[109.7978,-7.309261],[109.799034,-7.309699],[109.799565,-7.310044],[109.800037,-7.310362],[109.80048,-7.310453],[109.800909,-7.310427],[109.80137,-7.3106],[109.801764,-7.310755],[109.802127,-7.310837],[109.802469,-7.310811],[109.80303,-7.310731],[109.803559,-7.310868],[109.803919,-7.310915],[109.804441,-7.311043],[109.805331,-7.311624],[109.805617,-7.311787],[109.806309,-7.312015],[109.807043,-7.312596],[109.80732,-7.312814],[109.807579,-7.313212],[109.807904,-7.313313],[109.808337,-7.31354],[109.809472,-7.313941],[109.810068,-7.314277],[109.810352,-7.314658],[109.810057,-7.315516],[109.810041,-7.315878],[109.809896,-7.316447],[109.809842,-7.316827],[109.80968,-7.317342],[109.80934,-7.317712],[109.809143,-7.318037],[109.808855,-7.31857],[109.808658,-7.318904],[109.808639,-7.319311],[109.808063,-7.319291],[109.807447,-7.319461],[109.806534,-7.319513],[109.805985,-7.319584],[109.805398,-7.319682],[109.804395,-7.319905],[109.803647,-7.320084],[109.80292,-7.320372],[109.802422,-7.32056],[109.801846,-7.320912],[109.80124,-7.321335],[109.800485,-7.321803],[109.799224,-7.322343],[109.798374,-7.322747],[109.797617,-7.323098],[109.797058,-7.323359],[109.796425,-7.323674],[109.795878,-7.32388],[109.795046,-7.324285],[109.794257,-7.32459],[109.79359,-7.324733],[109.792472,-7.324839],[109.791912,-7.324693],[109.791493,-7.324357],[109.791238,-7.324049],[109.790943,-7.323641],[109.790759,-7.323143],[109.790626,-7.322365],[109.79047,-7.321677],[109.790241,-7.32108],[109.789994,-7.320563],[109.789675,-7.319902],[109.789539,-7.319242],[109.789549,-7.318771],[109.789839,-7.318139],[109.790224,-7.317661],[109.79074,-7.317083],[109.791161,-7.316488],[109.791484,-7.315638],[109.791857,-7.314771],[109.792031,-7.313976],[109.792347,-7.312692],[109.792959,-7.312676],[109.793603,-7.312642],[109.794096,-7.312507],[109.794623,-7.312273],[109.795315,-7.311751],[109.795764,-7.311327],[109.796161,-7.310731],[109.796384,-7.309936],[109.796646,-7.309204]]]]}},{"id":"202","type":"Feature","properties":{"DESA":"Kalitlaga"},"geometry":{"type":"MultiPolygon","coordinates":[[[[109.776631,-7.304303],[109.7774,-7.303798],[109.777871,-7.303546],[109.778399,-7.303466],[109.779013,-7.303432],[109.779964,-7.303425],[109.780226,-7.303082],[109.780647,-7.30217],[109.78127,-7.301937],[109.781533,-7.30163],[109.781658,-7.301196],[109.781772,-7.300817],[109.782276,-7.300348],[109.782764,-7.300032],[109.783451,-7.299573],[109.784307,-7.299277],[109.785211,-7.299252],[109.785736,-7.298964],[109.786284,-7.298884],[109.786625,-7.299021],[109.786867,-7.299338],[109.787051,-7.299646],[109.78735,-7.300189],[109.787775,-7.300534],[109.788361,-7.300789],[109.78899,-7.300935],[109.789467,-7.300928],[109.789996,-7.300694],[109.790606,-7.301302],[109.790967,-7.301538],[109.791329,-7.301611],[109.791784,-7.301811],[109.792402,-7.30212],[109.792705,-7.302474],[109.793,-7.303117],[109.793534,-7.303453],[109.793885,-7.303689],[109.794132,-7.304124],[109.794511,-7.304577],[109.794855,-7.304858],[109.795133,-7.305148],[109.795417,-7.305547],[109.795829,-7.306109],[109.796147,-7.306372],[109.796454,-7.30678],[109.796649,-7.307187],[109.79689,-7.307694],[109.797094,-7.308247],[109.796846,-7.30877],[109.796646,-7.309204],[109.796384,-7.309936],[109.796161,-7.310731],[109.795764,-7.311327],[109.795315,-7.311751],[109.794623,-7.312273],[109.794096,-7.312507],[109.793603,-7.312642],[109.792959,-7.312676],[109.792347,-7.312692],[109.791351,-7.312645],[109.790674,-7.312634],[109.789725,-7.312722],[109.788818,-7.312746],[109.78818,-7.312799],[109.787425,-7.312878],[109.78693,-7.31285],[109.786497,-7.312776],[109.785913,-7.312693],[109.785121,-7.312474],[109.78441,-7.312255],[109.783766,-7.312299],[109.782219,-7.312566],[109.781606,-7.3126],[109.781091,-7.312463],[109.780462,-7.31229],[109.779931,-7.312008],[109.779382,-7.311039],[109.779145,-7.310324],[109.778883,-7.309663],[109.778672,-7.309065],[109.778075,-7.308539],[109.776837,-7.308264],[109.776185,-7.308181],[109.776743,-7.307468],[109.777119,-7.306945],[109.777308,-7.306511],[109.777309,-7.306131],[109.776998,-7.30566],[109.776548,-7.304981],[109.776467,-7.304628],[109.776631,-7.304303]]]]}},{"id":"203","type":"Feature","properties":{"DESA":"Plumbungan"},"geometry":{"type":"MultiPolygon","coordinates":[[[[109.780508,-7.290955],[109.781588,-7.29085],[109.782543,-7.290717],[109.783279,-7.290556],[109.783932,-7.290322],[109.785893,-7.289414],[109.786437,-7.289036],[109.786865,-7.288784],[109.787232,-7.288667],[109.7878,-7.288587],[109.788616,-7.2884],[109.789388,-7.288139],[109.79016,-7.287906],[109.790833,-7.287773],[109.791475,-7.287648],[109.791888,-7.287594],[109.792226,-7.287604],[109.792597,-7.287714],[109.793603,-7.288368],[109.794057,-7.288559],[109.794495,-7.288569],[109.794895,-7.288507],[109.795839,-7.288102],[109.796523,-7.287842],[109.796847,-7.287779],[109.797172,-7.287762],[109.797498,-7.287808],[109.797908,-7.28799],[109.7983,-7.28819],[109.798869,-7.288572],[109.799492,-7.288935],[109.799856,-7.2888],[109.800076,-7.289552],[109.80046,-7.290077],[109.800719,-7.290548],[109.800954,-7.291082],[109.801184,-7.2914],[109.801474,-7.291862],[109.801742,-7.292179],[109.802269,-7.292569],[109.802622,-7.292769],[109.803062,-7.292842],[109.803544,-7.292835],[109.803963,-7.292827],[109.804488,-7.292837],[109.805219,-7.293083],[109.806057,-7.293402],[109.80641,-7.293548],[109.806993,-7.293649],[109.807493,-7.293596],[109.808116,-7.293426],[109.808571,-7.293327],[109.809101,-7.293229],[109.809223,-7.293772],[109.809265,-7.294378],[109.809114,-7.295056],[109.808934,-7.295463],[109.808604,-7.296258],[109.808534,-7.296574],[109.808552,-7.297234],[109.808793,-7.29775],[109.808945,-7.298257],[109.809021,-7.298637],[109.809036,-7.299117],[109.808943,-7.299551],[109.808862,-7.29993],[109.808385,-7.300544],[109.808094,-7.300733],[109.807756,-7.301058],[109.807479,-7.301328],[109.806539,-7.301597],[109.80605,-7.30156],[109.805502,-7.301386],[109.804872,-7.301113],[109.804287,-7.30094],[109.803747,-7.300848],[109.803076,-7.300774],[109.802577,-7.300881],[109.802048,-7.301052],[109.801424,-7.301484],[109.801184,-7.301746],[109.800953,-7.302116],[109.80076,-7.302504],[109.800614,-7.303128],[109.800445,-7.303498],[109.800171,-7.303923],[109.799873,-7.304401],[109.79943,-7.304852],[109.798814,-7.305384],[109.798265,-7.305853],[109.797927,-7.306205],[109.797631,-7.306765],[109.797347,-7.307704],[109.797094,-7.308247],[109.79689,-7.307694],[109.796649,-7.307187],[109.796454,-7.30678],[109.796147,-7.306372],[109.795829,-7.306109],[109.795417,-7.305547],[109.795133,-7.305148],[109.794855,-7.304858],[109.794511,-7.304577],[109.794132,-7.304124],[109.793885,-7.303689],[109.793534,-7.303453],[109.793,-7.303117],[109.792705,-7.302474],[109.792402,-7.30212],[109.791784,-7.301811],[109.791329,-7.301611],[109.790967,-7.301538],[109.790606,-7.301302],[109.789996,-7.300694],[109.789467,-7.300928],[109.78899,-7.300935],[109.788361,-7.300789],[109.787775,-7.300534],[109.78735,-7.300189],[109.787051,-7.299646],[109.786867,-7.299338],[109.786625,-7.299021],[109.786284,-7.298884],[109.785736,-7.298964],[109.785211,-7.299252],[109.784307,-7.299277],[109.783451,-7.299573],[109.782764,-7.300032],[109.782696,-7.299481],[109.782494,-7.299145],[109.782214,-7.298674],[109.781664,-7.297642],[109.781295,-7.296456],[109.781255,-7.296013],[109.781279,-7.295335],[109.781311,-7.294756],[109.781143,-7.294068],[109.78133,-7.293454],[109.781065,-7.292467],[109.780868,-7.291924],[109.780751,-7.29158],[109.780508,-7.290955]]]]}},{"id":"204","type":"Feature","properties":{"DESA":"Karekan"},"geometry":{"type":"MultiPolygon","coordinates":[[[[109.781341,-7.273412],[109.782459,-7.273244],[109.782766,-7.273055],[109.783582,-7.273011],[109.78409,-7.272913],[109.784527,-7.27286],[109.784984,-7.272834],[109.785531,-7.272981],[109.785848,-7.273587],[109.785886,-7.273985],[109.785947,-7.27461],[109.786141,-7.275325],[109.786344,-7.275868],[109.786483,-7.276257],[109.786475,-7.276899],[109.786488,-7.277514],[109.786574,-7.277885],[109.786887,-7.278076],[109.787445,-7.278294],[109.787756,-7.278449],[109.788027,-7.278667],[109.788352,-7.279048],[109.788738,-7.27932],[109.789011,-7.279628],[109.789198,-7.279918],[109.789453,-7.280145],[109.79006,-7.28021],[109.790526,-7.280229],[109.791104,-7.28014],[109.791608,-7.280223],[109.792153,-7.280233],[109.792533,-7.28018],[109.792855,-7.28029],[109.793234,-7.280508],[109.793747,-7.280898],[109.794115,-7.281152],[109.794604,-7.281199],[109.795236,-7.2812],[109.796343,-7.280814],[109.797181,-7.280428],[109.797543,-7.280383],[109.798077,-7.280692],[109.798263,-7.281045],[109.798831,-7.281626],[109.799041,-7.281934],[109.799394,-7.282441],[109.79993,-7.282651],[109.800412,-7.282697],[109.8014,-7.282673],[109.801408,-7.283071],[109.801125,-7.283459],[109.801138,-7.283902],[109.800969,-7.284562],[109.800927,-7.285131],[109.800542,-7.285447],[109.800605,-7.285818],[109.800674,-7.286135],[109.800452,-7.286414],[109.800233,-7.286766],[109.800237,-7.28721],[109.800182,-7.287689],[109.799956,-7.288412],[109.799856,-7.2888],[109.799492,-7.288935],[109.798869,-7.288572],[109.7983,-7.28819],[109.797908,-7.28799],[109.797498,-7.287808],[109.797172,-7.287762],[109.796847,-7.287779],[109.796523,-7.287842],[109.795839,-7.288102],[109.794895,-7.288507],[109.794495,-7.288569],[109.794057,-7.288559],[109.793603,-7.288368],[109.792597,-7.287714],[109.792226,-7.287604],[109.791888,-7.287594],[109.791475,-7.287648],[109.790833,-7.287773],[109.79016,-7.287906],[109.789388,-7.288139],[109.788616,-7.2884],[109.7878,-7.288587],[109.787232,-7.288667],[109.786865,-7.288784],[109.786437,-7.289036],[109.785893,-7.289414],[109.783932,-7.290322],[109.783279,-7.290556],[109.782543,-7.290717],[109.781588,-7.29085],[109.780508,-7.290955],[109.779952,-7.29071],[109.779162,-7.290726],[109.77813,-7.29084],[109.777705,-7.290803],[109.777402,-7.290648],[109.77691,-7.290349],[109.776271,-7.289578],[109.77594,-7.28936],[109.775076,-7.289304],[109.774763,-7.289185],[109.774192,-7.288677],[109.774027,-7.288387],[109.773749,-7.287934],[109.773445,-7.287644],[109.773234,-7.287381],[109.773213,-7.28692],[109.773272,-7.286341],[109.772998,-7.285608],[109.772804,-7.285146],[109.772909,-7.284685],[109.773091,-7.284306],[109.77352,-7.28362],[109.773743,-7.283015],[109.773909,-7.282554],[109.774217,-7.282274],[109.774721,-7.282004],[109.775224,-7.281644],[109.775382,-7.281283],[109.775758,-7.281103],[109.776273,-7.280996],[109.776734,-7.280708],[109.776955,-7.280392],[109.777111,-7.280057],[109.777535,-7.278937],[109.777438,-7.278521],[109.776745,-7.278555],[109.776208,-7.278409],[109.776622,-7.27813],[109.776652,-7.277678],[109.776442,-7.277125],[109.776637,-7.2768],[109.777072,-7.276675],[109.777107,-7.276132],[109.777289,-7.275825],[109.777676,-7.27551],[109.777927,-7.275312],[109.778357,-7.27496],[109.778741,-7.274464],[109.778903,-7.273876],[109.779152,-7.273578],[109.779504,-7.273625],[109.7801,-7.273771],[109.781001,-7.273719],[109.781341,-7.273412]]]]}},{"id":"205","type":"Feature","properties":{"DESA":"Kasmaran"},"geometry":{"type":"MultiPolygon","coordinates":[[[[109.8014,-7.282673],[109.802098,-7.282412],[109.802505,-7.28216],[109.803345,-7.281538],[109.803694,-7.281114],[109.803924,-7.280663],[109.804127,-7.280102],[109.804335,-7.279443],[109.80459,-7.278684],[109.804912,-7.278097],[109.805244,-7.277754],[109.805813,-7.277385],[109.807139,-7.276674],[109.807403,-7.276367],[109.807732,-7.275861],[109.808021,-7.275193],[109.8084,-7.274],[109.808614,-7.273349],[109.808817,-7.272798],[109.809126,-7.27222],[109.809377,-7.271895],[109.809609,-7.271561],[109.809733,-7.271137],[109.810409,-7.271853],[109.811198,-7.272651],[109.811797,-7.273249],[109.812312,-7.273712],[109.812629,-7.273957],[109.813275,-7.274347],[109.813941,-7.274883],[109.814558,-7.275427],[109.815235,-7.276206],[109.815626,-7.276777],[109.815956,-7.277366],[109.816227,-7.277855],[109.816485,-7.278299],[109.816774,-7.27905],[109.816995,-7.279539],[109.817266,-7.279974],[109.817534,-7.280291],[109.817859,-7.2806],[109.818189,-7.280872],[109.818825,-7.281082],[109.819629,-7.281301],[109.81996,-7.281582],[109.820339,-7.282162],[109.820251,-7.282523],[109.819888,-7.282396],[109.819565,-7.282494],[109.819291,-7.283018],[109.819298,-7.283552],[109.819541,-7.283941],[109.819491,-7.284457],[109.819114,-7.284628],[109.818772,-7.284708],[109.818516,-7.285033],[109.818389,-7.285449],[109.818637,-7.285847],[109.818528,-7.286471],[109.818649,-7.286779],[109.818892,-7.287096],[109.818607,-7.287303],[109.818252,-7.287293],[109.817889,-7.287175],[109.817533,-7.287111],[109.817075,-7.287037],[109.816182,-7.287044],[109.815293,-7.287521],[109.81517,-7.287864],[109.815332,-7.288154],[109.815729,-7.288363],[109.816145,-7.288572],[109.816464,-7.288727],[109.816791,-7.288981],[109.817,-7.289361],[109.817387,-7.289769],[109.817883,-7.289987],[109.818174,-7.290278],[109.817964,-7.290874],[109.818017,-7.291543],[109.818033,-7.29205],[109.817661,-7.292727],[109.817281,-7.293251],[109.816738,-7.29343],[109.81638,-7.293628],[109.816122,-7.293854],[109.816004,-7.294215],[109.816085,-7.294532],[109.81678,-7.29495],[109.817209,-7.295204],[109.817297,-7.295629],[109.817152,-7.295945],[109.816691,-7.296026],[109.81628,-7.295826],[109.815972,-7.295915],[109.815728,-7.296141],[109.815701,-7.296647],[109.815994,-7.297028],[109.816254,-7.29739],[109.816491,-7.297843],[109.816822,-7.298079],[109.817041,-7.298342],[109.81713,-7.298821],[109.816667,-7.29948],[109.816135,-7.299832],[109.815557,-7.299912],[109.815195,-7.299874],[109.814817,-7.29962],[109.814583,-7.299095],[109.814445,-7.298805],[109.814298,-7.298425],[109.814234,-7.298099],[109.814158,-7.29752],[109.814008,-7.297212],[109.81373,-7.296877],[109.813209,-7.296396],[109.813142,-7.296007],[109.812811,-7.296079],[109.812348,-7.296059],[109.812223,-7.29567],[109.812154,-7.29529],[109.811995,-7.294792],[109.811614,-7.294167],[109.811205,-7.293669],[109.810838,-7.293442],[109.810523,-7.293305],[109.810077,-7.293196],[109.809501,-7.293185],[109.809101,-7.293229],[109.808571,-7.293327],[109.808116,-7.293426],[109.807493,-7.293596],[109.806993,-7.293649],[109.80641,-7.293548],[109.806057,-7.293402],[109.805219,-7.293083],[109.804488,-7.292837],[109.803963,-7.292827],[109.803544,-7.292835],[109.803062,-7.292842],[109.802622,-7.292769],[109.802269,-7.292569],[109.801742,-7.292179],[109.801474,-7.291862],[109.801184,-7.2914],[109.800954,-7.291082],[109.800719,-7.290548],[109.80046,-7.290077],[109.800076,-7.289552],[109.799856,-7.2888],[109.799956,-7.288412],[109.800182,-7.287689],[109.800237,-7.28721],[109.800233,-7.286766],[109.800452,-7.286414],[109.800674,-7.286135],[109.800605,-7.285818],[109.800542,-7.285447],[109.800927,-7.285131],[109.800969,-7.284562],[109.801138,-7.283902],[109.801125,-7.283459],[109.801408,-7.283071],[109.8014,-7.282673]]]]}},{"id":"206","type":"Feature","properties":{"DESA":"Pagentan"},"geometry":{"type":"MultiPolygon","coordinates":[[[[109.809101,-7.293229],[109.809501,-7.293185],[109.810077,-7.293196],[109.810523,-7.293305],[109.810838,-7.293442],[109.811205,-7.293669],[109.811614,-7.294167],[109.811995,-7.294792],[109.812154,-7.29529],[109.812223,-7.29567],[109.812348,-7.296059],[109.812811,-7.296079],[109.813142,-7.296007],[109.813209,-7.296396],[109.81373,-7.296877],[109.814008,-7.297212],[109.814158,-7.29752],[109.814234,-7.298099],[109.814298,-7.298425],[109.814445,-7.298805],[109.814583,-7.299095],[109.814817,-7.29962],[109.815195,-7.299874],[109.815557,-7.299912],[109.816135,-7.299832],[109.816667,-7.29948],[109.816207,-7.300908],[109.81588,-7.30202],[109.815305,-7.302579],[109.815004,-7.302813],[109.814981,-7.303283],[109.815513,-7.30361],[109.816014,-7.303838],[109.816106,-7.304173],[109.816081,-7.304534],[109.816081,-7.30495],[109.816364,-7.305105],[109.816864,-7.304907],[109.817236,-7.304836],[109.817288,-7.305207],[109.81772,-7.30557],[109.818361,-7.306494],[109.817855,-7.307361],[109.817424,-7.307911],[109.816515,-7.308831],[109.816179,-7.309337],[109.81606,-7.309644],[109.815987,-7.309997],[109.815819,-7.310286],[109.815556,-7.310638],[109.815435,-7.311044],[109.815409,-7.311849],[109.815312,-7.312518],[109.815263,-7.313088],[109.815095,-7.313422],[109.81433,-7.313872],[109.813759,-7.314115],[109.813223,-7.314394],[109.812632,-7.314908],[109.812113,-7.315368],[109.811774,-7.31553],[109.811452,-7.315511],[109.810738,-7.315473],[109.810057,-7.315516],[109.810352,-7.314658],[109.810068,-7.314277],[109.809472,-7.313941],[109.808337,-7.31354],[109.807904,-7.313313],[109.807579,-7.313212],[109.80732,-7.312814],[109.807043,-7.312596],[109.806309,-7.312015],[109.805617,-7.311787],[109.805331,-7.311624],[109.804441,-7.311043],[109.803919,-7.310915],[109.803559,-7.310868],[109.80303,-7.310731],[109.802469,-7.310811],[109.802127,-7.310837],[109.801764,-7.310755],[109.80137,-7.3106],[109.800909,-7.310427],[109.80048,-7.310453],[109.800037,-7.310362],[109.799565,-7.310044],[109.799034,-7.309699],[109.7978,-7.309261],[109.797248,-7.309197],[109.796646,-7.309204],[109.796846,-7.30877],[109.797094,-7.308247],[109.797347,-7.307704],[109.797631,-7.306765],[109.797927,-7.306205],[109.798265,-7.305853],[109.798814,-7.305384],[109.79943,-7.304852],[109.799873,-7.304401],[109.800171,-7.303923],[109.800445,-7.303498],[109.800614,-7.303128],[109.80076,-7.302504],[109.800953,-7.302116],[109.801184,-7.301746],[109.801424,-7.301484],[109.802048,-7.301052],[109.802577,-7.300881],[109.803076,-7.300774],[109.803747,-7.300848],[109.804287,-7.30094],[109.804872,-7.301113],[109.805502,-7.301386],[109.80605,-7.30156],[109.806539,-7.301597],[109.807479,-7.301328],[109.807756,-7.301058],[109.808094,-7.300733],[109.808385,-7.300544],[109.808862,-7.29993],[109.808943,-7.299551],[109.809036,-7.299117],[109.809021,-7.298637],[109.808945,-7.298257],[109.808793,-7.29775],[109.808552,-7.297234],[109.808534,-7.296574],[109.808604,-7.296258],[109.808934,-7.295463],[109.809114,-7.295056],[109.809265,-7.294378],[109.809223,-7.293772],[109.809101,-7.293229]]]]}},{"id":"207","type":"Feature","properties":{"DESA":"Babadan"},"geometry":{"type":"MultiPolygon","coordinates":[[[[109.840751,-7.266577],[109.841127,-7.26694],[109.841487,-7.267375],[109.841796,-7.268],[109.842081,-7.268561],[109.842367,-7.268752],[109.84259,-7.269123],[109.842396,-7.269855],[109.842248,-7.270163],[109.84229,-7.270506],[109.842662,-7.270978],[109.842884,-7.271249],[109.842694,-7.271674],[109.84256,-7.27209],[109.842125,-7.272315],[109.841746,-7.272567],[109.841613,-7.272865],[109.842103,-7.273635],[109.842329,-7.27388],[109.842801,-7.274207],[109.843254,-7.274488],[109.843537,-7.274661],[109.843726,-7.27496],[109.843622,-7.275574],[109.842985,-7.275772],[109.842425,-7.275797],[109.842094,-7.275851],[109.841865,-7.276149],[109.842041,-7.276936],[109.842369,-7.277697],[109.842622,-7.278339],[109.842824,-7.278973],[109.8429,-7.27938],[109.843077,-7.279914],[109.843279,-7.280168],[109.843329,-7.280548],[109.843252,-7.280928],[109.842767,-7.281333],[109.842156,-7.281404],[109.841723,-7.281484],[109.841595,-7.281837],[109.84162,-7.282669],[109.841583,-7.283447],[109.841505,-7.283772],[109.840983,-7.284404],[109.8405,-7.284809],[109.840326,-7.285288],[109.840421,-7.285804],[109.840169,-7.286319],[109.839745,-7.28649],[109.839129,-7.285918],[109.838648,-7.286008],[109.838242,-7.28645],[109.837836,-7.286874],[109.836987,-7.287468],[109.836544,-7.287558],[109.836023,-7.287792],[109.835733,-7.288234],[109.835597,-7.288559],[109.835807,-7.289157],[109.836006,-7.289673],[109.835879,-7.290224],[109.835646,-7.290667],[109.835573,-7.291218],[109.835411,-7.291706],[109.835125,-7.291968],[109.834392,-7.292309],[109.833838,-7.292498],[109.833481,-7.292714],[109.83348,-7.293067],[109.833693,-7.293583],[109.833727,-7.294008],[109.833655,-7.294424],[109.833204,-7.294983],[109.832788,-7.295154],[109.832199,-7.294945],[109.831801,-7.294962],[109.831713,-7.295585],[109.831729,-7.295965],[109.831347,-7.29638],[109.830792,-7.296569],[109.830462,-7.296722],[109.830254,-7.296965],[109.830409,-7.297291],[109.830668,-7.297572],[109.830702,-7.298007],[109.830303,-7.298259],[109.829956,-7.298222],[109.829593,-7.298085],[109.829092,-7.29774],[109.828693,-7.297585],[109.82826,-7.297666],[109.827791,-7.298234],[109.827461,-7.298758],[109.82694,-7.29901],[109.826507,-7.299081],[109.826143,-7.299116],[109.825822,-7.299088],[109.825479,-7.299277],[109.825349,-7.299946],[109.825091,-7.300579],[109.825154,-7.301094],[109.82541,-7.30133],[109.825622,-7.301801],[109.825173,-7.302035],[109.824574,-7.301925],[109.82421,-7.301942],[109.823761,-7.302131],[109.823482,-7.302564],[109.823438,-7.30288],[109.823479,-7.303351],[109.823243,-7.30373],[109.82273,-7.303647],[109.822302,-7.30371],[109.821938,-7.303835],[109.821468,-7.303879],[109.820997,-7.304086],[109.820782,-7.304456],[109.82061,-7.304727],[109.819646,-7.30515],[109.819453,-7.305475],[109.819666,-7.3059],[109.819387,-7.30609],[109.818836,-7.306369],[109.818361,-7.306494],[109.81772,-7.30557],[109.817288,-7.305207],[109.817236,-7.304836],[109.816864,-7.304907],[109.816364,-7.305105],[109.816081,-7.30495],[109.816081,-7.304534],[109.816106,-7.304173],[109.816014,-7.303838],[109.815513,-7.30361],[109.814981,-7.303283],[109.815004,-7.302813],[109.815305,-7.302579],[109.81588,-7.30202],[109.816207,-7.300908],[109.816667,-7.29948],[109.817341,-7.299247],[109.818435,-7.298409],[109.818571,-7.298726],[109.818867,-7.299152],[109.819302,-7.298981],[109.819497,-7.298692],[109.81961,-7.298339],[109.819553,-7.297941],[109.819432,-7.29748],[109.819318,-7.297045],[109.819114,-7.296466],[109.819045,-7.296086],[109.819031,-7.295625],[109.819039,-7.295019],[109.819161,-7.294486],[109.819365,-7.294016],[109.819687,-7.293474],[109.820352,-7.292816],[109.820577,-7.2925],[109.820963,-7.292012],[109.821262,-7.291543],[109.82164,-7.29101],[109.822013,-7.290523],[109.822303,-7.290252],[109.822638,-7.290081],[109.823025,-7.290046],[109.823594,-7.29002],[109.824046,-7.29013],[109.824455,-7.290213],[109.82489,-7.290087],[109.824996,-7.289671],[109.824989,-7.28931],[109.825039,-7.288957],[109.825222,-7.288641],[109.825503,-7.288307],[109.825833,-7.287847],[109.82619,-7.287459],[109.826529,-7.287206],[109.826863,-7.286963],[109.827194,-7.286349],[109.827372,-7.285888],[109.827468,-7.285563],[109.827597,-7.284622],[109.827884,-7.284171],[109.828343,-7.283621],[109.828965,-7.283034],[109.829152,-7.28261],[109.829554,-7.282466],[109.8298,-7.282241],[109.830208,-7.281916],[109.830598,-7.2817],[109.830983,-7.281529],[109.831608,-7.280798],[109.831936,-7.280238],[109.832161,-7.279832],[109.832582,-7.279625],[109.832977,-7.279997],[109.833277,-7.28035],[109.833556,-7.280541],[109.834121,-7.280425],[109.834331,-7.280181],[109.834195,-7.279674],[109.834164,-7.278987],[109.834478,-7.278653],[109.834679,-7.27822],[109.834853,-7.277804],[109.834997,-7.277406],[109.83517,-7.276946],[109.835299,-7.276485],[109.835523,-7.276042],[109.835901,-7.275455],[109.836389,-7.274742],[109.836796,-7.274065],[109.837013,-7.273586],[109.837129,-7.273089],[109.837246,-7.272628],[109.837397,-7.271941],[109.837559,-7.2712],[109.83794,-7.270432],[109.838147,-7.270125],[109.838603,-7.269755],[109.839114,-7.269277],[109.839552,-7.268871],[109.839808,-7.268546],[109.840015,-7.268185],[109.840132,-7.267706],[109.840365,-7.267092],[109.840751,-7.266577]]]]}},{"id":"208","type":"Feature","properties":{"DESA":"Majasari"},"geometry":{"type":"MultiPolygon","coordinates":[[[[109.808381,-7.267552],[109.808715,-7.267344],[109.809392,-7.267066],[109.810015,-7.266887],[109.810724,-7.266644],[109.811121,-7.266464],[109.81162,-7.266357],[109.812254,-7.266115],[109.812819,-7.265881],[109.813216,-7.265683],[109.813595,-7.265521],[109.814094,-7.26545],[109.814525,-7.265388],[109.814993,-7.265326],[109.815683,-7.265075],[109.816155,-7.264877],[109.816568,-7.26486],[109.816938,-7.264915],[109.817178,-7.265847],[109.817259,-7.266254],[109.817569,-7.266725],[109.818006,-7.267025],[109.818303,-7.267388],[109.818877,-7.268004],[109.819091,-7.26852],[109.819309,-7.268964],[109.820041,-7.269499],[109.820692,-7.269474],[109.821301,-7.269711],[109.821765,-7.270037],[109.821947,-7.270445],[109.822289,-7.270988],[109.822611,-7.271188],[109.823207,-7.271262],[109.824676,-7.27151],[109.824528,-7.272052],[109.824646,-7.272451],[109.825086,-7.272551],[109.825492,-7.272525],[109.8258,-7.272734],[109.825798,-7.273304],[109.825741,-7.273756],[109.825528,-7.274198],[109.825114,-7.274559],[109.824799,-7.274947],[109.82465,-7.275426],[109.824713,-7.275869],[109.825058,-7.276304],[109.825393,-7.276549],[109.826148,-7.27685],[109.826502,-7.277104],[109.826787,-7.27734],[109.82709,-7.277594],[109.827364,-7.277821],[109.82763,-7.278129],[109.827841,-7.2786],[109.827562,-7.278825],[109.827044,-7.278697],[109.8271,-7.279141],[109.827377,-7.279313],[109.827672,-7.27945],[109.828006,-7.279812],[109.827891,-7.28011],[109.82786,-7.280553],[109.828264,-7.280943],[109.828441,-7.281324],[109.828536,-7.28183],[109.828718,-7.282183],[109.829152,-7.28261],[109.828965,-7.283034],[109.828343,-7.283621],[109.827884,-7.284171],[109.827597,-7.284622],[109.827468,-7.285563],[109.827372,-7.285888],[109.827194,-7.286349],[109.826863,-7.286963],[109.826529,-7.287206],[109.82619,-7.287459],[109.825833,-7.287847],[109.825503,-7.288307],[109.825222,-7.288641],[109.825039,-7.288957],[109.824989,-7.28931],[109.824996,-7.289671],[109.82489,-7.290087],[109.824455,-7.290213],[109.824046,-7.29013],[109.823594,-7.29002],[109.823025,-7.290046],[109.822638,-7.290081],[109.822303,-7.290252],[109.822013,-7.290523],[109.82164,-7.29101],[109.821262,-7.291543],[109.820963,-7.292012],[109.820577,-7.2925],[109.820352,-7.292816],[109.819687,-7.293474],[109.819365,-7.294016],[109.819161,-7.294486],[109.819039,-7.295019],[109.819031,-7.295625],[109.819045,-7.296086],[109.819114,-7.296466],[109.819318,-7.297045],[109.819432,-7.29748],[109.819553,-7.297941],[109.81961,-7.298339],[109.819497,-7.298692],[109.819302,-7.298981],[109.818867,-7.299152],[109.818571,-7.298726],[109.818435,-7.298409],[109.817341,-7.299247],[109.816667,-7.29948],[109.81713,-7.298821],[109.817041,-7.298342],[109.816822,-7.298079],[109.816491,-7.297843],[109.816254,-7.29739],[109.815994,-7.297028],[109.815701,-7.296647],[109.815728,-7.296141],[109.815972,-7.295915],[109.81628,-7.295826],[109.816691,-7.296026],[109.817152,-7.295945],[109.817297,-7.295629],[109.817209,-7.295204],[109.81678,-7.29495],[109.816085,-7.294532],[109.816004,-7.294215],[109.816122,-7.293854],[109.81638,-7.293628],[109.816738,-7.29343],[109.817281,-7.293251],[109.817661,-7.292727],[109.818033,-7.29205],[109.818017,-7.291543],[109.817964,-7.290874],[109.818174,-7.290278],[109.817883,-7.289987],[109.817387,-7.289769],[109.817,-7.289361],[109.816791,-7.288981],[109.816464,-7.288727],[109.816145,-7.288572],[109.815729,-7.288363],[109.815332,-7.288154],[109.81517,-7.287864],[109.815293,-7.287521],[109.816182,-7.287044],[109.817075,-7.287037],[109.817533,-7.287111],[109.817889,-7.287175],[109.818252,-7.287293],[109.818607,-7.287303],[109.818892,-7.287096],[109.818649,-7.286779],[109.818528,-7.286471],[109.818637,-7.285847],[109.818389,-7.285449],[109.818516,-7.285033],[109.818772,-7.284708],[109.819114,-7.284628],[109.819491,-7.284457],[109.819541,-7.283941],[109.819298,-7.283552],[109.819291,-7.283018],[109.819565,-7.282494],[109.819888,-7.282396],[109.820251,-7.282523],[109.820339,-7.282162],[109.81996,-7.281582],[109.819629,-7.281301],[109.818825,-7.281082],[109.818189,-7.280872],[109.817859,-7.2806],[109.817534,-7.280291],[109.817266,-7.279974],[109.816995,-7.279539],[109.816774,-7.27905],[109.816485,-7.278299],[109.816227,-7.277855],[109.815956,-7.277366],[109.815626,-7.276777],[109.815235,-7.276206],[109.814558,-7.275427],[109.813941,-7.274883],[109.813275,-7.274347],[109.812629,-7.273957],[109.812312,-7.273712],[109.811797,-7.273249],[109.811198,-7.272651],[109.810409,-7.271853],[109.809733,-7.271137],[109.809248,-7.270629],[109.809261,-7.270258],[109.80982,-7.26969],[109.80998,-7.269166],[109.809213,-7.268268],[109.808788,-7.267951],[109.808381,-7.267552]]]]}},{"id":"209","type":"Feature","properties":{"DESA":"Tegaljeruk"},"geometry":{"type":"MultiPolygon","coordinates":[[[[109.832191,-7.261681],[109.832372,-7.261392],[109.833154,-7.261529],[109.833913,-7.261622],[109.834521,-7.261705],[109.834934,-7.261706],[109.835396,-7.261653],[109.8359,-7.261482],[109.836646,-7.260878],[109.836957,-7.260743],[109.837828,-7.260809],[109.838218,-7.260918],[109.838634,-7.261489],[109.838923,-7.261906],[109.839339,-7.262413],[109.83954,-7.262785],[109.839688,-7.263255],[109.839815,-7.263672],[109.83963,-7.26397],[109.839449,-7.26425],[109.839736,-7.264666],[109.840051,-7.265273],[109.84061,-7.265618],[109.840715,-7.266134],[109.840751,-7.266577],[109.840365,-7.267092],[109.840132,-7.267706],[109.840015,-7.268185],[109.839808,-7.268546],[109.839552,-7.268871],[109.839114,-7.269277],[109.838603,-7.269755],[109.838147,-7.270125],[109.83794,-7.270432],[109.837559,-7.2712],[109.837397,-7.271941],[109.837246,-7.272628],[109.837129,-7.273089],[109.837013,-7.273586],[109.836796,-7.274065],[109.836389,-7.274742],[109.835901,-7.275455],[109.835523,-7.276042],[109.835299,-7.276485],[109.83517,-7.276946],[109.834997,-7.277406],[109.834853,-7.277804],[109.834679,-7.27822],[109.834478,-7.278653],[109.834164,-7.278987],[109.834195,-7.279674],[109.834331,-7.280181],[109.834121,-7.280425],[109.833556,-7.280541],[109.833277,-7.28035],[109.832977,-7.279997],[109.832582,-7.279625],[109.832161,-7.279832],[109.831936,-7.280238],[109.831608,-7.280798],[109.830983,-7.281529],[109.830598,-7.2817],[109.830208,-7.281916],[109.8298,-7.282241],[109.829554,-7.282466],[109.829152,-7.28261],[109.828718,-7.282183],[109.828536,-7.28183],[109.828441,-7.281324],[109.828264,-7.280943],[109.82786,-7.280553],[109.827891,-7.28011],[109.828006,-7.279812],[109.827672,-7.27945],[109.827377,-7.279313],[109.8271,-7.279141],[109.827044,-7.278697],[109.827562,-7.278825],[109.827841,-7.2786],[109.82763,-7.278129],[109.827364,-7.277821],[109.82709,-7.277594],[109.826787,-7.27734],[109.826502,-7.277104],[109.826148,-7.27685],[109.825393,-7.276549],[109.825058,-7.276304],[109.824713,-7.275869],[109.82465,-7.275426],[109.824799,-7.274947],[109.825114,-7.274559],[109.825528,-7.274198],[109.825741,-7.273756],[109.825798,-7.273304],[109.8258,-7.272734],[109.825492,-7.272525],[109.825086,-7.272551],[109.824646,-7.272451],[109.824528,-7.272052],[109.824676,-7.27151],[109.825143,-7.271493],[109.82544,-7.271639],[109.82596,-7.271703],[109.82607,-7.27136],[109.825976,-7.270555],[109.82594,-7.270166],[109.826299,-7.270004],[109.826548,-7.269616],[109.826412,-7.269308],[109.826175,-7.268882],[109.826062,-7.268348],[109.826428,-7.268033],[109.826865,-7.267844],[109.827186,-7.267673],[109.826996,-7.267374],[109.826346,-7.266857],[109.826482,-7.26645],[109.8266,-7.265926],[109.826659,-7.265429],[109.827033,-7.26543],[109.827693,-7.265458],[109.828022,-7.265242],[109.82812,-7.264863],[109.828096,-7.264392],[109.828272,-7.26395],[109.828577,-7.263688],[109.829061,-7.263282],[109.829301,-7.262985],[109.829445,-7.262668],[109.829675,-7.262217],[109.830187,-7.261838],[109.830873,-7.261722],[109.831474,-7.261362],[109.831782,-7.261535],[109.832191,-7.261681]]]]}},{"id":"210","type":"Feature","properties":{"DESA":"Kalilunjar"},"geometry":{"type":"MultiPolygon","coordinates":[[[[109.772211,-7.264814],[109.772616,-7.264463],[109.773221,-7.263967],[109.774117,-7.263345],[109.774899,-7.262977],[109.775818,-7.262536],[109.7766,-7.261833],[109.777665,-7.261184],[109.77827,-7.261068],[109.778751,-7.261043],[109.779586,-7.260828],[109.780375,-7.260504],[109.781122,-7.26028],[109.780403,-7.261752],[109.780212,-7.262276],[109.779744,-7.263442],[109.77951,-7.264038],[109.779275,-7.264499],[109.778788,-7.265547],[109.778551,-7.26579],[109.77811,-7.26634],[109.777756,-7.266737],[109.777468,-7.267098],[109.777196,-7.267622],[109.776744,-7.268643],[109.77627,-7.269429],[109.775675,-7.270105],[109.775015,-7.27099],[109.774574,-7.27154],[109.774236,-7.271928],[109.773928,-7.272199],[109.772322,-7.272692],[109.771817,-7.273152],[109.77133,-7.273575],[109.770974,-7.273846],[109.770632,-7.273691],[109.770215,-7.273518],[109.769923,-7.273056],[109.769795,-7.272685],[109.769708,-7.272214],[109.769705,-7.271862],[109.769796,-7.271455],[109.769208,-7.271417],[109.768812,-7.271199],[109.768611,-7.2709],[109.768446,-7.270565],[109.768447,-7.270167],[109.769004,-7.269897],[109.769084,-7.269491],[109.768886,-7.269237],[109.768393,-7.26862],[109.768553,-7.267961],[109.768671,-7.267626],[109.768149,-7.267218],[109.768635,-7.266903],[109.769635,-7.266064],[109.770131,-7.265623],[109.770701,-7.265579],[109.77128,-7.265427],[109.771956,-7.265085],[109.772211,-7.264814]]]]}},{"id":"211","type":"Feature","properties":{"DESA":"Biting"},"geometry":{"type":"MultiPolygon","coordinates":[[[[109.778093,-7.248533],[109.77862,-7.246861],[109.778728,-7.245813],[109.779148,-7.245298],[109.779987,-7.244667],[109.780407,-7.243728],[109.781037,-7.243106],[109.781874,-7.2429],[109.78271,-7.243427],[109.783753,-7.244678],[109.784587,-7.245521],[109.785107,-7.246671],[109.785627,-7.247821],[109.786357,-7.248863],[109.786908,-7.249986],[109.787242,-7.250683],[109.787658,-7.251245],[109.788148,-7.251698],[109.788716,-7.252351],[109.789108,-7.252886],[109.789419,-7.253529],[109.789725,-7.254208],[109.790023,-7.254796],[109.790337,-7.254996],[109.790002,-7.256343],[109.78965,-7.256658],[109.789089,-7.256919],[109.788643,-7.256827],[109.788238,-7.256754],[109.788042,-7.257034],[109.78833,-7.257641],[109.788267,-7.258147],[109.788316,-7.258699],[109.788457,-7.259079],[109.788498,-7.259441],[109.788447,-7.25982],[109.788261,-7.260263],[109.788124,-7.260561],[109.788013,-7.261095],[109.787797,-7.261438],[109.787544,-7.261826],[109.787445,-7.262223],[109.787219,-7.262567],[109.786893,-7.262611],[109.786079,-7.261813],[109.785753,-7.26155],[109.785281,-7.261521],[109.785015,-7.261882],[109.785231,-7.262615],[109.785016,-7.26304],[109.784519,-7.263093],[109.784105,-7.263318],[109.783933,-7.263661],[109.784314,-7.264078],[109.784805,-7.264125],[109.785221,-7.264469],[109.785258,-7.264922],[109.785063,-7.2655],[109.783542,-7.266039],[109.783324,-7.266382],[109.783695,-7.267061],[109.783848,-7.267351],[109.783878,-7.267794],[109.783283,-7.268416],[109.783255,-7.268769],[109.782913,-7.269401],[109.782713,-7.269871],[109.782988,-7.27036],[109.783094,-7.270794],[109.782779,-7.270911],[109.782169,-7.270819],[109.781752,-7.270746],[109.781392,-7.270862],[109.781154,-7.271305],[109.781746,-7.271731],[109.781527,-7.272825],[109.781341,-7.273412],[109.781001,-7.273719],[109.7801,-7.273771],[109.779504,-7.273625],[109.779152,-7.273578],[109.778903,-7.273876],[109.778741,-7.274464],[109.778357,-7.27496],[109.777927,-7.275312],[109.777676,-7.27551],[109.777289,-7.275825],[109.777107,-7.276132],[109.777072,-7.276675],[109.776637,-7.2768],[109.776442,-7.277125],[109.776652,-7.277678],[109.776622,-7.27813],[109.776208,-7.278409],[109.775816,-7.278498],[109.775399,-7.278597],[109.77528,-7.27828],[109.775864,-7.277449],[109.775848,-7.27687],[109.775637,-7.276228],[109.775318,-7.2762],[109.774921,-7.276126],[109.774604,-7.275312],[109.774359,-7.27475],[109.773584,-7.27492],[109.773213,-7.274494],[109.773032,-7.274195],[109.772642,-7.273986],[109.771969,-7.274002],[109.771526,-7.274073],[109.770974,-7.273846],[109.77133,-7.273575],[109.771817,-7.273152],[109.772322,-7.272692],[109.773928,-7.272199],[109.774236,-7.271928],[109.774574,-7.27154],[109.775015,-7.27099],[109.775675,-7.270105],[109.77627,-7.269429],[109.776744,-7.268643],[109.777196,-7.267622],[109.777468,-7.267098],[109.777756,-7.266737],[109.77811,-7.26634],[109.778551,-7.26579],[109.778788,-7.265547],[109.779275,-7.264499],[109.77951,-7.264038],[109.779744,-7.263442],[109.780212,-7.262276],[109.780403,-7.261752],[109.781122,-7.26028],[109.781424,-7.259657],[109.781773,-7.258907],[109.782276,-7.257932],[109.782714,-7.257228],[109.783143,-7.256008],[109.783138,-7.255348],[109.783119,-7.254642],[109.783154,-7.254118],[109.783224,-7.253485],[109.783191,-7.253051],[109.783332,-7.252481],[109.783539,-7.252201],[109.783679,-7.251704],[109.783339,-7.251197],[109.7829,-7.250698],[109.782493,-7.250281],[109.782137,-7.25],[109.780602,-7.249263],[109.779138,-7.248843],[109.778093,-7.248533]]]]}},{"id":"212","type":"Feature","properties":{"DESA":"Tlahab"},"geometry":{"type":"MultiPolygon","coordinates":[[[[109.790462,-7.25468],[109.791349,-7.254366],[109.792199,-7.253997],[109.793063,-7.253674],[109.793833,-7.253305],[109.794724,-7.252783],[109.795321,-7.252206],[109.795904,-7.252795],[109.796152,-7.253013],[109.796947,-7.253946],[109.797262,-7.254327],[109.79745,-7.254771],[109.797308,-7.255476],[109.797606,-7.256408],[109.797407,-7.257348],[109.79736,-7.257954],[109.797447,-7.258443],[109.797183,-7.259003],[109.796907,-7.259635],[109.79649,-7.259978],[109.79595,-7.260211],[109.795655,-7.2605],[109.795676,-7.260988],[109.795629,-7.261314],[109.795051,-7.261475],[109.794679,-7.261601],[109.794298,-7.261799],[109.794018,-7.262413],[109.793444,-7.262854],[109.792868,-7.262862],[109.792577,-7.263078],[109.792381,-7.263647],[109.792123,-7.264253],[109.791613,-7.264776],[109.790983,-7.265263],[109.790347,-7.265704],[109.789998,-7.266011],[109.789877,-7.266336],[109.789696,-7.266706],[109.789211,-7.266877],[109.789257,-7.267266],[109.789478,-7.267574],[109.788952,-7.268178],[109.788491,-7.268765],[109.788327,-7.269063],[109.788452,-7.26947],[109.78838,-7.269832],[109.787867,-7.27031],[109.787541,-7.270607],[109.787092,-7.271022],[109.786853,-7.271347],[109.786636,-7.271799],[109.78644,-7.272404],[109.78623,-7.272901],[109.785848,-7.273587],[109.785531,-7.272981],[109.784984,-7.272834],[109.784527,-7.27286],[109.78409,-7.272913],[109.783582,-7.273011],[109.782766,-7.273055],[109.782459,-7.273244],[109.781341,-7.273412],[109.781527,-7.272825],[109.781746,-7.271731],[109.781154,-7.271305],[109.781392,-7.270862],[109.781752,-7.270746],[109.782169,-7.270819],[109.782779,-7.270911],[109.783094,-7.270794],[109.782988,-7.27036],[109.782713,-7.269871],[109.782913,-7.269401],[109.783255,-7.268769],[109.783283,-7.268416],[109.783878,-7.267794],[109.783848,-7.267351],[109.783695,-7.267061],[109.783324,-7.266382],[109.783542,-7.266039],[109.785063,-7.2655],[109.785258,-7.264922],[109.785221,-7.264469],[109.784805,-7.264125],[109.784314,-7.264078],[109.783933,-7.263661],[109.784105,-7.263318],[109.784519,-7.263093],[109.785016,-7.26304],[109.785231,-7.262615],[109.785015,-7.261882],[109.785281,-7.261521],[109.785753,-7.26155],[109.786079,-7.261813],[109.786893,-7.262611],[109.787219,-7.262567],[109.787445,-7.262223],[109.787544,-7.261826],[109.787797,-7.261438],[109.788013,-7.261095],[109.788124,-7.260561],[109.788261,-7.260263],[109.788447,-7.25982],[109.788498,-7.259441],[109.788457,-7.259079],[109.788316,-7.258699],[109.788267,-7.258147],[109.78833,-7.257641],[109.788042,-7.257034],[109.788238,-7.256754],[109.788643,-7.256827],[109.789089,-7.256919],[109.78965,-7.256658],[109.790002,-7.256343],[109.790337,-7.254996],[109.790462,-7.25468]]]]}},{"id":"213","type":"Feature","properties":{"DESA":"Darmayasa"},"geometry":{"type":"MultiPolygon","coordinates":[[[[109.794679,-7.261601],[109.795051,-7.261475],[109.795629,-7.261314],[109.795676,-7.260988],[109.795655,-7.2605],[109.79595,-7.260211],[109.79649,-7.259978],[109.796907,-7.259635],[109.797183,-7.259003],[109.797447,-7.258443],[109.79736,-7.257954],[109.797407,-7.257348],[109.797606,-7.256408],[109.797308,-7.255476],[109.79745,-7.254771],[109.797803,-7.254935],[109.798305,-7.255171],[109.799095,-7.255797],[109.799719,-7.256405],[109.800224,-7.257021],[109.800753,-7.257574],[109.80126,-7.257973],[109.802159,-7.258175],[109.80292,-7.258421],[109.803501,-7.258739],[109.803964,-7.259093],[109.804399,-7.259591],[109.80483,-7.260289],[109.805198,-7.260896],[109.805617,-7.261621],[109.805845,-7.262137],[109.806086,-7.262689],[109.806219,-7.263114],[109.806246,-7.263567],[109.80631,-7.264019],[109.806534,-7.264671],[109.806848,-7.265458],[109.807181,-7.266228],[109.807531,-7.266934],[109.807832,-7.267279],[109.808381,-7.267552],[109.808788,-7.267951],[109.809213,-7.268268],[109.80998,-7.269166],[109.80982,-7.26969],[109.809261,-7.270258],[109.809248,-7.270629],[109.809733,-7.271137],[109.809609,-7.271561],[109.809377,-7.271895],[109.809126,-7.27222],[109.808817,-7.272798],[109.808614,-7.273349],[109.8084,-7.274],[109.808021,-7.275193],[109.807732,-7.275861],[109.807403,-7.276367],[109.807139,-7.276674],[109.805813,-7.277385],[109.805244,-7.277754],[109.804912,-7.278097],[109.80459,-7.278684],[109.804335,-7.279443],[109.804127,-7.280102],[109.803924,-7.280663],[109.803694,-7.281114],[109.803345,-7.281538],[109.802505,-7.28216],[109.802098,-7.282412],[109.8014,-7.282673],[109.800412,-7.282697],[109.79993,-7.282651],[109.799394,-7.282441],[109.799041,-7.281934],[109.798831,-7.281626],[109.798263,-7.281045],[109.798077,-7.280692],[109.797543,-7.280383],[109.797181,-7.280428],[109.796343,-7.280814],[109.795236,-7.2812],[109.794604,-7.281199],[109.794115,-7.281152],[109.793747,-7.280898],[109.793234,-7.280508],[109.792855,-7.28029],[109.792533,-7.28018],[109.792153,-7.280233],[109.791608,-7.280223],[109.791104,-7.28014],[109.790526,-7.280229],[109.79006,-7.28021],[109.789453,-7.280145],[109.789198,-7.279918],[109.789011,-7.279628],[109.788738,-7.27932],[109.788352,-7.279048],[109.788027,-7.278667],[109.787756,-7.278449],[109.787445,-7.278294],[109.786887,-7.278076],[109.786574,-7.277885],[109.786488,-7.277514],[109.786475,-7.276899],[109.786483,-7.276257],[109.786344,-7.275868],[109.786141,-7.275325],[109.785947,-7.27461],[109.785886,-7.273985],[109.785848,-7.273587],[109.78623,-7.272901],[109.78644,-7.272404],[109.786636,-7.271799],[109.786853,-7.271347],[109.787092,-7.271022],[109.787541,-7.270607],[109.787867,-7.27031],[109.78838,-7.269832],[109.788452,-7.26947],[109.788327,-7.269063],[109.788491,-7.268765],[109.788952,-7.268178],[109.789478,-7.267574],[109.789257,-7.267266],[109.789211,-7.266877],[109.789696,-7.266706],[109.789877,-7.266336],[109.789998,-7.266011],[109.790347,-7.265704],[109.790983,-7.265263],[109.791613,-7.264776],[109.792123,-7.264253],[109.792381,-7.263647],[109.792577,-7.263078],[109.792868,-7.262862],[109.793444,-7.262854],[109.794018,-7.262413],[109.794298,-7.261799],[109.794679,-7.261601]]]]}},{"id":"214","type":"Feature","properties":{"DESA":"Pejawaran"},"geometry":{"type":"MultiPolygon","coordinates":[[[[109.813962,-7.236319],[109.814379,-7.236736],[109.815423,-7.23768],[109.816049,-7.238414],[109.81657,-7.239347],[109.817091,-7.240081],[109.817508,-7.240606],[109.818657,-7.241342],[109.81991,-7.242177],[109.820429,-7.243743],[109.820008,-7.244583],[109.819482,-7.24583],[109.818956,-7.246877],[109.818116,-7.248123],[109.817762,-7.249986],[109.81777,-7.250365],[109.818215,-7.250746],[109.818755,-7.251381],[109.819123,-7.251617],[109.819349,-7.252187],[109.819386,-7.25254],[109.819256,-7.253164],[109.819242,-7.253643],[109.818975,-7.254059],[109.818434,-7.254763],[109.818127,-7.255051],[109.818093,-7.25553],[109.818313,-7.256055],[109.81829,-7.256417],[109.818209,-7.256761],[109.81828,-7.257222],[109.818706,-7.257576],[109.818959,-7.257965],[109.819269,-7.258129],[109.819163,-7.258536],[109.819347,-7.258961],[109.819145,-7.25925],[109.819052,-7.259756],[109.819256,-7.260263],[109.819164,-7.26067],[109.818998,-7.260968],[109.819054,-7.261556],[109.819612,-7.261784],[109.820057,-7.262074],[109.819904,-7.262508],[109.819509,-7.262625],[109.81941,-7.262959],[109.819551,-7.263285],[109.819833,-7.263747],[109.820097,-7.264308],[109.820017,-7.264688],[109.820195,-7.265222],[109.820964,-7.26602],[109.820921,-7.266544],[109.820745,-7.266815],[109.82103,-7.267187],[109.821265,-7.267413],[109.821006,-7.26782],[109.821092,-7.268571],[109.821066,-7.269276],[109.821301,-7.269711],[109.820692,-7.269474],[109.820041,-7.269499],[109.819309,-7.268964],[109.819091,-7.26852],[109.818877,-7.268004],[109.818303,-7.267388],[109.818006,-7.267025],[109.817569,-7.266725],[109.817259,-7.266254],[109.817178,-7.265847],[109.816938,-7.264915],[109.816568,-7.26486],[109.816155,-7.264877],[109.815683,-7.265075],[109.814993,-7.265326],[109.814525,-7.265388],[109.814094,-7.26545],[109.813595,-7.265521],[109.813216,-7.265683],[109.812819,-7.265881],[109.812254,-7.266115],[109.81162,-7.266357],[109.811121,-7.266464],[109.810724,-7.266644],[109.810015,-7.266887],[109.809392,-7.267066],[109.808715,-7.267344],[109.808381,-7.267552],[109.807832,-7.267279],[109.807531,-7.266934],[109.807181,-7.266228],[109.806848,-7.265458],[109.806534,-7.264671],[109.80631,-7.264019],[109.806246,-7.263567],[109.806219,-7.263114],[109.806086,-7.262689],[109.805845,-7.262137],[109.805617,-7.261621],[109.805198,-7.260896],[109.80483,-7.260289],[109.804399,-7.259591],[109.803964,-7.259093],[109.803501,-7.258739],[109.80292,-7.258421],[109.802159,-7.258175],[109.80126,-7.257973],[109.800753,-7.257574],[109.800224,-7.257021],[109.799719,-7.256405],[109.799095,-7.255797],[109.798305,-7.255171],[109.797803,-7.254935],[109.79745,-7.254771],[109.797262,-7.254327],[109.796947,-7.253946],[109.796152,-7.253013],[109.795904,-7.252795],[109.795321,-7.252206],[109.795462,-7.251853],[109.796102,-7.250716],[109.796387,-7.250309],[109.796847,-7.250003],[109.798236,-7.249012],[109.799181,-7.247866],[109.800333,-7.247344],[109.801171,-7.246831],[109.801592,-7.245991],[109.801595,-7.244842],[109.802227,-7.243488],[109.802856,-7.242757],[109.803484,-7.242451],[109.805054,-7.242247],[109.806312,-7.24131],[109.807152,-7.240371],[109.808096,-7.239325],[109.809248,-7.23902],[109.810085,-7.238706],[109.810923,-7.238292],[109.812181,-7.237463],[109.812496,-7.236831],[109.813125,-7.236417],[109.813962,-7.236319]]]]}},{"id":"215","type":"Feature","properties":{"DESA":"Pengundungan"},"geometry":{"type":"MultiPolygon","coordinates":[[[[109.820429,-7.243743],[109.821381,-7.241955],[109.822745,-7.240394],[109.82369,-7.239248],[109.824529,-7.238418],[109.825889,-7.238213],[109.82725,-7.238108],[109.828297,-7.237378],[109.829766,-7.235926],[109.830601,-7.236869],[109.831015,-7.238226],[109.831535,-7.239476],[109.832579,-7.240528],[109.833517,-7.241778],[109.833513,-7.243451],[109.834487,-7.24595],[109.834485,-7.246999],[109.83469,-7.248248],[109.834222,-7.249956],[109.834092,-7.250588],[109.833585,-7.250886],[109.833226,-7.251029],[109.83367,-7.251546],[109.834,-7.251764],[109.83429,-7.252181],[109.834331,-7.252606],[109.834341,-7.253031],[109.834535,-7.253963],[109.834473,-7.254894],[109.83442,-7.255591],[109.834563,-7.256233],[109.834686,-7.256586],[109.834465,-7.256866],[109.834015,-7.257046],[109.833682,-7.257443],[109.833639,-7.258067],[109.833776,-7.258565],[109.833837,-7.25918],[109.833707,-7.259523],[109.833149,-7.259594],[109.832649,-7.259782],[109.832986,-7.260326],[109.833168,-7.260616],[109.833029,-7.261013],[109.832646,-7.260958],[109.832372,-7.261392],[109.832191,-7.261681],[109.831782,-7.261535],[109.831474,-7.261362],[109.830873,-7.261722],[109.830187,-7.261838],[109.829675,-7.262217],[109.829445,-7.262668],[109.829301,-7.262985],[109.829061,-7.263282],[109.828577,-7.263688],[109.828272,-7.26395],[109.828096,-7.264392],[109.82812,-7.264863],[109.828022,-7.265242],[109.827693,-7.265458],[109.827033,-7.26543],[109.826659,-7.265429],[109.8266,-7.265926],[109.826482,-7.26645],[109.826346,-7.266857],[109.826996,-7.267374],[109.827186,-7.267673],[109.826865,-7.267844],[109.826428,-7.268033],[109.826062,-7.268348],[109.826175,-7.268882],[109.826412,-7.269308],[109.826548,-7.269616],[109.826299,-7.270004],[109.82594,-7.270166],[109.825976,-7.270555],[109.82607,-7.27136],[109.82596,-7.271703],[109.82544,-7.271639],[109.825143,-7.271493],[109.824676,-7.27151],[109.823207,-7.271262],[109.822611,-7.271188],[109.822289,-7.270988],[109.821947,-7.270445],[109.821765,-7.270037],[109.821301,-7.269711],[109.821066,-7.269276],[109.821092,-7.268571],[109.821006,-7.26782],[109.821265,-7.267413],[109.82103,-7.267187],[109.820745,-7.266815],[109.820921,-7.266544],[109.820964,-7.26602],[109.820195,-7.265222],[109.820017,-7.264688],[109.820097,-7.264308],[109.819833,-7.263747],[109.819551,-7.263285],[109.81941,-7.262959],[109.819509,-7.262625],[109.819904,-7.262508],[109.820057,-7.262074],[109.819612,-7.261784],[109.819054,-7.261556],[109.818998,-7.260968],[109.819164,-7.26067],[109.819256,-7.260263],[109.819052,-7.259756],[109.819145,-7.25925],[109.819347,-7.258961],[109.819163,-7.258536],[109.819269,-7.258129],[109.818959,-7.257965],[109.818706,-7.257576],[109.81828,-7.257222],[109.818209,-7.256761],[109.81829,-7.256417],[109.818313,-7.256055],[109.818093,-7.25553],[109.818127,-7.255051],[109.818434,-7.254763],[109.818975,-7.254059],[109.819242,-7.253643],[109.819256,-7.253164],[109.819386,-7.25254],[109.819349,-7.252187],[109.819123,-7.251617],[109.818755,-7.251381],[109.818215,-7.250746],[109.81777,-7.250365],[109.817762,-7.249986],[109.818116,-7.248123],[109.818956,-7.246877],[109.819482,-7.24583],[109.820008,-7.244583],[109.820429,-7.243743]]]]}},{"id":"216","type":"Feature","properties":{"DESA":"Beji"},"geometry":{"type":"MultiPolygon","coordinates":[[[[109.827096,-7.229923],[109.82825,-7.229094],[109.830448,-7.228267],[109.833382,-7.226701],[109.836943,-7.225046],[109.838724,-7.224002],[109.839876,-7.223272],[109.841131,-7.2237],[109.841546,-7.22485],[109.842171,-7.2261],[109.842587,-7.227041],[109.842585,-7.227774],[109.843419,-7.228816],[109.844776,-7.229968],[109.8454,-7.231435],[109.846862,-7.232479],[109.848351,-7.233143],[109.847616,-7.234081],[109.847091,-7.234813],[109.845938,-7.235434],[109.845519,-7.235858],[109.844993,-7.236788],[109.844886,-7.237936],[109.844361,-7.238776],[109.844254,-7.239716],[109.844251,-7.240756],[109.844354,-7.241697],[109.844666,-7.242322],[109.845291,-7.243373],[109.845392,-7.244522],[109.844972,-7.245253],[109.844342,-7.2464],[109.844547,-7.247857],[109.844545,-7.248797],[109.843881,-7.249998],[109.843668,-7.250378],[109.842831,-7.251316],[109.8425,-7.251713],[109.842339,-7.252002],[109.842147,-7.252355],[109.841464,-7.252724],[109.841294,-7.252994],[109.84115,-7.253365],[109.841363,-7.254442],[109.841713,-7.255094],[109.842016,-7.255637],[109.842199,-7.256072],[109.842275,-7.25647],[109.842431,-7.256787],[109.842764,-7.257231],[109.843246,-7.257603],[109.843801,-7.257812],[109.844325,-7.258085],[109.844668,-7.258384],[109.844889,-7.258855],[109.845135,-7.259688],[109.845378,-7.260303],[109.845618,-7.260802],[109.845807,-7.261209],[109.846052,-7.261635],[109.846404,-7.262079],[109.847148,-7.263003],[109.846825,-7.263717],[109.846675,-7.264087],[109.846625,-7.264512],[109.846574,-7.264829],[109.84635,-7.265497],[109.8462,-7.266012],[109.846075,-7.26641],[109.845951,-7.26678],[109.845479,-7.267268],[109.845281,-7.26752],[109.845427,-7.268181],[109.84555,-7.268534],[109.845348,-7.269248],[109.845063,-7.269835],[109.844816,-7.270133],[109.844475,-7.270421],[109.844058,-7.270683],[109.843774,-7.270962],[109.843621,-7.271342],[109.8433,-7.271377],[109.842884,-7.271249],[109.842662,-7.270978],[109.84229,-7.270506],[109.842248,-7.270163],[109.842396,-7.269855],[109.84259,-7.269123],[109.842367,-7.268752],[109.842081,-7.268561],[109.841796,-7.268],[109.841487,-7.267375],[109.841127,-7.26694],[109.840751,-7.266577],[109.840715,-7.266134],[109.84061,-7.265618],[109.840051,-7.265273],[109.839736,-7.264666],[109.839449,-7.26425],[109.83963,-7.26397],[109.839815,-7.263672],[109.839688,-7.263255],[109.83954,-7.262785],[109.839339,-7.262413],[109.838923,-7.261906],[109.838634,-7.261489],[109.838218,-7.260918],[109.837828,-7.260809],[109.836957,-7.260743],[109.836646,-7.260878],[109.8359,-7.261482],[109.835396,-7.261653],[109.834934,-7.261706],[109.834521,-7.261705],[109.833913,-7.261622],[109.833154,-7.261529],[109.832372,-7.261392],[109.832646,-7.260958],[109.833029,-7.261013],[109.833168,-7.260616],[109.832986,-7.260326],[109.832649,-7.259782],[109.833149,-7.259594],[109.833707,-7.259523],[109.833837,-7.25918],[109.833776,-7.258565],[109.833639,-7.258067],[109.833682,-7.257443],[109.834015,-7.257046],[109.834465,-7.256866],[109.834686,-7.256586],[109.834563,-7.256233],[109.83442,-7.255591],[109.834473,-7.254894],[109.834535,-7.253963],[109.834341,-7.253031],[109.834331,-7.252606],[109.83429,-7.252181],[109.834,-7.251764],[109.83367,-7.251546],[109.833226,-7.251029],[109.833585,-7.250886],[109.834092,-7.250588],[109.834222,-7.249956],[109.83469,-7.248248],[109.834485,-7.246999],[109.834487,-7.24595],[109.833513,-7.243451],[109.833517,-7.241778],[109.832579,-7.240528],[109.831535,-7.239476],[109.831015,-7.238226],[109.830601,-7.236869],[109.829766,-7.235926],[109.828761,-7.233581],[109.827615,-7.231805],[109.827096,-7.229923]]]]}},{"id":"217","type":"Feature","properties":{"DESA":"Semangkung"},"geometry":{"type":"MultiPolygon","coordinates":[[[[109.848351,-7.233143],[109.849293,-7.232937],[109.850548,-7.23294],[109.851385,-7.233051],[109.852117,-7.232845],[109.853061,-7.232114],[109.853794,-7.2317],[109.854527,-7.231594],[109.855678,-7.231388],[109.856201,-7.23139],[109.856829,-7.231391],[109.857248,-7.231293],[109.857876,-7.230978],[109.858504,-7.230979],[109.858922,-7.23108],[109.859654,-7.23119],[109.860491,-7.230984],[109.860386,-7.2314],[109.861848,-7.232344],[109.861952,-7.232761],[109.861845,-7.233385],[109.86174,-7.233809],[109.86132,-7.234224],[109.861005,-7.23464],[109.860794,-7.235471],[109.859223,-7.2361],[109.857863,-7.236097],[109.857549,-7.236404],[109.857442,-7.237344],[109.857753,-7.238285],[109.857332,-7.239116],[109.856599,-7.239639],[109.855449,-7.23922],[109.854613,-7.239109],[109.854297,-7.239742],[109.854399,-7.240574],[109.854921,-7.241407],[109.855547,-7.241933],[109.855859,-7.242459],[109.855649,-7.242983],[109.855334,-7.243398],[109.854705,-7.243813],[109.853868,-7.24381],[109.85324,-7.243917],[109.852821,-7.244432],[109.852715,-7.244848],[109.853236,-7.245581],[109.852607,-7.246104],[109.852292,-7.246312],[109.851978,-7.246835],[109.851662,-7.247459],[109.851557,-7.247775],[109.851556,-7.248191],[109.851764,-7.248608],[109.851972,-7.249133],[109.852424,-7.250002],[109.852832,-7.250582],[109.852556,-7.251088],[109.852166,-7.251286],[109.851759,-7.251303],[109.851385,-7.25132],[109.851044,-7.251238],[109.850605,-7.251083],[109.850264,-7.251037],[109.849808,-7.251298],[109.849742,-7.251686],[109.84979,-7.252012],[109.849773,-7.252528],[109.849982,-7.253116],[109.85029,-7.253451],[109.850468,-7.253823],[109.850402,-7.254329],[109.850564,-7.254764],[109.8504,-7.255107],[109.850128,-7.255341],[109.849979,-7.255648],[109.850076,-7.256227],[109.849828,-7.256751],[109.849581,-7.257076],[109.849317,-7.2576],[109.8492,-7.258025],[109.849052,-7.258504],[109.848984,-7.259056],[109.848901,-7.25958],[109.848652,-7.260257],[109.848553,-7.260565],[109.848316,-7.26089],[109.84792,-7.261332],[109.847374,-7.261846],[109.84715,-7.262171],[109.847148,-7.263003],[109.846404,-7.262079],[109.846052,-7.261635],[109.845807,-7.261209],[109.845618,-7.260802],[109.845378,-7.260303],[109.845135,-7.259688],[109.844889,-7.258855],[109.844668,-7.258384],[109.844325,-7.258085],[109.843801,-7.257812],[109.843246,-7.257603],[109.842764,-7.257231],[109.842431,-7.256787],[109.842275,-7.25647],[109.842199,-7.256072],[109.842016,-7.255637],[109.841713,-7.255094],[109.841363,-7.254442],[109.84115,-7.253365],[109.841294,-7.252994],[109.841464,-7.252724],[109.842147,-7.252355],[109.842339,-7.252002],[109.8425,-7.251713],[109.842831,-7.251316],[109.843668,-7.250378],[109.843881,-7.249998],[109.844545,-7.248797],[109.844547,-7.247857],[109.844342,-7.2464],[109.844972,-7.245253],[109.845392,-7.244522],[109.845291,-7.243373],[109.844666,-7.242322],[109.844354,-7.241697],[109.844251,-7.240756],[109.844254,-7.239716],[109.844361,-7.238776],[109.844886,-7.237936],[109.844993,-7.236788],[109.845519,-7.235858],[109.845938,-7.235434],[109.847091,-7.234813],[109.847616,-7.234081],[109.848351,-7.233143]]]]}},{"id":"218","type":"Feature","properties":{"DESA":"Condongcampur"},"geometry":{"type":"MultiPolygon","coordinates":[[[[109.858109,-7.217331],[109.859885,-7.218068],[109.862395,-7.21849],[109.863756,-7.218177],[109.865326,-7.217765],[109.867103,-7.218086],[109.869449,-7.217911],[109.869656,-7.218644],[109.869446,-7.219159],[109.869758,-7.220001],[109.870384,-7.220527],[109.87122,-7.221044],[109.872264,-7.221572],[109.872891,-7.222098],[109.873203,-7.222831],[109.873618,-7.223981],[109.874245,-7.22429],[109.875174,-7.225061],[109.873687,-7.225482],[109.872639,-7.225896],[109.871698,-7.225893],[109.87107,-7.2261],[109.87086,-7.226416],[109.870335,-7.227247],[109.869811,-7.227661],[109.868973,-7.227768],[109.868241,-7.227766],[109.867718,-7.227765],[109.866777,-7.227446],[109.865835,-7.227552],[109.865625,-7.227868],[109.865938,-7.228285],[109.866251,-7.228593],[109.86625,-7.229018],[109.865831,-7.229325],[109.864889,-7.229431],[109.864262,-7.229221],[109.86332,-7.229219],[109.863006,-7.229526],[109.862795,-7.23005],[109.862376,-7.230465],[109.861224,-7.230778],[109.860491,-7.230984],[109.859654,-7.23119],[109.858922,-7.23108],[109.858504,-7.230979],[109.857876,-7.230978],[109.857248,-7.231293],[109.856829,-7.231391],[109.856201,-7.23139],[109.855678,-7.231388],[109.854527,-7.231594],[109.853794,-7.2317],[109.853061,-7.232114],[109.852117,-7.232845],[109.851385,-7.233051],[109.850548,-7.23294],[109.849293,-7.232937],[109.848351,-7.233143],[109.846862,-7.232479],[109.8454,-7.231435],[109.844776,-7.229968],[109.845301,-7.229137],[109.847291,-7.228618],[109.848549,-7.227373],[109.849391,-7.225286],[109.851485,-7.224559],[109.853369,-7.224455],[109.855045,-7.223527],[109.855362,-7.221955],[109.855889,-7.220599],[109.856623,-7.219977],[109.857775,-7.219247],[109.858109,-7.217331]]]]}},{"id":"219","type":"Feature","properties":{"DESA":"Gembol"},"geometry":{"type":"MultiPolygon","coordinates":[[[[109.83216,-7.21334],[109.834044,-7.213028],[109.835928,-7.212825],[109.836976,-7.212204],[109.838548,-7.210951],[109.839908,-7.210846],[109.841792,-7.210434],[109.843677,-7.209707],[109.845144,-7.208878],[109.846086,-7.208465],[109.846713,-7.208991],[109.848384,-7.209827],[109.851224,-7.20959],[109.851116,-7.210946],[109.85132,-7.212828],[109.850896,-7.214907],[109.851312,-7.215849],[109.852774,-7.216901],[109.854866,-7.217006],[109.856226,-7.21691],[109.858109,-7.217331],[109.857775,-7.219247],[109.856623,-7.219977],[109.855889,-7.220599],[109.855362,-7.221955],[109.855045,-7.223527],[109.853369,-7.224455],[109.851485,-7.224559],[109.849391,-7.225286],[109.848549,-7.227373],[109.847291,-7.228618],[109.845301,-7.229137],[109.844776,-7.229968],[109.843419,-7.228816],[109.842585,-7.227774],[109.842587,-7.227041],[109.842171,-7.2261],[109.841546,-7.22485],[109.841131,-7.2237],[109.839876,-7.223272],[109.838724,-7.224002],[109.836943,-7.225046],[109.833382,-7.226701],[109.830448,-7.228267],[109.82825,-7.229094],[109.827096,-7.229923],[109.826367,-7.228673],[109.826054,-7.228356],[109.825638,-7.227414],[109.824803,-7.226788],[109.824387,-7.225846],[109.82439,-7.224698],[109.827532,-7.223458],[109.828684,-7.222827],[109.830674,-7.221684],[109.830573,-7.220644],[109.829216,-7.219492],[109.82786,-7.217815],[109.827656,-7.215933],[109.829122,-7.215313],[109.831113,-7.213853],[109.83216,-7.21334]]]]}},{"id":"220","type":"Feature","properties":{"DESA":"Sidengok"},"geometry":{"type":"MultiPolygon","coordinates":[[[[109.812151,-7.224349],[109.813826,-7.224046],[109.815607,-7.22321],[109.816969,-7.222065],[109.818018,-7.221136],[109.81959,-7.220091],[109.820637,-7.219777],[109.821367,-7.220511],[109.821678,-7.221661],[109.822303,-7.222603],[109.823347,-7.223655],[109.82439,-7.224698],[109.824387,-7.225846],[109.824803,-7.226788],[109.825638,-7.227414],[109.826054,-7.228356],[109.826367,-7.228673],[109.827096,-7.229923],[109.827615,-7.231805],[109.828761,-7.233581],[109.829766,-7.235926],[109.828297,-7.237378],[109.82725,-7.238108],[109.825889,-7.238213],[109.824529,-7.238418],[109.82369,-7.239248],[109.822745,-7.240394],[109.821381,-7.241955],[109.820429,-7.243743],[109.81991,-7.242177],[109.818657,-7.241342],[109.817508,-7.240606],[109.817091,-7.240081],[109.81657,-7.239347],[109.816049,-7.238414],[109.815423,-7.23768],[109.814379,-7.236736],[109.813962,-7.236319],[109.812599,-7.234823],[109.812286,-7.234298],[109.812078,-7.233881],[109.812653,-7.232608],[109.813282,-7.231976],[109.813495,-7.23062],[109.812767,-7.228945],[109.812249,-7.227171],[109.812043,-7.225715],[109.812151,-7.224349]]]]}},{"id":"221","type":"Feature","properties":{"DESA":"Ratamba"},"geometry":{"type":"MultiPolygon","coordinates":[[[[109.802581,-7.225193],[109.804723,-7.223842],[109.806139,-7.223321],[109.807909,-7.222882],[109.809147,-7.222885],[109.81056,-7.223775],[109.812151,-7.224349],[109.812043,-7.225715],[109.812249,-7.227171],[109.812767,-7.228945],[109.813495,-7.23062],[109.813282,-7.231976],[109.812653,-7.232608],[109.812078,-7.233881],[109.811451,-7.233672],[109.810719,-7.233561],[109.810197,-7.232936],[109.810095,-7.232104],[109.809051,-7.231368],[109.808425,-7.230634],[109.807591,-7.229691],[109.806965,-7.228749],[109.806025,-7.228123],[109.804875,-7.227912],[109.803727,-7.227068],[109.80331,-7.226343],[109.802581,-7.225193]]]]}},{"id":"222","type":"Feature","properties":{"DESA":"Panusupan"},"geometry":{"type":"MultiPolygon","coordinates":[[[[109.79734,-7.22914],[109.79797,-7.22831],[109.7986,-7.227371],[109.799232,-7.225699],[109.799758,-7.224661],[109.801327,-7.224665],[109.802581,-7.225193],[109.80331,-7.226343],[109.803727,-7.227068],[109.804875,-7.227912],[109.806025,-7.228123],[109.806965,-7.228749],[109.807591,-7.229691],[109.808425,-7.230634],[109.809051,-7.231368],[109.810095,-7.232104],[109.810197,-7.232936],[109.810719,-7.233561],[109.811451,-7.233672],[109.812078,-7.233881],[109.812286,-7.234298],[109.812599,-7.234823],[109.813962,-7.236319],[109.813125,-7.236417],[109.812496,-7.236831],[109.812181,-7.237463],[109.810923,-7.238292],[109.810085,-7.238706],[109.809248,-7.23902],[109.808096,-7.239325],[109.807152,-7.240371],[109.806312,-7.24131],[109.805054,-7.242247],[109.803484,-7.242451],[109.802856,-7.242757],[109.802227,-7.243488],[109.801595,-7.244842],[109.801592,-7.245991],[109.801171,-7.246831],[109.800333,-7.247344],[109.799181,-7.247866],[109.798236,-7.249012],[109.796847,-7.250003],[109.796387,-7.250309],[109.796102,-7.250716],[109.795462,-7.251853],[109.795321,-7.252206],[109.794724,-7.252783],[109.793833,-7.253305],[109.793063,-7.253674],[109.792199,-7.253997],[109.791349,-7.254366],[109.790462,-7.25468],[109.790636,-7.254264],[109.7909,-7.253415],[109.791156,-7.252855],[109.79134,-7.252512],[109.79131,-7.25168],[109.791213,-7.251173],[109.791368,-7.250531],[109.79049,-7.250004],[109.789449,-7.248989],[109.789451,-7.248256],[109.789664,-7.2468],[109.789249,-7.245542],[109.789879,-7.244712],[109.790091,-7.243455],[109.789886,-7.241791],[109.789889,-7.240742],[109.789996,-7.239702],[109.79115,-7.238764],[109.791883,-7.238242],[109.792618,-7.237412],[109.793247,-7.23678],[109.794295,-7.236159],[109.79513,-7.234144],[109.796492,-7.233217],[109.796914,-7.231961],[109.797023,-7.230496],[109.79734,-7.22914]]]]}},{"id":"223","type":"Feature","properties":{"DESA":"Giritirta"},"geometry":{"type":"MultiPolygon","coordinates":[[[[109.790113,-7.222745],[109.790739,-7.22338],[109.791889,-7.22369],[109.792408,-7.225157],[109.793137,-7.226099],[109.794599,-7.227351],[109.795224,-7.228402],[109.79734,-7.22914],[109.797023,-7.230496],[109.796914,-7.231961],[109.796492,-7.233217],[109.79513,-7.234144],[109.794295,-7.236159],[109.793247,-7.23678],[109.792618,-7.237412],[109.791883,-7.238242],[109.79115,-7.238764],[109.789996,-7.239702],[109.789889,-7.240742],[109.789886,-7.241791],[109.790091,-7.243455],[109.789879,-7.244712],[109.789249,-7.245542],[109.789664,-7.2468],[109.789451,-7.248256],[109.789449,-7.248989],[109.79049,-7.250004],[109.791368,-7.250531],[109.791213,-7.251173],[109.79131,-7.25168],[109.79134,-7.252512],[109.791156,-7.252855],[109.7909,-7.253415],[109.790636,-7.254264],[109.790462,-7.25468],[109.790337,-7.254996],[109.790023,-7.254796],[109.789725,-7.254208],[109.789419,-7.253529],[109.789108,-7.252886],[109.788716,-7.252351],[109.788148,-7.251698],[109.787658,-7.251245],[109.787242,-7.250683],[109.786908,-7.249986],[109.786357,-7.248863],[109.785627,-7.247821],[109.785107,-7.246671],[109.784587,-7.245521],[109.783753,-7.244678],[109.78271,-7.243427],[109.781874,-7.2429],[109.779682,-7.241329],[109.779058,-7.239655],[109.77812,-7.238404],[109.77687,-7.236619],[109.775933,-7.234952],[109.774785,-7.233593],[109.773325,-7.232124],[109.772805,-7.230865],[109.775031,-7.229289],[109.775242,-7.228765],[109.775348,-7.22824],[109.775767,-7.227825],[109.776501,-7.227303],[109.777129,-7.227205],[109.779117,-7.227002],[109.780582,-7.226798],[109.781524,-7.226593],[109.782572,-7.226071],[109.783515,-7.22545],[109.784354,-7.224611],[109.785404,-7.223365],[109.786765,-7.222736],[109.787706,-7.222947],[109.788542,-7.223374],[109.789275,-7.223168],[109.790113,-7.222745]]]]}},{"id":"224","type":"Feature","properties":{"DESA":"Karangsari"},"geometry":{"type":"MultiPolygon","coordinates":[[[[109.778093,-7.248533],[109.779138,-7.248843],[109.780602,-7.249263],[109.782137,-7.25],[109.782493,-7.250281],[109.7829,-7.250698],[109.783339,-7.251197],[109.783679,-7.251704],[109.783539,-7.252201],[109.783332,-7.252481],[109.783191,-7.253051],[109.783224,-7.253485],[109.783154,-7.254118],[109.783119,-7.254642],[109.783138,-7.255348],[109.783143,-7.256008],[109.782714,-7.257228],[109.782276,-7.257932],[109.781773,-7.258907],[109.781424,-7.259657],[109.781122,-7.26028],[109.780375,-7.260504],[109.779586,-7.260828],[109.778751,-7.261043],[109.77827,-7.261068],[109.777665,-7.261184],[109.7766,-7.261833],[109.775818,-7.262536],[109.774899,-7.262977],[109.774117,-7.263345],[109.773221,-7.263967],[109.772616,-7.264463],[109.772211,-7.264814],[109.771956,-7.265085],[109.77128,-7.265427],[109.770701,-7.265579],[109.770131,-7.265623],[109.769635,-7.266064],[109.768635,-7.266903],[109.768149,-7.267218],[109.767586,-7.266828],[109.767296,-7.266492],[109.766965,-7.265795],[109.76681,-7.265469],[109.76643,-7.265206],[109.765935,-7.265069],[109.765795,-7.264598],[109.765777,-7.264137],[109.765884,-7.26382],[109.766048,-7.263269],[109.766102,-7.262645],[109.766238,-7.262275],[109.766846,-7.261273],[109.767063,-7.260694],[109.767355,-7.259755],[109.768198,-7.259033],[109.768443,-7.258781],[109.768463,-7.258211],[109.768746,-7.257886],[109.769162,-7.256712],[109.769444,-7.256405],[109.76986,-7.256216],[109.770494,-7.255874],[109.770684,-7.255504],[109.770751,-7.255179],[109.771054,-7.25498],[109.77144,-7.25443],[109.771805,-7.253409],[109.771887,-7.252903],[109.771939,-7.25246],[109.771945,-7.252026],[109.771745,-7.251338],[109.771897,-7.250922],[109.772314,-7.250489],[109.772598,-7.250318],[109.772934,-7.25021],[109.773579,-7.250004],[109.774639,-7.249039],[109.775268,-7.248525],[109.776106,-7.248211],[109.777048,-7.248214],[109.778093,-7.248533]]]]}},{"id":"225","type":"Feature","properties":{"DESA":"Sarwodadi"},"geometry":{"type":"MultiPolygon","coordinates":[[[[109.771241,-7.229089],[109.771762,-7.229922],[109.772805,-7.230865],[109.773325,-7.232124],[109.774785,-7.233593],[109.775933,-7.234952],[109.77687,-7.236619],[109.77812,-7.238404],[109.779058,-7.239655],[109.779682,-7.241329],[109.781874,-7.2429],[109.781037,-7.243106],[109.780407,-7.243728],[109.779987,-7.244667],[109.779148,-7.245298],[109.778728,-7.245813],[109.77862,-7.246861],[109.778093,-7.248533],[109.777048,-7.248214],[109.776106,-7.248211],[109.775268,-7.248525],[109.774639,-7.249039],[109.773579,-7.250004],[109.772934,-7.25021],[109.772598,-7.250318],[109.772314,-7.250489],[109.771897,-7.250922],[109.771745,-7.251338],[109.771945,-7.252026],[109.771939,-7.25246],[109.771887,-7.252903],[109.771805,-7.253409],[109.77144,-7.25443],[109.771054,-7.25498],[109.770751,-7.255179],[109.770684,-7.255504],[109.770494,-7.255874],[109.76986,-7.256216],[109.769444,-7.256405],[109.769162,-7.256712],[109.768746,-7.257886],[109.768463,-7.258211],[109.768352,-7.257804],[109.768221,-7.257234],[109.768118,-7.25679],[109.76794,-7.256102],[109.768013,-7.255569],[109.76823,-7.254891],[109.768175,-7.254566],[109.767517,-7.254193],[109.766625,-7.253748],[109.766237,-7.253475],[109.765939,-7.253212],[109.765601,-7.252849],[109.765268,-7.252514],[109.765035,-7.252224],[109.764882,-7.251871],[109.76472,-7.251264],[109.764639,-7.250649],[109.765011,-7.249999],[109.765852,-7.248916],[109.766482,-7.247977],[109.76753,-7.247139],[109.767847,-7.2461],[109.767118,-7.244741],[109.765552,-7.243796],[109.764299,-7.242961],[109.763152,-7.241384],[109.761796,-7.239925],[109.760337,-7.238148],[109.762641,-7.237105],[109.763689,-7.236375],[109.76495,-7.234498],[109.76558,-7.233568],[109.766524,-7.232729],[109.767992,-7.231485],[109.769041,-7.230231],[109.769357,-7.229291],[109.771241,-7.229089]]]]}},{"id":"226","type":"Feature","properties":{"DESA":"Grogol"},"geometry":{"type":"MultiPolygon","coordinates":[[[[109.795211,-7.200149],[109.797513,-7.19963],[109.799713,-7.198379],[109.801181,-7.197343],[109.802332,-7.197029],[109.802748,-7.197971],[109.803371,-7.199645],[109.803471,-7.201527],[109.803988,-7.203717],[109.805239,-7.205601],[109.80724,-7.209396],[109.808075,-7.210547],[109.809326,-7.212114],[109.811099,-7.213901],[109.812036,-7.215884],[109.812656,-7.218599],[109.814011,-7.220691],[109.816969,-7.222065],[109.815607,-7.22321],[109.813826,-7.224046],[109.812151,-7.224349],[109.81056,-7.223775],[109.809147,-7.222885],[109.807909,-7.222882],[109.806139,-7.223321],[109.804723,-7.223842],[109.802581,-7.225193],[109.801327,-7.224665],[109.799758,-7.224661],[109.799232,-7.225699],[109.7986,-7.227371],[109.79797,-7.22831],[109.79734,-7.22914],[109.795224,-7.228402],[109.794599,-7.227351],[109.793137,-7.226099],[109.792408,-7.225157],[109.791889,-7.22369],[109.790739,-7.22338],[109.790113,-7.222745],[109.789603,-7.22136],[109.789501,-7.220211],[109.7894,-7.218755],[109.788879,-7.21812],[109.78794,-7.217286],[109.787317,-7.215403],[109.787531,-7.213631],[109.787327,-7.211858],[109.786283,-7.211014],[109.784614,-7.209237],[109.784512,-7.208197],[109.784201,-7.207047],[109.785888,-7.204926],[109.787249,-7.204405],[109.788715,-7.203885],[109.790288,-7.202532],[109.790813,-7.201702],[109.792908,-7.200558],[109.795211,-7.200149]]]]}},{"id":"227","type":"Feature","properties":{"DESA":"Batur"},"geometry":{"type":"MultiPolygon","coordinates":[[[[109.823415,-7.178281],[109.824182,-7.179567],[109.826366,-7.1797],[109.828164,-7.179957],[109.829831,-7.18073],[109.830597,-7.182659],[109.830722,-7.18407],[109.831361,-7.185482],[109.832256,-7.187022],[109.833151,-7.188824],[109.834304,-7.189976],[109.835459,-7.190621],[109.834711,-7.192527],[109.834187,-7.19315],[109.833766,-7.194297],[109.834493,-7.195972],[109.834802,-7.197954],[109.835527,-7.200985],[109.83427,-7.201398],[109.831759,-7.2016],[109.829876,-7.201912],[109.829454,-7.203059],[109.829449,-7.20494],[109.828714,-7.206187],[109.829652,-7.207446],[109.830485,-7.209221],[109.831316,-7.211213],[109.83216,-7.21334],[109.831113,-7.213853],[109.829122,-7.215313],[109.827656,-7.215933],[109.82786,-7.217815],[109.829216,-7.219492],[109.830573,-7.220644],[109.830674,-7.221684],[109.828684,-7.222827],[109.827532,-7.223458],[109.82439,-7.224698],[109.823347,-7.223655],[109.822303,-7.222603],[109.821678,-7.221661],[109.821367,-7.220511],[109.820637,-7.219777],[109.81959,-7.220091],[109.818018,-7.221136],[109.816969,-7.222065],[109.814011,-7.220691],[109.812656,-7.218599],[109.812036,-7.215884],[109.811099,-7.213901],[109.809326,-7.212114],[109.808075,-7.210547],[109.80724,-7.209396],[109.805239,-7.205601],[109.803988,-7.203717],[109.803471,-7.201527],[109.803371,-7.199645],[109.802748,-7.197971],[109.802332,-7.197029],[109.804531,-7.196411],[109.806517,-7.196732],[109.809762,-7.196008],[109.811229,-7.194864],[109.813325,-7.193304],[109.814586,-7.191427],[109.815635,-7.189964],[109.817519,-7.189553],[109.820662,-7.187996],[109.821815,-7.186742],[109.822447,-7.18508],[109.823706,-7.183934],[109.823084,-7.181735],[109.823819,-7.18038],[109.823415,-7.178281]]]]}},{"id":"228","type":"Feature","properties":{"DESA":"Sumberejo"},"geometry":{"type":"MultiPolygon","coordinates":[[[[109.835459,-7.190621],[109.836486,-7.190497],[109.838344,-7.190004],[109.8404,-7.189629],[109.841303,-7.188094],[109.842719,-7.187067],[109.844775,-7.186945],[109.846959,-7.186951],[109.848887,-7.186187],[109.849662,-7.184778],[109.849922,-7.183621],[109.85057,-7.181316],[109.850959,-7.179653],[109.851861,-7.17876],[109.852504,-7.178499],[109.854687,-7.178632],[109.855998,-7.182659],[109.856515,-7.185265],[109.854942,-7.187043],[109.854308,-7.189339],[109.854301,-7.192052],[109.854715,-7.193826],[109.854711,-7.19539],[109.854388,-7.19926],[109.853023,-7.201238],[109.852602,-7.202177],[109.851969,-7.204572],[109.851963,-7.206562],[109.851751,-7.208018],[109.851224,-7.20959],[109.848384,-7.209827],[109.846713,-7.208991],[109.846086,-7.208465],[109.845144,-7.208878],[109.843677,-7.209707],[109.841792,-7.210434],[109.839908,-7.210846],[109.838548,-7.210951],[109.836976,-7.212204],[109.835928,-7.212825],[109.834044,-7.213028],[109.83216,-7.21334],[109.831316,-7.211213],[109.830485,-7.209221],[109.829652,-7.207446],[109.828714,-7.206187],[109.829449,-7.20494],[109.829454,-7.203059],[109.829876,-7.201912],[109.831759,-7.2016],[109.83427,-7.201398],[109.835527,-7.200985],[109.834802,-7.197954],[109.834493,-7.195972],[109.833766,-7.194297],[109.834187,-7.19315],[109.834711,-7.192527],[109.835459,-7.190621]]]]}},{"id":"229","type":"Feature","properties":{"DESA":"Pasurenan"},"geometry":{"type":"MultiPolygon","coordinates":[[[[109.851963,-7.206562],[109.853486,-7.207461],[109.855635,-7.207548],[109.857708,-7.207399],[109.858784,-7.206787],[109.860704,-7.206638],[109.86247,-7.206489],[109.864622,-7.205427],[109.866621,-7.203976],[109.868747,-7.202534],[109.87021,-7.203469],[109.871464,-7.203997],[109.871776,-7.20473],[109.872192,-7.205563],[109.87261,-7.205881],[109.873027,-7.206406],[109.873653,-7.207032],[109.87407,-7.207766],[109.87542,-7.208492],[109.875001,-7.208699],[109.873967,-7.209773],[109.87292,-7.210196],[109.871769,-7.210401],[109.871036,-7.210707],[109.870512,-7.21123],[109.869987,-7.211853],[109.869253,-7.212692],[109.868833,-7.213206],[109.868413,-7.213838],[109.8682,-7.215294],[109.868406,-7.216443],[109.868927,-7.217285],[109.869449,-7.217911],[109.867103,-7.218086],[109.865326,-7.217765],[109.863756,-7.218177],[109.862395,-7.21849],[109.859885,-7.218068],[109.858109,-7.217331],[109.856226,-7.21691],[109.854866,-7.217006],[109.852774,-7.216901],[109.851312,-7.215849],[109.850896,-7.214907],[109.85132,-7.212828],[109.851116,-7.210946],[109.851224,-7.20959],[109.851751,-7.208018],[109.851963,-7.206562]]]]}},{"id":"230","type":"Feature","properties":{"DESA":"Bakal"},"geometry":{"type":"MultiPolygon","coordinates":[[[[109.87542,-7.208492],[109.875979,-7.208241],[109.876439,-7.208133],[109.87699,-7.20808],[109.877581,-7.208009],[109.877953,-7.207956],[109.878406,-7.207957],[109.878748,-7.207958],[109.879393,-7.208149],[109.87978,-7.208268],[109.880268,-7.208459],[109.881054,-7.208633],[109.88184,-7.208933],[109.882261,-7.209061],[109.88269,-7.209053],[109.883245,-7.20909],[109.883651,-7.209263],[109.884137,-7.209436],[109.88455,-7.209609],[109.884866,-7.209727],[109.885334,-7.210154],[109.885713,-7.210462],[109.886379,-7.21088],[109.886921,-7.211234],[109.887515,-7.21157],[109.887926,-7.211797],[109.888416,-7.212106],[109.889003,-7.21246],[109.88946,-7.212732],[109.890146,-7.213042],[109.890917,-7.21336],[109.891309,-7.213542],[109.89193,-7.213797],[109.892459,-7.214006],[109.893033,-7.214179],[109.893511,-7.214271],[109.894021,-7.214344],[109.894798,-7.214418],[109.895171,-7.214419],[109.895479,-7.21433],[109.895786,-7.214159],[109.896042,-7.213951],[109.896284,-7.213717],[109.896626,-7.213238],[109.897039,-7.212669],[109.897472,-7.212137],[109.897931,-7.211523],[109.898272,-7.211099],[109.898691,-7.210656],[109.898924,-7.210395],[109.899463,-7.210369],[109.900155,-7.210588],[109.900683,-7.210933],[109.90119,-7.211259],[109.90175,-7.211785],[109.902402,-7.212339],[109.902968,-7.212783],[109.903554,-7.213309],[109.904285,-7.213998],[109.905036,-7.214696],[109.905635,-7.215177],[109.905951,-7.215513],[109.906326,-7.215857],[109.906524,-7.216509],[109.90637,-7.216897],[109.906107,-7.217258],[109.905821,-7.217592],[109.905609,-7.217845],[109.905513,-7.218161],[109.905314,-7.218505],[109.905125,-7.219002],[109.904635,-7.220348],[109.904624,-7.2209],[109.904393,-7.221198],[109.903698,-7.22135],[109.903304,-7.221313],[109.902255,-7.22141],[109.901975,-7.221572],[109.901653,-7.221743],[109.901196,-7.222167],[109.900838,-7.222374],[109.900281,-7.222626],[109.900018,-7.222887],[109.899695,-7.222968],[109.899296,-7.223229],[109.899008,-7.223066],[109.898471,-7.222857],[109.898105,-7.222973],[109.897893,-7.223335],[109.897408,-7.223541],[109.896793,-7.22363],[109.896381,-7.223729],[109.89592,-7.22371],[109.895575,-7.223881],[109.895067,-7.223852],[109.89461,-7.223788],[109.894182,-7.223814],[109.893672,-7.22393],[109.893305,-7.22392],[109.892944,-7.223675],[109.892371,-7.223665],[109.891566,-7.223518],[109.891177,-7.223535],[109.890835,-7.223598],[109.890342,-7.22356],[109.889587,-7.223513],[109.889202,-7.223503],[109.888839,-7.223701],[109.888456,-7.224071],[109.887867,-7.224495],[109.88729,-7.224819],[109.886706,-7.225134],[109.886042,-7.225214],[109.885414,-7.225167],[109.884421,-7.225427],[109.883829,-7.225598],[109.88347,-7.22557],[109.883155,-7.225297],[109.882755,-7.225287],[109.882271,-7.225431],[109.881828,-7.225231],[109.881223,-7.224705],[109.880796,-7.224451],[109.880469,-7.224694],[109.880128,-7.224937],[109.879584,-7.225252],[109.879272,-7.225442],[109.878918,-7.225441],[109.878586,-7.225277],[109.878176,-7.225484],[109.877942,-7.225719],[109.877671,-7.22598],[109.877275,-7.225826],[109.876662,-7.225688],[109.87629,-7.225525],[109.875903,-7.225433],[109.875174,-7.225061],[109.874245,-7.22429],[109.873618,-7.223981],[109.873203,-7.222831],[109.872891,-7.222098],[109.872264,-7.221572],[109.87122,-7.221044],[109.870384,-7.220527],[109.869758,-7.220001],[109.869446,-7.219159],[109.869656,-7.218644],[109.869449,-7.217911],[109.868927,-7.217285],[109.868406,-7.216443],[109.8682,-7.215294],[109.868413,-7.213838],[109.868833,-7.213206],[109.869253,-7.212692],[109.869987,-7.211853],[109.870512,-7.21123],[109.871036,-7.210707],[109.871769,-7.210401],[109.87292,-7.210196],[109.873967,-7.209773],[109.875001,-7.208699],[109.87542,-7.208492]]]]}},{"id":"231","type":"Feature","properties":{"DESA":"Dieng Kulon"},"geometry":{"type":"MultiPolygon","coordinates":[[[[109.917329,-7.191066],[109.917457,-7.19207],[109.9175,-7.192522],[109.917666,-7.192866],[109.917708,-7.193219],[109.917431,-7.193653],[109.917043,-7.193923],[109.916789,-7.19413],[109.916305,-7.194464],[109.915982,-7.194671],[109.915669,-7.19486],[109.915233,-7.195556],[109.91487,-7.195962],[109.91473,-7.196387],[109.914571,-7.196893],[109.914349,-7.197498],[109.913998,-7.198311],[109.913966,-7.19889],[109.913776,-7.199233],[109.91329,-7.199422],[109.912781,-7.199376],[109.912379,-7.199321],[109.911372,-7.199653],[109.910677,-7.199986],[109.910568,-7.200311],[109.910728,-7.200646],[109.91089,-7.201008],[109.911131,-7.201371],[109.911263,-7.201796],[109.91121,-7.202121],[109.911109,-7.203062],[109.911081,-7.203414],[109.910698,-7.203649],[109.910056,-7.204289],[109.909721,-7.204876],[109.909557,-7.205256],[109.909401,-7.205789],[109.909362,-7.206115],[109.909374,-7.206874],[109.909443,-7.207381],[109.909592,-7.20787],[109.909885,-7.208377],[109.910131,-7.208839],[109.910291,-7.209219],[109.910844,-7.210586],[109.911043,-7.211174],[109.9114,-7.212279],[109.911643,-7.21293],[109.911771,-7.213437],[109.911978,-7.214071],[109.912137,-7.214659],[109.912165,-7.215319],[109.911818,-7.215391],[109.911425,-7.215517],[109.910773,-7.215732],[109.910426,-7.215876],[109.910024,-7.216155],[109.909833,-7.216417],[109.909583,-7.21714],[109.909622,-7.21762],[109.909369,-7.21789],[109.908993,-7.218188],[109.908594,-7.218395],[109.907891,-7.218737],[109.907427,-7.219251],[109.907254,-7.219631],[109.907101,-7.220191],[109.907036,-7.22077],[109.906965,-7.221249],[109.906605,-7.221646],[109.905785,-7.22168],[109.905366,-7.221851],[109.904981,-7.221814],[109.904664,-7.221714],[109.904283,-7.221595],[109.903963,-7.221667],[109.903698,-7.22135],[109.904393,-7.221198],[109.904624,-7.2209],[109.904635,-7.220348],[109.905125,-7.219002],[109.905314,-7.218505],[109.905513,-7.218161],[109.905609,-7.217845],[109.905821,-7.217592],[109.906107,-7.217258],[109.90637,-7.216897],[109.906524,-7.216509],[109.906326,-7.215857],[109.905951,-7.215513],[109.905635,-7.215177],[109.905036,-7.214696],[109.904285,-7.213998],[109.903554,-7.213309],[109.902968,-7.212783],[109.902402,-7.212339],[109.90175,-7.211785],[109.90119,-7.211259],[109.900683,-7.210933],[109.900155,-7.210588],[109.899463,-7.210369],[109.898924,-7.210395],[109.899242,-7.210043],[109.899636,-7.209582],[109.900114,-7.209032],[109.900606,-7.208527],[109.901085,-7.208039],[109.901491,-7.207615],[109.901937,-7.207182],[109.902284,-7.206821],[109.902599,-7.206469],[109.902796,-7.206144],[109.903131,-7.20553],[109.903276,-7.20506],[109.903414,-7.204545],[109.903514,-7.203876],[109.903601,-7.203198],[109.903713,-7.202429],[109.903773,-7.202095],[109.903886,-7.201281],[109.903959,-7.200937],[109.904169,-7.200504],[109.904582,-7.200062],[109.905035,-7.199475],[109.905343,-7.199069],[109.905638,-7.198635],[109.905875,-7.19822],[109.906046,-7.197831],[109.906119,-7.197515],[109.906218,-7.1969],[109.906052,-7.196393],[109.9067,-7.19634],[109.907013,-7.196097],[109.907906,-7.195792],[109.90832,-7.195702],[109.90861,-7.195549],[109.909276,-7.195189],[109.909735,-7.195063],[109.910251,-7.195209],[109.910702,-7.195319],[109.911078,-7.195347],[109.911417,-7.195411],[109.9118,-7.19524],[109.912204,-7.194789],[109.912507,-7.194455],[109.912886,-7.194266],[109.913233,-7.194339],[109.913516,-7.193978],[109.913525,-7.193426],[109.913679,-7.193146],[109.914069,-7.192966],[109.914513,-7.192886],[109.914862,-7.192778],[109.915219,-7.192571],[109.915513,-7.192382],[109.915981,-7.192103],[109.916358,-7.191914],[109.916734,-7.191707],[109.916991,-7.191463],[109.917329,-7.191066]]]]}},{"id":"232","type":"Feature","properties":{"DESA":"Karangtengah"},"geometry":{"type":"MultiPolygon","coordinates":[[[[109.896422,-7.187471],[109.896762,-7.187933],[109.897101,-7.188458],[109.897291,-7.188766],[109.897574,-7.189128],[109.897802,-7.189391],[109.898204,-7.189682],[109.898586,-7.189827],[109.898962,-7.19009],[109.899057,-7.190588],[109.899082,-7.190959],[109.899328,-7.191656],[109.899479,-7.192244],[109.899892,-7.192634],[109.900419,-7.19307],[109.90069,-7.193577],[109.900627,-7.194146],[109.900846,-7.194445],[109.901504,-7.194736],[109.901893,-7.19471],[109.902428,-7.194711],[109.902789,-7.19492],[109.903194,-7.195337],[109.903508,-7.195546],[109.903976,-7.195818],[109.904438,-7.196046],[109.904898,-7.196255],[109.905234,-7.196319],[109.90558,-7.196356],[109.906052,-7.196393],[109.906218,-7.1969],[109.906119,-7.197515],[109.906046,-7.197831],[109.905875,-7.19822],[109.905638,-7.198635],[109.905343,-7.199069],[109.905035,-7.199475],[109.904582,-7.200062],[109.904169,-7.200504],[109.903959,-7.200937],[109.903886,-7.201281],[109.903773,-7.202095],[109.903713,-7.202429],[109.903601,-7.203198],[109.903514,-7.203876],[109.903414,-7.204545],[109.903276,-7.20506],[109.903131,-7.20553],[109.902796,-7.206144],[109.902599,-7.206469],[109.902284,-7.206821],[109.901937,-7.207182],[109.901491,-7.207615],[109.901085,-7.208039],[109.900606,-7.208527],[109.900114,-7.209032],[109.899636,-7.209582],[109.899242,-7.210043],[109.898924,-7.210395],[109.898691,-7.210656],[109.898272,-7.211099],[109.897931,-7.211523],[109.897472,-7.212137],[109.897039,-7.212669],[109.896626,-7.213238],[109.896284,-7.213717],[109.896042,-7.213951],[109.895786,-7.214159],[109.895479,-7.21433],[109.895171,-7.214419],[109.894798,-7.214418],[109.894021,-7.214344],[109.893511,-7.214271],[109.893033,-7.214179],[109.892459,-7.214006],[109.89193,-7.213797],[109.891309,-7.213542],[109.890917,-7.21336],[109.890146,-7.213042],[109.88946,-7.212732],[109.889003,-7.21246],[109.888416,-7.212106],[109.887926,-7.211797],[109.887515,-7.21157],[109.886921,-7.211234],[109.886379,-7.21088],[109.885713,-7.210462],[109.885334,-7.210154],[109.884866,-7.209727],[109.88455,-7.209609],[109.884137,-7.209436],[109.883651,-7.209263],[109.883245,-7.20909],[109.88269,-7.209053],[109.882261,-7.209061],[109.88184,-7.208933],[109.881054,-7.208633],[109.881108,-7.208136],[109.881199,-7.207476],[109.881401,-7.206599],[109.881581,-7.205993],[109.88182,-7.205397],[109.882095,-7.204936],[109.882453,-7.204431],[109.882862,-7.204007],[109.883315,-7.203646],[109.883658,-7.20324],[109.884045,-7.202581],[109.884299,-7.201957],[109.88438,-7.20155],[109.884335,-7.200908],[109.884017,-7.200609],[109.883746,-7.2004],[109.88361,-7.20011],[109.883621,-7.19964],[109.883915,-7.19918],[109.884163,-7.198855],[109.884535,-7.198837],[109.885082,-7.199219],[109.88545,-7.199382],[109.885781,-7.1996],[109.886123,-7.199646],[109.886452,-7.199927],[109.886799,-7.200209],[109.88742,-7.200255],[109.887789,-7.200274],[109.888175,-7.200266],[109.888533,-7.199833],[109.888816,-7.199418],[109.889114,-7.198975],[109.889411,-7.198578],[109.889769,-7.198054],[109.890178,-7.197549],[109.890498,-7.197106],[109.89075,-7.196682],[109.891061,-7.196438],[109.891386,-7.196123],[109.891651,-7.195807],[109.892012,-7.195455],[109.892339,-7.195239],[109.892832,-7.194724],[109.893065,-7.194372],[109.893117,-7.193965],[109.893111,-7.193405],[109.89312,-7.19288],[109.893262,-7.192293],[109.893456,-7.191886],[109.893851,-7.191254],[109.894275,-7.190676],[109.894767,-7.189927],[109.895146,-7.189403],[109.895571,-7.188834],[109.896017,-7.188238],[109.896422,-7.187471]]]]}},{"id":"233","type":"Feature","properties":{"DESA":"Kepakisan"},"geometry":{"type":"MultiPolygon","coordinates":[[[[109.886645,-7.178773],[109.886927,-7.179335],[109.887008,-7.17967],[109.887211,-7.18015],[109.888158,-7.180541],[109.888818,-7.180805],[109.889044,-7.181049],[109.889206,-7.181502],[109.889456,-7.181738],[109.890061,-7.181739],[109.890383,-7.181496],[109.890932,-7.182004],[109.891287,-7.182366],[109.89171,-7.182819],[109.892071,-7.182947],[109.892484,-7.183219],[109.892678,-7.183554],[109.892955,-7.183935],[109.893392,-7.184361],[109.893629,-7.184922],[109.893837,-7.185393],[109.894029,-7.185728],[109.894321,-7.186136],[109.894617,-7.186444],[109.894892,-7.186671],[109.895235,-7.186844],[109.895699,-7.187026],[109.896025,-7.187207],[109.896422,-7.187471],[109.896017,-7.188238],[109.895571,-7.188834],[109.895146,-7.189403],[109.894767,-7.189927],[109.894275,-7.190676],[109.893851,-7.191254],[109.893456,-7.191886],[109.893262,-7.192293],[109.89312,-7.19288],[109.893111,-7.193405],[109.893117,-7.193965],[109.893065,-7.194372],[109.892832,-7.194724],[109.892339,-7.195239],[109.892012,-7.195455],[109.891651,-7.195807],[109.891386,-7.196123],[109.891061,-7.196438],[109.89075,-7.196682],[109.890498,-7.197106],[109.890178,-7.197549],[109.889769,-7.198054],[109.889411,-7.198578],[109.889114,-7.198975],[109.888816,-7.199418],[109.888533,-7.199833],[109.888175,-7.200266],[109.887789,-7.200274],[109.88742,-7.200255],[109.886799,-7.200209],[109.886452,-7.199927],[109.886123,-7.199646],[109.885781,-7.1996],[109.88545,-7.199382],[109.885082,-7.199219],[109.884535,-7.198837],[109.884163,-7.198855],[109.883915,-7.19918],[109.883621,-7.19964],[109.88361,-7.20011],[109.883746,-7.2004],[109.884017,-7.200609],[109.884335,-7.200908],[109.88438,-7.20155],[109.884299,-7.201957],[109.884045,-7.202581],[109.883658,-7.20324],[109.883315,-7.203646],[109.882862,-7.204007],[109.882453,-7.204431],[109.882095,-7.204936],[109.88182,-7.205397],[109.881581,-7.205993],[109.881401,-7.206599],[109.881199,-7.207476],[109.881108,-7.208136],[109.881054,-7.208633],[109.880268,-7.208459],[109.87978,-7.208268],[109.879393,-7.208149],[109.878748,-7.207958],[109.878406,-7.207957],[109.877953,-7.207956],[109.877581,-7.208009],[109.87699,-7.20808],[109.876439,-7.208133],[109.875979,-7.208241],[109.87542,-7.208492],[109.87407,-7.207766],[109.873653,-7.207032],[109.873027,-7.206406],[109.87261,-7.205881],[109.872192,-7.205563],[109.871776,-7.20473],[109.871464,-7.203997],[109.87021,-7.203469],[109.868747,-7.202534],[109.868122,-7.201691],[109.867392,-7.200749],[109.867186,-7.1996],[109.866979,-7.198659],[109.86604,-7.197616],[109.865833,-7.196675],[109.866148,-7.196052],[109.866463,-7.195637],[109.866987,-7.195421],[109.868138,-7.195008],[109.868871,-7.195009],[109.870126,-7.194913],[109.870965,-7.194074],[109.871385,-7.193451],[109.872222,-7.193354],[109.873792,-7.193249],[109.875048,-7.192728],[109.876926,-7.191113],[109.877318,-7.190861],[109.877521,-7.190608],[109.877878,-7.19051],[109.878215,-7.190447],[109.878528,-7.190321],[109.879078,-7.190142],[109.879402,-7.18998],[109.879689,-7.189791],[109.880008,-7.189647],[109.880265,-7.18943],[109.880637,-7.189368],[109.880978,-7.189133],[109.881651,-7.188737],[109.881717,-7.188339],[109.881867,-7.187869],[109.881872,-7.187508],[109.881876,-7.187055],[109.881605,-7.186675],[109.881517,-7.186241],[109.881496,-7.185761],[109.881411,-7.185435],[109.881149,-7.1851],[109.880966,-7.184819],[109.881488,-7.184278],[109.881843,-7.184188],[109.882169,-7.184053],[109.882508,-7.184009],[109.882868,-7.183992],[109.883239,-7.183902],[109.883599,-7.183786],[109.883869,-7.183262],[109.884165,-7.183009],[109.884544,-7.182621],[109.88484,-7.182342],[109.885177,-7.181745],[109.885737,-7.18134],[109.886053,-7.180879],[109.886312,-7.180111],[109.886268,-7.179379],[109.886262,-7.179035],[109.886645,-7.178773]]]]}},{"id":"234","type":"Feature","properties":{"DESA":"Pekasiran"},"geometry":{"type":"MultiPolygon","coordinates":[[[[109.854687,-7.178632],[109.856357,-7.178636],[109.857,-7.178384],[109.858031,-7.176976],[109.862655,-7.177249],[109.864325,-7.17738],[109.865736,-7.178152],[109.86676,-7.179693],[109.866885,-7.18123],[109.867138,-7.182515],[109.867778,-7.183801],[109.869702,-7.184828],[109.870601,-7.184703],[109.871757,-7.185086],[109.872912,-7.185478],[109.873296,-7.186121],[109.874064,-7.187018],[109.875003,-7.187979],[109.875379,-7.18855],[109.875611,-7.18884],[109.875928,-7.189546],[109.876044,-7.189908],[109.876322,-7.190234],[109.876679,-7.190697],[109.876926,-7.191113],[109.875048,-7.192728],[109.873792,-7.193249],[109.872222,-7.193354],[109.871385,-7.193451],[109.870965,-7.194074],[109.870126,-7.194913],[109.868871,-7.195009],[109.868138,-7.195008],[109.866987,-7.195421],[109.866463,-7.195637],[109.866148,-7.196052],[109.865833,-7.196675],[109.86604,-7.197616],[109.866979,-7.198659],[109.867186,-7.1996],[109.867392,-7.200749],[109.868122,-7.201691],[109.868747,-7.202534],[109.866621,-7.203976],[109.864622,-7.205427],[109.86247,-7.206489],[109.860704,-7.206638],[109.858784,-7.206787],[109.857708,-7.207399],[109.855635,-7.207548],[109.853486,-7.207461],[109.851963,-7.206562],[109.851969,-7.204572],[109.852602,-7.202177],[109.853023,-7.201238],[109.854388,-7.19926],[109.854711,-7.19539],[109.854715,-7.193826],[109.854301,-7.192052],[109.854308,-7.189339],[109.854942,-7.187043],[109.856515,-7.185265],[109.855998,-7.182659],[109.854687,-7.178632]]]]}},{"id":"235","type":"Feature","properties":{"DESA":"Suwidak"},"geometry":{"type":"MultiPolygon","coordinates":[[[[109.733109,-7.306615],[109.733593,-7.307078],[109.734167,-7.307224],[109.734486,-7.307198],[109.734869,-7.307109],[109.735502,-7.307382],[109.736387,-7.307882],[109.737045,-7.308227],[109.737664,-7.308473],[109.738231,-7.308637],[109.739115,-7.308784],[109.740008,-7.308823],[109.740976,-7.308835],[109.741788,-7.308855],[109.742501,-7.30893],[109.743513,-7.309231],[109.744334,-7.309342],[109.744699,-7.309469],[109.745076,-7.309579],[109.745648,-7.309671],[109.746152,-7.309736],[109.747219,-7.309558],[109.748129,-7.30937],[109.749155,-7.308903],[109.749215,-7.309627],[109.749332,-7.310748],[109.749446,-7.311698],[109.749531,-7.312757],[109.74963,-7.313896],[109.749686,-7.314792],[109.749745,-7.315787],[109.749804,-7.31652],[109.749934,-7.317316],[109.750027,-7.318175],[109.750002,-7.319025],[109.749978,-7.319993],[109.749982,-7.321051],[109.74996,-7.321783],[109.749971,-7.322299],[109.749998,-7.323556],[109.74902,-7.323427],[109.748211,-7.323307],[109.747634,-7.323088],[109.747239,-7.322626],[109.747125,-7.322119],[109.746814,-7.32116],[109.746633,-7.320788],[109.746354,-7.320516],[109.745826,-7.32037],[109.745099,-7.320305],[109.744339,-7.320366],[109.743431,-7.320508],[109.742688,-7.320624],[109.741891,-7.320594],[109.741241,-7.320638],[109.740692,-7.320745],[109.740197,-7.321024],[109.73997,-7.321267],[109.739919,-7.321945],[109.740074,-7.322733],[109.740151,-7.323221],[109.74019,-7.323592],[109.740071,-7.32389],[109.739834,-7.324143],[109.739302,-7.324394],[109.738968,-7.32443],[109.738456,-7.324356],[109.738122,-7.324255],[109.73771,-7.324101],[109.737356,-7.323937],[109.736608,-7.323935],[109.736097,-7.323897],[109.735664,-7.323796],[109.735253,-7.323262],[109.73488,-7.322836],[109.734322,-7.322653],[109.733546,-7.322714],[109.73315,-7.322713],[109.732291,-7.322656],[109.731598,-7.322591],[109.730971,-7.322553],[109.730228,-7.32247],[109.729882,-7.322324],[109.729618,-7.322106],[109.729322,-7.321726],[109.728961,-7.321001],[109.728467,-7.32034],[109.728003,-7.320076],[109.727509,-7.319903],[109.72705,-7.319865],[109.726823,-7.319557],[109.726641,-7.319123],[109.726631,-7.3183],[109.726549,-7.317612],[109.726594,-7.317042],[109.726837,-7.316817],[109.727321,-7.316601],[109.727294,-7.316185],[109.727452,-7.315706],[109.727716,-7.314794],[109.727897,-7.313573],[109.728002,-7.312742],[109.728068,-7.312226],[109.72806,-7.311693],[109.728522,-7.311124],[109.728564,-7.310383],[109.728746,-7.310003],[109.728905,-7.309398],[109.728797,-7.308891],[109.728161,-7.308139],[109.728249,-7.307596],[109.728983,-7.307363],[109.729881,-7.307049],[109.730444,-7.306979],[109.73099,-7.30726],[109.731353,-7.307451],[109.731791,-7.307634],[109.73238,-7.307454],[109.732855,-7.307058],[109.733109,-7.306615]]]]}},{"id":"236","type":"Feature","properties":{"DESA":"Karangtengah"},"geometry":{"type":"MultiPolygon","coordinates":[[[[109.776631,-7.304303],[109.776467,-7.304628],[109.776548,-7.304981],[109.776998,-7.30566],[109.777309,-7.306131],[109.777308,-7.306511],[109.777119,-7.306945],[109.776743,-7.307468],[109.776185,-7.308181],[109.77553,-7.308478],[109.775091,-7.309065],[109.77534,-7.309545],[109.775735,-7.309916],[109.775906,-7.310288],[109.775987,-7.310632],[109.775945,-7.311002],[109.775801,-7.311309],[109.775431,-7.311616],[109.775102,-7.311733],[109.774774,-7.311813],[109.77422,-7.311839],[109.773195,-7.31189],[109.772087,-7.312077],[109.771575,-7.312157],[109.77059,-7.31219],[109.769955,-7.312189],[109.769606,-7.312296],[109.769175,-7.312512],[109.768928,-7.312819],[109.768742,-7.313253],[109.768638,-7.313741],[109.768534,-7.314355],[109.76845,-7.315006],[109.768121,-7.315277],[109.767772,-7.315556],[109.767177,-7.31588],[109.766479,-7.316186],[109.766067,-7.31651],[109.765772,-7.31679],[109.765425,-7.316997],[109.764974,-7.317149],[109.763588,-7.317209],[109.763051,-7.317144],[109.762342,-7.31688],[109.761666,-7.316878],[109.761388,-7.317347],[109.761404,-7.317709],[109.761611,-7.31809],[109.762216,-7.318534],[109.762647,-7.319042],[109.762837,-7.319495],[109.762853,-7.319875],[109.762574,-7.320425],[109.762279,-7.320597],[109.761794,-7.320631],[109.761327,-7.320612],[109.760877,-7.320439],[109.760358,-7.320193],[109.759908,-7.320038],[109.759457,-7.320001],[109.758886,-7.320117],[109.758573,-7.320288],[109.758312,-7.320649],[109.757763,-7.321262],[109.757376,-7.321433],[109.756922,-7.321631],[109.756518,-7.321946],[109.756198,-7.322316],[109.755844,-7.322903],[109.75559,-7.323653],[109.755454,-7.324141],[109.755033,-7.324592],[109.754495,-7.324717],[109.753975,-7.324589],[109.753556,-7.324317],[109.75312,-7.324062],[109.752617,-7.323862],[109.751912,-7.323679],[109.751241,-7.323605],[109.75158,-7.321833],[109.751747,-7.320667],[109.751998,-7.319302],[109.75214,-7.318118],[109.752413,-7.316861],[109.752657,-7.315813],[109.753223,-7.314512],[109.753413,-7.313916],[109.753619,-7.313573],[109.753835,-7.312651],[109.75426,-7.310834],[109.754407,-7.309587],[109.754411,-7.308737],[109.754393,-7.307733],[109.754255,-7.306593],[109.754082,-7.305643],[109.753836,-7.304855],[109.753547,-7.30404],[109.753533,-7.303624],[109.753834,-7.3033],[109.754295,-7.303156],[109.755534,-7.302825],[109.756961,-7.302458],[109.758245,-7.302154],[109.75984,-7.301743],[109.761012,-7.301538],[109.762041,-7.301333],[109.762766,-7.301262],[109.763306,-7.301381],[109.763867,-7.3016],[109.764994,-7.301974],[109.765811,-7.302166],[109.766595,-7.302286],[109.767384,-7.302333],[109.768193,-7.302435],[109.769405,-7.302646],[109.77066,-7.302876],[109.771929,-7.303168],[109.773242,-7.303461],[109.774147,-7.30369],[109.775329,-7.304001],[109.776631,-7.304303]]]]}},{"id":"237","type":"Feature","properties":{"DESA":"Bantar"},"geometry":{"type":"MultiPolygon","coordinates":[[[[109.742285,-7.285479],[109.742591,-7.28595],[109.742747,-7.286402],[109.743091,-7.286421],[109.74344,-7.286178],[109.744674,-7.286082],[109.745384,-7.286473],[109.745728,-7.286465],[109.746196,-7.286123],[109.746573,-7.286232],[109.747235,-7.286605],[109.747692,-7.286959],[109.748,-7.287719],[109.748167,-7.288208],[109.74856,-7.288707],[109.749267,-7.289631],[109.749607,-7.290202],[109.749988,-7.29099],[109.749376,-7.291187],[109.749451,-7.291865],[109.749297,-7.292398],[109.749296,-7.292932],[109.74937,-7.293611],[109.750001,-7.294517],[109.750406,-7.294979],[109.750474,-7.295422],[109.75038,-7.295928],[109.750263,-7.296371],[109.750378,-7.296761],[109.750567,-7.29734],[109.7504,-7.298018],[109.75065,-7.298751],[109.750877,-7.299475],[109.750796,-7.299999],[109.750795,-7.300334],[109.750807,-7.300723],[109.750918,-7.301402],[109.750704,-7.301962],[109.750409,-7.302142],[109.75005,-7.302566],[109.749609,-7.303116],[109.749515,-7.303704],[109.749501,-7.304319],[109.749455,-7.305096],[109.749414,-7.30582],[109.749404,-7.306516],[109.749343,-7.307176],[109.74929,-7.30789],[109.749194,-7.308387],[109.749155,-7.308903],[109.748129,-7.30937],[109.747219,-7.309558],[109.746152,-7.309736],[109.745648,-7.309671],[109.745076,-7.309579],[109.744699,-7.309469],[109.744334,-7.309342],[109.743513,-7.309231],[109.742501,-7.30893],[109.741788,-7.308855],[109.740976,-7.308835],[109.740008,-7.308823],[109.739115,-7.308784],[109.738231,-7.308637],[109.737664,-7.308473],[109.737045,-7.308227],[109.736387,-7.307882],[109.735502,-7.307382],[109.734869,-7.307109],[109.734486,-7.307198],[109.734167,-7.307224],[109.733593,-7.307078],[109.733109,-7.306615],[109.733228,-7.305883],[109.733292,-7.305558],[109.733758,-7.305161],[109.734602,-7.304467],[109.735245,-7.304098],[109.735713,-7.303756],[109.73615,-7.303341],[109.736401,-7.302871],[109.73642,-7.302464],[109.736387,-7.30165],[109.73647,-7.30109],[109.736874,-7.300865],[109.736936,-7.300413],[109.736982,-7.299635],[109.737054,-7.29922],[109.7373,-7.298379],[109.737777,-7.298236],[109.738009,-7.297974],[109.737988,-7.297558],[109.737774,-7.297114],[109.737157,-7.296832],[109.736613,-7.296207],[109.736925,-7.295439],[109.737029,-7.294924],[109.737507,-7.294437],[109.737983,-7.294067],[109.738425,-7.293435],[109.738752,-7.292659],[109.738534,-7.291726],[109.738618,-7.291311],[109.73911,-7.291077],[109.739369,-7.290499],[109.739525,-7.290074],[109.739751,-7.289568],[109.740217,-7.28919],[109.740577,-7.289109],[109.740984,-7.289056],[109.741332,-7.288696],[109.741378,-7.288162],[109.741443,-7.287493],[109.7415,-7.28696],[109.741522,-7.286571],[109.741717,-7.286219],[109.742043,-7.285858],[109.742285,-7.285479]]]]}},{"id":"238","type":"Feature","properties":{"DESA":"Pandansari"},"geometry":{"type":"MultiPolygon","coordinates":[[[[109.774763,-7.289185],[109.775076,-7.289304],[109.77594,-7.28936],[109.776271,-7.289578],[109.77691,-7.290349],[109.777402,-7.290648],[109.777705,-7.290803],[109.77813,-7.29084],[109.779162,-7.290726],[109.779952,-7.29071],[109.780508,-7.290955],[109.780751,-7.29158],[109.780868,-7.291924],[109.781065,-7.292467],[109.78133,-7.293454],[109.781143,-7.294068],[109.781311,-7.294756],[109.781279,-7.295335],[109.781255,-7.296013],[109.781295,-7.296456],[109.781664,-7.297642],[109.782214,-7.298674],[109.782494,-7.299145],[109.782696,-7.299481],[109.782764,-7.300032],[109.782276,-7.300348],[109.781772,-7.300817],[109.781658,-7.301196],[109.781533,-7.30163],[109.78127,-7.301937],[109.780647,-7.30217],[109.780226,-7.303082],[109.779964,-7.303425],[109.779013,-7.303432],[109.778399,-7.303466],[109.777871,-7.303546],[109.7774,-7.303798],[109.776631,-7.304303],[109.775329,-7.304001],[109.774147,-7.30369],[109.773242,-7.303461],[109.771929,-7.303168],[109.77066,-7.302876],[109.769405,-7.302646],[109.768193,-7.302435],[109.767384,-7.302333],[109.766595,-7.302286],[109.765811,-7.302166],[109.764994,-7.301974],[109.763867,-7.3016],[109.763306,-7.301381],[109.762766,-7.301262],[109.762041,-7.301333],[109.761012,-7.301538],[109.75984,-7.301743],[109.758245,-7.302154],[109.756961,-7.302458],[109.755534,-7.302825],[109.754295,-7.303156],[109.753834,-7.3033],[109.753533,-7.303624],[109.753547,-7.30404],[109.753836,-7.304855],[109.754082,-7.305643],[109.754255,-7.306593],[109.754393,-7.307733],[109.754411,-7.308737],[109.754407,-7.309587],[109.75426,-7.310834],[109.753835,-7.312651],[109.753619,-7.313573],[109.753413,-7.313916],[109.753223,-7.314512],[109.752657,-7.315813],[109.752413,-7.316861],[109.75214,-7.318118],[109.751998,-7.319302],[109.751747,-7.320667],[109.75158,-7.321833],[109.751241,-7.323605],[109.750687,-7.323558],[109.749998,-7.323556],[109.749971,-7.322299],[109.74996,-7.321783],[109.749982,-7.321051],[109.749978,-7.319993],[109.750002,-7.319025],[109.750027,-7.318175],[109.749934,-7.317316],[109.749804,-7.31652],[109.749745,-7.315787],[109.749686,-7.314792],[109.74963,-7.313896],[109.749531,-7.312757],[109.749446,-7.311698],[109.749332,-7.310748],[109.749215,-7.309627],[109.749155,-7.308903],[109.749194,-7.308387],[109.74929,-7.30789],[109.749343,-7.307176],[109.749404,-7.306516],[109.749414,-7.30582],[109.749455,-7.305096],[109.749501,-7.304319],[109.749515,-7.303704],[109.749609,-7.303116],[109.75005,-7.302566],[109.750409,-7.302142],[109.750704,-7.301962],[109.750918,-7.301402],[109.750807,-7.300723],[109.750795,-7.300334],[109.750796,-7.299999],[109.750877,-7.299475],[109.75065,-7.298751],[109.7504,-7.298018],[109.750567,-7.29734],[109.750378,-7.296761],[109.750263,-7.296371],[109.75038,-7.295928],[109.750474,-7.295422],[109.750406,-7.294979],[109.750001,-7.294517],[109.74937,-7.293611],[109.749296,-7.292932],[109.749297,-7.292398],[109.749451,-7.291865],[109.749376,-7.291187],[109.749988,-7.29099],[109.750297,-7.290457],[109.750529,-7.290177],[109.750861,-7.290024],[109.752368,-7.287767],[109.75277,-7.287479],[109.753053,-7.2872],[109.753453,-7.287562],[109.753979,-7.287935],[109.754568,-7.288316],[109.755271,-7.288815],[109.75581,-7.289233],[109.75614,-7.289514],[109.756667,-7.289896],[109.757138,-7.290385],[109.757652,-7.291146],[109.757986,-7.291617],[109.758385,-7.292261],[109.758942,-7.292968],[109.759459,-7.293566],[109.759974,-7.29402],[109.760495,-7.294482],[109.760921,-7.294863],[109.761295,-7.295117],[109.761867,-7.295291],[109.762279,-7.295229],[109.763013,-7.294987],[109.763518,-7.294861],[109.764111,-7.2948],[109.764944,-7.294838],[109.765518,-7.294749],[109.765935,-7.294624],[109.766456,-7.294327],[109.767045,-7.294003],[109.767652,-7.293688],[109.768634,-7.293003],[109.76934,-7.292517],[109.770082,-7.291976],[109.77119,-7.291292],[109.772275,-7.290725],[109.773145,-7.290058],[109.773783,-7.289572],[109.774763,-7.289185]]]]}},{"id":"239","type":"Feature","properties":{"DESA":"Pagergunung"},"geometry":{"type":"MultiPolygon","coordinates":[[[[109.770215,-7.273518],[109.770632,-7.273691],[109.770974,-7.273846],[109.771526,-7.274073],[109.771969,-7.274002],[109.772642,-7.273986],[109.773032,-7.274195],[109.773213,-7.274494],[109.773584,-7.27492],[109.774359,-7.27475],[109.774604,-7.275312],[109.774921,-7.276126],[109.775318,-7.2762],[109.775637,-7.276228],[109.775848,-7.27687],[109.775864,-7.277449],[109.77528,-7.27828],[109.775399,-7.278597],[109.775816,-7.278498],[109.776208,-7.278409],[109.776745,-7.278555],[109.777438,-7.278521],[109.777535,-7.278937],[109.777111,-7.280057],[109.776955,-7.280392],[109.776734,-7.280708],[109.776273,-7.280996],[109.775758,-7.281103],[109.775382,-7.281283],[109.775224,-7.281644],[109.774721,-7.282004],[109.774217,-7.282274],[109.773909,-7.282554],[109.773743,-7.283015],[109.77352,-7.28362],[109.773091,-7.284306],[109.772909,-7.284685],[109.772804,-7.285146],[109.772998,-7.285608],[109.773272,-7.286341],[109.773213,-7.28692],[109.773234,-7.287381],[109.773445,-7.287644],[109.773749,-7.287934],[109.774027,-7.288387],[109.774192,-7.288677],[109.774763,-7.289185],[109.773783,-7.289572],[109.773145,-7.290058],[109.772275,-7.290725],[109.77119,-7.291292],[109.770082,-7.291976],[109.76934,-7.292517],[109.768634,-7.293003],[109.767652,-7.293688],[109.767045,-7.294003],[109.766456,-7.294327],[109.765935,-7.294624],[109.765518,-7.294749],[109.764944,-7.294838],[109.764111,-7.2948],[109.763518,-7.294861],[109.763013,-7.294987],[109.762279,-7.295229],[109.761867,-7.295291],[109.761295,-7.295117],[109.760921,-7.294863],[109.760495,-7.294482],[109.759974,-7.29402],[109.759459,-7.293566],[109.758942,-7.292968],[109.758385,-7.292261],[109.757986,-7.291617],[109.757652,-7.291146],[109.757138,-7.290385],[109.756667,-7.289896],[109.75614,-7.289514],[109.75581,-7.289233],[109.755271,-7.288815],[109.754568,-7.288316],[109.753979,-7.287935],[109.753453,-7.287562],[109.753053,-7.2872],[109.753353,-7.286812],[109.753634,-7.286442],[109.753922,-7.28609],[109.754308,-7.28562],[109.754837,-7.285106],[109.755299,-7.284692],[109.755772,-7.284177],[109.756098,-7.283853],[109.756235,-7.283455],[109.756421,-7.282985],[109.756518,-7.28247],[109.756498,-7.282054],[109.756413,-7.281439],[109.756318,-7.28067],[109.756349,-7.28029],[109.756429,-7.279856],[109.756581,-7.279269],[109.756684,-7.278681],[109.756676,-7.278247],[109.756607,-7.277894],[109.757395,-7.277842],[109.758052,-7.277853],[109.75854,-7.277854],[109.759234,-7.277847],[109.759861,-7.277894],[109.760539,-7.278041],[109.761105,-7.278187],[109.761998,-7.278416],[109.762613,-7.278553],[109.763014,-7.27859],[109.763446,-7.278591],[109.763877,-7.278538],[109.76435,-7.278404],[109.764902,-7.278089],[109.765359,-7.277737],[109.765771,-7.277359],[109.766207,-7.27689],[109.766964,-7.27615],[109.767672,-7.275474],[109.76842,-7.27496],[109.7691,-7.274474],[109.769786,-7.274023],[109.770215,-7.273518]]]]}},{"id":"240","type":"Feature","properties":{"DESA":"Dawuhan"},"geometry":{"type":"MultiPolygon","coordinates":[[[[109.766965,-7.265795],[109.767296,-7.266492],[109.767586,-7.266828],[109.768149,-7.267218],[109.768671,-7.267626],[109.768553,-7.267961],[109.768393,-7.26862],[109.768886,-7.269237],[109.769084,-7.269491],[109.769004,-7.269897],[109.768447,-7.270167],[109.768446,-7.270565],[109.768611,-7.2709],[109.768812,-7.271199],[109.769208,-7.271417],[109.769796,-7.271455],[109.769705,-7.271862],[109.769708,-7.272214],[109.769795,-7.272685],[109.769923,-7.273056],[109.770215,-7.273518],[109.769786,-7.274023],[109.7691,-7.274474],[109.76842,-7.27496],[109.767672,-7.275474],[109.766964,-7.27615],[109.766207,-7.27689],[109.765771,-7.277359],[109.765359,-7.277737],[109.764902,-7.278089],[109.76435,-7.278404],[109.763877,-7.278538],[109.763446,-7.278591],[109.763014,-7.27859],[109.762613,-7.278553],[109.761998,-7.278416],[109.761105,-7.278187],[109.760539,-7.278041],[109.759861,-7.277894],[109.759234,-7.277847],[109.75854,-7.277854],[109.758052,-7.277853],[109.757395,-7.277842],[109.756607,-7.277894],[109.75626,-7.277324],[109.756079,-7.277025],[109.755311,-7.275358],[109.755089,-7.274797],[109.754852,-7.274109],[109.754719,-7.273313],[109.754556,-7.272598],[109.754415,-7.272037],[109.754283,-7.271304],[109.754152,-7.270616],[109.75409,-7.270245],[109.753998,-7.269639],[109.753914,-7.269123],[109.753847,-7.268535],[109.753385,-7.267539],[109.754248,-7.26765],[109.754685,-7.267832],[109.755092,-7.267915],[109.755998,-7.268424],[109.756753,-7.268317],[109.7572,-7.268147],[109.757781,-7.268067],[109.758391,-7.267879],[109.759044,-7.267645],[109.759766,-7.267448],[109.760395,-7.267251],[109.760906,-7.267162],[109.761537,-7.267091],[109.762123,-7.267003],[109.76246,-7.26694],[109.763035,-7.26686],[109.76352,-7.266735],[109.764061,-7.266501],[109.764422,-7.266403],[109.764764,-7.266277],[109.765439,-7.266234],[109.765888,-7.266172],[109.766405,-7.265983],[109.766965,-7.265795]]]]}},{"id":"241","type":"Feature","properties":{"DESA":"Kubang"},"geometry":{"type":"MultiPolygon","coordinates":[[[[109.742822,-7.259506],[109.743293,-7.259336],[109.743762,-7.259102],[109.744418,-7.258842],[109.744977,-7.258689],[109.745331,-7.2586],[109.745807,-7.258692],[109.74629,-7.25882],[109.746872,-7.259174],[109.747274,-7.259573],[109.747892,-7.26019],[109.748375,-7.260589],[109.748869,-7.260925],[109.749364,-7.261306],[109.74976,-7.261705],[109.749996,-7.262429],[109.750821,-7.26368],[109.751142,-7.264115],[109.75145,-7.26455],[109.751728,-7.265066],[109.752012,-7.2656],[109.752214,-7.266044],[109.752539,-7.26675],[109.752957,-7.267393],[109.753385,-7.267539],[109.753847,-7.268535],[109.753914,-7.269123],[109.753998,-7.269639],[109.75409,-7.270245],[109.754152,-7.270616],[109.754283,-7.271304],[109.754415,-7.272037],[109.754556,-7.272598],[109.754719,-7.273313],[109.754852,-7.274109],[109.755089,-7.274797],[109.755311,-7.275358],[109.756079,-7.277025],[109.75626,-7.277324],[109.756607,-7.277894],[109.756676,-7.278247],[109.756684,-7.278681],[109.756581,-7.279269],[109.756429,-7.279856],[109.756349,-7.28029],[109.756318,-7.28067],[109.756413,-7.281439],[109.756498,-7.282054],[109.756518,-7.28247],[109.756421,-7.282985],[109.756235,-7.283455],[109.756098,-7.283853],[109.755772,-7.284177],[109.755299,-7.284692],[109.754837,-7.285106],[109.754308,-7.28562],[109.753922,-7.28609],[109.753634,-7.286442],[109.753353,-7.286812],[109.753053,-7.2872],[109.75277,-7.287479],[109.752368,-7.287767],[109.750861,-7.290024],[109.750529,-7.290177],[109.750297,-7.290457],[109.749988,-7.29099],[109.749607,-7.290202],[109.749267,-7.289631],[109.74856,-7.288707],[109.748167,-7.288208],[109.748,-7.287719],[109.747692,-7.286959],[109.747235,-7.286605],[109.746573,-7.286232],[109.746196,-7.286123],[109.745728,-7.286465],[109.745384,-7.286473],[109.744674,-7.286082],[109.74344,-7.286178],[109.743091,-7.286421],[109.742747,-7.286402],[109.742591,-7.28595],[109.742285,-7.285479],[109.742353,-7.284493],[109.742248,-7.284158],[109.74244,-7.283887],[109.742862,-7.283364],[109.743429,-7.282751],[109.744106,-7.2823],[109.744858,-7.281832],[109.745558,-7.281282],[109.74584,-7.280777],[109.746016,-7.280235],[109.746117,-7.279403],[109.746009,-7.278417],[109.745767,-7.277611],[109.745397,-7.276652],[109.745081,-7.275602],[109.744508,-7.274126],[109.74456,-7.273665],[109.744363,-7.272905],[109.74408,-7.272307],[109.74422,-7.271638],[109.744528,-7.271078],[109.744725,-7.270744],[109.745134,-7.269931],[109.745628,-7.269128],[109.745491,-7.268666],[109.745383,-7.268358],[109.74524,-7.267499],[109.745322,-7.267011],[109.74545,-7.266667],[109.745486,-7.266333],[109.74527,-7.265952],[109.745497,-7.265293],[109.745571,-7.264316],[109.745334,-7.263854],[109.745189,-7.263239],[109.74523,-7.262814],[109.74523,-7.26247],[109.745194,-7.262036],[109.744953,-7.261692],[109.744536,-7.261157],[109.744101,-7.260659],[109.743365,-7.260087],[109.742822,-7.259506]]]]}},{"id":"242","type":"Feature","properties":{"DESA":"Susukan"},"geometry":{"type":"MultiPolygon","coordinates":[[[[109.75,-7.253304],[109.750573,-7.253053],[109.751057,-7.252783],[109.751674,-7.252667],[109.752345,-7.252723],[109.752728,-7.252805],[109.753356,-7.252915],[109.753743,-7.252917],[109.75413,-7.252827],[109.75474,-7.252693],[109.755158,-7.252586],[109.755717,-7.25237],[109.756456,-7.252074],[109.756798,-7.252093],[109.757324,-7.252094],[109.757873,-7.25206],[109.758244,-7.252097],[109.758748,-7.252469],[109.759285,-7.252778],[109.759625,-7.252951],[109.760073,-7.253124],[109.760689,-7.253306],[109.761385,-7.253399],[109.761963,-7.253518],[109.762453,-7.253664],[109.762968,-7.253765],[109.763458,-7.253829],[109.763946,-7.253876],[109.764429,-7.253904],[109.765015,-7.253825],[109.765433,-7.253744],[109.765813,-7.253619],[109.766237,-7.253475],[109.766625,-7.253748],[109.767517,-7.254193],[109.768175,-7.254566],[109.76823,-7.254891],[109.768013,-7.255569],[109.76794,-7.256102],[109.768118,-7.25679],[109.768221,-7.257234],[109.768352,-7.257804],[109.768463,-7.258211],[109.768443,-7.258781],[109.768198,-7.259033],[109.767355,-7.259755],[109.767063,-7.260694],[109.766846,-7.261273],[109.766238,-7.262275],[109.766102,-7.262645],[109.766048,-7.263269],[109.765884,-7.26382],[109.765777,-7.264137],[109.765795,-7.264598],[109.765935,-7.265069],[109.76643,-7.265206],[109.76681,-7.265469],[109.766965,-7.265795],[109.766405,-7.265983],[109.765888,-7.266172],[109.765439,-7.266234],[109.764764,-7.266277],[109.764422,-7.266403],[109.764061,-7.266501],[109.76352,-7.266735],[109.763035,-7.26686],[109.76246,-7.26694],[109.762123,-7.267003],[109.761537,-7.267091],[109.760906,-7.267162],[109.760395,-7.267251],[109.759766,-7.267448],[109.759044,-7.267645],[109.758391,-7.267879],[109.757781,-7.268067],[109.7572,-7.268147],[109.756753,-7.268317],[109.755998,-7.268424],[109.755092,-7.267915],[109.754685,-7.267832],[109.754248,-7.26765],[109.753385,-7.267539],[109.752957,-7.267393],[109.752539,-7.26675],[109.752214,-7.266044],[109.752012,-7.2656],[109.751728,-7.265066],[109.75145,-7.26455],[109.751142,-7.264115],[109.750821,-7.26368],[109.749996,-7.262429],[109.74976,-7.261705],[109.749364,-7.261306],[109.748869,-7.260925],[109.748375,-7.260589],[109.747892,-7.26019],[109.747274,-7.259573],[109.746872,-7.259174],[109.74629,-7.25882],[109.745807,-7.258692],[109.745331,-7.2586],[109.744977,-7.258689],[109.744418,-7.258842],[109.744695,-7.258074],[109.744914,-7.257532],[109.745199,-7.256827],[109.745497,-7.256168],[109.745761,-7.255391],[109.745935,-7.25474],[109.746203,-7.254144],[109.746505,-7.253683],[109.746778,-7.253277],[109.747434,-7.253026],[109.748452,-7.253083],[109.749523,-7.253258],[109.75,-7.253304]]]]}},{"id":"243","type":"Feature","properties":{"DESA":"Wanayasa"},"geometry":{"type":"MultiPolygon","coordinates":[[[[109.747051,-7.227196],[109.750013,-7.22904],[109.751469,-7.229243],[109.752616,-7.230503],[109.754182,-7.231864],[109.75564,-7.234056],[109.758038,-7.237201],[109.758664,-7.237827],[109.760337,-7.238148],[109.761796,-7.239925],[109.763152,-7.241384],[109.764299,-7.242961],[109.765552,-7.243796],[109.767118,-7.244741],[109.767847,-7.2461],[109.76753,-7.247139],[109.766482,-7.247977],[109.765852,-7.248916],[109.765011,-7.249999],[109.764639,-7.250649],[109.76472,-7.251264],[109.764882,-7.251871],[109.765035,-7.252224],[109.765268,-7.252514],[109.765601,-7.252849],[109.765939,-7.253212],[109.766237,-7.253475],[109.765813,-7.253619],[109.765433,-7.253744],[109.765015,-7.253825],[109.764429,-7.253904],[109.763946,-7.253876],[109.763458,-7.253829],[109.762968,-7.253765],[109.762453,-7.253664],[109.761963,-7.253518],[109.761385,-7.253399],[109.760689,-7.253306],[109.760073,-7.253124],[109.759625,-7.252951],[109.759285,-7.252778],[109.758748,-7.252469],[109.758244,-7.252097],[109.757873,-7.25206],[109.757324,-7.252094],[109.756798,-7.252093],[109.756456,-7.252074],[109.755717,-7.25237],[109.755158,-7.252586],[109.75474,-7.252693],[109.75413,-7.252827],[109.753743,-7.252917],[109.753356,-7.252915],[109.752728,-7.252805],[109.752345,-7.252723],[109.751674,-7.252667],[109.751057,-7.252783],[109.750573,-7.253053],[109.75,-7.253304],[109.749523,-7.253258],[109.748452,-7.253083],[109.747434,-7.253026],[109.746778,-7.253277],[109.746505,-7.253683],[109.746203,-7.254144],[109.745935,-7.25474],[109.745761,-7.255391],[109.745497,-7.256168],[109.745199,-7.256827],[109.744914,-7.257532],[109.744695,-7.258074],[109.744418,-7.258842],[109.743762,-7.259102],[109.743293,-7.259336],[109.742822,-7.259506],[109.742497,-7.259207],[109.741932,-7.258735],[109.740988,-7.258118],[109.740299,-7.257709],[109.739775,-7.257391],[109.739209,-7.257055],[109.739006,-7.256475],[109.738982,-7.255643],[109.738919,-7.254748],[109.738732,-7.253861],[109.738527,-7.25292],[109.738293,-7.252196],[109.737816,-7.251191],[109.73722,-7.250411],[109.736784,-7.250012],[109.736387,-7.249703],[109.737204,-7.248467],[109.737399,-7.247554],[109.737497,-7.246577],[109.737403,-7.245863],[109.738792,-7.245432],[109.739751,-7.24501],[109.740686,-7.244271],[109.74373,-7.242443],[109.74536,-7.241516],[109.746368,-7.240633],[109.746968,-7.239947],[109.747401,-7.239107],[109.747524,-7.237986],[109.747408,-7.236702],[109.746723,-7.233137],[109.746921,-7.230967],[109.747094,-7.229059],[109.747051,-7.227196]]]]}},{"id":"244","type":"Feature","properties":{"DESA":"Pesantren"},"geometry":{"type":"MultiPolygon","coordinates":[[[[109.720017,-7.233831],[109.720805,-7.233879],[109.721235,-7.233952],[109.721593,-7.234215],[109.722,-7.234452],[109.722358,-7.234814],[109.722764,-7.235123],[109.723481,-7.235297],[109.724558,-7.235372],[109.725611,-7.235321],[109.727478,-7.235064],[109.728794,-7.23495],[109.729752,-7.23498],[109.730421,-7.235072],[109.730947,-7.235435],[109.731375,-7.23644],[109.731752,-7.238395],[109.731917,-7.239254],[109.732323,-7.239852],[109.732919,-7.240505],[109.733276,-7.241311],[109.733536,-7.242225],[109.734059,-7.243538],[109.734537,-7.243946],[109.735158,-7.244301],[109.735899,-7.24471],[109.736209,-7.244882],[109.736783,-7.245047],[109.737261,-7.245338],[109.737403,-7.245863],[109.737497,-7.246577],[109.737399,-7.247554],[109.737204,-7.248467],[109.736387,-7.249703],[109.736043,-7.249585],[109.735589,-7.249484],[109.735086,-7.249465],[109.734631,-7.249463],[109.734153,-7.249552],[109.73341,-7.249668],[109.732645,-7.249648],[109.732214,-7.249646],[109.731687,-7.24969],[109.731304,-7.249716],[109.730682,-7.249687],[109.730156,-7.249641],[109.729294,-7.249539],[109.728768,-7.249465],[109.727859,-7.249372],[109.727142,-7.249252],[109.726771,-7.249215],[109.725515,-7.249103],[109.724964,-7.249029],[109.723911,-7.248999],[109.723146,-7.24897],[109.72196,-7.248994],[109.721866,-7.247899],[109.721606,-7.246849],[109.721277,-7.244479],[109.721042,-7.243212],[109.72066,-7.242714],[109.719801,-7.241825],[109.719158,-7.240937],[109.71868,-7.240484],[109.718397,-7.240293],[109.717882,-7.240364],[109.717873,-7.239242],[109.717883,-7.238609],[109.717519,-7.23821],[109.717214,-7.237911],[109.717286,-7.237504],[109.71821,-7.236946],[109.718622,-7.236793],[109.718863,-7.236342],[109.718727,-7.235898],[109.718683,-7.235437],[109.719131,-7.234968],[109.7196,-7.23478],[109.719964,-7.234437],[109.720017,-7.233831]]]]}},{"id":"245","type":"Feature","properties":{"DESA":"Balun"},"geometry":{"type":"MultiPolygon","coordinates":[[[[109.712449,-7.198259],[109.713535,-7.198226],[109.714071,-7.198246],[109.714659,-7.19841],[109.715106,-7.19861],[109.715508,-7.198847],[109.716116,-7.199156],[109.716881,-7.199375],[109.717265,-7.199466],[109.716949,-7.200822],[109.716583,-7.203399],[109.716312,-7.206247],[109.716354,-7.208227],[109.716319,-7.212261],[109.716339,-7.2135],[109.716743,-7.214794],[109.717026,-7.216007],[109.718021,-7.219708],[109.718995,-7.222388],[109.719863,-7.223883],[109.720219,-7.224227],[109.720157,-7.224688],[109.719765,-7.225076],[109.719918,-7.225511],[109.720243,-7.225991],[109.720423,-7.226516],[109.720193,-7.226741],[109.71988,-7.227211],[109.719729,-7.227599],[109.719709,-7.228142],[109.719507,-7.228521],[109.719524,-7.229127],[109.719462,-7.230348],[109.719469,-7.230872],[109.719583,-7.231298],[109.720037,-7.23167],[109.720044,-7.232077],[109.719823,-7.233451],[109.720017,-7.233831],[109.719964,-7.234437],[109.7196,-7.23478],[109.719131,-7.234968],[109.718683,-7.235437],[109.718727,-7.235898],[109.718863,-7.236342],[109.718622,-7.236793],[109.71821,-7.236946],[109.717286,-7.237504],[109.717214,-7.237911],[109.717519,-7.23821],[109.717883,-7.238609],[109.717873,-7.239242],[109.717882,-7.240364],[109.718397,-7.240293],[109.71868,-7.240484],[109.719158,-7.240937],[109.719801,-7.241825],[109.72066,-7.242714],[109.721042,-7.243212],[109.721277,-7.244479],[109.721606,-7.246849],[109.721866,-7.247899],[109.72196,-7.248994],[109.7208,-7.249018],[109.72013,-7.248916],[109.719533,-7.24877],[109.719007,-7.248533],[109.718074,-7.248314],[109.7175,-7.248294],[109.716878,-7.248337],[109.715537,-7.248524],[109.714819,-7.248621],[109.713885,-7.248853],[109.713023,-7.249068],[109.712856,-7.248633],[109.71257,-7.24837],[109.712307,-7.248135],[109.712045,-7.247817],[109.71195,-7.247347],[109.712,-7.246868],[109.711907,-7.245746],[109.711767,-7.244642],[109.711554,-7.243764],[109.711293,-7.243094],[109.710746,-7.241827],[109.710196,-7.241418],[109.709647,-7.241037],[109.709074,-7.240719],[109.7085,-7.240455],[109.707975,-7.240119],[109.707402,-7.23952],[109.707213,-7.23876],[109.706552,-7.235439],[109.706272,-7.232933],[109.70589,-7.232597],[109.705603,-7.232407],[109.704934,-7.232161],[109.704648,-7.231997],[109.704361,-7.231779],[109.704314,-7.231372],[109.704556,-7.230658],[109.704654,-7.229628],[109.704681,-7.228606],[109.70442,-7.228081],[109.704422,-7.227294],[109.704592,-7.226308],[109.704882,-7.225378],[109.705012,-7.22498],[109.705343,-7.223236],[109.705923,-7.22123],[109.705974,-7.219846],[109.705881,-7.218887],[109.705716,-7.218055],[109.70567,-7.217313],[109.705844,-7.21536],[109.706037,-7.214782],[109.706231,-7.213643],[109.706284,-7.21178],[109.706553,-7.209728],[109.706364,-7.208886],[109.706564,-7.20612],[109.706615,-7.204763],[109.706453,-7.202755],[109.706577,-7.201462],[109.706914,-7.200821],[109.707698,-7.19981],[109.708018,-7.199856],[109.708686,-7.199849],[109.709221,-7.199788],[109.709549,-7.199707],[109.710006,-7.199573],[109.710444,-7.199429],[109.710775,-7.199267],[109.711611,-7.198718],[109.711936,-7.198475],[109.712449,-7.198259]]]]}},{"id":"246","type":"Feature","properties":{"DESA":"Tempuran"},"geometry":{"type":"MultiPolygon","coordinates":[[[[109.717265,-7.199466],[109.717756,-7.199576],[109.720071,-7.199809],[109.721401,-7.199867],[109.721839,-7.200031],[109.723095,-7.200667],[109.724915,-7.201604],[109.725535,-7.201769],[109.725972,-7.201842],[109.72641,-7.201843],[109.727393,-7.201756],[109.727255,-7.2036],[109.727152,-7.206204],[109.727194,-7.208258],[109.727311,-7.209325],[109.727539,-7.213314],[109.727724,-7.215729],[109.727937,-7.216444],[109.72839,-7.217142],[109.730564,-7.218097],[109.735894,-7.220527],[109.738236,-7.22161],[109.7417,-7.223763],[109.744256,-7.22556],[109.747051,-7.227196],[109.747094,-7.229059],[109.746921,-7.230967],[109.746723,-7.233137],[109.747408,-7.236702],[109.747524,-7.237986],[109.747401,-7.239107],[109.746968,-7.239947],[109.746368,-7.240633],[109.74536,-7.241516],[109.74373,-7.242443],[109.740686,-7.244271],[109.739751,-7.24501],[109.738792,-7.245432],[109.737403,-7.245863],[109.737261,-7.245338],[109.736783,-7.245047],[109.736209,-7.244882],[109.735899,-7.24471],[109.735158,-7.244301],[109.734537,-7.243946],[109.734059,-7.243538],[109.733536,-7.242225],[109.733276,-7.241311],[109.732919,-7.240505],[109.732323,-7.239852],[109.731917,-7.239254],[109.731752,-7.238395],[109.731375,-7.23644],[109.730947,-7.235435],[109.730421,-7.235072],[109.729752,-7.23498],[109.728794,-7.23495],[109.727478,-7.235064],[109.725611,-7.235321],[109.724558,-7.235372],[109.723481,-7.235297],[109.722764,-7.235123],[109.722358,-7.234814],[109.722,-7.234452],[109.721593,-7.234215],[109.721235,-7.233952],[109.720805,-7.233879],[109.720017,-7.233831],[109.719823,-7.233451],[109.720044,-7.232077],[109.720037,-7.23167],[109.719583,-7.231298],[109.719469,-7.230872],[109.719462,-7.230348],[109.719524,-7.229127],[109.719507,-7.228521],[109.719709,-7.228142],[109.719729,-7.227599],[109.71988,-7.227211],[109.720193,-7.226741],[109.720423,-7.226516],[109.720243,-7.225991],[109.719918,-7.225511],[109.719765,-7.225076],[109.720157,-7.224688],[109.720219,-7.224227],[109.719863,-7.223883],[109.718995,-7.222388],[109.718021,-7.219708],[109.717026,-7.216007],[109.716743,-7.214794],[109.716339,-7.2135],[109.716319,-7.212261],[109.716354,-7.208227],[109.716312,-7.206247],[109.716583,-7.203399],[109.716949,-7.200822],[109.717265,-7.199466]]]]}},{"id":"247","type":"Feature","properties":{"DESA":"Wanaraja"},"geometry":{"type":"MultiPolygon","coordinates":[[[[109.727393,-7.201756],[109.729038,-7.200612],[109.732142,-7.201651],[109.735967,-7.203],[109.738787,-7.204157],[109.742443,-7.206003],[109.743925,-7.206531],[109.747609,-7.20712],[109.749403,-7.20736],[109.750024,-7.207669],[109.75214,-7.209032],[109.753289,-7.209668],[109.755587,-7.210823],[109.757677,-7.211868],[109.759139,-7.212605],[109.760392,-7.21344],[109.760912,-7.21459],[109.761956,-7.215642],[109.763419,-7.215954],[109.764778,-7.216274],[109.765404,-7.217108],[109.765401,-7.218157],[109.765816,-7.219307],[109.76644,-7.220556],[109.767169,-7.221815],[109.767375,-7.223073],[109.76779,-7.224431],[109.768519,-7.225473],[109.769458,-7.226624],[109.770082,-7.227774],[109.771241,-7.229089],[109.769357,-7.229291],[109.769041,-7.230231],[109.767992,-7.231485],[109.766524,-7.232729],[109.76558,-7.233568],[109.76495,-7.234498],[109.763689,-7.236375],[109.762641,-7.237105],[109.760337,-7.238148],[109.758664,-7.237827],[109.758038,-7.237201],[109.75564,-7.234056],[109.754182,-7.231864],[109.752616,-7.230503],[109.751469,-7.229243],[109.750013,-7.22904],[109.747051,-7.227196],[109.744256,-7.22556],[109.7417,-7.223763],[109.738236,-7.22161],[109.735894,-7.220527],[109.730564,-7.218097],[109.72839,-7.217142],[109.727937,-7.216444],[109.727724,-7.215729],[109.727539,-7.213314],[109.727311,-7.209325],[109.727194,-7.208258],[109.727152,-7.206204],[109.727255,-7.2036],[109.727393,-7.201756]]]]}},{"id":"248","type":"Feature","properties":{"DESA":"Jatilawang"},"geometry":{"type":"MultiPolygon","coordinates":[[[[109.729038,-7.200612],[109.729842,-7.199981],[109.73072,-7.198925],[109.732367,-7.196985],[109.73339,-7.196183],[109.734157,-7.195697],[109.735781,-7.195014],[109.73799,-7.194179],[109.739158,-7.193586],[109.740582,-7.192785],[109.741514,-7.192136],[109.743724,-7.190433],[109.74431,-7.189756],[109.744877,-7.188998],[109.745226,-7.188212],[109.745465,-7.187327],[109.747088,-7.189176],[109.748234,-7.190852],[109.7498,-7.191896],[109.75189,-7.192635],[109.753979,-7.193789],[109.755857,-7.195359],[109.757318,-7.196936],[109.758676,-7.197455],[109.760453,-7.197777],[109.762545,-7.197782],[109.764738,-7.199253],[109.766619,-7.20019],[109.768501,-7.200412],[109.769543,-7.201771],[109.770585,-7.20323],[109.771837,-7.204491],[109.773404,-7.205436],[109.774129,-7.207943],[109.775068,-7.209094],[109.773601,-7.21003],[109.772448,-7.21076],[109.771086,-7.211697],[109.771292,-7.212846],[109.770766,-7.213776],[109.76794,-7.214401],[109.766578,-7.215022],[109.764778,-7.216274],[109.763419,-7.215954],[109.761956,-7.215642],[109.760912,-7.21459],[109.760392,-7.21344],[109.759139,-7.212605],[109.757677,-7.211868],[109.755587,-7.210823],[109.753289,-7.209668],[109.75214,-7.209032],[109.750024,-7.207669],[109.749403,-7.20736],[109.747609,-7.20712],[109.743925,-7.206531],[109.742443,-7.206003],[109.738787,-7.204157],[109.735967,-7.203],[109.732142,-7.201651],[109.729038,-7.200612]]]]}},{"id":"249","type":"Feature","properties":{"DESA":"Legoksayem"},"geometry":{"type":"MultiPolygon","coordinates":[[[[109.775068,-7.209094],[109.776769,-7.209008],[109.778967,-7.208598],[109.780329,-7.207552],[109.782005,-7.206725],[109.784201,-7.207047],[109.784512,-7.208197],[109.784614,-7.209237],[109.786283,-7.211014],[109.787327,-7.211858],[109.787531,-7.213631],[109.787317,-7.215403],[109.78794,-7.217286],[109.788879,-7.21812],[109.7894,-7.218755],[109.789501,-7.220211],[109.789603,-7.22136],[109.790113,-7.222745],[109.789275,-7.223168],[109.788542,-7.223374],[109.787706,-7.222947],[109.786765,-7.222736],[109.785404,-7.223365],[109.784354,-7.224611],[109.783515,-7.22545],[109.782572,-7.226071],[109.781524,-7.226593],[109.780582,-7.226798],[109.779117,-7.227002],[109.777129,-7.227205],[109.776501,-7.227303],[109.775767,-7.227825],[109.775348,-7.22824],[109.775242,-7.228765],[109.775031,-7.229289],[109.772805,-7.230865],[109.771762,-7.229922],[109.771241,-7.229089],[109.770082,-7.227774],[109.769458,-7.226624],[109.768519,-7.225473],[109.76779,-7.224431],[109.767375,-7.223073],[109.767169,-7.221815],[109.76644,-7.220556],[109.765816,-7.219307],[109.765401,-7.218157],[109.765404,-7.217108],[109.764778,-7.216274],[109.766578,-7.215022],[109.76794,-7.214401],[109.770766,-7.213776],[109.771292,-7.212846],[109.771086,-7.211697],[109.772448,-7.21076],[109.773601,-7.21003],[109.775068,-7.209094]]]]}},{"id":"250","type":"Feature","properties":{"DESA":"Kasimpar"},"geometry":{"type":"MultiPolygon","coordinates":[[[[109.765032,-7.176699],[109.765708,-7.1768],[109.766769,-7.177282],[109.767444,-7.177772],[109.768022,-7.178253],[109.768987,-7.178835],[109.770047,-7.179416],[109.771205,-7.179998],[109.772845,-7.180581],[109.774294,-7.180585],[109.775744,-7.18011],[109.776906,-7.178955],[109.778454,-7.178091],[109.779711,-7.177516],[109.780582,-7.17674],[109.783345,-7.17777],[109.784599,-7.178298],[109.786582,-7.180075],[109.788044,-7.18102],[109.789084,-7.183112],[109.789391,-7.185826],[109.788863,-7.187597],[109.788545,-7.189269],[109.789585,-7.191461],[109.791568,-7.193347],[109.79355,-7.195125],[109.794277,-7.197116],[109.795211,-7.200149],[109.792908,-7.200558],[109.790813,-7.201702],[109.790288,-7.202532],[109.788715,-7.203885],[109.787249,-7.204405],[109.785888,-7.204926],[109.784201,-7.207047],[109.782005,-7.206725],[109.780329,-7.207552],[109.778967,-7.208598],[109.776769,-7.209008],[109.775068,-7.209094],[109.774129,-7.207943],[109.773404,-7.205436],[109.771837,-7.204491],[109.770585,-7.20323],[109.769543,-7.201771],[109.768501,-7.200412],[109.766619,-7.20019],[109.764738,-7.199253],[109.762545,-7.197782],[109.760453,-7.197777],[109.758676,-7.197455],[109.757318,-7.196936],[109.755857,-7.195359],[109.753979,-7.193789],[109.75189,-7.192635],[109.7498,-7.191896],[109.748234,-7.190852],[109.747088,-7.189176],[109.745465,-7.187327],[109.74565,-7.186432],[109.745817,-7.185121],[109.746145,-7.183846],[109.74617,-7.183232],[109.74623,-7.182689],[109.746604,-7.182554],[109.747065,-7.182556],[109.747415,-7.182665],[109.747715,-7.182874],[109.748206,-7.183165],[109.748438,-7.182921],[109.748344,-7.182604],[109.748501,-7.182089],[109.748847,-7.182154],[109.749139,-7.182381],[109.749238,-7.182019],[109.749624,-7.181875],[109.750001,-7.181768],[109.750821,-7.18158],[109.751209,-7.181102],[109.751693,-7.180714],[109.752466,-7.180527],[109.753142,-7.180528],[109.753915,-7.18063],[109.754494,-7.180722],[109.755363,-7.180824],[109.756425,-7.180827],[109.757584,-7.18102],[109.758358,-7.180543],[109.759229,-7.179867],[109.760293,-7.179101],[109.760875,-7.178234],[109.76194,-7.177468],[109.762907,-7.176982],[109.765032,-7.176699]]]]}},{"id":"251","type":"Feature","properties":{"DESA":"Pananggungan"},"geometry":{"type":"MultiPolygon","coordinates":[[[[109.784856,-7.163123],[109.786331,-7.162792],[109.788645,-7.162291],[109.791085,-7.162678],[109.793009,-7.163452],[109.794418,-7.164866],[109.794929,-7.166025],[109.796211,-7.167186],[109.798007,-7.167959],[109.798649,-7.168214],[109.800189,-7.168734],[109.800572,-7.169377],[109.80057,-7.170399],[109.800567,-7.171421],[109.801335,-7.172454],[109.803388,-7.173481],[109.805186,-7.173486],[109.806984,-7.173491],[109.808269,-7.173494],[109.809423,-7.174266],[109.810833,-7.17568],[109.8125,-7.176589],[109.814555,-7.176721],[109.817252,-7.176981],[109.818795,-7.17647],[109.82085,-7.17661],[109.82239,-7.177257],[109.823415,-7.178281],[109.823819,-7.18038],[109.823084,-7.181735],[109.823706,-7.183934],[109.822447,-7.18508],[109.821815,-7.186742],[109.820662,-7.187996],[109.817519,-7.189553],[109.815635,-7.189964],[109.814586,-7.191427],[109.813325,-7.193304],[109.811229,-7.194864],[109.809762,-7.196008],[109.806517,-7.196732],[109.804531,-7.196411],[109.802332,-7.197029],[109.801181,-7.197343],[109.799713,-7.198379],[109.797513,-7.19963],[109.795211,-7.200149],[109.794277,-7.197116],[109.79355,-7.195125],[109.791568,-7.193347],[109.789585,-7.191461],[109.788545,-7.189269],[109.788863,-7.187597],[109.789391,-7.185826],[109.789084,-7.183112],[109.788044,-7.18102],[109.786582,-7.180075],[109.784599,-7.178298],[109.783345,-7.17777],[109.780582,-7.17674],[109.780683,-7.175303],[109.781654,-7.17318],[109.782141,-7.171635],[109.781951,-7.170676],[109.782436,-7.169709],[109.783017,-7.169041],[109.783214,-7.167685],[109.783605,-7.16605],[109.783897,-7.165092],[109.784479,-7.164225],[109.784856,-7.163123]]]]}},{"id":"252","type":"Feature","properties":{"DESA":"Sinduaji"},"geometry":{"type":"MultiPolygon","coordinates":[[[[109.586714,-7.26791],[109.587255,-7.267966],[109.587655,-7.267931],[109.588066,-7.267833],[109.588451,-7.267716],[109.589006,-7.267582],[109.58948,-7.267403],[109.589803,-7.267359],[109.590291,-7.26755],[109.590636,-7.267642],[109.590992,-7.267787],[109.591306,-7.26796],[109.591761,-7.268215],[109.59206,-7.268351],[109.592409,-7.268515],[109.593009,-7.268924],[109.593445,-7.269233],[109.593806,-7.269442],[109.59416,-7.269398],[109.594717,-7.269381],[109.594844,-7.269861],[109.594714,-7.270349],[109.594694,-7.270846],[109.594816,-7.271417],[109.594656,-7.272275],[109.594655,-7.272782],[109.594669,-7.273143],[109.59495,-7.273786],[109.595326,-7.274348],[109.595702,-7.274693],[109.596205,-7.275056],[109.596502,-7.275545],[109.596846,-7.276171],[109.597128,-7.276461],[109.597347,-7.27676],[109.597432,-7.277321],[109.597431,-7.277818],[109.597429,-7.278379],[109.597275,-7.278876],[109.596905,-7.279336],[109.596578,-7.279724],[109.596511,-7.280203],[109.596423,-7.280546],[109.596269,-7.281043],[109.596094,-7.281495],[109.595919,-7.282],[109.595722,-7.282425],[109.59572,-7.283121],[109.595805,-7.283664],[109.595869,-7.284116],[109.59585,-7.285174],[109.595756,-7.285726],[109.595615,-7.286232],[109.595382,-7.286629],[109.594986,-7.286809],[109.59436,-7.286644],[109.593988,-7.286579],[109.593547,-7.286668],[109.59329,-7.287201],[109.593241,-7.288015],[109.593215,-7.288756],[109.593168,-7.289127],[109.592841,-7.289705],[109.59256,-7.290328],[109.592325,-7.291231],[109.592184,-7.291765],[109.591995,-7.292497],[109.587854,-7.293044],[109.586673,-7.292878],[109.586192,-7.292867],[109.585259,-7.293127],[109.584517,-7.293197],[109.58423,-7.291984],[109.584138,-7.291369],[109.58386,-7.290889],[109.583546,-7.290616],[109.58263,-7.289863],[109.582037,-7.289382],[109.581758,-7.28901],[109.581517,-7.288666],[109.58131,-7.288366],[109.581011,-7.287977],[109.580672,-7.287487],[109.580506,-7.287062],[109.58036,-7.286609],[109.580107,-7.285795],[109.579894,-7.285134],[109.579686,-7.284518],[109.57951,-7.284083],[109.579304,-7.28354],[109.579013,-7.282942],[109.578876,-7.282616],[109.578283,-7.281611],[109.577863,-7.281175],[109.577132,-7.280631],[109.576251,-7.279678],[109.576082,-7.279289],[109.575902,-7.278827],[109.575663,-7.278112],[109.575478,-7.274503],[109.575343,-7.274005],[109.575159,-7.273381],[109.575737,-7.273003],[109.576482,-7.27258],[109.577137,-7.272257],[109.577693,-7.272014],[109.578338,-7.271664],[109.578955,-7.271286],[109.579533,-7.271034],[109.580795,-7.270405],[109.581486,-7.2701],[109.582035,-7.269885],[109.582451,-7.269732],[109.58301,-7.269454],[109.58347,-7.269129],[109.583988,-7.268878],[109.584486,-7.268708],[109.584895,-7.268501],[109.585282,-7.268394],[109.585787,-7.268178],[109.586254,-7.268044],[109.586714,-7.26791]]]]}},{"id":"253","type":"Feature","properties":{"DESA":"Pandanarum"},"geometry":{"type":"MultiPolygon","coordinates":[[[[109.594717,-7.269381],[109.594535,-7.268947],[109.594536,-7.268468],[109.594869,-7.2677],[109.595239,-7.266878],[109.595552,-7.266255],[109.595609,-7.265776],[109.595648,-7.265116],[109.595612,-7.264664],[109.595595,-7.264329],[109.595853,-7.263968],[109.59606,-7.263688],[109.596003,-7.263155],[109.596478,-7.262804],[109.597168,-7.262399],[109.59791,-7.262121],[109.598571,-7.261942],[109.599211,-7.261772],[109.599585,-7.261683],[109.600317,-7.261567],[109.601046,-7.261506],[109.602166,-7.261519],[109.602953,-7.261603],[109.603593,-7.261577],[109.604261,-7.261688],[109.606143,-7.261911],[109.606891,-7.261904],[109.607588,-7.262033],[109.608241,-7.262089],[109.608817,-7.262181],[109.609409,-7.262228],[109.60977,-7.262293],[109.610228,-7.262321],[109.610948,-7.262432],[109.611469,-7.262497],[109.612007,-7.262661],[109.612346,-7.262771],[109.612823,-7.262935],[109.613313,-7.263271],[109.613874,-7.263544],[109.614306,-7.263853],[109.61479,-7.26418],[109.615216,-7.26448],[109.615928,-7.265106],[109.61663,-7.265859],[109.616895,-7.266104],[109.617408,-7.266585],[109.617694,-7.266965],[109.618271,-7.267618],[109.618862,-7.268307],[109.619326,-7.268815],[109.619544,-7.269105],[109.619852,-7.269603],[109.620135,-7.270029],[109.620107,-7.270735],[109.619971,-7.271168],[109.619838,-7.271747],[109.619428,-7.273328],[109.61928,-7.274169],[109.619153,-7.274874],[109.619081,-7.27528],[109.619037,-7.275778],[109.618898,-7.276419],[109.618725,-7.277784],[109.61819,-7.27828],[109.617803,-7.278776],[109.61777,-7.279174],[109.617704,-7.279798],[109.61743,-7.280131],[109.617188,-7.280456],[109.616946,-7.28089],[109.616816,-7.281368],[109.61683,-7.282137],[109.616797,-7.283159],[109.616651,-7.283683],[109.616777,-7.28428],[109.617223,-7.285611],[109.617286,-7.286009],[109.617379,-7.286814],[109.617714,-7.287593],[109.61798,-7.288254],[109.617936,-7.288833],[109.617953,-7.289249],[109.61795,-7.289918],[109.617065,-7.290829],[109.616791,-7.29118],[109.616708,-7.291949],[109.616849,-7.293242],[109.617039,-7.293939],[109.617296,-7.2946],[109.617359,-7.294926],[109.617374,-7.295469],[109.617045,-7.298036],[109.617027,-7.298741],[109.616431,-7.299201],[109.615884,-7.299633],[109.615594,-7.300112],[109.615287,-7.300707],[109.614822,-7.300634],[109.614421,-7.30056],[109.613747,-7.30044],[109.612706,-7.300464],[109.612048,-7.300354],[109.611374,-7.300144],[109.610893,-7.300106],[109.610122,-7.300086],[109.609657,-7.299994],[109.608968,-7.299747],[109.608326,-7.299619],[109.607347,-7.299616],[109.606544,-7.299631],[109.606047,-7.299467],[109.605229,-7.299338],[109.604603,-7.299318],[109.604104,-7.299506],[109.603493,-7.299857],[109.602512,-7.300605],[109.602086,-7.300857],[109.601822,-7.299897],[109.601408,-7.299607],[109.600589,-7.299432],[109.60004,-7.299295],[109.599393,-7.298877],[109.598694,-7.298196],[109.598459,-7.297834],[109.598122,-7.297345],[109.597811,-7.29709],[109.597192,-7.296772],[109.596151,-7.296082],[109.595487,-7.295419],[109.595337,-7.295129],[109.595063,-7.294541],[109.594713,-7.293961],[109.593829,-7.293506],[109.592924,-7.293431],[109.592491,-7.293086],[109.591995,-7.292497],[109.592184,-7.291765],[109.592325,-7.291231],[109.59256,-7.290328],[109.592841,-7.289705],[109.593168,-7.289127],[109.593215,-7.288756],[109.593241,-7.288015],[109.59329,-7.287201],[109.593547,-7.286668],[109.593988,-7.286579],[109.59436,-7.286644],[109.594986,-7.286809],[109.595382,-7.286629],[109.595615,-7.286232],[109.595756,-7.285726],[109.59585,-7.285174],[109.595869,-7.284116],[109.595805,-7.283664],[109.59572,-7.283121],[109.595722,-7.282425],[109.595919,-7.282],[109.596094,-7.281495],[109.596269,-7.281043],[109.596423,-7.280546],[109.596511,-7.280203],[109.596578,-7.279724],[109.596905,-7.279336],[109.597275,-7.278876],[109.597429,-7.278379],[109.597431,-7.277818],[109.597432,-7.277321],[109.597347,-7.27676],[109.597128,-7.276461],[109.596846,-7.276171],[109.596502,-7.275545],[109.596205,-7.275056],[109.595702,-7.274693],[109.595326,-7.274348],[109.59495,-7.273786],[109.594669,-7.273143],[109.594655,-7.272782],[109.594656,-7.272275],[109.594816,-7.271417],[109.594694,-7.270846],[109.594714,-7.270349],[109.594844,-7.269861],[109.594717,-7.269381]]]]}},{"id":"254","type":"Feature","properties":{"DESA":"Beji"},"geometry":{"type":"MultiPolygon","coordinates":[[[[109.59501,-7.249397],[109.597565,-7.249143],[109.599155,-7.248189],[109.600356,-7.247795],[109.601276,-7.247716],[109.602719,-7.247404],[109.603937,-7.247001],[109.60489,-7.245964],[109.605461,-7.245748],[109.606241,-7.245651],[109.607023,-7.245491],[109.608119,-7.245648],[109.609333,-7.245281],[109.610685,-7.244914],[109.61135,-7.244365],[109.612622,-7.244143],[109.614033,-7.243649],[109.61531,-7.243093],[109.61586,-7.242895],[109.616268,-7.242336],[109.617367,-7.241987],[109.618778,-7.241448],[109.619603,-7.240935],[109.621435,-7.240643],[109.622805,-7.239661],[109.624354,-7.238128],[109.624115,-7.240497],[109.624173,-7.241899],[109.624134,-7.242911],[109.624112,-7.244141],[109.624088,-7.245018],[109.624027,-7.245516],[109.623915,-7.245958],[109.623318,-7.246761],[109.6224,-7.247111],[109.622091,-7.247246],[109.621811,-7.247526],[109.621601,-7.248176],[109.620999,-7.2484],[109.620458,-7.248579],[109.619297,-7.248314],[109.618302,-7.248492],[109.618,-7.248663],[109.61756,-7.24905],[109.617175,-7.249465],[109.617035,-7.249998],[109.617825,-7.250425],[109.61808,-7.250887],[109.61798,-7.251502],[109.617776,-7.251945],[109.617758,-7.252379],[109.618068,-7.253293],[109.618314,-7.254108],[109.618493,-7.254886],[109.618629,-7.255375],[109.618921,-7.256406],[109.619029,-7.256841],[109.619215,-7.257203],[109.620143,-7.258382],[109.621104,-7.259424],[109.621249,-7.260537],[109.621246,-7.261496],[109.621317,-7.262464],[109.622512,-7.263616],[109.622592,-7.264638],[109.622443,-7.265153],[109.622134,-7.265722],[109.621898,-7.266065],[109.621746,-7.266562],[109.621503,-7.26695],[109.621252,-7.267311],[109.621045,-7.267862],[109.620701,-7.268611],[109.620491,-7.269108],[109.6203,-7.269695],[109.620135,-7.270029],[109.619852,-7.269603],[109.619544,-7.269105],[109.619326,-7.268815],[109.618862,-7.268307],[109.618271,-7.267618],[109.617694,-7.266965],[109.617408,-7.266585],[109.616895,-7.266104],[109.61663,-7.265859],[109.615928,-7.265106],[109.615216,-7.26448],[109.61479,-7.26418],[109.614306,-7.263853],[109.613874,-7.263544],[109.613313,-7.263271],[109.612823,-7.262935],[109.612346,-7.262771],[109.612007,-7.262661],[109.611469,-7.262497],[109.610948,-7.262432],[109.610228,-7.262321],[109.60977,-7.262293],[109.609409,-7.262228],[109.608817,-7.262181],[109.608241,-7.262089],[109.607588,-7.262033],[109.606891,-7.261904],[109.606143,-7.261911],[109.604261,-7.261688],[109.603593,-7.261577],[109.602953,-7.261603],[109.602166,-7.261519],[109.601046,-7.261506],[109.600317,-7.261567],[109.599585,-7.261683],[109.599211,-7.261772],[109.598571,-7.261942],[109.59791,-7.262121],[109.597168,-7.262399],[109.596478,-7.262804],[109.596003,-7.263155],[109.595723,-7.262874],[109.595289,-7.26242],[109.595272,-7.261968],[109.595312,-7.261208],[109.595258,-7.26034],[109.595429,-7.259988],[109.595695,-7.259681],[109.595847,-7.259365],[109.595811,-7.258831],[109.595736,-7.258515],[109.595624,-7.258189],[109.595588,-7.257592],[109.595556,-7.257131],[109.595502,-7.256705],[109.595577,-7.256244],[109.595857,-7.25573],[109.595951,-7.255395],[109.595711,-7.254897],[109.595454,-7.2543],[109.595233,-7.253657],[109.595217,-7.252816],[109.595238,-7.252138],[109.59524,-7.251468],[109.595223,-7.25108],[109.595206,-7.250582],[109.595076,-7.250084],[109.59501,-7.249397]]]]}},{"id":"255","type":"Feature","properties":{"DESA":"Asinan"},"geometry":{"type":"MultiPolygon","coordinates":[[[[109.645611,-7.257292],[109.646321,-7.257529],[109.647295,-7.257839],[109.648478,-7.258286],[109.649624,-7.25875],[109.650808,-7.25926],[109.652209,-7.25969],[109.653434,-7.260082],[109.654006,-7.260265],[109.654724,-7.260565],[109.65557,-7.261002],[109.656432,-7.261321],[109.657497,-7.261831],[109.658225,-7.262321],[109.658901,-7.262685],[109.659929,-7.263185],[109.661075,-7.26365],[109.661713,-7.263887],[109.661649,-7.264375],[109.661529,-7.264764],[109.66158,-7.265424],[109.661913,-7.265642],[109.661887,-7.266239],[109.662193,-7.266927],[109.661862,-7.26755],[109.661459,-7.268037],[109.661034,-7.268452],[109.66059,-7.269237],[109.660295,-7.270177],[109.659937,-7.270773],[109.660223,-7.271018],[109.66019,-7.27137],[109.659988,-7.27212],[109.659908,-7.273006],[109.660301,-7.273405],[109.660536,-7.273659],[109.660372,-7.27459],[109.660298,-7.274952],[109.660401,-7.275612],[109.660536,-7.276065],[109.660633,-7.276418],[109.660643,-7.276951],[109.660603,-7.27753],[109.661111,-7.278056],[109.661125,-7.27849],[109.661264,-7.278952],[109.661262,-7.279657],[109.661274,-7.280073],[109.661273,-7.280688],[109.661298,-7.281683],[109.66132,-7.282117],[109.6615,-7.28257],[109.661684,-7.282851],[109.661697,-7.283195],[109.661575,-7.283637],[109.661645,-7.284035],[109.661857,-7.284289],[109.662106,-7.284652],[109.662088,-7.285013],[109.661916,-7.285637],[109.661863,-7.286216],[109.661768,-7.286731],[109.661049,-7.286964],[109.660299,-7.287206],[109.659588,-7.28752],[109.658598,-7.28796],[109.657547,-7.288446],[109.656236,-7.288993],[109.655136,-7.289542],[109.654004,-7.290018],[109.653718,-7.289474],[109.65345,-7.288922],[109.653004,-7.288197],[109.652558,-7.287445],[109.652083,-7.286838],[109.651295,-7.286157],[109.650108,-7.284743],[109.649792,-7.284416],[109.649577,-7.284027],[109.649372,-7.283393],[109.648901,-7.282279],[109.64841,-7.281645],[109.648057,-7.280993],[109.647303,-7.279471],[109.646891,-7.278593],[109.646562,-7.277841],[109.64626,-7.277108],[109.645949,-7.276582],[109.645437,-7.275966],[109.644917,-7.275584],[109.644404,-7.275221],[109.643762,-7.274975],[109.642794,-7.274656],[109.64194,-7.274391],[109.641222,-7.274144],[109.640447,-7.273699],[109.640287,-7.273192],[109.640181,-7.272767],[109.640003,-7.272251],[109.639808,-7.271617],[109.640042,-7.271229],[109.640419,-7.271031],[109.640612,-7.27058],[109.64029,-7.270244],[109.639926,-7.269881],[109.639393,-7.269554],[109.638803,-7.269353],[109.63848,-7.269189],[109.638102,-7.268836],[109.638131,-7.268456],[109.638525,-7.268376],[109.638793,-7.268196],[109.638836,-7.267816],[109.6385,-7.267327],[109.638262,-7.267073],[109.637926,-7.266701],[109.637453,-7.26622],[109.637159,-7.265858],[109.636951,-7.265559],[109.636692,-7.264952],[109.636693,-7.264572],[109.6368,-7.263894],[109.637009,-7.263632],[109.63748,-7.263272],[109.637862,-7.263309],[109.638227,-7.263482],[109.638731,-7.263466],[109.63901,-7.263222],[109.639063,-7.262689],[109.638961,-7.2623],[109.639049,-7.261884],[109.639466,-7.261695],[109.639919,-7.261652],[109.640458,-7.261508],[109.640998,-7.26132],[109.641485,-7.26115],[109.641937,-7.261043],[109.6423,-7.260899],[109.642693,-7.260665],[109.643171,-7.260205],[109.643343,-7.259817],[109.643565,-7.259375],[109.643788,-7.259023],[109.644027,-7.258779],[109.644403,-7.258617],[109.644914,-7.258465],[109.645238,-7.258258],[109.645512,-7.257951],[109.645611,-7.257292]]]]}},{"id":"256","type":"Feature","properties":{"DESA":"Sembawa"},"geometry":{"type":"MultiPolygon","coordinates":[[[[109.661713,-7.263887],[109.662557,-7.264088],[109.663575,-7.264408],[109.664522,-7.264637],[109.665911,-7.264795],[109.66713,-7.264852],[109.668088,-7.264747],[109.669168,-7.264741],[109.670414,-7.264636],[109.670235,-7.265015],[109.670016,-7.265566],[109.669927,-7.2661],[109.670055,-7.266561],[109.670273,-7.266797],[109.670994,-7.267242],[109.67193,-7.267833],[109.673334,-7.268714],[109.674369,-7.269522],[109.675339,-7.270239],[109.676112,-7.270793],[109.676595,-7.27121],[109.676661,-7.271654],[109.676591,-7.272486],[109.676371,-7.273579],[109.676013,-7.274654],[109.675689,-7.275585],[109.675254,-7.276832],[109.674537,-7.27805],[109.673968,-7.278917],[109.673347,-7.279666],[109.672339,-7.280676],[109.671483,-7.281523],[109.670722,-7.282163],[109.670113,-7.282867],[109.669483,-7.283787],[109.669007,-7.284555],[109.668776,-7.285169],[109.668513,-7.286],[109.668313,-7.286596],[109.667539,-7.285988],[109.667125,-7.285887],[109.666663,-7.285886],[109.666108,-7.285903],[109.665404,-7.285973],[109.664444,-7.28606],[109.663648,-7.286203],[109.662692,-7.286426],[109.661768,-7.286731],[109.661863,-7.286216],[109.661916,-7.285637],[109.662088,-7.285013],[109.662106,-7.284652],[109.661857,-7.284289],[109.661645,-7.284035],[109.661575,-7.283637],[109.661697,-7.283195],[109.661684,-7.282851],[109.6615,-7.28257],[109.66132,-7.282117],[109.661298,-7.281683],[109.661273,-7.280688],[109.661274,-7.280073],[109.661262,-7.279657],[109.661264,-7.278952],[109.661125,-7.27849],[109.661111,-7.278056],[109.660603,-7.27753],[109.660643,-7.276951],[109.660633,-7.276418],[109.660536,-7.276065],[109.660401,-7.275612],[109.660298,-7.274952],[109.660372,-7.27459],[109.660536,-7.273659],[109.660301,-7.273405],[109.659908,-7.273006],[109.659988,-7.27212],[109.66019,-7.27137],[109.660223,-7.271018],[109.659937,-7.270773],[109.660295,-7.270177],[109.66059,-7.269237],[109.661034,-7.268452],[109.661459,-7.268037],[109.661862,-7.26755],[109.662193,-7.266927],[109.661887,-7.266239],[109.661913,-7.265642],[109.66158,-7.265424],[109.661529,-7.264764],[109.661649,-7.264375],[109.661713,-7.263887]]]]}},{"id":"257","type":"Feature","properties":{"DESA":"Kalibombong"},"geometry":{"type":"MultiPolygon","coordinates":[[[[109.64529,-7.241184],[109.647172,-7.241995],[109.648294,-7.242667],[109.649607,-7.243747],[109.65183,-7.244658],[109.653073,-7.245214],[109.653551,-7.245405],[109.653958,-7.245352],[109.655419,-7.244958],[109.656233,-7.244834],[109.65731,-7.244602],[109.658101,-7.244225],[109.658915,-7.24401],[109.659466,-7.244039],[109.659992,-7.244131],[109.660494,-7.244304],[109.660996,-7.244423],[109.661475,-7.244443],[109.661977,-7.244444],[109.662767,-7.244329],[109.663438,-7.24424],[109.664456,-7.244189],[109.66437,-7.24465],[109.66463,-7.245555],[109.665203,-7.246109],[109.665681,-7.246372],[109.666231,-7.246374],[109.666734,-7.246357],[109.667068,-7.246548],[109.669459,-7.247487],[109.670343,-7.24777],[109.673022,-7.248094],[109.674769,-7.248117],[109.676133,-7.248175],[109.677377,-7.248242],[109.678956,-7.248581],[109.680822,-7.248732],[109.682425,-7.248926],[109.684051,-7.249437],[109.685461,-7.249993],[109.68592,-7.250347],[109.686405,-7.250746],[109.686958,-7.251254],[109.688133,-7.252171],[109.68878,-7.25267],[109.689483,-7.253188],[109.690105,-7.253651],[109.690605,-7.253969],[109.691225,-7.254314],[109.690987,-7.254612],[109.690583,-7.255009],[109.68992,-7.255504],[109.68934,-7.255855],[109.688589,-7.256323],[109.687162,-7.257007],[109.685678,-7.257699],[109.684654,-7.258247],[109.68359,-7.258715],[109.682464,-7.259173],[109.681342,-7.259558],[109.679923,-7.260033],[109.678295,-7.260707],[109.676822,-7.261281],[109.6759,-7.26165],[109.675361,-7.261838],[109.674634,-7.262297],[109.673878,-7.262855],[109.67314,-7.26336],[109.672543,-7.263756],[109.672043,-7.264008],[109.670821,-7.264366],[109.670414,-7.264636],[109.669168,-7.264741],[109.668088,-7.264747],[109.66713,-7.264852],[109.665911,-7.264795],[109.664522,-7.264637],[109.663575,-7.264408],[109.662557,-7.264088],[109.661713,-7.263887],[109.661075,-7.26365],[109.659929,-7.263185],[109.658901,-7.262685],[109.658225,-7.262321],[109.657497,-7.261831],[109.656432,-7.261321],[109.65557,-7.261002],[109.654724,-7.260565],[109.654006,-7.260265],[109.653434,-7.260082],[109.652209,-7.25969],[109.650808,-7.25926],[109.649624,-7.25875],[109.648478,-7.258286],[109.647295,-7.257839],[109.646321,-7.257529],[109.645611,-7.257292],[109.64538,-7.256613],[109.645228,-7.256151],[109.644922,-7.255933],[109.644445,-7.255841],[109.644203,-7.255515],[109.644273,-7.25519],[109.644223,-7.254746],[109.644034,-7.254483],[109.643742,-7.254302],[109.643364,-7.254174],[109.642779,-7.253919],[109.642574,-7.253457],[109.642317,-7.25314],[109.642129,-7.252769],[109.64225,-7.252443],[109.642096,-7.252163],[109.641753,-7.251908],[109.641237,-7.251753],[109.640721,-7.251525],[109.640636,-7.2511],[109.640776,-7.250612],[109.641242,-7.250189],[109.641658,-7.25],[109.642536,-7.249559],[109.642687,-7.249216],[109.642181,-7.248365],[109.642262,-7.247976],[109.642602,-7.247489],[109.642395,-7.24681],[109.642506,-7.246267],[109.643267,-7.244995],[109.643708,-7.244236],[109.643371,-7.243449],[109.643433,-7.242761],[109.643554,-7.242355],[109.643923,-7.242238],[109.644641,-7.241779],[109.64529,-7.241184]]]]}},{"id":"258","type":"Feature","properties":{"DESA":"Kalisat Kidul"},"geometry":{"type":"MultiPolygon","coordinates":[[[[109.669982,-7.232304],[109.671848,-7.232237],[109.672925,-7.23224],[109.674911,-7.232291],[109.676682,-7.232514],[109.677972,-7.232997],[109.679167,-7.23357],[109.680004,-7.233862],[109.68065,-7.233882],[109.681536,-7.233504],[109.682351,-7.233145],[109.682639,-7.232838],[109.682976,-7.23217],[109.683241,-7.231646],[109.684247,-7.231098],[109.685825,-7.231581],[109.686542,-7.232036],[109.687043,-7.232516],[109.687639,-7.233422],[109.687732,-7.234219],[109.686749,-7.234876],[109.68634,-7.235761],[109.686865,-7.236287],[109.688179,-7.236888],[109.688417,-7.237268],[109.688557,-7.238779],[109.688722,-7.239539],[109.689151,-7.239974],[109.689845,-7.240121],[109.691472,-7.240316],[109.692141,-7.24048],[109.693049,-7.240917],[109.69513,-7.24142],[109.696351,-7.241334],[109.697595,-7.24131],[109.699198,-7.241387],[109.700969,-7.241437],[109.702237,-7.241396],[109.703649,-7.2414],[109.704774,-7.241403],[109.707072,-7.241029],[109.7085,-7.240455],[109.709074,-7.240719],[109.709647,-7.241037],[109.710196,-7.241418],[109.710746,-7.241827],[109.711293,-7.243094],[109.711554,-7.243764],[109.711767,-7.244642],[109.711907,-7.245746],[109.712,-7.246868],[109.71195,-7.247347],[109.712045,-7.247817],[109.712307,-7.248135],[109.71257,-7.24837],[109.712856,-7.248633],[109.713023,-7.249068],[109.711969,-7.249345],[109.711442,-7.249606],[109.711058,-7.249705],[109.710532,-7.249775],[109.710173,-7.249802],[109.709623,-7.249728],[109.70924,-7.249699],[109.708306,-7.249932],[109.707626,-7.250762],[109.706963,-7.251267],[109.706299,-7.251572],[109.705932,-7.251815],[109.705371,-7.252203],[109.703974,-7.25218],[109.703154,-7.252097],[109.702134,-7.251976],[109.701103,-7.251892],[109.700421,-7.251818],[109.699726,-7.251716],[109.698785,-7.251505],[109.697875,-7.251259],[109.697005,-7.251148],[109.696163,-7.251172],[109.695205,-7.25135],[109.694592,-7.251539],[109.693799,-7.251835],[109.693129,-7.252339],[109.692301,-7.253015],[109.69169,-7.253637],[109.691225,-7.254314],[109.690605,-7.253969],[109.690105,-7.253651],[109.689483,-7.253188],[109.68878,-7.25267],[109.688133,-7.252171],[109.686958,-7.251254],[109.686405,-7.250746],[109.68592,-7.250347],[109.685461,-7.249993],[109.684051,-7.249437],[109.682425,-7.248926],[109.680822,-7.248732],[109.678956,-7.248581],[109.677377,-7.248242],[109.676133,-7.248175],[109.674769,-7.248117],[109.673022,-7.248094],[109.670343,-7.24777],[109.669459,-7.247487],[109.667068,-7.246548],[109.666734,-7.246357],[109.666231,-7.246374],[109.665681,-7.246372],[109.665203,-7.246109],[109.66463,-7.245555],[109.66437,-7.24465],[109.664456,-7.244189],[109.664588,-7.243484],[109.665214,-7.242238],[109.666127,-7.241119],[109.666612,-7.240271],[109.666861,-7.239792],[109.666705,-7.239357],[109.666597,-7.238896],[109.666788,-7.238616],[109.667193,-7.238581],[109.667175,-7.238228],[109.667241,-7.237867],[109.667575,-7.23775],[109.667385,-7.237252],[109.667513,-7.236918],[109.668027,-7.236522],[109.668445,-7.236306],[109.668523,-7.235854],[109.668154,-7.235428],[109.668134,-7.234939],[109.668506,-7.234606],[109.668953,-7.234734],[109.669417,-7.234554],[109.669809,-7.234302],[109.669595,-7.23347],[109.669738,-7.233135],[109.669942,-7.232792],[109.669982,-7.232304]]]]}},{"id":"259","type":"Feature","properties":{"DESA":"Sirukem"},"geometry":{"type":"MultiPolygon","coordinates":[[[[109.6933,-7.228691],[109.694018,-7.228548],[109.696031,-7.227812],[109.697827,-7.227148],[109.69869,-7.226753],[109.699433,-7.226393],[109.700056,-7.226015],[109.700774,-7.225728],[109.701971,-7.225587],[109.702785,-7.225498],[109.703672,-7.225212],[109.705012,-7.22498],[109.704882,-7.225378],[109.704592,-7.226308],[109.704422,-7.227294],[109.70442,-7.228081],[109.704681,-7.228606],[109.704654,-7.229628],[109.704556,-7.230658],[109.704314,-7.231372],[109.704361,-7.231779],[109.704648,-7.231997],[109.704934,-7.232161],[109.705603,-7.232407],[109.70589,-7.232597],[109.706272,-7.232933],[109.706552,-7.235439],[109.707213,-7.23876],[109.707402,-7.23952],[109.707975,-7.240119],[109.7085,-7.240455],[109.707072,-7.241029],[109.704774,-7.241403],[109.703649,-7.2414],[109.702237,-7.241396],[109.700969,-7.241437],[109.699198,-7.241387],[109.697595,-7.24131],[109.696351,-7.241334],[109.69513,-7.24142],[109.693049,-7.240917],[109.692141,-7.24048],[109.691472,-7.240316],[109.689845,-7.240121],[109.689151,-7.239974],[109.688722,-7.239539],[109.688557,-7.238779],[109.688417,-7.237268],[109.688179,-7.236888],[109.686865,-7.236287],[109.68634,-7.235761],[109.686749,-7.234876],[109.687732,-7.234219],[109.687639,-7.233422],[109.687043,-7.232516],[109.686542,-7.232036],[109.685825,-7.231581],[109.684247,-7.231098],[109.685995,-7.230768],[109.68772,-7.230303],[109.689803,-7.229657],[109.691575,-7.22921],[109.6933,-7.228691]]]]}},{"id":"260","type":"Feature","properties":{"DESA":"Kertasari"},"geometry":{"type":"MultiPolygon","coordinates":[[[[109.664676,-7.213831],[109.666041,-7.213455],[109.667191,-7.21288],[109.668365,-7.212431],[109.669252,-7.211764],[109.670109,-7.213367],[109.670488,-7.214607],[109.670797,-7.215232],[109.671251,-7.215496],[109.672328,-7.215617],[109.673045,-7.215953],[109.673904,-7.216625],[109.674764,-7.217224],[109.675623,-7.218086],[109.675808,-7.218729],[109.675988,-7.219064],[109.675446,-7.219406],[109.67572,-7.219859],[109.675512,-7.220301],[109.675069,-7.220825],[109.675463,-7.221296],[109.675497,-7.221712],[109.675127,-7.222019],[109.675016,-7.222497],[109.674682,-7.223627],[109.674526,-7.223997],[109.674643,-7.224314],[109.674882,-7.224577],[109.675271,-7.224777],[109.67575,-7.224751],[109.675889,-7.225105],[109.675866,-7.22543],[109.675703,-7.226081],[109.675699,-7.226415],[109.675838,-7.22694],[109.676347,-7.226951],[109.676831,-7.226988],[109.677443,-7.227144],[109.677617,-7.226656],[109.677434,-7.226131],[109.677768,-7.225508],[109.677375,-7.225181],[109.677818,-7.22483],[109.677904,-7.224505],[109.677644,-7.224269],[109.677545,-7.223907],[109.677225,-7.223662],[109.677082,-7.223317],[109.678101,-7.222724],[109.67802,-7.222135],[109.678581,-7.221884],[109.678705,-7.22136],[109.679234,-7.221343],[109.679737,-7.221046],[109.680062,-7.221255],[109.68041,-7.22094],[109.680683,-7.220741],[109.680726,-7.220425],[109.681174,-7.220037],[109.681701,-7.219876],[109.682316,-7.219697],[109.682562,-7.219426],[109.682894,-7.219373],[109.683086,-7.21903],[109.68291,-7.218704],[109.683095,-7.218424],[109.683387,-7.218271],[109.684128,-7.21831],[109.684966,-7.218095],[109.68575,-7.218323],[109.686269,-7.218026],[109.686734,-7.218091],[109.688214,-7.21786],[109.688858,-7.218387],[109.68952,-7.218633],[109.689752,-7.219167],[109.690192,-7.219295],[109.690588,-7.219911],[109.690123,-7.22019],[109.689769,-7.220469],[109.690323,-7.220805],[109.690366,-7.221122],[109.690544,-7.221439],[109.691068,-7.221612],[109.690816,-7.221982],[109.691498,-7.222274],[109.691596,-7.22297],[109.691588,-7.223404],[109.691775,-7.223713],[109.692061,-7.224374],[109.692392,-7.224818],[109.692371,-7.225197],[109.692442,-7.225514],[109.692715,-7.225777],[109.69301,-7.226411],[109.69301,-7.226854],[109.693254,-7.227443],[109.693299,-7.228184],[109.6933,-7.228691],[109.691575,-7.22921],[109.689803,-7.229657],[109.68772,-7.230303],[109.685995,-7.230768],[109.684247,-7.231098],[109.683241,-7.231646],[109.682976,-7.23217],[109.682639,-7.232838],[109.682351,-7.233145],[109.681536,-7.233504],[109.68065,-7.233882],[109.680004,-7.233862],[109.679167,-7.23357],[109.677972,-7.232997],[109.676682,-7.232514],[109.674911,-7.232291],[109.672925,-7.23224],[109.671848,-7.232237],[109.669982,-7.232304],[109.670008,-7.231843],[109.670036,-7.231346],[109.670578,-7.230759],[109.67061,-7.230371],[109.670365,-7.229972],[109.670232,-7.229402],[109.670325,-7.229077],[109.670499,-7.228733],[109.670091,-7.228588],[109.669845,-7.228361],[109.669461,-7.227889],[109.668805,-7.227101],[109.668778,-7.226766],[109.668512,-7.226539],[109.668303,-7.226059],[109.668026,-7.225443],[109.66763,-7.224167],[109.667508,-7.223751],[109.667316,-7.223443],[109.666785,-7.223079],[109.666459,-7.222708],[109.66645,-7.221767],[109.665944,-7.221024],[109.665569,-7.220372],[109.665648,-7.219875],[109.665616,-7.219404],[109.665341,-7.218879],[109.665225,-7.218562],[109.665043,-7.218019],[109.66497,-7.217214],[109.664741,-7.216834],[109.664551,-7.215476],[109.664676,-7.213831]]]]}},{"id":"261","type":"Feature","properties":{"DESA":"Sidokangen"},"geometry":{"type":"MultiPolygon","coordinates":[[[[109.647644,-7.210923],[109.649752,-7.211182],[109.651307,-7.211088],[109.652409,-7.210856],[109.653654,-7.21047],[109.65502,-7.20995],[109.655906,-7.2095],[109.656458,-7.209005],[109.656771,-7.208427],[109.656821,-7.207713],[109.656942,-7.207071],[109.657711,-7.206114],[109.658576,-7.20495],[109.658957,-7.205449],[109.659458,-7.205912],[109.659433,-7.206337],[109.659217,-7.206743],[109.65912,-7.20705],[109.659906,-7.208391],[109.660764,-7.209469],[109.66198,-7.211001],[109.663434,-7.212751],[109.664676,-7.213831],[109.664551,-7.215476],[109.664741,-7.216834],[109.66497,-7.217214],[109.665043,-7.218019],[109.665225,-7.218562],[109.665341,-7.218879],[109.665616,-7.219404],[109.665648,-7.219875],[109.665569,-7.220372],[109.665944,-7.221024],[109.66645,-7.221767],[109.666459,-7.222708],[109.666785,-7.223079],[109.667316,-7.223443],[109.667508,-7.223751],[109.66763,-7.224167],[109.668026,-7.225443],[109.668303,-7.226059],[109.668512,-7.226539],[109.668778,-7.226766],[109.668805,-7.227101],[109.669461,-7.227889],[109.669845,-7.228361],[109.670091,-7.228588],[109.670499,-7.228733],[109.670325,-7.229077],[109.670232,-7.229402],[109.670365,-7.229972],[109.67061,-7.230371],[109.670578,-7.230759],[109.670036,-7.231346],[109.670008,-7.231843],[109.66826,-7.231865],[109.665939,-7.231759],[109.663427,-7.231634],[109.662662,-7.231225],[109.660919,-7.229953],[109.658841,-7.228609],[109.657649,-7.227267],[109.656386,-7.225599],[109.654164,-7.224299],[109.653543,-7.223845],[109.652684,-7.223056],[109.651993,-7.222168],[109.651399,-7.220493],[109.650542,-7.218962],[109.65007,-7.216745],[109.649261,-7.215287],[109.647614,-7.213871],[109.647785,-7.212868],[109.647644,-7.210923]]]]}},{"id":"262","type":"Feature","properties":{"DESA":"Majatengah"},"geometry":{"type":"MultiPolygon","coordinates":[[[[109.640902,-7.217758],[109.641227,-7.218012],[109.641856,-7.217833],[109.64239,-7.217998],[109.642581,-7.217609],[109.643076,-7.217611],[109.643311,-7.217277],[109.643227,-7.21687],[109.643698,-7.216708],[109.643886,-7.216329],[109.644411,-7.216294],[109.644812,-7.216042],[109.645218,-7.216188],[109.64532,-7.215564],[109.645856,-7.215458],[109.646372,-7.214971],[109.647077,-7.214937],[109.647423,-7.214567],[109.647742,-7.214514],[109.647614,-7.213871],[109.649261,-7.215287],[109.65007,-7.216745],[109.650542,-7.218962],[109.651399,-7.220493],[109.651993,-7.222168],[109.652684,-7.223056],[109.653543,-7.223845],[109.654164,-7.224299],[109.656386,-7.225599],[109.657649,-7.227267],[109.658841,-7.228609],[109.660919,-7.229953],[109.662662,-7.231225],[109.663427,-7.231634],[109.665939,-7.231759],[109.66826,-7.231865],[109.670008,-7.231843],[109.669982,-7.232304],[109.669942,-7.232792],[109.669738,-7.233135],[109.669595,-7.23347],[109.669809,-7.234302],[109.669417,-7.234554],[109.668953,-7.234734],[109.668506,-7.234606],[109.668134,-7.234939],[109.668154,-7.235428],[109.668523,-7.235854],[109.668445,-7.236306],[109.668027,-7.236522],[109.667513,-7.236918],[109.667385,-7.237252],[109.667575,-7.23775],[109.667241,-7.237867],[109.667175,-7.238228],[109.667193,-7.238581],[109.666788,-7.238616],[109.666597,-7.238896],[109.666705,-7.239357],[109.666861,-7.239792],[109.666612,-7.240271],[109.666127,-7.241119],[109.665214,-7.242238],[109.664588,-7.243484],[109.664456,-7.244189],[109.663438,-7.24424],[109.662767,-7.244329],[109.661977,-7.244444],[109.661475,-7.244443],[109.660996,-7.244423],[109.660494,-7.244304],[109.659992,-7.244131],[109.659466,-7.244039],[109.658915,-7.24401],[109.658101,-7.244225],[109.65731,-7.244602],[109.656233,-7.244834],[109.655419,-7.244958],[109.653958,-7.245352],[109.653551,-7.245405],[109.653073,-7.245214],[109.65183,-7.244658],[109.649607,-7.243747],[109.648294,-7.242667],[109.647172,-7.241995],[109.64529,-7.241184],[109.645531,-7.240679],[109.645393,-7.240371],[109.645296,-7.23934],[109.644859,-7.238796],[109.644791,-7.238379],[109.644971,-7.237991],[109.645291,-7.237621],[109.645711,-7.237143],[109.646082,-7.236131],[109.646084,-7.235679],[109.645905,-7.235407],[109.645547,-7.235162],[109.644901,-7.234808],[109.644444,-7.234535],[109.643837,-7.234352],[109.64319,-7.234224],[109.642722,-7.234186],[109.642163,-7.234203],[109.641497,-7.233902],[109.640503,-7.233194],[109.639807,-7.232866],[109.639369,-7.232594],[109.638632,-7.232546],[109.638214,-7.2325],[109.637996,-7.232228],[109.637778,-7.231757],[109.637183,-7.231032],[109.636885,-7.230877],[109.636337,-7.230875],[109.636018,-7.230657],[109.635334,-7.229805],[109.635235,-7.229488],[109.635237,-7.228973],[109.634979,-7.228484],[109.635021,-7.228032],[109.635271,-7.227607],[109.63586,-7.227012],[109.636161,-7.226389],[109.636532,-7.225649],[109.636871,-7.225478],[109.637349,-7.225552],[109.638335,-7.225555],[109.638674,-7.225429],[109.639414,-7.224428],[109.639715,-7.223732],[109.639597,-7.223289],[109.639319,-7.222935],[109.63939,-7.222474],[109.639869,-7.222249],[109.640357,-7.22198],[109.640647,-7.221637],[109.641127,-7.221141],[109.641188,-7.220815],[109.640981,-7.220037],[109.640395,-7.219484],[109.640725,-7.218834],[109.640902,-7.217758]]]]}},{"id":"263","type":"Feature","properties":{"DESA":"Kalibening"},"geometry":{"type":"MultiPolygon","coordinates":[[[[109.634244,-7.215034],[109.636066,-7.214343],[109.638092,-7.213445],[109.639051,-7.213113],[109.639916,-7.212863],[109.640704,-7.212648],[109.641073,-7.21321],[109.641614,-7.21398],[109.641034,-7.214964],[109.641093,-7.215751],[109.641295,-7.216222],[109.640902,-7.217758],[109.640725,-7.218834],[109.640395,-7.219484],[109.640981,-7.220037],[109.641188,-7.220815],[109.641127,-7.221141],[109.640647,-7.221637],[109.640357,-7.22198],[109.639869,-7.222249],[109.63939,-7.222474],[109.639319,-7.222935],[109.639597,-7.223289],[109.639715,-7.223732],[109.639414,-7.224428],[109.638674,-7.225429],[109.638335,-7.225555],[109.637349,-7.225552],[109.636871,-7.225478],[109.636532,-7.225649],[109.636161,-7.226389],[109.63586,-7.227012],[109.635271,-7.227607],[109.635021,-7.228032],[109.634979,-7.228484],[109.635237,-7.228973],[109.635235,-7.229488],[109.635334,-7.229805],[109.636018,-7.230657],[109.636337,-7.230875],[109.636885,-7.230877],[109.637183,-7.231032],[109.637778,-7.231757],[109.637996,-7.232228],[109.638214,-7.2325],[109.638632,-7.232546],[109.639369,-7.232594],[109.639807,-7.232866],[109.640503,-7.233194],[109.641497,-7.233902],[109.642163,-7.234203],[109.642722,-7.234186],[109.64319,-7.234224],[109.643837,-7.234352],[109.644444,-7.234535],[109.644901,-7.234808],[109.645547,-7.235162],[109.645905,-7.235407],[109.646084,-7.235679],[109.646082,-7.236131],[109.645711,-7.237143],[109.645291,-7.237621],[109.644971,-7.237991],[109.644791,-7.238379],[109.644859,-7.238796],[109.645296,-7.23934],[109.645393,-7.240371],[109.645531,-7.240679],[109.64529,-7.241184],[109.644641,-7.241779],[109.643923,-7.242238],[109.643554,-7.242355],[109.643433,-7.242761],[109.643371,-7.243449],[109.643708,-7.244236],[109.643267,-7.244995],[109.642506,-7.246267],[109.642395,-7.24681],[109.642602,-7.247489],[109.642262,-7.247976],[109.642181,-7.248365],[109.642687,-7.249216],[109.642536,-7.249559],[109.641658,-7.25],[109.641242,-7.250189],[109.640776,-7.250612],[109.640636,-7.2511],[109.640721,-7.251525],[109.641237,-7.251753],[109.641753,-7.251908],[109.642096,-7.252163],[109.64225,-7.252443],[109.642129,-7.252769],[109.642317,-7.25314],[109.642574,-7.253457],[109.642779,-7.253919],[109.643364,-7.254174],[109.643742,-7.254302],[109.644034,-7.254483],[109.644223,-7.254746],[109.644273,-7.25519],[109.644203,-7.255515],[109.644445,-7.255841],[109.644922,-7.255933],[109.645228,-7.256151],[109.64538,-7.256613],[109.645611,-7.257292],[109.645512,-7.257951],[109.645238,-7.258258],[109.644914,-7.258465],[109.644403,-7.258617],[109.644027,-7.258779],[109.643788,-7.259023],[109.643565,-7.259375],[109.643343,-7.259817],[109.643171,-7.260205],[109.642693,-7.260665],[109.6423,-7.260899],[109.641937,-7.261043],[109.641485,-7.26115],[109.640998,-7.26132],[109.640458,-7.261508],[109.639919,-7.261652],[109.639466,-7.261695],[109.639049,-7.261884],[109.638961,-7.2623],[109.639063,-7.262689],[109.63901,-7.263222],[109.638731,-7.263466],[109.638227,-7.263482],[109.637862,-7.263309],[109.63748,-7.263272],[109.637009,-7.263632],[109.6368,-7.263894],[109.636693,-7.264572],[109.636692,-7.264952],[109.636951,-7.265559],[109.637159,-7.265858],[109.637453,-7.26622],[109.637926,-7.266701],[109.638262,-7.267073],[109.6385,-7.267327],[109.638836,-7.267816],[109.638793,-7.268196],[109.638525,-7.268376],[109.638131,-7.268456],[109.638102,-7.268836],[109.63848,-7.269189],[109.638803,-7.269353],[109.639393,-7.269554],[109.639926,-7.269881],[109.64029,-7.270244],[109.640612,-7.27058],[109.640419,-7.271031],[109.640042,-7.271229],[109.639808,-7.271617],[109.640003,-7.272251],[109.640181,-7.272767],[109.640287,-7.273192],[109.640447,-7.273699],[109.639561,-7.273561],[109.6388,-7.273206],[109.636182,-7.271308],[109.635386,-7.270528],[109.634492,-7.269603],[109.633633,-7.26884],[109.632806,-7.26806],[109.631806,-7.267107],[109.631064,-7.266282],[109.630227,-7.26543],[109.62948,-7.264921],[109.628628,-7.264882],[109.626677,-7.265835],[109.626242,-7.265969],[109.62579,-7.266076],[109.625285,-7.266093],[109.625001,-7.265884],[109.624992,-7.264374],[109.624727,-7.264084],[109.624449,-7.263866],[109.623989,-7.263684],[109.623511,-7.26342],[109.62307,-7.263373],[109.622512,-7.263616],[109.621317,-7.262464],[109.621246,-7.261496],[109.621249,-7.260537],[109.621104,-7.259424],[109.620143,-7.258382],[109.619215,-7.257203],[109.619029,-7.256841],[109.618921,-7.256406],[109.618629,-7.255375],[109.618493,-7.254886],[109.618314,-7.254108],[109.618068,-7.253293],[109.617758,-7.252379],[109.617776,-7.251945],[109.61798,-7.251502],[109.61808,-7.250887],[109.617825,-7.250425],[109.617035,-7.249998],[109.617175,-7.249465],[109.61756,-7.24905],[109.618,-7.248663],[109.618302,-7.248492],[109.619297,-7.248314],[109.620458,-7.248579],[109.620999,-7.2484],[109.621601,-7.248176],[109.621811,-7.247526],[109.622091,-7.247246],[109.6224,-7.247111],[109.623318,-7.246761],[109.623915,-7.245958],[109.624027,-7.245516],[109.624088,-7.245018],[109.624112,-7.244141],[109.624134,-7.242911],[109.624173,-7.241899],[109.624115,-7.240497],[109.624354,-7.238128],[109.624447,-7.237685],[109.62455,-7.237315],[109.624654,-7.236944],[109.624859,-7.236611],[109.624984,-7.236285],[109.625407,-7.235409],[109.62591,-7.234154],[109.626052,-7.233612],[109.626094,-7.232997],[109.626155,-7.232518],[109.626338,-7.231695],[109.626459,-7.231162],[109.626421,-7.230583],[109.626344,-7.229643],[109.626228,-7.228385],[109.626509,-7.227871],[109.62711,-7.227493],[109.628011,-7.227197],[109.629233,-7.226721],[109.629515,-7.226098],[109.629737,-7.22524],[109.630422,-7.223605],[109.630804,-7.222873],[109.631226,-7.222332],[109.631808,-7.221719],[109.632851,-7.220782],[109.633273,-7.220186],[109.633715,-7.21931],[109.633958,-7.218551],[109.63408,-7.217828],[109.634223,-7.216797],[109.634244,-7.215034]]]]}},{"id":"264","type":"Feature","properties":{"DESA":"Pringamba"},"geometry":{"type":"MultiPolygon","coordinates":[[[[109.617202,-7.22153],[109.617983,-7.221126],[109.619707,-7.22085],[109.620995,-7.220592],[109.622002,-7.22027],[109.623339,-7.220165],[109.624242,-7.220204],[109.624737,-7.220287],[109.625792,-7.220426],[109.62627,-7.220861],[109.626929,-7.221342],[109.627367,-7.222004],[109.627704,-7.222918],[109.628081,-7.223878],[109.628358,-7.225036],[109.628576,-7.225679],[109.628755,-7.226114],[109.629233,-7.226721],[109.628011,-7.227197],[109.62711,-7.227493],[109.626509,-7.227871],[109.626228,-7.228385],[109.626344,-7.229643],[109.626421,-7.230583],[109.626459,-7.231162],[109.626338,-7.231695],[109.626155,-7.232518],[109.626094,-7.232997],[109.626052,-7.233612],[109.62591,-7.234154],[109.625407,-7.235409],[109.624984,-7.236285],[109.624859,-7.236611],[109.624654,-7.236944],[109.62455,-7.237315],[109.624447,-7.237685],[109.624354,-7.238128],[109.622805,-7.239661],[109.621435,-7.240643],[109.619603,-7.240935],[109.618778,-7.241448],[109.617367,-7.241987],[109.616268,-7.242336],[109.61586,-7.242895],[109.61531,-7.243093],[109.614033,-7.243649],[109.612622,-7.244143],[109.61135,-7.244365],[109.610685,-7.244914],[109.609333,-7.245281],[109.608119,-7.245648],[109.607023,-7.245491],[109.606241,-7.245651],[109.605461,-7.245748],[109.60489,-7.245964],[109.603937,-7.247001],[109.602719,-7.247404],[109.601276,-7.247716],[109.600356,-7.247795],[109.599155,-7.248189],[109.597565,-7.249143],[109.59501,-7.249397],[109.594581,-7.248998],[109.593915,-7.248516],[109.593588,-7.248271],[109.593442,-7.247791],[109.593217,-7.247456],[109.592301,-7.247164],[109.59151,-7.246908],[109.590742,-7.24639],[109.589884,-7.245728],[109.588843,-7.245001],[109.589405,-7.244876],[109.590045,-7.244263],[109.590185,-7.243739],[109.59014,-7.243341],[109.590131,-7.242798],[109.590069,-7.242147],[109.589928,-7.241595],[109.589867,-7.241097],[109.590215,-7.240583],[109.590448,-7.240258],[109.590544,-7.239933],[109.590674,-7.239282],[109.590789,-7.238939],[109.590901,-7.238451],[109.591025,-7.237864],[109.590903,-7.237221],[109.590727,-7.23656],[109.590652,-7.235647],[109.591489,-7.235532],[109.592805,-7.23502],[109.593984,-7.234717],[109.595076,-7.234629],[109.596349,-7.234543],[109.597395,-7.234293],[109.598905,-7.233348],[109.599912,-7.233541],[109.602459,-7.233531],[109.604413,-7.232804],[109.607533,-7.232271],[109.609173,-7.232258],[109.610908,-7.232408],[109.61249,-7.232404],[109.613049,-7.231384],[109.613126,-7.230995],[109.613325,-7.230661],[109.613475,-7.230146],[109.61368,-7.229704],[109.61422,-7.229018],[109.614821,-7.228767],[109.615209,-7.228135],[109.615433,-7.227204],[109.615668,-7.226373],[109.615749,-7.22555],[109.616071,-7.224412],[109.61643,-7.222993],[109.617202,-7.22153]]]]}},{"id":"265","type":"Feature","properties":{"DESA":"Pasegeran"},"geometry":{"type":"MultiPolygon","coordinates":[[[[109.581618,-7.242618],[109.582102,-7.242909],[109.582739,-7.243029],[109.583497,-7.243275],[109.584072,-7.243494],[109.585499,-7.244629],[109.586165,-7.245155],[109.586985,-7.245185],[109.588843,-7.245001],[109.589884,-7.245728],[109.590742,-7.24639],[109.59151,-7.246908],[109.592301,-7.247164],[109.593217,-7.247456],[109.593442,-7.247791],[109.593588,-7.248271],[109.593915,-7.248516],[109.594581,-7.248998],[109.59501,-7.249397],[109.595076,-7.250084],[109.595206,-7.250582],[109.595223,-7.25108],[109.59524,-7.251468],[109.595238,-7.252138],[109.595217,-7.252816],[109.595233,-7.253657],[109.595454,-7.2543],[109.595711,-7.254897],[109.595951,-7.255395],[109.595857,-7.25573],[109.595577,-7.256244],[109.595502,-7.256705],[109.595556,-7.257131],[109.595588,-7.257592],[109.595624,-7.258189],[109.595736,-7.258515],[109.595811,-7.258831],[109.595847,-7.259365],[109.595695,-7.259681],[109.595429,-7.259988],[109.595258,-7.26034],[109.595312,-7.261208],[109.595272,-7.261968],[109.595289,-7.26242],[109.595723,-7.262874],[109.596003,-7.263155],[109.59606,-7.263688],[109.595853,-7.263968],[109.595595,-7.264329],[109.595612,-7.264664],[109.595648,-7.265116],[109.595609,-7.265776],[109.595552,-7.266255],[109.595239,-7.266878],[109.594869,-7.2677],[109.594536,-7.268468],[109.594535,-7.268947],[109.594717,-7.269381],[109.59416,-7.269398],[109.593806,-7.269442],[109.593445,-7.269233],[109.593009,-7.268924],[109.592409,-7.268515],[109.59206,-7.268351],[109.591761,-7.268215],[109.591306,-7.26796],[109.590992,-7.267787],[109.590636,-7.267642],[109.590291,-7.26755],[109.589803,-7.267359],[109.58948,-7.267403],[109.589006,-7.267582],[109.588451,-7.267716],[109.588066,-7.267833],[109.587655,-7.267931],[109.587255,-7.267966],[109.586714,-7.26791],[109.586254,-7.268044],[109.585787,-7.268178],[109.585282,-7.268394],[109.584895,-7.268501],[109.584486,-7.268708],[109.583988,-7.268878],[109.58347,-7.269129],[109.58301,-7.269454],[109.582451,-7.269732],[109.582035,-7.269885],[109.581486,-7.2701],[109.580795,-7.270405],[109.579533,-7.271034],[109.578955,-7.271286],[109.578338,-7.271664],[109.577693,-7.272014],[109.577137,-7.272257],[109.576482,-7.27258],[109.575737,-7.273003],[109.575159,-7.273381],[109.575047,-7.273064],[109.57488,-7.272702],[109.574449,-7.271832],[109.574157,-7.271253],[109.573811,-7.27079],[109.57357,-7.270491],[109.573158,-7.269459],[109.572726,-7.269042],[109.572486,-7.268706],[109.572247,-7.268371],[109.572039,-7.268126],[109.571639,-7.267664],[109.57124,-7.266993],[109.571001,-7.266603],[109.570728,-7.26625],[109.570201,-7.265651],[109.569865,-7.265361],[109.569465,-7.264736],[109.569129,-7.264608],[109.567991,-7.26408],[109.566996,-7.263833],[109.566324,-7.263731],[109.564257,-7.263037],[109.563295,-7.262727],[109.562958,-7.262472],[109.562461,-7.262209],[109.561854,-7.262089],[109.561502,-7.261989],[109.561181,-7.261816],[109.560701,-7.26138],[109.5595,-7.260445],[109.559148,-7.260218],[109.558686,-7.259818],[109.558992,-7.259412],[109.559861,-7.258665],[109.56036,-7.258178],[109.56033,-7.257545],[109.56053,-7.255149],[109.560611,-7.254543],[109.560765,-7.254191],[109.561031,-7.253984],[109.561365,-7.253732],[109.561782,-7.253299],[109.562037,-7.253092],[109.562332,-7.252858],[109.562876,-7.252615],[109.563246,-7.252589],[109.563629,-7.2526],[109.564522,-7.252693],[109.564884,-7.252649],[109.565715,-7.252407],[109.566321,-7.252084],[109.566877,-7.25157],[109.567117,-7.251299],[109.567214,-7.250902],[109.567185,-7.250576],[109.567112,-7.249997],[109.567221,-7.249184],[109.568405,-7.248934],[109.570074,-7.248722],[109.571079,-7.248825],[109.57252,-7.248875],[109.573379,-7.248914],[109.574367,-7.248998],[109.574902,-7.248855],[109.575439,-7.248486],[109.575926,-7.247854],[109.576203,-7.247421],[109.576853,-7.246808],[109.577763,-7.246223],[109.5782,-7.24608],[109.578703,-7.245955],[109.579157,-7.245757],[109.579434,-7.245587],[109.579661,-7.245262],[109.580053,-7.244295],[109.580461,-7.243609],[109.580721,-7.243321],[109.581618,-7.242618]]]]}},{"id":"266","type":"Feature","properties":{"DESA":"Pingit Lor"},"geometry":{"type":"MultiPolygon","coordinates":[[[[109.544757,-7.238794],[109.545224,-7.238895],[109.546079,-7.238979],[109.546854,-7.238982],[109.547323,-7.239065],[109.547791,-7.239247],[109.54834,-7.239511],[109.548656,-7.239774],[109.549176,-7.240092],[109.55042,-7.240557],[109.55137,-7.240832],[109.551924,-7.240942],[109.552329,-7.241052],[109.55282,-7.241406],[109.55334,-7.241751],[109.553629,-7.241897],[109.55415,-7.242043],[109.554671,-7.242045],[109.555507,-7.241849],[109.556644,-7.241482],[109.55708,-7.24142],[109.557524,-7.241276],[109.557948,-7.241368],[109.55832,-7.24136],[109.55865,-7.240945],[109.558961,-7.240684],[109.559603,-7.240641],[109.559944,-7.240371],[109.56065,-7.240282],[109.56098,-7.240347],[109.561226,-7.240565],[109.56158,-7.240928],[109.562056,-7.240603],[109.56236,-7.240469],[109.56302,-7.240453],[109.563368,-7.240626],[109.563897,-7.240682],[109.564107,-7.240954],[109.564488,-7.241009],[109.565201,-7.240921],[109.565629,-7.240904],[109.566125,-7.241059],[109.566478,-7.24116],[109.566771,-7.240944],[109.567067,-7.240773],[109.567538,-7.240386],[109.567852,-7.239971],[109.568017,-7.239356],[109.568245,-7.239031],[109.568785,-7.238979],[109.569148,-7.23879],[109.569984,-7.23872],[109.570499,-7.238722],[109.570798,-7.238596],[109.571598,-7.238608],[109.572132,-7.238537],[109.572183,-7.238212],[109.572551,-7.23786],[109.572788,-7.23844],[109.573084,-7.238676],[109.573705,-7.238452],[109.574314,-7.238643],[109.575367,-7.23833],[109.575918,-7.238233],[109.576231,-7.238378],[109.578144,-7.239551],[109.579143,-7.240196],[109.579569,-7.240505],[109.579593,-7.240894],[109.579754,-7.241428],[109.580034,-7.241673],[109.58065,-7.241991],[109.58121,-7.242373],[109.581618,-7.242618],[109.580721,-7.243321],[109.580461,-7.243609],[109.580053,-7.244295],[109.579661,-7.245262],[109.579434,-7.245587],[109.579157,-7.245757],[109.578703,-7.245955],[109.5782,-7.24608],[109.577763,-7.246223],[109.576853,-7.246808],[109.576203,-7.247421],[109.575926,-7.247854],[109.575439,-7.248486],[109.574902,-7.248855],[109.574367,-7.248998],[109.573379,-7.248914],[109.57252,-7.248875],[109.571079,-7.248825],[109.570074,-7.248722],[109.568405,-7.248934],[109.567221,-7.249184],[109.567112,-7.249997],[109.567185,-7.250576],[109.567214,-7.250902],[109.567117,-7.251299],[109.566877,-7.25157],[109.566321,-7.252084],[109.565715,-7.252407],[109.564884,-7.252649],[109.564522,-7.252693],[109.563629,-7.2526],[109.563246,-7.252589],[109.562876,-7.252615],[109.562332,-7.252858],[109.562037,-7.253092],[109.561782,-7.253299],[109.561365,-7.253732],[109.561031,-7.253984],[109.560765,-7.254191],[109.560611,-7.254543],[109.56053,-7.255149],[109.56033,-7.257545],[109.56036,-7.258178],[109.559861,-7.258665],[109.558992,-7.259412],[109.558686,-7.259818],[109.558427,-7.259591],[109.557851,-7.259192],[109.557436,-7.259019],[109.556875,-7.2588],[109.556234,-7.258554],[109.555557,-7.257783],[109.554044,-7.25691],[109.552041,-7.256135],[109.550374,-7.255569],[109.549863,-7.255459],[109.549168,-7.254724],[109.548863,-7.254099],[109.548219,-7.253364],[109.547013,-7.252239],[109.545876,-7.251286],[109.545552,-7.250833],[109.545338,-7.25048],[109.545043,-7.250244],[109.544198,-7.249997],[109.543863,-7.249815],[109.543252,-7.249279],[109.5428,-7.248762],[109.542443,-7.248219],[109.542251,-7.247911],[109.541621,-7.247095],[109.541119,-7.246813],[109.54072,-7.246694],[109.540006,-7.246185],[109.539695,-7.245967],[109.539655,-7.245641],[109.538729,-7.24458],[109.539797,-7.243661],[109.540052,-7.243463],[109.540404,-7.24294],[109.540643,-7.24248],[109.540867,-7.242164],[109.541282,-7.241731],[109.542397,-7.241147],[109.542843,-7.240877],[109.543289,-7.240616],[109.543751,-7.240202],[109.544166,-7.239742],[109.544533,-7.239218],[109.544757,-7.238794]]]]}},{"id":"267","type":"Feature","properties":{"DESA":"Lawen"},"geometry":{"type":"MultiPolygon","coordinates":[[[[109.552481,-7.231015],[109.553125,-7.231143],[109.553831,-7.230585],[109.554644,-7.230615],[109.55505,-7.230561],[109.555295,-7.230318],[109.55581,-7.230293],[109.556677,-7.230323],[109.557191,-7.230378],[109.557542,-7.230814],[109.557867,-7.231023],[109.558192,-7.230734],[109.558681,-7.230383],[109.559195,-7.230656],[109.55979,-7.230893],[109.56055,-7.230687],[109.561282,-7.230337],[109.561527,-7.230012],[109.561844,-7.229516],[109.562163,-7.229264],[109.562181,-7.228794],[109.5624,-7.228252],[109.562672,-7.227791],[109.563139,-7.22574],[109.564037,-7.224359],[109.564892,-7.224027],[109.565255,-7.223269],[109.565913,-7.222719],[109.566677,-7.222441],[109.567017,-7.22228],[109.567442,-7.221838],[109.568333,-7.221732],[109.568841,-7.221734],[109.569159,-7.221653],[109.570432,-7.22125],[109.570899,-7.220981],[109.571324,-7.220828],[109.572085,-7.221337],[109.572783,-7.221809],[109.573414,-7.222182],[109.574134,-7.222438],[109.574982,-7.222314],[109.575321,-7.222396],[109.575745,-7.222352],[109.576635,-7.222445],[109.577398,-7.222321],[109.578162,-7.222107],[109.578714,-7.221819],[109.579649,-7.220972],[109.58126,-7.222677],[109.581936,-7.223366],[109.582295,-7.223838],[109.582644,-7.224246],[109.582969,-7.224934],[109.583192,-7.225685],[109.58359,-7.226265],[109.584073,-7.226646],[109.584719,-7.227182],[109.585384,-7.2277],[109.585902,-7.22819],[109.58624,-7.228869],[109.587156,-7.230029],[109.587721,-7.230809],[109.588316,-7.231434],[109.589295,-7.232233],[109.59029,-7.233303],[109.590633,-7.234408],[109.590652,-7.235647],[109.590727,-7.23656],[109.590903,-7.237221],[109.591025,-7.237864],[109.590901,-7.238451],[109.590789,-7.238939],[109.590674,-7.239282],[109.590544,-7.239933],[109.590448,-7.240258],[109.590215,-7.240583],[109.589867,-7.241097],[109.589928,-7.241595],[109.590069,-7.242147],[109.590131,-7.242798],[109.59014,-7.243341],[109.590185,-7.243739],[109.590045,-7.244263],[109.589405,-7.244876],[109.588843,-7.245001],[109.586985,-7.245185],[109.586165,-7.245155],[109.585499,-7.244629],[109.584072,-7.243494],[109.583497,-7.243275],[109.582739,-7.243029],[109.582102,-7.242909],[109.581618,-7.242618],[109.58121,-7.242373],[109.58065,-7.241991],[109.580034,-7.241673],[109.579754,-7.241428],[109.579593,-7.240894],[109.579569,-7.240505],[109.579143,-7.240196],[109.578144,-7.239551],[109.576231,-7.238378],[109.575918,-7.238233],[109.575367,-7.23833],[109.574314,-7.238643],[109.573705,-7.238452],[109.573084,-7.238676],[109.572788,-7.23844],[109.572551,-7.23786],[109.572183,-7.238212],[109.572132,-7.238537],[109.571598,-7.238608],[109.570798,-7.238596],[109.570499,-7.238722],[109.569984,-7.23872],[109.569148,-7.23879],[109.568785,-7.238979],[109.568245,-7.239031],[109.568017,-7.239356],[109.567852,-7.239971],[109.567538,-7.240386],[109.567067,-7.240773],[109.566771,-7.240944],[109.566478,-7.24116],[109.566125,-7.241059],[109.565629,-7.240904],[109.565201,-7.240921],[109.564488,-7.241009],[109.564107,-7.240954],[109.563897,-7.240682],[109.563368,-7.240626],[109.56302,-7.240453],[109.56236,-7.240469],[109.562056,-7.240603],[109.56158,-7.240928],[109.561226,-7.240565],[109.56098,-7.240347],[109.56065,-7.240282],[109.559944,-7.240371],[109.559603,-7.240641],[109.558961,-7.240684],[109.55865,-7.240945],[109.55832,-7.24136],[109.557948,-7.241368],[109.557524,-7.241276],[109.55708,-7.24142],[109.556644,-7.241482],[109.555507,-7.241849],[109.554671,-7.242045],[109.55415,-7.242043],[109.553629,-7.241897],[109.55334,-7.241751],[109.55282,-7.241406],[109.552329,-7.241052],[109.551924,-7.240942],[109.55137,-7.240832],[109.55042,-7.240557],[109.549176,-7.240092],[109.548656,-7.239774],[109.54834,-7.239511],[109.547791,-7.239247],[109.547323,-7.239065],[109.546854,-7.238982],[109.546079,-7.238979],[109.545224,-7.238895],[109.544757,-7.238794],[109.544901,-7.238442],[109.545207,-7.237837],[109.545473,-7.237449],[109.546046,-7.2368],[109.546434,-7.236394],[109.546863,-7.23607],[109.547232,-7.235935],[109.547733,-7.235602],[109.548151,-7.235432],[109.548427,-7.23527],[109.548794,-7.234918],[109.549092,-7.234512],[109.549583,-7.23389],[109.550062,-7.23381],[109.550493,-7.233378],[109.551126,-7.23319],[109.551989,-7.231565],[109.552481,-7.231015]]]]}},{"id":"268","type":"Feature","properties":{"DESA":"Sirongge"},"geometry":{"type":"MultiPolygon","coordinates":[[[[109.589673,-7.208451],[109.589721,-7.207963],[109.589781,-7.207203],[109.59006,-7.207005],[109.590473,-7.206916],[109.59099,-7.20699],[109.59142,-7.207109],[109.591856,-7.207119],[109.592395,-7.207256],[109.593206,-7.207693],[109.594072,-7.207877],[109.594812,-7.207978],[109.595247,-7.207925],[109.595677,-7.207791],[109.595696,-7.207438],[109.59579,-7.206914],[109.595692,-7.20648],[109.595947,-7.20592],[109.596364,-7.205912],[109.596795,-7.206121],[109.597219,-7.206258],[109.597743,-7.206622],[109.598892,-7.207186],[109.599437,-7.20735],[109.599982,-7.207406],[109.600534,-7.207679],[109.600988,-7.208151],[109.601757,-7.208949],[109.602548,-7.209268],[109.603071,-7.209478],[109.603794,-7.209661],[109.604426,-7.209943],[109.605017,-7.210352],[109.605593,-7.210779],[109.606202,-7.211151],[109.60687,-7.211461],[109.607517,-7.211616],[109.608375,-7.211366],[109.609132,-7.211205],[109.610271,-7.2112],[109.611064,-7.21302],[109.61228,-7.214317],[109.613537,-7.215406],[109.614295,-7.216068],[109.615651,-7.216552],[109.616356,-7.216961],[109.616586,-7.217649],[109.616927,-7.219404],[109.617109,-7.220219],[109.617202,-7.22153],[109.61643,-7.222993],[109.616071,-7.224412],[109.615749,-7.22555],[109.615668,-7.226373],[109.615433,-7.227204],[109.615209,-7.228135],[109.614821,-7.228767],[109.61422,-7.229018],[109.61368,-7.229704],[109.613475,-7.230146],[109.613325,-7.230661],[109.613126,-7.230995],[109.613049,-7.231384],[109.61249,-7.232404],[109.610908,-7.232408],[109.609173,-7.232258],[109.607533,-7.232271],[109.604413,-7.232804],[109.602459,-7.233531],[109.599912,-7.233541],[109.598905,-7.233348],[109.597395,-7.234293],[109.596349,-7.234543],[109.595076,-7.234629],[109.593984,-7.234717],[109.592805,-7.23502],[109.591489,-7.235532],[109.590652,-7.235647],[109.590633,-7.234408],[109.59029,-7.233303],[109.589295,-7.232233],[109.588316,-7.231434],[109.587721,-7.230809],[109.587156,-7.230029],[109.58624,-7.228869],[109.585902,-7.22819],[109.585384,-7.2277],[109.584719,-7.227182],[109.584073,-7.226646],[109.58359,-7.226265],[109.583192,-7.225685],[109.582969,-7.224934],[109.582644,-7.224246],[109.582295,-7.223838],[109.581936,-7.223366],[109.58126,-7.222677],[109.579649,-7.220972],[109.580031,-7.22072],[109.580668,-7.22017],[109.58132,-7.219476],[109.581821,-7.219088],[109.58222,-7.218637],[109.582774,-7.218142],[109.583459,-7.217547],[109.584124,-7.216998],[109.584839,-7.216557],[109.585422,-7.216025],[109.585928,-7.215493],[109.586345,-7.214934],[109.587029,-7.214113],[109.587488,-7.213761],[109.587997,-7.212949],[109.58828,-7.212362],[109.588779,-7.211586],[109.589221,-7.210846],[109.589482,-7.210286],[109.589689,-7.209093],[109.589673,-7.208451]]]]}},{"id":"269","type":"Feature","properties":{"DESA":"Sikumpul"},"geometry":{"type":"MultiPolygon","coordinates":[[[[109.614847,-7.204259],[109.616523,-7.205124],[109.617885,-7.205688],[109.618625,-7.205871],[109.620869,-7.206566],[109.623393,-7.206917],[109.623923,-7.206973],[109.624262,-7.206937],[109.624993,-7.206614],[109.62609,-7.207675],[109.627347,-7.208755],[109.628183,-7.209915],[109.628801,-7.210876],[109.629319,-7.211429],[109.63068,-7.211081],[109.631642,-7.210405],[109.633848,-7.208449],[109.635794,-7.206402],[109.636286,-7.204939],[109.63697,-7.204896],[109.637595,-7.205133],[109.637935,-7.205161],[109.638427,-7.205063],[109.638827,-7.205471],[109.639289,-7.205807],[109.639874,-7.20627],[109.640395,-7.207293],[109.640524,-7.207746],[109.640847,-7.208425],[109.640823,-7.208949],[109.640908,-7.209411],[109.641067,-7.209827],[109.641706,-7.21011],[109.643345,-7.210476],[109.644105,-7.210596],[109.645224,-7.21078],[109.647644,-7.210923],[109.647785,-7.212868],[109.647614,-7.213871],[109.647742,-7.214514],[109.647423,-7.214567],[109.647077,-7.214937],[109.646372,-7.214971],[109.645856,-7.215458],[109.64532,-7.215564],[109.645218,-7.216188],[109.644812,-7.216042],[109.644411,-7.216294],[109.643886,-7.216329],[109.643698,-7.216708],[109.643227,-7.21687],[109.643311,-7.217277],[109.643076,-7.217611],[109.642581,-7.217609],[109.64239,-7.217998],[109.641856,-7.217833],[109.641227,-7.218012],[109.640902,-7.217758],[109.641295,-7.216222],[109.641093,-7.215751],[109.641034,-7.214964],[109.641614,-7.21398],[109.641073,-7.21321],[109.640704,-7.212648],[109.639916,-7.212863],[109.639051,-7.213113],[109.638092,-7.213445],[109.636066,-7.214343],[109.634244,-7.215034],[109.634223,-7.216797],[109.63408,-7.217828],[109.633958,-7.218551],[109.633715,-7.21931],[109.633273,-7.220186],[109.632851,-7.220782],[109.631808,-7.221719],[109.631226,-7.222332],[109.630804,-7.222873],[109.630422,-7.223605],[109.629737,-7.22524],[109.629515,-7.226098],[109.629233,-7.226721],[109.628755,-7.226114],[109.628576,-7.225679],[109.628358,-7.225036],[109.628081,-7.223878],[109.627704,-7.222918],[109.627367,-7.222004],[109.626929,-7.221342],[109.62627,-7.220861],[109.625792,-7.220426],[109.624737,-7.220287],[109.624242,-7.220204],[109.623339,-7.220165],[109.622002,-7.22027],[109.620995,-7.220592],[109.619707,-7.22085],[109.617983,-7.221126],[109.617202,-7.22153],[109.617109,-7.220219],[109.616927,-7.219404],[109.616586,-7.217649],[109.616356,-7.216961],[109.615651,-7.216552],[109.614295,-7.216068],[109.613537,-7.215406],[109.61228,-7.214317],[109.611064,-7.21302],[109.610271,-7.2112],[109.610853,-7.211039],[109.611278,-7.210796],[109.611613,-7.210309],[109.611821,-7.209839],[109.61196,-7.209197],[109.61204,-7.208682],[109.61227,-7.208185],[109.612458,-7.207643],[109.612749,-7.207156],[109.613064,-7.206533],[109.613281,-7.206108],[109.613723,-7.205432],[109.614265,-7.204854],[109.614527,-7.204512],[109.614847,-7.204259]]]]}},{"id":"270","type":"Feature","properties":{"DESA":"Gununglangit"},"geometry":{"type":"MultiPolygon","coordinates":[[[[109.630647,-7.184032],[109.631499,-7.183284],[109.631956,-7.18267],[109.632727,-7.180818],[109.635234,-7.182191],[109.635075,-7.18267],[109.634977,-7.183294],[109.635203,-7.184045],[109.635547,-7.184797],[109.63565,-7.185313],[109.635807,-7.186245],[109.635796,-7.186841],[109.635981,-7.187864],[109.6361,-7.188814],[109.636063,-7.189872],[109.635999,-7.190279],[109.635534,-7.191308],[109.635339,-7.191696],[109.635304,-7.192411],[109.635922,-7.193335],[109.63618,-7.193905],[109.636253,-7.194222],[109.636367,-7.195425],[109.636866,-7.196268],[109.636847,-7.197045],[109.636768,-7.197416],[109.636318,-7.198256],[109.635914,-7.198833],[109.635798,-7.199349],[109.635622,-7.199927],[109.635522,-7.200677],[109.636107,-7.200905],[109.636366,-7.201123],[109.636494,-7.201666],[109.636228,-7.202009],[109.635914,-7.202758],[109.635988,-7.203165],[109.63592,-7.203672],[109.63615,-7.204287],[109.636286,-7.204939],[109.635794,-7.206402],[109.633848,-7.208449],[109.631642,-7.210405],[109.63068,-7.211081],[109.629319,-7.211429],[109.628801,-7.210876],[109.628183,-7.209915],[109.627347,-7.208755],[109.62609,-7.207675],[109.624993,-7.206614],[109.624262,-7.206937],[109.623923,-7.206973],[109.623393,-7.206917],[109.620869,-7.206566],[109.618625,-7.205871],[109.617885,-7.205688],[109.616523,-7.205124],[109.614847,-7.204259],[109.615113,-7.20388],[109.615339,-7.20332],[109.61552,-7.20276],[109.615803,-7.202101],[109.616014,-7.201658],[109.616166,-7.201351],[109.616429,-7.201153],[109.616899,-7.200947],[109.617299,-7.200848],[109.617836,-7.200696],[109.618333,-7.200653],[109.619011,-7.200591],[109.619536,-7.200593],[109.620051,-7.200459],[109.620536,-7.200117],[109.621033,-7.199639],[109.621473,-7.199143],[109.622038,-7.198783],[109.622843,-7.198233],[109.623429,-7.197584],[109.623466,-7.196852],[109.623581,-7.196246],[109.623733,-7.195541],[109.623993,-7.194602],[109.624137,-7.193562],[109.624264,-7.192975],[109.624344,-7.191935],[109.624511,-7.190995],[109.62473,-7.1902],[109.62474,-7.189766],[109.625027,-7.189215],[109.62552,-7.188981],[109.625885,-7.188892],[109.626322,-7.188965],[109.626905,-7.189076],[109.627379,-7.189113],[109.628036,-7.188916],[109.628493,-7.188429],[109.629024,-7.187771],[109.629464,-7.187103],[109.629849,-7.18601],[109.630034,-7.185359],[109.630218,-7.184718],[109.630365,-7.184284],[109.630647,-7.184032]]]]}},{"id":"271","type":"Feature","properties":{"DESA":"Bedana"},"geometry":{"type":"MultiPolygon","coordinates":[[[[109.648577,-7.172003],[109.649306,-7.171987],[109.649817,-7.171988],[109.650344,-7.172334],[109.650817,-7.172832],[109.650232,-7.174115],[109.649908,-7.175434],[109.649726,-7.176347],[109.649282,-7.177766],[109.649,-7.178407],[109.648478,-7.178984],[109.648136,-7.179779],[109.647891,-7.181514],[109.647526,-7.183006],[109.647077,-7.186242],[109.646592,-7.187733],[109.646047,-7.189467],[109.645542,-7.191229],[109.645318,-7.192504],[109.645031,-7.195017],[109.644845,-7.197151],[109.64452,-7.198624],[109.643752,-7.201461],[109.643209,-7.20221],[109.642547,-7.203167],[109.642064,-7.20397],[109.641279,-7.205921],[109.640395,-7.207293],[109.639874,-7.20627],[109.639289,-7.205807],[109.638827,-7.205471],[109.638427,-7.205063],[109.637935,-7.205161],[109.637595,-7.205133],[109.63697,-7.204896],[109.636286,-7.204939],[109.63615,-7.204287],[109.63592,-7.203672],[109.635988,-7.203165],[109.635914,-7.202758],[109.636228,-7.202009],[109.636494,-7.201666],[109.636366,-7.201123],[109.636107,-7.200905],[109.635522,-7.200677],[109.635622,-7.199927],[109.635798,-7.199349],[109.635914,-7.198833],[109.636318,-7.198256],[109.636768,-7.197416],[109.636847,-7.197045],[109.636866,-7.196268],[109.636367,-7.195425],[109.636253,-7.194222],[109.63618,-7.193905],[109.635922,-7.193335],[109.635304,-7.192411],[109.635339,-7.191696],[109.635534,-7.191308],[109.635999,-7.190279],[109.636063,-7.189872],[109.6361,-7.188814],[109.635981,-7.187864],[109.635796,-7.186841],[109.635807,-7.186245],[109.63565,-7.185313],[109.635547,-7.184797],[109.635203,-7.184045],[109.634977,-7.183294],[109.635075,-7.18267],[109.635234,-7.182191],[109.632727,-7.180818],[109.632984,-7.180439],[109.633569,-7.179817],[109.634081,-7.179204],[109.634794,-7.178528],[109.635397,-7.177987],[109.636093,-7.177193],[109.63697,-7.176192],[109.637447,-7.175352],[109.637978,-7.174612],[109.638436,-7.173899],[109.638856,-7.173448],[109.639331,-7.173269],[109.639943,-7.173207],[109.641409,-7.173293],[109.642903,-7.17337],[109.643597,-7.173281],[109.644217,-7.17312],[109.645165,-7.17287],[109.647391,-7.172234],[109.648577,-7.172003]]]]}},{"id":"272","type":"Feature","properties":{"DESA":"Sirukun"},"geometry":{"type":"MultiPolygon","coordinates":[[[[109.650817,-7.172832],[109.651291,-7.172834],[109.651747,-7.172835],[109.65233,-7.172891],[109.652894,-7.173164],[109.654132,-7.173801],[109.65537,-7.17432],[109.656773,-7.174577],[109.657447,-7.174724],[109.658248,-7.175124],[109.658975,-7.175822],[109.661433,-7.176933],[109.662149,-7.177053],[109.66194,-7.178065],[109.661533,-7.180379],[109.660867,-7.182728],[109.659678,-7.185781],[109.65879,-7.188492],[109.658342,-7.191041],[109.657635,-7.193517],[109.656994,-7.193877],[109.655711,-7.194786],[109.653665,-7.19686],[109.65194,-7.198465],[109.651697,-7.199052],[109.651255,-7.200262],[109.650939,-7.201428],[109.65052,-7.201689],[109.649129,-7.202571],[109.648394,-7.203229],[109.647955,-7.203463],[109.64688,-7.203849],[109.646637,-7.204119],[109.645845,-7.205048],[109.645272,-7.205309],[109.644991,-7.20595],[109.644602,-7.206573],[109.643978,-7.207313],[109.643387,-7.207854],[109.642789,-7.208168],[109.641824,-7.208491],[109.640823,-7.208949],[109.640847,-7.208425],[109.640524,-7.207746],[109.640395,-7.207293],[109.641279,-7.205921],[109.642064,-7.20397],[109.642547,-7.203167],[109.643209,-7.20221],[109.643752,-7.201461],[109.64452,-7.198624],[109.644845,-7.197151],[109.645031,-7.195017],[109.645318,-7.192504],[109.645542,-7.191229],[109.646047,-7.189467],[109.646592,-7.187733],[109.647077,-7.186242],[109.647526,-7.183006],[109.647891,-7.181514],[109.648136,-7.179779],[109.648478,-7.178984],[109.649,-7.178407],[109.649282,-7.177766],[109.649726,-7.176347],[109.649908,-7.175434],[109.650232,-7.174115],[109.650817,-7.172832]]]]}},{"id":"273","type":"Feature","properties":{"DESA":"Karanganyar"},"geometry":{"type":"MultiPolygon","coordinates":[[[[109.662149,-7.177053],[109.662563,-7.177117],[109.663018,-7.177218],[109.663838,-7.177257],[109.664568,-7.177241],[109.665352,-7.177125],[109.66586,-7.177082],[109.665399,-7.179233],[109.665058,-7.181212],[109.66467,-7.183101],[109.664159,-7.185867],[109.664076,-7.189828],[109.664021,-7.192215],[109.663875,-7.193218],[109.663609,-7.194032],[109.662551,-7.195629],[109.662095,-7.196369],[109.661853,-7.197201],[109.661394,-7.198556],[109.661104,-7.199586],[109.661005,-7.200635],[109.660932,-7.201304],[109.660714,-7.201927],[109.660426,-7.202469],[109.659344,-7.203994],[109.658576,-7.20495],[109.657711,-7.206114],[109.656942,-7.207071],[109.656821,-7.207713],[109.656771,-7.208427],[109.656458,-7.209005],[109.655906,-7.2095],[109.65502,-7.20995],[109.653654,-7.21047],[109.652409,-7.210856],[109.651307,-7.211088],[109.649752,-7.211182],[109.647644,-7.210923],[109.645224,-7.21078],[109.644105,-7.210596],[109.643345,-7.210476],[109.641706,-7.21011],[109.641067,-7.209827],[109.640908,-7.209411],[109.640823,-7.208949],[109.641824,-7.208491],[109.642789,-7.208168],[109.643387,-7.207854],[109.643978,-7.207313],[109.644602,-7.206573],[109.644991,-7.20595],[109.645272,-7.205309],[109.645845,-7.205048],[109.646637,-7.204119],[109.64688,-7.203849],[109.647955,-7.203463],[109.648394,-7.203229],[109.649129,-7.202571],[109.65052,-7.201689],[109.650939,-7.201428],[109.651255,-7.200262],[109.651697,-7.199052],[109.65194,-7.198465],[109.653665,-7.19686],[109.655711,-7.194786],[109.656994,-7.193877],[109.657635,-7.193517],[109.658342,-7.191041],[109.65879,-7.188492],[109.659678,-7.185781],[109.660867,-7.182728],[109.661533,-7.180379],[109.66194,-7.178065],[109.662149,-7.177053]]]]}},{"id":"274","type":"Feature","properties":{"DESA":"Plorengan"},"geometry":{"type":"MultiPolygon","coordinates":[[[[109.673198,-7.17448],[109.673763,-7.174536],[109.674236,-7.174917],[109.6746,-7.175208],[109.675037,-7.175336],[109.675438,-7.175319],[109.676151,-7.174869],[109.676827,-7.174183],[109.677522,-7.173308],[109.678107,-7.172803],[109.678782,-7.172896],[109.679744,-7.174101],[109.680235,-7.174681],[109.680764,-7.174683],[109.681056,-7.174467],[109.681384,-7.174341],[109.681749,-7.17436],[109.682248,-7.174922],[109.682256,-7.175429],[109.682291,-7.176089],[109.682689,-7.177049],[109.683126,-7.177276],[109.683563,-7.177567],[109.683633,-7.178345],[109.683267,-7.178859],[109.682699,-7.179744],[109.682425,-7.180286],[109.68235,-7.180674],[109.682532,-7.181055],[109.682786,-7.181254],[109.683114,-7.181508],[109.683368,-7.181817],[109.683658,-7.182315],[109.683712,-7.182803],[109.683491,-7.183291],[109.683107,-7.183733],[109.682924,-7.184203],[109.683085,-7.185108],[109.683813,-7.18577],[109.684577,-7.186333],[109.685341,-7.186869],[109.685959,-7.187341],[109.686595,-7.188156],[109.687448,-7.18947],[109.688799,-7.191482],[109.689698,-7.19209],[109.690145,-7.192697],[109.690172,-7.193113],[109.690634,-7.193549],[109.690705,-7.193911],[109.690495,-7.194173],[109.690106,-7.194407],[109.689889,-7.194659],[109.688463,-7.196446],[109.686808,-7.197843],[109.685489,-7.198798],[109.684364,-7.199129],[109.683238,-7.199506],[109.68216,-7.200009],[109.6807,-7.20014],[109.679432,-7.200064],[109.677327,-7.199868],[109.675413,-7.199655],[109.674547,-7.201244],[109.673368,-7.20361],[109.672575,-7.204729],[109.672405,-7.205542],[109.672475,-7.206067],[109.672402,-7.206637],[109.670983,-7.208875],[109.670022,-7.210356],[109.669252,-7.211764],[109.668365,-7.212431],[109.667191,-7.21288],[109.666041,-7.213455],[109.664676,-7.213831],[109.663434,-7.212751],[109.66198,-7.211001],[109.660764,-7.209469],[109.659906,-7.208391],[109.65912,-7.20705],[109.659217,-7.206743],[109.659433,-7.206337],[109.659458,-7.205912],[109.658957,-7.205449],[109.658576,-7.20495],[109.659344,-7.203994],[109.660426,-7.202469],[109.660714,-7.201927],[109.660932,-7.201304],[109.661005,-7.200635],[109.661104,-7.199586],[109.661394,-7.198556],[109.661853,-7.197201],[109.662095,-7.196369],[109.662551,-7.195629],[109.663609,-7.194032],[109.663875,-7.193218],[109.664021,-7.192215],[109.664076,-7.189828],[109.664159,-7.185867],[109.66467,-7.183101],[109.665058,-7.181212],[109.665399,-7.179233],[109.66586,-7.177082],[109.666519,-7.177074],[109.667266,-7.177095],[109.668086,-7.177233],[109.668468,-7.177577],[109.668795,-7.178012],[109.669031,-7.178248],[109.669541,-7.178376],[109.669942,-7.178414],[109.670708,-7.178362],[109.671511,-7.178111],[109.672132,-7.177751],[109.672573,-7.176567],[109.672776,-7.175492],[109.67287,-7.174805],[109.673198,-7.17448]]]]}},{"id":"275","type":"Feature","properties":{"DESA":"Kasinoman"},"geometry":{"type":"MultiPolygon","coordinates":[[[[109.689889,-7.194659],[109.690035,-7.195058],[109.690391,-7.195004],[109.690808,-7.194924],[109.691201,-7.194979],[109.691608,-7.195161],[109.692336,-7.194946],[109.692768,-7.194975],[109.693133,-7.195066],[109.693489,-7.195438],[109.693722,-7.19571],[109.693998,-7.195892],[109.69438,-7.19611],[109.694691,-7.196237],[109.695886,-7.196883],[109.696372,-7.19693],[109.696753,-7.19703],[109.697444,-7.196951],[109.697975,-7.196681],[109.698354,-7.196248],[109.698776,-7.195914],[109.699358,-7.19569],[109.699679,-7.195519],[109.700342,-7.195412],[109.700921,-7.195414],[109.701663,-7.195561],[109.702564,-7.19541],[109.703378,-7.195276],[109.704097,-7.195305],[109.704562,-7.195497],[109.704831,-7.195823],[109.705216,-7.196783],[109.706238,-7.198585],[109.706726,-7.199147],[109.707698,-7.19981],[109.706914,-7.200821],[109.706577,-7.201462],[109.706453,-7.202755],[109.706615,-7.204763],[109.706564,-7.20612],[109.706364,-7.208886],[109.706553,-7.209728],[109.706284,-7.21178],[109.706231,-7.213643],[109.706037,-7.214782],[109.705844,-7.21536],[109.70567,-7.217313],[109.705716,-7.218055],[109.705881,-7.218887],[109.705974,-7.219846],[109.705923,-7.22123],[109.705343,-7.223236],[109.705012,-7.22498],[109.703672,-7.225212],[109.702785,-7.225498],[109.701971,-7.225587],[109.700774,-7.225728],[109.700056,-7.226015],[109.699433,-7.226393],[109.69869,-7.226753],[109.697827,-7.227148],[109.696031,-7.227812],[109.694018,-7.228548],[109.6933,-7.228691],[109.693299,-7.228184],[109.693254,-7.227443],[109.69301,-7.226854],[109.69301,-7.226411],[109.692715,-7.225777],[109.692442,-7.225514],[109.692371,-7.225197],[109.692392,-7.224818],[109.692061,-7.224374],[109.691775,-7.223713],[109.691588,-7.223404],[109.691596,-7.22297],[109.691498,-7.222274],[109.690816,-7.221982],[109.691068,-7.221612],[109.690544,-7.221439],[109.690366,-7.221122],[109.690323,-7.220805],[109.689769,-7.220469],[109.690123,-7.22019],[109.690588,-7.219911],[109.690192,-7.219295],[109.689752,-7.219167],[109.68952,-7.218633],[109.688858,-7.218387],[109.688214,-7.21786],[109.686734,-7.218091],[109.686269,-7.218026],[109.68575,-7.218323],[109.684966,-7.218095],[109.684128,-7.21831],[109.683387,-7.218271],[109.683095,-7.218424],[109.68291,-7.218704],[109.683086,-7.21903],[109.682894,-7.219373],[109.682562,-7.219426],[109.682316,-7.219697],[109.681701,-7.219876],[109.681174,-7.220037],[109.680726,-7.220425],[109.680683,-7.220741],[109.68041,-7.22094],[109.680062,-7.221255],[109.679737,-7.221046],[109.679234,-7.221343],[109.678705,-7.22136],[109.678581,-7.221884],[109.67802,-7.222135],[109.678101,-7.222724],[109.677082,-7.223317],[109.677225,-7.223662],[109.677545,-7.223907],[109.677644,-7.224269],[109.677904,-7.224505],[109.677818,-7.22483],[109.677375,-7.225181],[109.677768,-7.225508],[109.677434,-7.226131],[109.677617,-7.226656],[109.677443,-7.227144],[109.676831,-7.226988],[109.676347,-7.226951],[109.675838,-7.22694],[109.675699,-7.226415],[109.675703,-7.226081],[109.675866,-7.22543],[109.675889,-7.225105],[109.67575,-7.224751],[109.675271,-7.224777],[109.674882,-7.224577],[109.674643,-7.224314],[109.674526,-7.223997],[109.674682,-7.223627],[109.675016,-7.222497],[109.675127,-7.222019],[109.675497,-7.221712],[109.675463,-7.221296],[109.675069,-7.220825],[109.675512,-7.220301],[109.67572,-7.219859],[109.675446,-7.219406],[109.675988,-7.219064],[109.675808,-7.218729],[109.675623,-7.218086],[109.674764,-7.217224],[109.673904,-7.216625],[109.673045,-7.215953],[109.672328,-7.215617],[109.671251,-7.215496],[109.670797,-7.215232],[109.670488,-7.214607],[109.670109,-7.213367],[109.669252,-7.211764],[109.670022,-7.210356],[109.670983,-7.208875],[109.672402,-7.206637],[109.672475,-7.206067],[109.672405,-7.205542],[109.672575,-7.204729],[109.673368,-7.20361],[109.674547,-7.201244],[109.675413,-7.199655],[109.677327,-7.199868],[109.679432,-7.200064],[109.6807,-7.20014],[109.68216,-7.200009],[109.683238,-7.199506],[109.684364,-7.199129],[109.685489,-7.198798],[109.686808,-7.197843],[109.688463,-7.196446],[109.689889,-7.194659]]]]}}]}