{"type":"FeatureCollection","features":[{"id":"0","type":"Feature","properties":{"KECAMATAN":"Banjarmangu"},"geometry":{"type":"MultiPolygon","coordinates":[[[[109.694489,-7.293238],[109.694835,-7.293936],[109.695036,-7.294271],[109.695703,-7.295421],[109.696419,-7.296527],[109.696938,-7.297423],[109.697522,-7.298501],[109.69826,-7.299733],[109.698639,-7.300548],[109.698946,-7.301164],[109.699299,-7.301844],[109.699122,-7.302259],[109.69943,-7.302549],[109.699855,-7.30265],[109.700299,-7.302669],[109.700724,-7.302888],[109.700819,-7.303286],[109.700837,-7.303657],[109.701203,-7.304119],[109.701453,-7.304509],[109.701549,-7.304834],[109.701876,-7.305297],[109.702204,-7.305469],[109.702691,-7.305652],[109.702904,-7.306104],[109.702974,-7.306575],[109.703046,-7.306901],[109.703292,-7.307326],[109.703597,-7.307924],[109.703712,-7.308476],[109.703565,-7.308955],[109.703534,-7.309606],[109.703591,-7.309995],[109.703692,-7.310393],[109.703924,-7.310774],[109.704186,-7.310992],[109.704578,-7.311264],[109.704974,-7.311591],[109.705298,-7.311926],[109.706244,-7.312173],[109.706879,-7.312311],[109.707379,-7.312466],[109.707771,-7.312594],[109.708217,-7.312785],[109.709082,-7.313031],[109.709555,-7.313132],[109.709974,-7.31317],[109.710298,-7.313134],[109.710718,-7.312946],[109.711017,-7.312729],[109.711464,-7.31226],[109.711627,-7.311917],[109.711953,-7.311656],[109.712585,-7.311965],[109.713242,-7.312085],[109.713883,-7.312114],[109.714615,-7.312224],[109.715167,-7.312416],[109.715495,-7.312616],[109.715941,-7.313042],[109.716448,-7.313523],[109.71679,-7.313867],[109.717132,-7.314167],[109.71767,-7.314096],[109.718044,-7.314034],[109.718387,-7.31408],[109.718744,-7.314425],[109.719085,-7.315185],[109.719413,-7.31553],[109.720144,-7.315695],[109.720203,-7.316147],[109.720223,-7.316509],[109.720649,-7.316998],[109.720954,-7.31747],[109.721361,-7.317489],[109.72191,-7.317852],[109.722235,-7.31816],[109.722886,-7.318633],[109.723312,-7.319222],[109.723494,-7.319711],[109.723819,-7.3202],[109.724389,-7.3204],[109.724959,-7.320402],[109.725448,-7.320385],[109.725754,-7.320486],[109.726007,-7.320902],[109.725502,-7.3211],[109.72512,-7.321343],[109.724727,-7.321713],[109.724027,-7.322308],[109.723634,-7.322578],[109.723361,-7.322794],[109.723121,-7.323255],[109.723478,-7.323572],[109.724074,-7.323547],[109.724381,-7.323701],[109.724303,-7.324018],[109.724089,-7.324288],[109.723407,-7.324666],[109.723102,-7.324855],[109.722816,-7.325542],[109.722748,-7.326021],[109.722597,-7.326337],[109.722279,-7.326589],[109.72231,-7.327485],[109.722309,-7.327837],[109.722207,-7.328497],[109.721988,-7.329283],[109.721986,-7.329998],[109.722079,-7.330324],[109.722275,-7.330677],[109.72244,-7.331084],[109.722453,-7.331645],[109.722076,-7.331463],[109.72182,-7.331191],[109.721473,-7.331036],[109.72111,-7.331144],[109.720807,-7.331532],[109.720579,-7.332065],[109.720154,-7.332679],[109.720032,-7.332977],[109.719941,-7.333284],[109.72006,-7.333872],[109.72024,-7.334171],[109.72036,-7.334596],[109.719983,-7.335744],[109.719858,-7.336169],[109.719384,-7.336538],[109.718849,-7.336844],[109.718169,-7.337421],[109.717963,-7.337701],[109.717818,-7.338089],[109.717858,-7.338424],[109.718001,-7.338768],[109.718247,-7.33904],[109.718554,-7.339303],[109.719006,-7.339576],[109.719175,-7.339847],[109.719148,-7.340191],[109.718634,-7.340289],[109.718181,-7.34027],[109.717606,-7.34053],[109.717153,-7.340656],[109.716454,-7.340654],[109.714872,-7.340622],[109.714379,-7.340602],[109.714049,-7.340909],[109.713904,-7.341343],[109.713691,-7.34193],[109.713502,-7.3423],[109.713177,-7.342742],[109.712955,-7.343058],[109.712732,-7.343465],[109.712441,-7.343997],[109.712082,-7.344503],[109.711705,-7.345008],[109.711312,-7.345405],[109.710699,-7.345421],[109.710171,-7.345212],[109.709763,-7.34484],[109.709406,-7.344631],[109.709024,-7.344602],[109.708433,-7.344809],[109.707952,-7.345079],[109.70758,-7.345494],[109.70751,-7.34609],[109.707612,-7.346461],[109.707918,-7.347141],[109.708096,-7.347575],[109.708253,-7.347919],[109.70849,-7.348255],[109.708708,-7.348608],[109.708766,-7.349123],[109.708209,-7.349502],[109.707673,-7.349654],[109.707017,-7.349797],[109.706481,-7.349913],[109.705964,-7.350201],[109.705963,-7.350716],[109.7061,-7.351196],[109.706159,-7.351513],[109.706316,-7.351947],[109.706593,-7.352364],[109.706473,-7.353033],[109.705994,-7.353438],[109.705499,-7.353781],[109.70497,-7.35405],[109.704509,-7.354357],[109.704236,-7.354573],[109.703605,-7.354797],[109.703008,-7.354841],[109.702446,-7.354956],[109.702172,-7.355335],[109.702017,-7.355787],[109.70188,-7.356076],[109.701675,-7.356329],[109.7013,-7.35621],[109.701131,-7.355839],[109.700928,-7.35535],[109.700725,-7.354852],[109.700488,-7.35439],[109.700131,-7.3541],[109.699721,-7.354252],[109.699465,-7.354559],[109.69926,-7.354902],[109.698883,-7.355308],[109.698474,-7.35546],[109.698303,-7.355758],[109.698455,-7.35622],[109.698629,-7.356646],[109.698282,-7.356862],[109.697712,-7.356905],[109.697345,-7.356904],[109.697059,-7.357184],[109.697037,-7.357735],[109.696974,-7.35816],[109.696831,-7.358503],[109.696565,-7.358855],[109.696217,-7.359117],[109.695666,-7.359603],[109.695319,-7.359801],[109.694829,-7.359926],[109.694442,-7.359943],[109.693994,-7.359815],[109.693525,-7.359959],[109.693177,-7.360301],[109.692789,-7.36087],[109.692604,-7.361295],[109.692501,-7.361764],[109.692352,-7.362696],[109.692185,-7.363518],[109.691877,-7.36415],[109.691522,-7.364873],[109.691355,-7.365415],[109.69133,-7.366075],[109.691399,-7.366654],[109.691492,-7.367151],[109.691631,-7.367694],[109.691558,-7.3684],[109.691416,-7.368888],[109.691234,-7.36924],[109.690516,-7.369645],[109.69006,-7.369996],[109.68953,-7.370609],[109.689341,-7.370925],[109.689077,-7.371277],[109.688646,-7.371683],[109.688358,-7.372161],[109.688309,-7.372613],[109.688092,-7.37321],[109.687781,-7.373543],[109.687516,-7.37413],[109.687276,-7.374609],[109.687052,-7.374997],[109.686896,-7.375368],[109.686673,-7.375765],[109.686493,-7.376063],[109.686432,-7.376506],[109.686475,-7.377085],[109.686442,-7.37807],[109.686292,-7.378386],[109.685632,-7.378981],[109.685421,-7.379469],[109.68542,-7.379795],[109.685404,-7.380138],[109.685209,-7.380617],[109.684743,-7.38133],[109.684513,-7.381628],[109.684024,-7.381943],[109.683575,-7.382032],[109.683052,-7.382166],[109.682498,-7.382427],[109.682138,-7.382679],[109.681898,-7.382949],[109.681718,-7.38322],[109.681522,-7.383753],[109.681281,-7.384603],[109.681039,-7.385642],[109.680782,-7.386482],[109.680615,-7.387386],[109.680433,-7.388181],[109.680372,-7.388507],[109.680385,-7.389221],[109.680442,-7.389999],[109.68053,-7.390551],[109.680812,-7.391085],[109.681185,-7.391502],[109.681522,-7.391865],[109.681815,-7.3923],[109.682047,-7.392672],[109.681845,-7.393105],[109.68162,-7.394],[109.681291,-7.394587],[109.680804,-7.395218],[109.680292,-7.395678],[109.67961,-7.396218],[109.679163,-7.396615],[109.678626,-7.397075],[109.678245,-7.397254],[109.677904,-7.397317],[109.677316,-7.39727],[109.676867,-7.397033],[109.676257,-7.396543],[109.675762,-7.395854],[109.675358,-7.395121],[109.675007,-7.39426],[109.674591,-7.393355],[109.674174,-7.392495],[109.67377,-7.391951],[109.673365,-7.391651],[109.672895,-7.391469],[109.672437,-7.391386],[109.672031,-7.391412],[109.671519,-7.391808],[109.671308,-7.392233],[109.671542,-7.392668],[109.671855,-7.39303],[109.672011,-7.393383],[109.672023,-7.394016],[109.671943,-7.394505],[109.671628,-7.394793],[109.671025,-7.394836],[109.670529,-7.394546],[109.670202,-7.3944],[109.669822,-7.39429],[109.669152,-7.394144],[109.668645,-7.393952],[109.668227,-7.393752],[109.667861,-7.393398],[109.667666,-7.392954],[109.667589,-7.392502],[109.667565,-7.391914],[109.667553,-7.391399],[109.667162,-7.39081],[109.66664,-7.3906],[109.666104,-7.390327],[109.665568,-7.389891],[109.665137,-7.389727],[109.664704,-7.389762],[109.66384,-7.389941],[109.663329,-7.390002],[109.662871,-7.389992],[109.662583,-7.389819],[109.662257,-7.389402],[109.662219,-7.388914],[109.66226,-7.388579],[109.662588,-7.388164],[109.662904,-7.387641],[109.662958,-7.38727],[109.663051,-7.38661],[109.663127,-7.385959],[109.663749,-7.385807],[109.664473,-7.385638],[109.665197,-7.38545],[109.665715,-7.385334],[109.666203,-7.3852],[109.666963,-7.384985],[109.667667,-7.384761],[109.668258,-7.384546],[109.668717,-7.384339],[109.669087,-7.384105],[109.669472,-7.383799],[109.669813,-7.383483],[109.670477,-7.382943],[109.671101,-7.382492],[109.671545,-7.382213],[109.6723,-7.381709],[109.672804,-7.381385],[109.673203,-7.381124],[109.673455,-7.38089],[109.673662,-7.380628],[109.673775,-7.380303],[109.673887,-7.379643],[109.673951,-7.378802],[109.673979,-7.378404],[109.674011,-7.377826],[109.674042,-7.377211],[109.674073,-7.376578],[109.674046,-7.375954],[109.674032,-7.37551],[109.674065,-7.374859],[109.674195,-7.374426],[109.674198,-7.373946],[109.674053,-7.373295],[109.673788,-7.372571],[109.673249,-7.3719],[109.67263,-7.371256],[109.671858,-7.370476],[109.670824,-7.369713],[109.669914,-7.369032],[109.669431,-7.36838],[109.669249,-7.368035],[109.669377,-7.367683],[109.669775,-7.367368],[109.670148,-7.367369],[109.670583,-7.367623],[109.670976,-7.367724],[109.671665,-7.367337],[109.671663,-7.36665],[109.671987,-7.366497],[109.672534,-7.366472],[109.672628,-7.365911],[109.67294,-7.365659],[109.673264,-7.365488],[109.672851,-7.364917],[109.672318,-7.36478],[109.67187,-7.364923],[109.671766,-7.364371],[109.671581,-7.364027],[109.671101,-7.363863],[109.670838,-7.363564],[109.670858,-7.363238],[109.671033,-7.362696],[109.671172,-7.362199],[109.671679,-7.361785],[109.672349,-7.361642],[109.672475,-7.361163],[109.672964,-7.360803],[109.673391,-7.360894],[109.673778,-7.360787],[109.674239,-7.360607],[109.674924,-7.360519],[109.675394,-7.360258],[109.675505,-7.35987],[109.675428,-7.359173],[109.675208,-7.358521],[109.674906,-7.357824],[109.67439,-7.357063],[109.673865,-7.356428],[109.673238,-7.35601],[109.672352,-7.355456],[109.671686,-7.355255],[109.670865,-7.355063],[109.670173,-7.354835],[109.6693,-7.354597],[109.66828,-7.354232],[109.667971,-7.354096],[109.667666,-7.353814],[109.667065,-7.353297],[109.666085,-7.352535],[109.66524,-7.351809],[109.664566,-7.351219],[109.663864,-7.350538],[109.663391,-7.349985],[109.66278,-7.349143],[109.662199,-7.348227],[109.660972,-7.346596],[109.660648,-7.346052],[109.660422,-7.345301],[109.660278,-7.344785],[109.660185,-7.344188],[109.660165,-7.343582],[109.660215,-7.342958],[109.660341,-7.342434],[109.660555,-7.341621],[109.660808,-7.340627],[109.66093,-7.33956],[109.661018,-7.338077],[109.660879,-7.337597],[109.660669,-7.337253],[109.660373,-7.337008],[109.660187,-7.336447],[109.660068,-7.335696],[109.659877,-7.335361],[109.659588,-7.334935],[109.659084,-7.334427],[109.658031,-7.33266],[109.657574,-7.331999],[109.65699,-7.331273],[109.656131,-7.330448],[109.655241,-7.329713],[109.655031,-7.32945],[109.654723,-7.329232],[109.654383,-7.328996],[109.65376,-7.328904],[109.653286,-7.328477],[109.653008,-7.32825],[109.652411,-7.328131],[109.651716,-7.328093],[109.651379,-7.328028],[109.650918,-7.328],[109.650572,-7.32808],[109.650142,-7.328178],[109.649828,-7.328277],[109.649493,-7.328393],[109.648843,-7.328608],[109.6486,-7.328101],[109.648243,-7.327856],[109.647664,-7.327583],[109.647196,-7.327383],[109.64693,-7.327047],[109.646931,-7.326604],[109.646887,-7.326251],[109.6468,-7.325781],[109.647051,-7.32532],[109.64707,-7.324968],[109.646947,-7.324669],[109.646632,-7.324243],[109.646423,-7.323971],[109.64609,-7.323717],[109.645687,-7.323263],[109.645688,-7.322775],[109.645813,-7.322386],[109.645989,-7.321971],[109.646325,-7.321466],[109.64645,-7.320887],[109.646504,-7.320408],[109.646382,-7.320082],[109.645885,-7.319728],[109.645414,-7.319627],[109.644863,-7.319607],[109.644391,-7.319669],[109.643702,-7.319604],[109.64333,-7.319214],[109.64337,-7.318825],[109.643489,-7.31841],[109.643825,-7.317859],[109.644142,-7.317353],[109.64432,-7.317055],[109.644282,-7.316486],[109.644205,-7.315898],[109.644482,-7.315591],[109.644994,-7.31524],[109.645035,-7.31477],[109.644977,-7.31439],[109.644919,-7.313937],[109.645021,-7.313341],[109.645257,-7.312998],[109.645601,-7.31289],[109.64629,-7.312585],[109.647119,-7.312244],[109.647652,-7.312055],[109.648246,-7.311858],[109.648685,-7.311606],[109.648967,-7.311309],[109.649296,-7.310957],[109.649594,-7.310578],[109.649783,-7.310127],[109.650019,-7.309666],[109.650224,-7.309278],[109.650566,-7.3088],[109.650883,-7.308538],[109.651352,-7.308205],[109.651836,-7.307926],[109.652388,-7.30762],[109.652956,-7.307396],[109.653374,-7.307243],[109.654092,-7.307047],[109.65506,-7.306769],[109.655678,-7.306617],[109.656263,-7.306375],[109.656665,-7.305906],[109.656749,-7.305553],[109.656767,-7.305192],[109.656802,-7.30474],[109.656908,-7.304306],[109.657038,-7.303691],[109.657128,-7.302887],[109.657066,-7.30172],[109.656934,-7.300499],[109.656728,-7.299304],[109.65654,-7.298092],[109.656277,-7.29687],[109.655972,-7.295621],[109.655841,-7.295205],[109.655715,-7.29477],[109.655508,-7.294137],[109.655432,-7.29382],[109.655325,-7.293322],[109.655231,-7.292807],[109.654485,-7.291204],[109.654004,-7.290018],[109.655136,-7.289542],[109.656236,-7.288993],[109.657547,-7.288446],[109.658598,-7.28796],[109.659588,-7.28752],[109.660299,-7.287206],[109.661049,-7.286964],[109.661768,-7.286731],[109.662692,-7.286426],[109.663648,-7.286203],[109.664444,-7.28606],[109.665404,-7.285973],[109.666108,-7.285903],[109.666663,-7.285886],[109.667125,-7.285887],[109.667539,-7.285988],[109.668313,-7.286596],[109.668734,-7.287339],[109.669169,-7.288091],[109.669503,-7.288843],[109.669937,-7.289884],[109.670392,-7.291043],[109.670817,-7.291659],[109.671305,-7.292275],[109.671574,-7.292611],[109.671999,-7.292947],[109.672319,-7.293174],[109.672917,-7.292913],[109.673231,-7.292733],[109.673764,-7.292563],[109.674144,-7.292302],[109.674465,-7.292104],[109.675107,-7.291871],[109.675342,-7.2916],[109.676159,-7.291005],[109.67694,-7.290465],[109.678011,-7.289736],[109.678986,-7.288907],[109.679595,-7.288167],[109.680322,-7.287427],[109.680998,-7.28667],[109.681672,-7.286039],[109.682216,-7.285507],[109.682565,-7.285182],[109.682981,-7.284776],[109.683727,-7.284363],[109.684503,-7.284166],[109.685356,-7.28406],[109.686125,-7.28408],[109.686924,-7.284128],[109.68729,-7.284282],[109.687975,-7.28451],[109.688906,-7.285164],[109.689839,-7.285881],[109.690641,-7.286598],[109.691271,-7.28717],[109.691853,-7.287841],[109.692559,-7.289018],[109.693069,-7.290132],[109.693532,-7.291074],[109.693979,-7.292124],[109.694489,-7.293238]]]]}},{"id":"1","type":"Feature","properties":{"KECAMATAN":"Banjarnegara"},"geometry":{"type":"MultiPolygon","coordinates":[[[[109.72232,-7.385997],[109.722738,-7.386523],[109.723076,-7.386904],[109.723481,-7.38723],[109.723926,-7.387376],[109.724292,-7.387413],[109.724751,-7.387388],[109.725577,-7.387155],[109.725491,-7.387544],[109.725651,-7.387842],[109.725998,-7.38835],[109.726399,-7.388803],[109.726853,-7.389392],[109.727306,-7.39009],[109.727892,-7.391322],[109.728079,-7.39172],[109.728185,-7.392145],[109.728317,-7.392734],[109.728369,-7.393376],[109.728528,-7.394073],[109.728633,-7.394796],[109.728685,-7.395249],[109.728977,-7.395973],[109.729484,-7.396879],[109.729778,-7.397386],[109.730205,-7.39774],[109.730472,-7.398003],[109.730659,-7.398356],[109.731059,-7.399],[109.731305,-7.399308],[109.731727,-7.39977],[109.732702,-7.400415],[109.733626,-7.401006],[109.734014,-7.401242],[109.734482,-7.401514],[109.735097,-7.401896],[109.7359,-7.402432],[109.736943,-7.403158],[109.737986,-7.403903],[109.739029,-7.404602],[109.740206,-7.405438],[109.741409,-7.406291],[109.742314,-7.407053],[109.743415,-7.407988],[109.744239,-7.408768],[109.745045,-7.409675],[109.745793,-7.410635],[109.746406,-7.411469],[109.747101,-7.412348],[109.747661,-7.4131],[109.748088,-7.413608],[109.748587,-7.414206],[109.749242,-7.414968],[109.749782,-7.415593],[109.750001,-7.415856],[109.750679,-7.417025],[109.75125,-7.418238],[109.751634,-7.419017],[109.752827,-7.420757],[109.753606,-7.421799],[109.754334,-7.422479],[109.75553,-7.423387],[109.756493,-7.423942],[109.757585,-7.424542],[109.758235,-7.425113],[109.758208,-7.425628],[109.757448,-7.427245],[109.756608,-7.429033],[109.756084,-7.430144],[109.755586,-7.431418],[109.755111,-7.433524],[109.75482,-7.434952],[109.754372,-7.436506],[109.754004,-7.438151],[109.753345,-7.439696],[109.753229,-7.440917],[109.75292,-7.442833],[109.752707,-7.444189],[109.752545,-7.446033],[109.752499,-7.447317],[109.752538,-7.448222],[109.752576,-7.449615],[109.752669,-7.450103],[109.752698,-7.450836],[109.752655,-7.451433],[109.752444,-7.45202],[109.751687,-7.453302],[109.750678,-7.455108],[109.750241,-7.455975],[109.749445,-7.456271],[109.748616,-7.456422],[109.747916,-7.456538],[109.747243,-7.45659],[109.746764,-7.456598],[109.746285,-7.456624],[109.745935,-7.456632],[109.745042,-7.456684],[109.744277,-7.456772],[109.743449,-7.45686],[109.742801,-7.456912],[109.742166,-7.456965],[109.741662,-7.456982],[109.741131,-7.456962],[109.74069,-7.456934],[109.73959,-7.45684],[109.73871,-7.456792],[109.737856,-7.456745],[109.736988,-7.456769],[109.736043,-7.456776],[109.735474,-7.45681],[109.734722,-7.456871],[109.734165,-7.456978],[109.733479,-7.45713],[109.732921,-7.457318],[109.732532,-7.457525],[109.732221,-7.457769],[109.732041,-7.458519],[109.732221,-7.45908],[109.732414,-7.459551],[109.732205,-7.460093],[109.732165,-7.460518],[109.731659,-7.460977],[109.731554,-7.461447],[109.731514,-7.461818],[109.731927,-7.46228],[109.732185,-7.46258],[109.732248,-7.463086],[109.732169,-7.463629],[109.731948,-7.464044],[109.732089,-7.464605],[109.73201,-7.464949],[109.731879,-7.465346],[109.732073,-7.465654],[109.732382,-7.465962],[109.732446,-7.466288],[109.732523,-7.466704],[109.732806,-7.467157],[109.733246,-7.467448],[109.733451,-7.467865],[109.733412,-7.46819],[109.733203,-7.468795],[109.733085,-7.469247],[109.732799,-7.469726],[109.732552,-7.469951],[109.732241,-7.470204],[109.732162,-7.470583],[109.73229,-7.471054],[109.732573,-7.471579],[109.733051,-7.472024],[109.733478,-7.472215],[109.733788,-7.472505],[109.734085,-7.47285],[109.734381,-7.473447],[109.73447,-7.473873],[109.734547,-7.474334],[109.734597,-7.474651],[109.735167,-7.474652],[109.735623,-7.474536],[109.735944,-7.474664],[109.735944,-7.474998],[109.735463,-7.475359],[109.735201,-7.47572],[109.734748,-7.476134],[109.733776,-7.476502],[109.7334,-7.476881],[109.733321,-7.477279],[109.733356,-7.477613],[109.733182,-7.478219],[109.732694,-7.478371],[109.732312,-7.478316],[109.731919,-7.478224],[109.731515,-7.478106],[109.73061,-7.477723],[109.729989,-7.477423],[109.729355,-7.477141],[109.728717,-7.476877],[109.727881,-7.476522],[109.727442,-7.476357],[109.726976,-7.47622],[109.72662,-7.476165],[109.725915,-7.476064],[109.725293,-7.476062],[109.724879,-7.476124],[109.724244,-7.47624],[109.723726,-7.476392],[109.723545,-7.476744],[109.723176,-7.476779],[109.722871,-7.476905],[109.72213,-7.477373],[109.721714,-7.477634],[109.721287,-7.477958],[109.720685,-7.47811],[109.720332,-7.478073],[109.719844,-7.478036],[109.719389,-7.478107],[109.718913,-7.478639],[109.718596,-7.478756],[109.71814,-7.47898],[109.71787,-7.479215],[109.71738,-7.479629],[109.716834,-7.47989],[109.71664,-7.480188],[109.716405,-7.480648],[109.716038,-7.481145],[109.715787,-7.481406],[109.715545,-7.481686],[109.715276,-7.482029],[109.714843,-7.482308],[109.714259,-7.482406],[109.713957,-7.482712],[109.713527,-7.482666],[109.713157,-7.482511],[109.712707,-7.482482],[109.712134,-7.482571],[109.711485,-7.482696],[109.711121,-7.48293],[109.710864,-7.483327],[109.710564,-7.484059],[109.710177,-7.484266],[109.70989,-7.484455],[109.709396,-7.484924],[109.708569,-7.485563],[109.707885,-7.485887],[109.707584,-7.486211],[109.707497,-7.486944],[109.707241,-7.487404],[109.707004,-7.487621],[109.706808,-7.488135],[109.706742,-7.488732],[109.706424,-7.489147],[109.706127,-7.489309],[109.705529,-7.489651],[109.70517,-7.489605],[109.705006,-7.490301],[109.704603,-7.490788],[109.704136,-7.491293],[109.703902,-7.491518],[109.703538,-7.491834],[109.703058,-7.492194],[109.702578,-7.492563],[109.701942,-7.493023],[109.701228,-7.49359],[109.700891,-7.493879],[109.700424,-7.494275],[109.699969,-7.494681],[109.699385,-7.495213],[109.698905,-7.495582],[109.698516,-7.495789],[109.697998,-7.495941],[109.697142,-7.496138],[109.696197,-7.496261],[109.695277,-7.496358],[109.694241,-7.496491],[109.693269,-7.496623],[109.692661,-7.49664],[109.692169,-7.496674],[109.691819,-7.496691],[109.691431,-7.496672],[109.690861,-7.496634],[109.690188,-7.496569],[109.689709,-7.496595],[109.689277,-7.496729],[109.688859,-7.496891],[109.688595,-7.497161],[109.688645,-7.497568],[109.688665,-7.49793],[109.688267,-7.498137],[109.688292,-7.498598],[109.688472,-7.499042],[109.688535,-7.499521],[109.688378,-7.5],[109.688047,-7.50084],[109.687954,-7.501591],[109.687733,-7.50206],[109.687034,-7.502293],[109.686179,-7.502435],[109.685817,-7.502615],[109.685039,-7.503137],[109.684417,-7.503461],[109.684029,-7.503397],[109.683345,-7.50315],[109.683074,-7.502978],[109.682455,-7.50237],[109.682003,-7.502088],[109.681576,-7.501969],[109.680037,-7.501947],[109.679339,-7.501908],[109.678693,-7.501762],[109.678318,-7.501824],[109.67798,-7.502447],[109.677525,-7.503169],[109.67702,-7.503195],[109.676633,-7.503013],[109.675949,-7.50254],[109.675573,-7.502675],[109.675237,-7.50271],[109.67481,-7.502654],[109.673776,-7.502597],[109.673477,-7.502795],[109.673089,-7.502921],[109.672185,-7.502701],[109.672041,-7.502122],[109.672114,-7.501679],[109.67229,-7.500838],[109.672012,-7.500602],[109.671632,-7.500456],[109.6714,-7.500157],[109.670683,-7.500001],[109.670421,-7.499675],[109.66999,-7.499158],[109.669582,-7.498524],[109.669855,-7.498244],[109.670127,-7.497911],[109.670478,-7.497478],[109.671098,-7.496575],[109.671255,-7.496277],[109.671477,-7.495654],[109.671621,-7.495166],[109.671882,-7.494389],[109.672023,-7.494001],[109.672169,-7.493594],[109.672404,-7.492926],[109.672674,-7.492022],[109.672866,-7.491245],[109.672988,-7.490594],[109.673062,-7.490169],[109.673239,-7.489681],[109.673476,-7.489131],[109.673574,-7.488805],[109.673543,-7.488389],[109.673363,-7.487719],[109.673339,-7.487349],[109.673355,-7.486996],[109.673552,-7.4864],[109.673789,-7.486021],[109.673806,-7.485668],[109.67366,-7.485369],[109.673293,-7.485033],[109.672709,-7.484706],[109.6721,-7.484361],[109.671393,-7.483915],[109.670721,-7.483515],[109.67024,-7.483206],[109.669842,-7.482898],[109.669558,-7.482607],[109.669081,-7.482091],[109.668771,-7.481701],[109.668539,-7.481356],[109.668321,-7.481057],[109.668011,-7.480577],[109.667521,-7.479816],[109.667264,-7.479345],[109.667113,-7.479001],[109.666942,-7.478313],[109.66702,-7.477798],[109.667401,-7.477419],[109.667523,-7.476768],[109.667097,-7.476369],[109.667408,-7.476144],[109.668017,-7.476101],[109.668238,-7.475721],[109.668239,-7.47536],[109.668138,-7.474708],[109.668243,-7.474058],[109.668193,-7.47346],[109.667857,-7.473297],[109.667288,-7.47315],[109.666731,-7.473203],[109.666305,-7.472867],[109.666125,-7.472568],[109.665711,-7.47235],[109.665544,-7.472033],[109.665584,-7.471662],[109.665623,-7.4713],[109.66556,-7.470866],[109.665238,-7.470323],[109.665239,-7.469943],[109.665487,-7.469265],[109.66519,-7.468966],[109.664842,-7.468739],[109.664869,-7.468241],[109.66439,-7.468041],[109.664482,-7.467734],[109.664885,-7.467129],[109.6649,-7.466686],[109.664707,-7.466224],[109.66441,-7.465952],[109.664035,-7.465734],[109.663635,-7.465317],[109.663494,-7.46471],[109.663392,-7.464366],[109.663419,-7.463923],[109.663239,-7.46357],[109.662787,-7.463135],[109.662556,-7.462673],[109.662841,-7.462475],[109.663113,-7.462295],[109.663412,-7.461988],[109.664034,-7.461692],[109.664281,-7.461303],[109.664075,-7.460932],[109.663636,-7.460723],[109.66352,-7.460397],[109.663664,-7.460008],[109.664248,-7.459612],[109.664469,-7.459369],[109.664806,-7.459243],[109.665453,-7.459118],[109.665766,-7.458785],[109.665839,-7.458279],[109.66577,-7.457799],[109.66566,-7.457356],[109.665506,-7.456867],[109.665313,-7.456441],[109.66514,-7.456115],[109.664992,-7.455798],[109.664799,-7.455418],[109.664554,-7.454956],[109.664258,-7.454403],[109.664001,-7.453932],[109.663614,-7.453144],[109.663422,-7.45271],[109.663176,-7.452211],[109.66292,-7.451632],[109.662689,-7.451089],[109.662457,-7.450482],[109.662201,-7.449848],[109.661995,-7.449386],[109.661608,-7.448644],[109.661227,-7.448172],[109.660772,-7.447357],[109.660591,-7.446904],[109.660369,-7.446234],[109.660155,-7.445592],[109.660001,-7.445184],[109.659834,-7.444623],[109.659758,-7.444062],[109.659683,-7.443338],[109.659684,-7.442732],[109.659699,-7.44238],[109.659765,-7.441846],[109.65987,-7.441449],[109.659961,-7.441106],[109.660144,-7.440636],[109.660276,-7.440302],[109.660666,-7.439389],[109.660887,-7.438938],[109.661161,-7.438378],[109.661525,-7.437683],[109.661902,-7.437168],[109.662331,-7.436672],[109.66285,-7.436195],[109.663214,-7.435906],[109.663551,-7.435708],[109.664251,-7.435367],[109.664834,-7.435152],[109.665404,-7.434945],[109.666493,-7.434614],[109.66762,-7.434256],[109.668359,-7.434005],[109.66924,-7.433691],[109.669849,-7.433439],[109.670275,-7.433233],[109.670679,-7.433017],[109.671029,-7.432728],[109.671419,-7.432368],[109.671732,-7.432052],[109.671978,-7.431755],[109.672186,-7.431448],[109.672394,-7.430951],[109.672577,-7.430463],[109.672719,-7.429632],[109.672776,-7.428881],[109.672727,-7.427986],[109.672676,-7.427506],[109.672639,-7.427045],[109.672602,-7.426511],[109.672577,-7.42614],[109.67254,-7.425363],[109.672523,-7.424775],[109.672518,-7.424395],[109.672493,-7.423906],[109.672482,-7.423454],[109.672471,-7.423011],[109.672446,-7.422278],[109.672394,-7.421609],[109.672372,-7.42103],[109.672309,-7.42046],[109.672137,-7.419745],[109.672027,-7.419392],[109.671807,-7.418732],[109.671447,-7.418016],[109.671212,-7.417491],[109.670826,-7.416576],[109.670522,-7.415906],[109.670314,-7.41548],[109.670065,-7.415091],[109.669562,-7.4148],[109.669342,-7.414483],[109.669134,-7.414175],[109.668834,-7.41393],[109.668231,-7.41353],[109.667645,-7.413139],[109.667325,-7.412903],[109.666857,-7.412477],[109.666509,-7.412024],[109.666238,-7.411652],[109.665999,-7.411208],[109.665711,-7.410592],[109.665512,-7.410149],[109.665377,-7.40966],[109.665319,-7.409298],[109.665276,-7.408782],[109.665251,-7.40842],[109.665252,-7.408023],[109.665264,-7.407453],[109.665334,-7.406965],[109.66555,-7.406504],[109.665789,-7.406008],[109.665972,-7.40552],[109.666168,-7.404923],[109.666325,-7.40439],[109.666547,-7.403686],[109.666743,-7.402963],[109.666979,-7.402249],[109.667109,-7.401851],[109.667305,-7.401192],[109.667436,-7.400695],[109.667554,-7.40027],[109.667788,-7.399222],[109.667958,-7.398499],[109.668132,-7.397722],[109.668368,-7.396691],[109.668577,-7.395878],[109.668747,-7.395264],[109.668904,-7.394767],[109.669152,-7.394144],[109.669822,-7.39429],[109.670202,-7.3944],[109.670529,-7.394546],[109.671025,-7.394836],[109.671628,-7.394793],[109.671943,-7.394505],[109.672023,-7.394016],[109.672011,-7.393383],[109.671855,-7.39303],[109.671542,-7.392668],[109.671308,-7.392233],[109.671519,-7.391808],[109.672031,-7.391412],[109.672437,-7.391386],[109.672895,-7.391469],[109.673365,-7.391651],[109.67377,-7.391951],[109.674174,-7.392495],[109.674591,-7.393355],[109.675007,-7.39426],[109.675358,-7.395121],[109.675762,-7.395854],[109.676257,-7.396543],[109.676867,-7.397033],[109.677316,-7.39727],[109.677904,-7.397317],[109.678245,-7.397254],[109.678626,-7.397075],[109.679163,-7.396615],[109.67961,-7.396218],[109.680292,-7.395678],[109.680804,-7.395218],[109.681291,-7.394587],[109.68162,-7.394],[109.681845,-7.393105],[109.682047,-7.392672],[109.682459,-7.392356],[109.682774,-7.39214],[109.683085,-7.391906],[109.683486,-7.391591],[109.683853,-7.391185],[109.683973,-7.390525],[109.684291,-7.389477],[109.684619,-7.388863],[109.685144,-7.388801],[109.68568,-7.388984],[109.686621,-7.389411],[109.68751,-7.389803],[109.688386,-7.390131],[109.688949,-7.390304],[109.689446,-7.390378],[109.689878,-7.39037],[109.690926,-7.39022],[109.691633,-7.390131],[109.692105,-7.389988],[109.692485,-7.389763],[109.69288,-7.389312],[109.693314,-7.388563],[109.693551,-7.388184],[109.693892,-7.388022],[109.694352,-7.388132],[109.695683,-7.388859],[109.69665,-7.389296],[109.697173,-7.389415],[109.697632,-7.389326],[109.697816,-7.389001],[109.697694,-7.38844],[109.697231,-7.387724],[109.696852,-7.387416],[109.696631,-7.386854],[109.696894,-7.386457],[109.697431,-7.386459],[109.698119,-7.386569],[109.698461,-7.386425],[109.698897,-7.386752],[109.699612,-7.386971],[109.700185,-7.38719],[109.700581,-7.387327],[109.700947,-7.387427],[109.701304,-7.387501],[109.701748,-7.387575],[109.70214,-7.387639],[109.703135,-7.387723],[109.703528,-7.387679],[109.704066,-7.387373],[109.704081,-7.386903],[109.703794,-7.386531],[109.703297,-7.386168],[109.702565,-7.38575],[109.70237,-7.385487],[109.702345,-7.384999],[109.702659,-7.384728],[109.703013,-7.384702],[109.703367,-7.384694],[109.703916,-7.384814],[109.704793,-7.385096],[109.70542,-7.385388],[109.705917,-7.385624],[109.706558,-7.385861],[109.707146,-7.386062],[109.707984,-7.386218],[109.708821,-7.386338],[109.710065,-7.386513],[109.710484,-7.386542],[109.711125,-7.38648],[109.711781,-7.386283],[109.71258,-7.385942],[109.712999,-7.385853],[109.713418,-7.385827],[109.714211,-7.385856],[109.715512,-7.385996],[109.716088,-7.386006],[109.716586,-7.385999],[109.716927,-7.385909],[109.71728,-7.385747],[109.717713,-7.385504],[109.7185,-7.385136],[109.719575,-7.384578],[109.720125,-7.3843],[109.720807,-7.384283],[109.721355,-7.384629],[109.721811,-7.385254],[109.72232,-7.385997]]]]}},{"id":"2","type":"Feature","properties":{"KECAMATAN":"Batur"},"geometry":{"type":"MultiPolygon","coordinates":[[[[109.865736,-7.178152],[109.86676,-7.179693],[109.866885,-7.18123],[109.867138,-7.182515],[109.867778,-7.183801],[109.869702,-7.184828],[109.870601,-7.184703],[109.871757,-7.185086],[109.872912,-7.185478],[109.873296,-7.186121],[109.874064,-7.187018],[109.875003,-7.187979],[109.875379,-7.18855],[109.875611,-7.18884],[109.875928,-7.189546],[109.876044,-7.189908],[109.876322,-7.190234],[109.876679,-7.190697],[109.876926,-7.191113],[109.877318,-7.190861],[109.877521,-7.190608],[109.877878,-7.19051],[109.878215,-7.190447],[109.878528,-7.190321],[109.879078,-7.190142],[109.879402,-7.18998],[109.879689,-7.189791],[109.880008,-7.189647],[109.880265,-7.18943],[109.880637,-7.189368],[109.880978,-7.189133],[109.881651,-7.188737],[109.881717,-7.188339],[109.881867,-7.187869],[109.881872,-7.187508],[109.881876,-7.187055],[109.881605,-7.186675],[109.881517,-7.186241],[109.881496,-7.185761],[109.881411,-7.185435],[109.881149,-7.1851],[109.880966,-7.184819],[109.881488,-7.184278],[109.881843,-7.184188],[109.882169,-7.184053],[109.882508,-7.184009],[109.882868,-7.183992],[109.883239,-7.183902],[109.883599,-7.183786],[109.883869,-7.183262],[109.884165,-7.183009],[109.884544,-7.182621],[109.88484,-7.182342],[109.885177,-7.181745],[109.885737,-7.18134],[109.886053,-7.180879],[109.886312,-7.180111],[109.886268,-7.179379],[109.886262,-7.179035],[109.886645,-7.178773],[109.886927,-7.179335],[109.887008,-7.17967],[109.887211,-7.18015],[109.888158,-7.180541],[109.888818,-7.180805],[109.889044,-7.181049],[109.889206,-7.181502],[109.889456,-7.181738],[109.890061,-7.181739],[109.890383,-7.181496],[109.890932,-7.182004],[109.891287,-7.182366],[109.89171,-7.182819],[109.892071,-7.182947],[109.892484,-7.183219],[109.892678,-7.183554],[109.892955,-7.183935],[109.893392,-7.184361],[109.893629,-7.184922],[109.893837,-7.185393],[109.894029,-7.185728],[109.894321,-7.186136],[109.894617,-7.186444],[109.894892,-7.186671],[109.895235,-7.186844],[109.895699,-7.187026],[109.896025,-7.187207],[109.896422,-7.187471],[109.896762,-7.187933],[109.897101,-7.188458],[109.897291,-7.188766],[109.897574,-7.189128],[109.897802,-7.189391],[109.898204,-7.189682],[109.898586,-7.189827],[109.898962,-7.19009],[109.899057,-7.190588],[109.899082,-7.190959],[109.899328,-7.191656],[109.899479,-7.192244],[109.899892,-7.192634],[109.900419,-7.19307],[109.90069,-7.193577],[109.900627,-7.194146],[109.900846,-7.194445],[109.901504,-7.194736],[109.901893,-7.19471],[109.902428,-7.194711],[109.902789,-7.19492],[109.903194,-7.195337],[109.903508,-7.195546],[109.903976,-7.195818],[109.904438,-7.196046],[109.904898,-7.196255],[109.905234,-7.196319],[109.90558,-7.196356],[109.906052,-7.196393],[109.9067,-7.19634],[109.907013,-7.196097],[109.907906,-7.195792],[109.90832,-7.195702],[109.90861,-7.195549],[109.909276,-7.195189],[109.909735,-7.195063],[109.910251,-7.195209],[109.910702,-7.195319],[109.911078,-7.195347],[109.911417,-7.195411],[109.9118,-7.19524],[109.912204,-7.194789],[109.912507,-7.194455],[109.912886,-7.194266],[109.913233,-7.194339],[109.913516,-7.193978],[109.913525,-7.193426],[109.913679,-7.193146],[109.914069,-7.192966],[109.914513,-7.192886],[109.914862,-7.192778],[109.915219,-7.192571],[109.915513,-7.192382],[109.915981,-7.192103],[109.916358,-7.191914],[109.916734,-7.191707],[109.916991,-7.191463],[109.917329,-7.191066],[109.917457,-7.19207],[109.9175,-7.192522],[109.917666,-7.192866],[109.917708,-7.193219],[109.917431,-7.193653],[109.917043,-7.193923],[109.916789,-7.19413],[109.916305,-7.194464],[109.915982,-7.194671],[109.915669,-7.19486],[109.915233,-7.195556],[109.91487,-7.195962],[109.91473,-7.196387],[109.914571,-7.196893],[109.914349,-7.197498],[109.913998,-7.198311],[109.913966,-7.19889],[109.913776,-7.199233],[109.91329,-7.199422],[109.912781,-7.199376],[109.912379,-7.199321],[109.911372,-7.199653],[109.910677,-7.199986],[109.910568,-7.200311],[109.910728,-7.200646],[109.91089,-7.201008],[109.911131,-7.201371],[109.911263,-7.201796],[109.91121,-7.202121],[109.911109,-7.203062],[109.911081,-7.203414],[109.910698,-7.203649],[109.910056,-7.204289],[109.909721,-7.204876],[109.909557,-7.205256],[109.909401,-7.205789],[109.909362,-7.206115],[109.909374,-7.206874],[109.909443,-7.207381],[109.909592,-7.20787],[109.909885,-7.208377],[109.910131,-7.208839],[109.910291,-7.209219],[109.910844,-7.210586],[109.911043,-7.211174],[109.9114,-7.212279],[109.911643,-7.21293],[109.911771,-7.213437],[109.911978,-7.214071],[109.912137,-7.214659],[109.912165,-7.215319],[109.911818,-7.215391],[109.911425,-7.215517],[109.910773,-7.215732],[109.910426,-7.215876],[109.910024,-7.216155],[109.909833,-7.216417],[109.909583,-7.21714],[109.909622,-7.21762],[109.909369,-7.21789],[109.908993,-7.218188],[109.908594,-7.218395],[109.907891,-7.218737],[109.907427,-7.219251],[109.907254,-7.219631],[109.907101,-7.220191],[109.907036,-7.22077],[109.906965,-7.221249],[109.906605,-7.221646],[109.905785,-7.22168],[109.905366,-7.221851],[109.904981,-7.221814],[109.904664,-7.221714],[109.904283,-7.221595],[109.903963,-7.221667],[109.903698,-7.22135],[109.903304,-7.221313],[109.902255,-7.22141],[109.901975,-7.221572],[109.901653,-7.221743],[109.901196,-7.222167],[109.900838,-7.222374],[109.900281,-7.222626],[109.900018,-7.222887],[109.899695,-7.222968],[109.899296,-7.223229],[109.899008,-7.223066],[109.898471,-7.222857],[109.898105,-7.222973],[109.897893,-7.223335],[109.897408,-7.223541],[109.896793,-7.22363],[109.896381,-7.223729],[109.89592,-7.22371],[109.895575,-7.223881],[109.895067,-7.223852],[109.89461,-7.223788],[109.894182,-7.223814],[109.893672,-7.22393],[109.893305,-7.22392],[109.892944,-7.223675],[109.892371,-7.223665],[109.891566,-7.223518],[109.891177,-7.223535],[109.890835,-7.223598],[109.890342,-7.22356],[109.889587,-7.223513],[109.889202,-7.223503],[109.888839,-7.223701],[109.888456,-7.224071],[109.887867,-7.224495],[109.88729,-7.224819],[109.886706,-7.225134],[109.886042,-7.225214],[109.885414,-7.225167],[109.884421,-7.225427],[109.883829,-7.225598],[109.88347,-7.22557],[109.883155,-7.225297],[109.882755,-7.225287],[109.882271,-7.225431],[109.881828,-7.225231],[109.881223,-7.224705],[109.880796,-7.224451],[109.880469,-7.224694],[109.880128,-7.224937],[109.879584,-7.225252],[109.879272,-7.225442],[109.878918,-7.225441],[109.878586,-7.225277],[109.878176,-7.225484],[109.877942,-7.225719],[109.877671,-7.22598],[109.877275,-7.225826],[109.876662,-7.225688],[109.87629,-7.225525],[109.875903,-7.225433],[109.875174,-7.225061],[109.873687,-7.225482],[109.872639,-7.225896],[109.871698,-7.225893],[109.87107,-7.2261],[109.87086,-7.226416],[109.870335,-7.227247],[109.869811,-7.227661],[109.868973,-7.227768],[109.868241,-7.227766],[109.867718,-7.227765],[109.866777,-7.227446],[109.865835,-7.227552],[109.865625,-7.227868],[109.865938,-7.228285],[109.866251,-7.228593],[109.86625,-7.229018],[109.865831,-7.229325],[109.864889,-7.229431],[109.864262,-7.229221],[109.86332,-7.229219],[109.863006,-7.229526],[109.862795,-7.23005],[109.862376,-7.230465],[109.861224,-7.230778],[109.860491,-7.230984],[109.860386,-7.2314],[109.861848,-7.232344],[109.861952,-7.232761],[109.861845,-7.233385],[109.86174,-7.233809],[109.86132,-7.234224],[109.861005,-7.23464],[109.860794,-7.235471],[109.859223,-7.2361],[109.857863,-7.236097],[109.857549,-7.236404],[109.857442,-7.237344],[109.857753,-7.238285],[109.857332,-7.239116],[109.856599,-7.239639],[109.855449,-7.23922],[109.854613,-7.239109],[109.854297,-7.239742],[109.854399,-7.240574],[109.854921,-7.241407],[109.855547,-7.241933],[109.855859,-7.242459],[109.855649,-7.242983],[109.855334,-7.243398],[109.854705,-7.243813],[109.853868,-7.24381],[109.85324,-7.243917],[109.852821,-7.244432],[109.852715,-7.244848],[109.853236,-7.245581],[109.852607,-7.246104],[109.852292,-7.246312],[109.851978,-7.246835],[109.851662,-7.247459],[109.851557,-7.247775],[109.851556,-7.248191],[109.851764,-7.248608],[109.851972,-7.249133],[109.852424,-7.250002],[109.852832,-7.250582],[109.852556,-7.251088],[109.852166,-7.251286],[109.851759,-7.251303],[109.851385,-7.25132],[109.851044,-7.251238],[109.850605,-7.251083],[109.850264,-7.251037],[109.849808,-7.251298],[109.849742,-7.251686],[109.84979,-7.252012],[109.849773,-7.252528],[109.849982,-7.253116],[109.85029,-7.253451],[109.850468,-7.253823],[109.850402,-7.254329],[109.850564,-7.254764],[109.8504,-7.255107],[109.850128,-7.255341],[109.849979,-7.255648],[109.850076,-7.256227],[109.849828,-7.256751],[109.849581,-7.257076],[109.849317,-7.2576],[109.8492,-7.258025],[109.849052,-7.258504],[109.848984,-7.259056],[109.848901,-7.25958],[109.848652,-7.260257],[109.848553,-7.260565],[109.848316,-7.26089],[109.84792,-7.261332],[109.847374,-7.261846],[109.84715,-7.262171],[109.847148,-7.263003],[109.846825,-7.263717],[109.846675,-7.264087],[109.846625,-7.264512],[109.846574,-7.264829],[109.84635,-7.265497],[109.8462,-7.266012],[109.846075,-7.26641],[109.845951,-7.26678],[109.845479,-7.267268],[109.845281,-7.26752],[109.845427,-7.268181],[109.84555,-7.268534],[109.845348,-7.269248],[109.845063,-7.269835],[109.844816,-7.270133],[109.844475,-7.270421],[109.844058,-7.270683],[109.843774,-7.270962],[109.843621,-7.271342],[109.8433,-7.271377],[109.842884,-7.271249],[109.842662,-7.270978],[109.84229,-7.270506],[109.842248,-7.270163],[109.842396,-7.269855],[109.84259,-7.269123],[109.842367,-7.268752],[109.842081,-7.268561],[109.841796,-7.268],[109.841487,-7.267375],[109.841127,-7.26694],[109.840751,-7.266577],[109.840715,-7.266134],[109.84061,-7.265618],[109.840051,-7.265273],[109.839736,-7.264666],[109.839449,-7.26425],[109.83963,-7.26397],[109.839815,-7.263672],[109.839688,-7.263255],[109.83954,-7.262785],[109.839339,-7.262413],[109.838923,-7.261906],[109.838634,-7.261489],[109.838218,-7.260918],[109.837828,-7.260809],[109.836957,-7.260743],[109.836646,-7.260878],[109.8359,-7.261482],[109.835396,-7.261653],[109.834934,-7.261706],[109.834521,-7.261705],[109.833913,-7.261622],[109.833154,-7.261529],[109.832372,-7.261392],[109.832646,-7.260958],[109.833029,-7.261013],[109.833168,-7.260616],[109.832986,-7.260326],[109.832649,-7.259782],[109.833149,-7.259594],[109.833707,-7.259523],[109.833837,-7.25918],[109.833776,-7.258565],[109.833639,-7.258067],[109.833682,-7.257443],[109.834015,-7.257046],[109.834465,-7.256866],[109.834686,-7.256586],[109.834563,-7.256233],[109.83442,-7.255591],[109.834473,-7.254894],[109.834535,-7.253963],[109.834341,-7.253031],[109.834331,-7.252606],[109.83429,-7.252181],[109.834,-7.251764],[109.83367,-7.251546],[109.833226,-7.251029],[109.833585,-7.250886],[109.834092,-7.250588],[109.834222,-7.249956],[109.83469,-7.248248],[109.834485,-7.246999],[109.834487,-7.24595],[109.833513,-7.243451],[109.833517,-7.241778],[109.832579,-7.240528],[109.831535,-7.239476],[109.831015,-7.238226],[109.830601,-7.236869],[109.829766,-7.235926],[109.828297,-7.237378],[109.82725,-7.238108],[109.825889,-7.238213],[109.824529,-7.238418],[109.82369,-7.239248],[109.822745,-7.240394],[109.821381,-7.241955],[109.820429,-7.243743],[109.81991,-7.242177],[109.818657,-7.241342],[109.817508,-7.240606],[109.817091,-7.240081],[109.81657,-7.239347],[109.816049,-7.238414],[109.815423,-7.23768],[109.814379,-7.236736],[109.813962,-7.236319],[109.812599,-7.234823],[109.812286,-7.234298],[109.812078,-7.233881],[109.812653,-7.232608],[109.813282,-7.231976],[109.813495,-7.23062],[109.812767,-7.228945],[109.812249,-7.227171],[109.812043,-7.225715],[109.812151,-7.224349],[109.813826,-7.224046],[109.815607,-7.22321],[109.816969,-7.222065],[109.814011,-7.220691],[109.812656,-7.218599],[109.812036,-7.215884],[109.811099,-7.213901],[109.809326,-7.212114],[109.808075,-7.210547],[109.80724,-7.209396],[109.805239,-7.205601],[109.803988,-7.203717],[109.803471,-7.201527],[109.803371,-7.199645],[109.802748,-7.197971],[109.802332,-7.197029],[109.804531,-7.196411],[109.806517,-7.196732],[109.809762,-7.196008],[109.811229,-7.194864],[109.813325,-7.193304],[109.814586,-7.191427],[109.815635,-7.189964],[109.817519,-7.189553],[109.820662,-7.187996],[109.821815,-7.186742],[109.822447,-7.18508],[109.823706,-7.183934],[109.823084,-7.181735],[109.823819,-7.18038],[109.823415,-7.178281],[109.824182,-7.179567],[109.826366,-7.1797],[109.828164,-7.179957],[109.829831,-7.18073],[109.830597,-7.182659],[109.830722,-7.18407],[109.831361,-7.185482],[109.832256,-7.187022],[109.833151,-7.188824],[109.834304,-7.189976],[109.835459,-7.190621],[109.836486,-7.190497],[109.838344,-7.190004],[109.8404,-7.189629],[109.841303,-7.188094],[109.842719,-7.187067],[109.844775,-7.186945],[109.846959,-7.186951],[109.848887,-7.186187],[109.849662,-7.184778],[109.849922,-7.183621],[109.85057,-7.181316],[109.850959,-7.179653],[109.851861,-7.17876],[109.852504,-7.178499],[109.854687,-7.178632],[109.856357,-7.178636],[109.857,-7.178384],[109.858031,-7.176976],[109.862655,-7.177249],[109.864325,-7.17738],[109.865736,-7.178152]]]]}},{"id":"3","type":"Feature","properties":{"KECAMATAN":"Bawang"},"geometry":{"type":"MultiPolygon","coordinates":[[[[109.648701,-7.382832],[109.649988,-7.382845],[109.65056,-7.382811],[109.651303,-7.382777],[109.651778,-7.38276],[109.652511,-7.382663],[109.653061,-7.382475],[109.653442,-7.382322],[109.653801,-7.382359],[109.654174,-7.382577],[109.655009,-7.383656],[109.658312,-7.385746],[109.658735,-7.385304],[109.659012,-7.384509],[109.659209,-7.384256],[109.659746,-7.384222],[109.660282,-7.384477],[109.660792,-7.384659],[109.661565,-7.384553],[109.662351,-7.384429],[109.66273,-7.384611],[109.663056,-7.385028],[109.663158,-7.385589],[109.663127,-7.385959],[109.663051,-7.38661],[109.662958,-7.38727],[109.662904,-7.387641],[109.662588,-7.388164],[109.66226,-7.388579],[109.662219,-7.388914],[109.662257,-7.389402],[109.662583,-7.389819],[109.662871,-7.389992],[109.663329,-7.390002],[109.66384,-7.389941],[109.664704,-7.389762],[109.665137,-7.389727],[109.665568,-7.389891],[109.666104,-7.390327],[109.66664,-7.3906],[109.667162,-7.39081],[109.667553,-7.391399],[109.667565,-7.391914],[109.667589,-7.392502],[109.667666,-7.392954],[109.667861,-7.393398],[109.668227,-7.393752],[109.668645,-7.393952],[109.669152,-7.394144],[109.668904,-7.394767],[109.668747,-7.395264],[109.668577,-7.395878],[109.668368,-7.396691],[109.668132,-7.397722],[109.667958,-7.398499],[109.667788,-7.399222],[109.667554,-7.40027],[109.667436,-7.400695],[109.667305,-7.401192],[109.667109,-7.401851],[109.666979,-7.402249],[109.666743,-7.402963],[109.666547,-7.403686],[109.666325,-7.40439],[109.666168,-7.404923],[109.665972,-7.40552],[109.665789,-7.406008],[109.66555,-7.406504],[109.665334,-7.406965],[109.665264,-7.407453],[109.665252,-7.408023],[109.665251,-7.40842],[109.665276,-7.408782],[109.665319,-7.409298],[109.665377,-7.40966],[109.665512,-7.410149],[109.665711,-7.410592],[109.665999,-7.411208],[109.666238,-7.411652],[109.666509,-7.412024],[109.666857,-7.412477],[109.667325,-7.412903],[109.667645,-7.413139],[109.668231,-7.41353],[109.668834,-7.41393],[109.669134,-7.414175],[109.669342,-7.414483],[109.669562,-7.4148],[109.670065,-7.415091],[109.670314,-7.41548],[109.670522,-7.415906],[109.670826,-7.416576],[109.671212,-7.417491],[109.671447,-7.418016],[109.671807,-7.418732],[109.672027,-7.419392],[109.672137,-7.419745],[109.672309,-7.42046],[109.672372,-7.42103],[109.672394,-7.421609],[109.672446,-7.422278],[109.672471,-7.423011],[109.672482,-7.423454],[109.672493,-7.423906],[109.672518,-7.424395],[109.672523,-7.424775],[109.67254,-7.425363],[109.672577,-7.42614],[109.672602,-7.426511],[109.672639,-7.427045],[109.672676,-7.427506],[109.672727,-7.427986],[109.672776,-7.428881],[109.672719,-7.429632],[109.672577,-7.430463],[109.672394,-7.430951],[109.672186,-7.431448],[109.671978,-7.431755],[109.671732,-7.432052],[109.671419,-7.432368],[109.671029,-7.432728],[109.670679,-7.433017],[109.670275,-7.433233],[109.669849,-7.433439],[109.66924,-7.433691],[109.668359,-7.434005],[109.66762,-7.434256],[109.666493,-7.434614],[109.665404,-7.434945],[109.664834,-7.435152],[109.664251,-7.435367],[109.663551,-7.435708],[109.663214,-7.435906],[109.66285,-7.436195],[109.662331,-7.436672],[109.661902,-7.437168],[109.661525,-7.437683],[109.661161,-7.438378],[109.660887,-7.438938],[109.660666,-7.439389],[109.660276,-7.440302],[109.660144,-7.440636],[109.659961,-7.441106],[109.65987,-7.441449],[109.659765,-7.441846],[109.659699,-7.44238],[109.659684,-7.442732],[109.659683,-7.443338],[109.659758,-7.444062],[109.659834,-7.444623],[109.660001,-7.445184],[109.660155,-7.445592],[109.660369,-7.446234],[109.660591,-7.446904],[109.660772,-7.447357],[109.661227,-7.448172],[109.661608,-7.448644],[109.661995,-7.449386],[109.662201,-7.449848],[109.662457,-7.450482],[109.662689,-7.451089],[109.66292,-7.451632],[109.663176,-7.452211],[109.663422,-7.45271],[109.663614,-7.453144],[109.664001,-7.453932],[109.664258,-7.454403],[109.664554,-7.454956],[109.664799,-7.455418],[109.664992,-7.455798],[109.66514,-7.456115],[109.665313,-7.456441],[109.665506,-7.456867],[109.66566,-7.457356],[109.66577,-7.457799],[109.665839,-7.458279],[109.665766,-7.458785],[109.665453,-7.459118],[109.664806,-7.459243],[109.664469,-7.459369],[109.664248,-7.459612],[109.663664,-7.460008],[109.66352,-7.460397],[109.663636,-7.460723],[109.664075,-7.460932],[109.664281,-7.461303],[109.664034,-7.461692],[109.663412,-7.461988],[109.663113,-7.462295],[109.662841,-7.462475],[109.662556,-7.462673],[109.662787,-7.463135],[109.663239,-7.46357],[109.663419,-7.463923],[109.663392,-7.464366],[109.663494,-7.46471],[109.663635,-7.465317],[109.664035,-7.465734],[109.66441,-7.465952],[109.664707,-7.466224],[109.6649,-7.466686],[109.664885,-7.467129],[109.664482,-7.467734],[109.66439,-7.468041],[109.664869,-7.468241],[109.664842,-7.468739],[109.66519,-7.468966],[109.665487,-7.469265],[109.665239,-7.469943],[109.665238,-7.470323],[109.66556,-7.470866],[109.665623,-7.4713],[109.665584,-7.471662],[109.665544,-7.472033],[109.665711,-7.47235],[109.666125,-7.472568],[109.666305,-7.472867],[109.666731,-7.473203],[109.667288,-7.47315],[109.667857,-7.473297],[109.668193,-7.47346],[109.668243,-7.474058],[109.668138,-7.474708],[109.668239,-7.47536],[109.668238,-7.475721],[109.668017,-7.476101],[109.667408,-7.476144],[109.667097,-7.476369],[109.667523,-7.476768],[109.667401,-7.477419],[109.66702,-7.477798],[109.666942,-7.478313],[109.667113,-7.479001],[109.667264,-7.479345],[109.667521,-7.479816],[109.668011,-7.480577],[109.668321,-7.481057],[109.668539,-7.481356],[109.668771,-7.481701],[109.669081,-7.482091],[109.669558,-7.482607],[109.669842,-7.482898],[109.67024,-7.483206],[109.670721,-7.483515],[109.671393,-7.483915],[109.6721,-7.484361],[109.672709,-7.484706],[109.673293,-7.485033],[109.67366,-7.485369],[109.673806,-7.485668],[109.673789,-7.486021],[109.673552,-7.4864],[109.673355,-7.486996],[109.673339,-7.487349],[109.673363,-7.487719],[109.673543,-7.488389],[109.673574,-7.488805],[109.673476,-7.489131],[109.673239,-7.489681],[109.673062,-7.490169],[109.672988,-7.490594],[109.672866,-7.491245],[109.672674,-7.492022],[109.672404,-7.492926],[109.672169,-7.493594],[109.672023,-7.494001],[109.671882,-7.494389],[109.671621,-7.495166],[109.671477,-7.495654],[109.671255,-7.496277],[109.671098,-7.496575],[109.670478,-7.497478],[109.670127,-7.497911],[109.669855,-7.498244],[109.669582,-7.498524],[109.669025,-7.497763],[109.668486,-7.497001],[109.668009,-7.496276],[109.667583,-7.495714],[109.667145,-7.495107],[109.666694,-7.494527],[109.666139,-7.493838],[109.665674,-7.493321],[109.665093,-7.492922],[109.664332,-7.492784],[109.663591,-7.492817],[109.662723,-7.492941],[109.661311,-7.493272],[109.660832,-7.493388],[109.660339,-7.493531],[109.659743,-7.493728],[109.659056,-7.49397],[109.658538,-7.494222],[109.658123,-7.494402],[109.657682,-7.494617],[109.656904,-7.495013],[109.656579,-7.495193],[109.655918,-7.495543],[109.655192,-7.495858],[109.654777,-7.495947],[109.654104,-7.496026],[109.653508,-7.49606],[109.652628,-7.496031],[109.652019,-7.495984],[109.651036,-7.495908],[109.650272,-7.495843],[109.649483,-7.495723],[109.648978,-7.495594],[109.648292,-7.495366],[109.647757,-7.49512],[109.647465,-7.494884],[109.64722,-7.494648],[109.646859,-7.494186],[109.646653,-7.493833],[109.646434,-7.493443],[109.64619,-7.492782],[109.645997,-7.492239],[109.645805,-7.491651],[109.645458,-7.490709],[109.645189,-7.490084],[109.644854,-7.489242],[109.644507,-7.488482],[109.644173,-7.487784],[109.643864,-7.487114],[109.643606,-7.48667],[109.64331,-7.486208],[109.642962,-7.485673],[109.642614,-7.485211],[109.64224,-7.484785],[109.641659,-7.484204],[109.64113,-7.483678],[109.640313,-7.482934],[109.639709,-7.482399],[109.639322,-7.482027],[109.638818,-7.481664],[109.638475,-7.481455],[109.638133,-7.481309],[109.637564,-7.481171],[109.634516,-7.481741],[109.634112,-7.481776],[109.63375,-7.481738],[109.633431,-7.481575],[109.632816,-7.481645],[109.632439,-7.481997],[109.63207,-7.482212],[109.631613,-7.482473],[109.630893,-7.482914],[109.63058,-7.483329],[109.630353,-7.483952],[109.630053,-7.484304],[109.629588,-7.484583],[109.628998,-7.484961],[109.628643,-7.485267],[109.627834,-7.485771],[109.627498,-7.485978],[109.627141,-7.486547],[109.626664,-7.486844],[109.626283,-7.486906],[109.625732,-7.48713],[109.625539,-7.487392],[109.625343,-7.487853],[109.625,-7.488159],[109.624677,-7.48823],[109.623985,-7.488527],[109.623557,-7.488796],[109.623302,-7.489112],[109.622366,-7.490113],[109.622095,-7.490302],[109.621545,-7.490762],[109.621144,-7.49095],[109.620456,-7.491192],[109.619113,-7.49164],[109.6189,-7.492056],[109.618611,-7.492715],[109.618192,-7.493464],[109.617855,-7.493924],[109.61732,-7.494682],[109.616983,-7.495106],[109.616614,-7.495358],[109.616221,-7.495673],[109.615688,-7.496205],[109.615417,-7.496431],[109.615039,-7.497415],[109.615037,-7.497894],[109.615022,-7.498265],[109.61509,-7.498871],[109.613876,-7.49903],[109.612657,-7.499071],[109.610862,-7.499102],[109.608623,-7.49905],[109.60811,-7.498786],[109.60778,-7.49864],[109.607226,-7.498521],[109.606934,-7.498384],[109.606311,-7.498021],[109.605706,-7.49763],[109.605684,-7.497096],[109.605948,-7.496708],[109.605813,-7.495903],[109.605774,-7.495007],[109.605655,-7.494067],[109.605636,-7.493316],[109.60545,-7.492773],[109.606099,-7.492277],[109.60637,-7.492088],[109.607059,-7.491277],[109.606654,-7.490959],[109.606283,-7.490478],[109.606009,-7.490134],[109.605706,-7.489817],[109.605178,-7.489236],[109.604222,-7.488727],[109.603913,-7.488536],[109.603459,-7.488263],[109.60311,-7.488072],[109.602692,-7.48789],[109.602434,-7.487672],[109.602304,-7.487138],[109.602064,-7.486658],[109.601809,-7.486386],[109.602368,-7.485764],[109.602642,-7.484842],[109.602957,-7.484074],[109.603377,-7.483226],[109.603462,-7.482783],[109.603443,-7.482059],[109.603051,-7.48081],[109.603015,-7.480177],[109.603205,-7.479237],[109.603374,-7.478822],[109.603793,-7.478136],[109.60417,-7.477495],[109.603755,-7.476779],[109.603339,-7.476552],[109.603006,-7.476451],[109.602819,-7.476116],[109.602675,-7.475555],[109.602593,-7.474994],[109.602595,-7.474451],[109.602701,-7.473828],[109.602911,-7.473367],[109.602622,-7.472634],[109.60256,-7.472308],[109.602645,-7.471946],[109.602791,-7.47164],[109.603335,-7.471162],[109.603625,-7.470765],[109.603679,-7.46987],[109.6038,-7.468785],[109.604072,-7.465458],[109.603949,-7.464508],[109.60391,-7.46364],[109.603918,-7.463007],[109.603901,-7.461949],[109.603788,-7.460447],[109.603386,-7.459153],[109.603273,-7.458809],[109.603446,-7.458321],[109.603835,-7.457644],[109.603817,-7.457282],[109.603512,-7.457164],[109.603147,-7.456991],[109.603265,-7.456503],[109.603326,-7.456105],[109.603059,-7.455652],[109.602732,-7.455687],[109.602602,-7.45603],[109.602188,-7.456111],[109.602008,-7.455793],[109.602631,-7.455054],[109.602905,-7.454811],[109.602964,-7.454277],[109.603052,-7.45378],[109.603404,-7.453591],[109.603483,-7.453275],[109.603268,-7.452705],[109.603245,-7.452216],[109.603417,-7.451783],[109.603808,-7.451675],[109.604149,-7.451677],[109.60421,-7.451351],[109.604086,-7.450537],[109.604008,-7.450075],[109.60396,-7.449686],[109.603957,-7.449361],[109.604258,-7.448882],[109.603998,-7.448429],[109.603769,-7.447995],[109.603553,-7.447189],[109.603497,-7.446782],[109.603379,-7.446411],[109.603193,-7.444873],[109.603301,-7.444295],[109.60326,-7.443616],[109.603285,-7.442187],[109.603376,-7.441302],[109.603474,-7.440253],[109.603281,-7.438453],[109.603279,-7.437892],[109.60327,-7.437386],[109.603452,-7.436862],[109.604106,-7.436194],[109.604183,-7.435607],[109.604159,-7.434504],[109.604052,-7.432595],[109.604021,-7.432071],[109.603978,-7.431682],[109.603958,-7.431284],[109.603936,-7.430867],[109.604033,-7.430407],[109.604252,-7.429485],[109.604707,-7.428473],[109.60506,-7.427371],[109.605106,-7.426738],[109.604981,-7.426024],[109.604931,-7.425653],[109.603809,-7.4247],[109.60374,-7.424301],[109.603787,-7.423343],[109.603968,-7.422313],[109.60388,-7.420757],[109.604124,-7.419763],[109.603736,-7.417917],[109.603797,-7.416995],[109.604056,-7.415666],[109.604133,-7.413876],[109.604006,-7.411886],[109.603681,-7.411641],[109.602973,-7.411431],[109.602755,-7.411104],[109.602085,-7.410985],[109.600843,-7.410628],[109.600308,-7.4105],[109.599964,-7.410354],[109.599367,-7.409873],[109.598825,-7.409618],[109.597897,-7.409226],[109.597261,-7.40955],[109.596744,-7.409657],[109.596441,-7.410361],[109.596107,-7.411165],[109.595554,-7.41167],[109.595082,-7.411686],[109.594477,-7.411539],[109.593889,-7.411339],[109.593535,-7.411148],[109.593406,-7.410786],[109.593144,-7.410468],[109.592975,-7.409871],[109.592073,-7.409506],[109.59159,-7.409324],[109.591328,-7.408998],[109.591594,-7.408049],[109.591569,-7.407579],[109.591382,-7.407198],[109.59114,-7.406573],[109.591395,-7.40614],[109.59155,-7.405381],[109.591807,-7.404351],[109.59224,-7.404226],[109.592672,-7.403947],[109.592978,-7.403694],[109.593425,-7.403452],[109.59411,-7.402974],[109.594331,-7.402704],[109.594442,-7.402288],[109.594488,-7.401764],[109.594533,-7.401411],[109.594732,-7.401132],[109.595614,-7.400791],[109.59665,-7.400695],[109.596936,-7.400867],[109.59742,-7.401294],[109.597793,-7.401512],[109.598256,-7.401559],[109.598675,-7.401515],[109.599028,-7.401181],[109.59892,-7.400611],[109.598525,-7.400104],[109.598483,-7.39947],[109.59866,-7.399118],[109.599014,-7.398613],[109.599831,-7.397983],[109.600807,-7.39719],[109.601122,-7.396467],[109.601339,-7.395763],[109.60167,-7.395203],[109.602214,-7.394961],[109.6035,-7.394766],[109.604291,-7.394705],[109.604857,-7.394571],[109.605272,-7.394238],[109.605826,-7.393525],[109.606387,-7.392731],[109.606689,-7.392307],[109.60773,-7.390863],[109.608464,-7.389997],[109.609721,-7.388862],[109.611215,-7.387637],[109.612364,-7.386835],[109.613527,-7.386106],[109.614718,-7.385586],[109.616235,-7.384957],[109.617166,-7.384653],[109.61878,-7.384233],[109.620695,-7.383768],[109.621912,-7.3836],[109.623524,-7.383442],[109.62454,-7.383337],[109.625,-7.383348],[109.625833,-7.383151],[109.626896,-7.382974],[109.628882,-7.382555],[109.630725,-7.382416],[109.63163,-7.382626],[109.633043,-7.383191],[109.633853,-7.383637],[109.634716,-7.383766],[109.635476,-7.383678],[109.635974,-7.383481],[109.636814,-7.382733],[109.637101,-7.382372],[109.637497,-7.382029],[109.638036,-7.381696],[109.638572,-7.381472],[109.638976,-7.381328],[109.639346,-7.381221],[109.63987,-7.381141],[109.640341,-7.381107],[109.641152,-7.3811],[109.642017,-7.380985],[109.643091,-7.380735],[109.644034,-7.380548],[109.644584,-7.380523],[109.645105,-7.380606],[109.645544,-7.380815],[109.646087,-7.381205],[109.646871,-7.381868],[109.647361,-7.38224],[109.647785,-7.382486],[109.648321,-7.38275],[109.648701,-7.382832]]]]}},{"id":"4","type":"Feature","properties":{"KECAMATAN":"Kalibening"},"geometry":{"type":"MultiPolygon","coordinates":[[[[109.650344,-7.172334],[109.650817,-7.172832],[109.651291,-7.172834],[109.651747,-7.172835],[109.65233,-7.172891],[109.652894,-7.173164],[109.654132,-7.173801],[109.65537,-7.17432],[109.656773,-7.174577],[109.657447,-7.174724],[109.658248,-7.175124],[109.658975,-7.175822],[109.661433,-7.176933],[109.662149,-7.177053],[109.662563,-7.177117],[109.663018,-7.177218],[109.663838,-7.177257],[109.664568,-7.177241],[109.665352,-7.177125],[109.66586,-7.177082],[109.666519,-7.177074],[109.667266,-7.177095],[109.668086,-7.177233],[109.668468,-7.177577],[109.668795,-7.178012],[109.669031,-7.178248],[109.669541,-7.178376],[109.669942,-7.178414],[109.670708,-7.178362],[109.671511,-7.178111],[109.672132,-7.177751],[109.672573,-7.176567],[109.672776,-7.175492],[109.67287,-7.174805],[109.673198,-7.17448],[109.673763,-7.174536],[109.674236,-7.174917],[109.6746,-7.175208],[109.675037,-7.175336],[109.675438,-7.175319],[109.676151,-7.174869],[109.676827,-7.174183],[109.677522,-7.173308],[109.678107,-7.172803],[109.678782,-7.172896],[109.679744,-7.174101],[109.680235,-7.174681],[109.680764,-7.174683],[109.681056,-7.174467],[109.681384,-7.174341],[109.681749,-7.17436],[109.682248,-7.174922],[109.682256,-7.175429],[109.682291,-7.176089],[109.682689,-7.177049],[109.683126,-7.177276],[109.683563,-7.177567],[109.683633,-7.178345],[109.683267,-7.178859],[109.682699,-7.179744],[109.682425,-7.180286],[109.68235,-7.180674],[109.682532,-7.181055],[109.682786,-7.181254],[109.683114,-7.181508],[109.683368,-7.181817],[109.683658,-7.182315],[109.683712,-7.182803],[109.683491,-7.183291],[109.683107,-7.183733],[109.682924,-7.184203],[109.683085,-7.185108],[109.683813,-7.18577],[109.684577,-7.186333],[109.685341,-7.186869],[109.685959,-7.187341],[109.686595,-7.188156],[109.687448,-7.18947],[109.688799,-7.191482],[109.689698,-7.19209],[109.690145,-7.192697],[109.690172,-7.193113],[109.690634,-7.193549],[109.690705,-7.193911],[109.690495,-7.194173],[109.690106,-7.194407],[109.689889,-7.194659],[109.690035,-7.195058],[109.690391,-7.195004],[109.690808,-7.194924],[109.691201,-7.194979],[109.691608,-7.195161],[109.692336,-7.194946],[109.692768,-7.194975],[109.693133,-7.195066],[109.693489,-7.195438],[109.693722,-7.19571],[109.693998,-7.195892],[109.69438,-7.19611],[109.694691,-7.196237],[109.695886,-7.196883],[109.696372,-7.19693],[109.696753,-7.19703],[109.697444,-7.196951],[109.697975,-7.196681],[109.698354,-7.196248],[109.698776,-7.195914],[109.699358,-7.19569],[109.699679,-7.195519],[109.700342,-7.195412],[109.700921,-7.195414],[109.701663,-7.195561],[109.702564,-7.19541],[109.703378,-7.195276],[109.704097,-7.195305],[109.704562,-7.195497],[109.704831,-7.195823],[109.705216,-7.196783],[109.706238,-7.198585],[109.706726,-7.199147],[109.707698,-7.19981],[109.708018,-7.199856],[109.708686,-7.199849],[109.709221,-7.199788],[109.709549,-7.199707],[109.710006,-7.199573],[109.710444,-7.199429],[109.710775,-7.199267],[109.711611,-7.198718],[109.711936,-7.198475],[109.712449,-7.198259],[109.713535,-7.198226],[109.714071,-7.198246],[109.714659,-7.19841],[109.715106,-7.19861],[109.715508,-7.198847],[109.716116,-7.199156],[109.716881,-7.199375],[109.717265,-7.199466],[109.716949,-7.200822],[109.716583,-7.203399],[109.716312,-7.206247],[109.716354,-7.208227],[109.716319,-7.212261],[109.716339,-7.2135],[109.716743,-7.214794],[109.717026,-7.216007],[109.718021,-7.219708],[109.718995,-7.222388],[109.719863,-7.223883],[109.720219,-7.224227],[109.720157,-7.224688],[109.719765,-7.225076],[109.719918,-7.225511],[109.720243,-7.225991],[109.720423,-7.226516],[109.720193,-7.226741],[109.71988,-7.227211],[109.719729,-7.227599],[109.719709,-7.228142],[109.719507,-7.228521],[109.719524,-7.229127],[109.719462,-7.230348],[109.719469,-7.230872],[109.719583,-7.231298],[109.720037,-7.23167],[109.720044,-7.232077],[109.719823,-7.233451],[109.720017,-7.233831],[109.719964,-7.234437],[109.7196,-7.23478],[109.719131,-7.234968],[109.718683,-7.235437],[109.718727,-7.235898],[109.718863,-7.236342],[109.718622,-7.236793],[109.71821,-7.236946],[109.717286,-7.237504],[109.717214,-7.237911],[109.717519,-7.23821],[109.717883,-7.238609],[109.717873,-7.239242],[109.717882,-7.240364],[109.718397,-7.240293],[109.71868,-7.240484],[109.719158,-7.240937],[109.719801,-7.241825],[109.72066,-7.242714],[109.721042,-7.243212],[109.721277,-7.244479],[109.721606,-7.246849],[109.721866,-7.247899],[109.72196,-7.248994],[109.7208,-7.249018],[109.72013,-7.248916],[109.719533,-7.24877],[109.719007,-7.248533],[109.718074,-7.248314],[109.7175,-7.248294],[109.716878,-7.248337],[109.715537,-7.248524],[109.714819,-7.248621],[109.713885,-7.248853],[109.713023,-7.249068],[109.711969,-7.249345],[109.711442,-7.249606],[109.711058,-7.249705],[109.710532,-7.249775],[109.710173,-7.249802],[109.709623,-7.249728],[109.70924,-7.249699],[109.708306,-7.249932],[109.707626,-7.250762],[109.706963,-7.251267],[109.706299,-7.251572],[109.705932,-7.251815],[109.705371,-7.252203],[109.705175,-7.252528],[109.704644,-7.253023],[109.704399,-7.253339],[109.704232,-7.253728],[109.703545,-7.254784],[109.703312,-7.255208],[109.702997,-7.256202],[109.702969,-7.257152],[109.703233,-7.257731],[109.703796,-7.258167],[109.704663,-7.258404],[109.7052,-7.258614],[109.70456,-7.25911],[109.70371,-7.25974],[109.702804,-7.260271],[109.702173,-7.260875],[109.701695,-7.261281],[109.701094,-7.261768],[109.70069,-7.262155],[109.700386,-7.262525],[109.700093,-7.262859],[109.69986,-7.263328],[109.69972,-7.263798],[109.699713,-7.264332],[109.699676,-7.265236],[109.699543,-7.266041],[109.699456,-7.266936],[109.699375,-7.267541],[109.699184,-7.268246],[109.699031,-7.268987],[109.699021,-7.269693],[109.69905,-7.270172],[109.6992,-7.270733],[109.69875,-7.270732],[109.698026,-7.270748],[109.696729,-7.270826],[109.695766,-7.270733],[109.694527,-7.270593],[109.693145,-7.270454],[109.6923,-7.270352],[109.69142,-7.270331],[109.690315,-7.270328],[109.689228,-7.270289],[109.68808,-7.27033],[109.688328,-7.269644],[109.68868,-7.268578],[109.689065,-7.267322],[109.689431,-7.266346],[109.689819,-7.265144],[109.690055,-7.264033],[109.690295,-7.26322],[109.690339,-7.262614],[109.690431,-7.261972],[109.690472,-7.26123],[109.690438,-7.260543],[109.690244,-7.259611],[109.690144,-7.259005],[109.689747,-7.257946],[109.689424,-7.257429],[109.688969,-7.256876],[109.688589,-7.256323],[109.687162,-7.257007],[109.685678,-7.257699],[109.684654,-7.258247],[109.68359,-7.258715],[109.682464,-7.259173],[109.681342,-7.259558],[109.679923,-7.260033],[109.678295,-7.260707],[109.676822,-7.261281],[109.6759,-7.26165],[109.675361,-7.261838],[109.674634,-7.262297],[109.673878,-7.262855],[109.67314,-7.26336],[109.672543,-7.263756],[109.672043,-7.264008],[109.670821,-7.264366],[109.670414,-7.264636],[109.670235,-7.265015],[109.670016,-7.265566],[109.669927,-7.2661],[109.670055,-7.266561],[109.670273,-7.266797],[109.670994,-7.267242],[109.67193,-7.267833],[109.673334,-7.268714],[109.674369,-7.269522],[109.675339,-7.270239],[109.676112,-7.270793],[109.676595,-7.27121],[109.676661,-7.271654],[109.676591,-7.272486],[109.676371,-7.273579],[109.676013,-7.274654],[109.675689,-7.275585],[109.675254,-7.276832],[109.674537,-7.27805],[109.673968,-7.278917],[109.673347,-7.279666],[109.672339,-7.280676],[109.671483,-7.281523],[109.670722,-7.282163],[109.670113,-7.282867],[109.669483,-7.283787],[109.669007,-7.284555],[109.668776,-7.285169],[109.668513,-7.286],[109.668313,-7.286596],[109.667539,-7.285988],[109.667125,-7.285887],[109.666663,-7.285886],[109.666108,-7.285903],[109.665404,-7.285973],[109.664444,-7.28606],[109.663648,-7.286203],[109.662692,-7.286426],[109.661768,-7.286731],[109.661049,-7.286964],[109.660299,-7.287206],[109.659588,-7.28752],[109.658598,-7.28796],[109.657547,-7.288446],[109.656236,-7.288993],[109.655136,-7.289542],[109.654004,-7.290018],[109.653718,-7.289474],[109.65345,-7.288922],[109.653004,-7.288197],[109.652558,-7.287445],[109.652083,-7.286838],[109.651295,-7.286157],[109.650108,-7.284743],[109.649792,-7.284416],[109.649577,-7.284027],[109.649372,-7.283393],[109.648901,-7.282279],[109.64841,-7.281645],[109.648057,-7.280993],[109.647303,-7.279471],[109.646891,-7.278593],[109.646562,-7.277841],[109.64626,-7.277108],[109.645949,-7.276582],[109.645437,-7.275966],[109.644917,-7.275584],[109.644404,-7.275221],[109.643762,-7.274975],[109.642794,-7.274656],[109.64194,-7.274391],[109.641222,-7.274144],[109.640447,-7.273699],[109.639561,-7.273561],[109.6388,-7.273206],[109.636182,-7.271308],[109.635386,-7.270528],[109.634492,-7.269603],[109.633633,-7.26884],[109.632806,-7.26806],[109.631806,-7.267107],[109.631064,-7.266282],[109.630227,-7.26543],[109.62948,-7.264921],[109.628628,-7.264882],[109.626677,-7.265835],[109.626242,-7.265969],[109.62579,-7.266076],[109.625285,-7.266093],[109.625001,-7.265884],[109.624992,-7.264374],[109.624727,-7.264084],[109.624449,-7.263866],[109.623989,-7.263684],[109.623511,-7.26342],[109.62307,-7.263373],[109.622512,-7.263616],[109.622592,-7.264638],[109.622443,-7.265153],[109.622134,-7.265722],[109.621898,-7.266065],[109.621746,-7.266562],[109.621503,-7.26695],[109.621252,-7.267311],[109.621045,-7.267862],[109.620701,-7.268611],[109.620491,-7.269108],[109.6203,-7.269695],[109.620135,-7.270029],[109.620107,-7.270735],[109.619971,-7.271168],[109.619838,-7.271747],[109.619428,-7.273328],[109.61928,-7.274169],[109.619153,-7.274874],[109.619081,-7.27528],[109.619037,-7.275778],[109.618898,-7.276419],[109.618725,-7.277784],[109.61819,-7.27828],[109.617803,-7.278776],[109.61777,-7.279174],[109.617704,-7.279798],[109.61743,-7.280131],[109.617188,-7.280456],[109.616946,-7.28089],[109.616816,-7.281368],[109.61683,-7.282137],[109.616797,-7.283159],[109.616651,-7.283683],[109.616777,-7.28428],[109.617223,-7.285611],[109.617286,-7.286009],[109.617379,-7.286814],[109.617714,-7.287593],[109.61798,-7.288254],[109.617936,-7.288833],[109.617953,-7.289249],[109.61795,-7.289918],[109.617065,-7.290829],[109.616791,-7.29118],[109.616708,-7.291949],[109.616849,-7.293242],[109.617039,-7.293939],[109.617296,-7.2946],[109.617359,-7.294926],[109.617374,-7.295469],[109.617045,-7.298036],[109.617027,-7.298741],[109.616431,-7.299201],[109.615884,-7.299633],[109.615594,-7.300112],[109.615287,-7.300707],[109.614822,-7.300634],[109.614421,-7.30056],[109.613747,-7.30044],[109.612706,-7.300464],[109.612048,-7.300354],[109.611374,-7.300144],[109.610893,-7.300106],[109.610122,-7.300086],[109.609657,-7.299994],[109.608968,-7.299747],[109.608326,-7.299619],[109.607347,-7.299616],[109.606544,-7.299631],[109.606047,-7.299467],[109.605229,-7.299338],[109.604603,-7.299318],[109.604104,-7.299506],[109.603493,-7.299857],[109.602512,-7.300605],[109.602086,-7.300857],[109.601822,-7.299897],[109.601408,-7.299607],[109.600589,-7.299432],[109.60004,-7.299295],[109.599393,-7.298877],[109.598694,-7.298196],[109.598459,-7.297834],[109.598122,-7.297345],[109.597811,-7.29709],[109.597192,-7.296772],[109.596151,-7.296082],[109.595487,-7.295419],[109.595337,-7.295129],[109.595063,-7.294541],[109.594713,-7.293961],[109.593829,-7.293506],[109.592924,-7.293431],[109.592491,-7.293086],[109.591995,-7.292497],[109.587854,-7.293044],[109.586673,-7.292878],[109.586192,-7.292867],[109.585259,-7.293127],[109.584517,-7.293197],[109.58423,-7.291984],[109.584138,-7.291369],[109.58386,-7.290889],[109.583546,-7.290616],[109.58263,-7.289863],[109.582037,-7.289382],[109.581758,-7.28901],[109.581517,-7.288666],[109.58131,-7.288366],[109.581011,-7.287977],[109.580672,-7.287487],[109.580506,-7.287062],[109.58036,-7.286609],[109.580107,-7.285795],[109.579894,-7.285134],[109.579686,-7.284518],[109.57951,-7.284083],[109.579304,-7.28354],[109.579013,-7.282942],[109.578876,-7.282616],[109.578283,-7.281611],[109.577863,-7.281175],[109.577132,-7.280631],[109.576251,-7.279678],[109.576082,-7.279289],[109.575902,-7.278827],[109.575663,-7.278112],[109.575478,-7.274503],[109.575343,-7.274005],[109.575159,-7.273381],[109.575047,-7.273064],[109.57488,-7.272702],[109.574449,-7.271832],[109.574157,-7.271253],[109.573811,-7.27079],[109.57357,-7.270491],[109.573158,-7.269459],[109.572726,-7.269042],[109.572486,-7.268706],[109.572247,-7.268371],[109.572039,-7.268126],[109.571639,-7.267664],[109.57124,-7.266993],[109.571001,-7.266603],[109.570728,-7.26625],[109.570201,-7.265651],[109.569865,-7.265361],[109.569465,-7.264736],[109.569129,-7.264608],[109.567991,-7.26408],[109.566996,-7.263833],[109.566324,-7.263731],[109.564257,-7.263037],[109.563295,-7.262727],[109.562958,-7.262472],[109.562461,-7.262209],[109.561854,-7.262089],[109.561502,-7.261989],[109.561181,-7.261816],[109.560701,-7.26138],[109.5595,-7.260445],[109.559148,-7.260218],[109.558686,-7.259818],[109.558427,-7.259591],[109.557851,-7.259192],[109.557436,-7.259019],[109.556875,-7.2588],[109.556234,-7.258554],[109.555557,-7.257783],[109.554044,-7.25691],[109.552041,-7.256135],[109.550374,-7.255569],[109.549863,-7.255459],[109.549168,-7.254724],[109.548863,-7.254099],[109.548219,-7.253364],[109.547013,-7.252239],[109.545876,-7.251286],[109.545552,-7.250833],[109.545338,-7.25048],[109.545043,-7.250244],[109.544198,-7.249997],[109.543863,-7.249815],[109.543252,-7.249279],[109.5428,-7.248762],[109.542443,-7.248219],[109.542251,-7.247911],[109.541621,-7.247095],[109.541119,-7.246813],[109.54072,-7.246694],[109.540006,-7.246185],[109.539695,-7.245967],[109.539655,-7.245641],[109.538729,-7.24458],[109.539797,-7.243661],[109.540052,-7.243463],[109.540404,-7.24294],[109.540643,-7.24248],[109.540867,-7.242164],[109.541282,-7.241731],[109.542397,-7.241147],[109.542843,-7.240877],[109.543289,-7.240616],[109.543751,-7.240202],[109.544166,-7.239742],[109.544533,-7.239218],[109.544757,-7.238794],[109.544901,-7.238442],[109.545207,-7.237837],[109.545473,-7.237449],[109.546046,-7.2368],[109.546434,-7.236394],[109.546863,-7.23607],[109.547232,-7.235935],[109.547733,-7.235602],[109.548151,-7.235432],[109.548427,-7.23527],[109.548794,-7.234918],[109.549092,-7.234512],[109.549583,-7.23389],[109.550062,-7.23381],[109.550493,-7.233378],[109.551126,-7.23319],[109.551989,-7.231565],[109.552481,-7.231015],[109.553125,-7.231143],[109.553831,-7.230585],[109.554644,-7.230615],[109.55505,-7.230561],[109.555295,-7.230318],[109.55581,-7.230293],[109.556677,-7.230323],[109.557191,-7.230378],[109.557542,-7.230814],[109.557867,-7.231023],[109.558192,-7.230734],[109.558681,-7.230383],[109.559195,-7.230656],[109.55979,-7.230893],[109.56055,-7.230687],[109.561282,-7.230337],[109.561527,-7.230012],[109.561844,-7.229516],[109.562163,-7.229264],[109.562181,-7.228794],[109.5624,-7.228252],[109.562672,-7.227791],[109.563139,-7.22574],[109.564037,-7.224359],[109.564892,-7.224027],[109.565255,-7.223269],[109.565913,-7.222719],[109.566677,-7.222441],[109.567017,-7.22228],[109.567442,-7.221838],[109.568333,-7.221732],[109.568841,-7.221734],[109.569159,-7.221653],[109.570432,-7.22125],[109.570899,-7.220981],[109.571324,-7.220828],[109.572085,-7.221337],[109.572783,-7.221809],[109.573414,-7.222182],[109.574134,-7.222438],[109.574982,-7.222314],[109.575321,-7.222396],[109.575745,-7.222352],[109.576635,-7.222445],[109.577398,-7.222321],[109.578162,-7.222107],[109.578714,-7.221819],[109.579649,-7.220972],[109.580031,-7.22072],[109.580668,-7.22017],[109.58132,-7.219476],[109.581821,-7.219088],[109.58222,-7.218637],[109.582774,-7.218142],[109.583459,-7.217547],[109.584124,-7.216998],[109.584839,-7.216557],[109.585422,-7.216025],[109.585928,-7.215493],[109.586345,-7.214934],[109.587029,-7.214113],[109.587488,-7.213761],[109.587997,-7.212949],[109.58828,-7.212362],[109.588779,-7.211586],[109.589221,-7.210846],[109.589482,-7.210286],[109.589689,-7.209093],[109.589673,-7.208451],[109.589721,-7.207963],[109.589781,-7.207203],[109.59006,-7.207005],[109.590473,-7.206916],[109.59099,-7.20699],[109.59142,-7.207109],[109.591856,-7.207119],[109.592395,-7.207256],[109.593206,-7.207693],[109.594072,-7.207877],[109.594812,-7.207978],[109.595247,-7.207925],[109.595677,-7.207791],[109.595696,-7.207438],[109.59579,-7.206914],[109.595692,-7.20648],[109.595947,-7.20592],[109.596364,-7.205912],[109.596795,-7.206121],[109.597219,-7.206258],[109.597743,-7.206622],[109.598892,-7.207186],[109.599437,-7.20735],[109.599982,-7.207406],[109.600534,-7.207679],[109.600988,-7.208151],[109.601757,-7.208949],[109.602548,-7.209268],[109.603071,-7.209478],[109.603794,-7.209661],[109.604426,-7.209943],[109.605017,-7.210352],[109.605593,-7.210779],[109.606202,-7.211151],[109.60687,-7.211461],[109.607517,-7.211616],[109.608375,-7.211366],[109.609132,-7.211205],[109.610271,-7.2112],[109.610853,-7.211039],[109.611278,-7.210796],[109.611613,-7.210309],[109.611821,-7.209839],[109.61196,-7.209197],[109.61204,-7.208682],[109.61227,-7.208185],[109.612458,-7.207643],[109.612749,-7.207156],[109.613064,-7.206533],[109.613281,-7.206108],[109.613723,-7.205432],[109.614265,-7.204854],[109.614527,-7.204512],[109.614847,-7.204259],[109.615113,-7.20388],[109.615339,-7.20332],[109.61552,-7.20276],[109.615803,-7.202101],[109.616014,-7.201658],[109.616166,-7.201351],[109.616429,-7.201153],[109.616899,-7.200947],[109.617299,-7.200848],[109.617836,-7.200696],[109.618333,-7.200653],[109.619011,-7.200591],[109.619536,-7.200593],[109.620051,-7.200459],[109.620536,-7.200117],[109.621033,-7.199639],[109.621473,-7.199143],[109.622038,-7.198783],[109.622843,-7.198233],[109.623429,-7.197584],[109.623466,-7.196852],[109.623581,-7.196246],[109.623733,-7.195541],[109.623993,-7.194602],[109.624137,-7.193562],[109.624264,-7.192975],[109.624344,-7.191935],[109.624511,-7.190995],[109.62473,-7.1902],[109.62474,-7.189766],[109.625027,-7.189215],[109.62552,-7.188981],[109.625885,-7.188892],[109.626322,-7.188965],[109.626905,-7.189076],[109.627379,-7.189113],[109.628036,-7.188916],[109.628493,-7.188429],[109.629024,-7.187771],[109.629464,-7.187103],[109.629849,-7.18601],[109.630034,-7.185359],[109.630218,-7.184718],[109.630365,-7.184284],[109.630647,-7.184032],[109.631499,-7.183284],[109.631956,-7.18267],[109.632727,-7.180818],[109.632984,-7.180439],[109.633569,-7.179817],[109.634081,-7.179204],[109.634794,-7.178528],[109.635397,-7.177987],[109.636093,-7.177193],[109.63697,-7.176192],[109.637447,-7.175352],[109.637978,-7.174612],[109.638436,-7.173899],[109.638856,-7.173448],[109.639331,-7.173269],[109.639943,-7.173207],[109.641409,-7.173293],[109.642903,-7.17337],[109.643597,-7.173281],[109.644217,-7.17312],[109.645165,-7.17287],[109.647391,-7.172234],[109.648577,-7.172003],[109.649306,-7.171987],[109.649817,-7.171988],[109.650344,-7.172334]]]]}},{"id":"5","type":"Feature","properties":{"KECAMATAN":"Karangkobar"},"geometry":{"type":"MultiPolygon","coordinates":[[[[109.72013,-7.248916],[109.7208,-7.249018],[109.72196,-7.248994],[109.723146,-7.24897],[109.723911,-7.248999],[109.724964,-7.249029],[109.725515,-7.249103],[109.726771,-7.249215],[109.727142,-7.249252],[109.727859,-7.249372],[109.728768,-7.249465],[109.729294,-7.249539],[109.730156,-7.249641],[109.730682,-7.249687],[109.731304,-7.249716],[109.731687,-7.24969],[109.732214,-7.249646],[109.732645,-7.249648],[109.73341,-7.249668],[109.734153,-7.249552],[109.734631,-7.249463],[109.735086,-7.249465],[109.735589,-7.249484],[109.736043,-7.249585],[109.736387,-7.249703],[109.736784,-7.250012],[109.73722,-7.250411],[109.737816,-7.251191],[109.738293,-7.252196],[109.738527,-7.25292],[109.738732,-7.253861],[109.738919,-7.254748],[109.738982,-7.255643],[109.739006,-7.256475],[109.739209,-7.257055],[109.739775,-7.257391],[109.740299,-7.257709],[109.740988,-7.258118],[109.741932,-7.258735],[109.742497,-7.259207],[109.742822,-7.259506],[109.743365,-7.260087],[109.744101,-7.260659],[109.744536,-7.261157],[109.744953,-7.261692],[109.745194,-7.262036],[109.74523,-7.26247],[109.74523,-7.262814],[109.745189,-7.263239],[109.745334,-7.263854],[109.745571,-7.264316],[109.745497,-7.265293],[109.74527,-7.265952],[109.745486,-7.266333],[109.74545,-7.266667],[109.745322,-7.267011],[109.74524,-7.267499],[109.745383,-7.268358],[109.745491,-7.268666],[109.745628,-7.269128],[109.745134,-7.269931],[109.744725,-7.270744],[109.744528,-7.271078],[109.74422,-7.271638],[109.74408,-7.272307],[109.744363,-7.272905],[109.74456,-7.273665],[109.744508,-7.274126],[109.745081,-7.275602],[109.745397,-7.276652],[109.745767,-7.277611],[109.746009,-7.278417],[109.746117,-7.279403],[109.746016,-7.280235],[109.74584,-7.280777],[109.745558,-7.281282],[109.744858,-7.281832],[109.744106,-7.2823],[109.743429,-7.282751],[109.742862,-7.283364],[109.74244,-7.283887],[109.742248,-7.284158],[109.742353,-7.284493],[109.742285,-7.285479],[109.742043,-7.285858],[109.741717,-7.286219],[109.741522,-7.286571],[109.7415,-7.28696],[109.741443,-7.287493],[109.741378,-7.288162],[109.741332,-7.288696],[109.740984,-7.289056],[109.740577,-7.289109],[109.740217,-7.28919],[109.739751,-7.289568],[109.739525,-7.290074],[109.739369,-7.290499],[109.73911,-7.291077],[109.738618,-7.291311],[109.738534,-7.291726],[109.738752,-7.292659],[109.738425,-7.293435],[109.737983,-7.294067],[109.737507,-7.294437],[109.737029,-7.294924],[109.736925,-7.295439],[109.736613,-7.296207],[109.737157,-7.296832],[109.737774,-7.297114],[109.737988,-7.297558],[109.738009,-7.297974],[109.737777,-7.298236],[109.7373,-7.298379],[109.737054,-7.29922],[109.736982,-7.299635],[109.736936,-7.300413],[109.736874,-7.300865],[109.73647,-7.30109],[109.736387,-7.30165],[109.73642,-7.302464],[109.736401,-7.302871],[109.73615,-7.303341],[109.735713,-7.303756],[109.735245,-7.304098],[109.734602,-7.304467],[109.733758,-7.305161],[109.733292,-7.305558],[109.733228,-7.305883],[109.733109,-7.306615],[109.732855,-7.307058],[109.73238,-7.307454],[109.731791,-7.307634],[109.731353,-7.307451],[109.73099,-7.30726],[109.730444,-7.306979],[109.729881,-7.307049],[109.728983,-7.307363],[109.728249,-7.307596],[109.728161,-7.308139],[109.728797,-7.308891],[109.728905,-7.309398],[109.728746,-7.310003],[109.728564,-7.310383],[109.728522,-7.311124],[109.72806,-7.311693],[109.728068,-7.312226],[109.728002,-7.312742],[109.727897,-7.313573],[109.727716,-7.314794],[109.727452,-7.315706],[109.727294,-7.316185],[109.727321,-7.316601],[109.726837,-7.316817],[109.726594,-7.317042],[109.726549,-7.317612],[109.726631,-7.3183],[109.726641,-7.319123],[109.726823,-7.319557],[109.72705,-7.319865],[109.726623,-7.320135],[109.726366,-7.320578],[109.726007,-7.320902],[109.725754,-7.320486],[109.725448,-7.320385],[109.724959,-7.320402],[109.724389,-7.3204],[109.723819,-7.3202],[109.723494,-7.319711],[109.723312,-7.319222],[109.722886,-7.318633],[109.722235,-7.31816],[109.72191,-7.317852],[109.721361,-7.317489],[109.720954,-7.31747],[109.720649,-7.316998],[109.720223,-7.316509],[109.720203,-7.316147],[109.720144,-7.315695],[109.719413,-7.31553],[109.719085,-7.315185],[109.718744,-7.314425],[109.718387,-7.31408],[109.718044,-7.314034],[109.71767,-7.314096],[109.717132,-7.314167],[109.71679,-7.313867],[109.716448,-7.313523],[109.715941,-7.313042],[109.715495,-7.312616],[109.715167,-7.312416],[109.714615,-7.312224],[109.713883,-7.312114],[109.713242,-7.312085],[109.712585,-7.311965],[109.711953,-7.311656],[109.711627,-7.311917],[109.711464,-7.31226],[109.711017,-7.312729],[109.710718,-7.312946],[109.710298,-7.313134],[109.709974,-7.31317],[109.709555,-7.313132],[109.709082,-7.313031],[109.708217,-7.312785],[109.707771,-7.312594],[109.707379,-7.312466],[109.706879,-7.312311],[109.706244,-7.312173],[109.705298,-7.311926],[109.704974,-7.311591],[109.704578,-7.311264],[109.704186,-7.310992],[109.703924,-7.310774],[109.703692,-7.310393],[109.703591,-7.309995],[109.703534,-7.309606],[109.703565,-7.308955],[109.703712,-7.308476],[109.703597,-7.307924],[109.703292,-7.307326],[109.703046,-7.306901],[109.702974,-7.306575],[109.702904,-7.306104],[109.702691,-7.305652],[109.702204,-7.305469],[109.701876,-7.305297],[109.701549,-7.304834],[109.701453,-7.304509],[109.701203,-7.304119],[109.700837,-7.303657],[109.700819,-7.303286],[109.700724,-7.302888],[109.700299,-7.302669],[109.699855,-7.30265],[109.69943,-7.302549],[109.699122,-7.302259],[109.699299,-7.301844],[109.698946,-7.301164],[109.698639,-7.300548],[109.69826,-7.299733],[109.697522,-7.298501],[109.696938,-7.297423],[109.696419,-7.296527],[109.695703,-7.295421],[109.695036,-7.294271],[109.694835,-7.293936],[109.694489,-7.293238],[109.693979,-7.292124],[109.693532,-7.291074],[109.693069,-7.290132],[109.692559,-7.289018],[109.691853,-7.287841],[109.691271,-7.28717],[109.690641,-7.286598],[109.689839,-7.285881],[109.688906,-7.285164],[109.687975,-7.28451],[109.68729,-7.284282],[109.686924,-7.284128],[109.686125,-7.28408],[109.685356,-7.28406],[109.684503,-7.284166],[109.683727,-7.284363],[109.682981,-7.284776],[109.682565,-7.285182],[109.682216,-7.285507],[109.681672,-7.286039],[109.680998,-7.28667],[109.680322,-7.287427],[109.679595,-7.288167],[109.678986,-7.288907],[109.678011,-7.289736],[109.67694,-7.290465],[109.676159,-7.291005],[109.675342,-7.2916],[109.675107,-7.291871],[109.674465,-7.292104],[109.674144,-7.292302],[109.673764,-7.292563],[109.673231,-7.292733],[109.672917,-7.292913],[109.672319,-7.293174],[109.671999,-7.292947],[109.671574,-7.292611],[109.671305,-7.292275],[109.670817,-7.291659],[109.670392,-7.291043],[109.669937,-7.289884],[109.669503,-7.288843],[109.669169,-7.288091],[109.668734,-7.287339],[109.668313,-7.286596],[109.668513,-7.286],[109.668776,-7.285169],[109.669007,-7.284555],[109.669483,-7.283787],[109.670113,-7.282867],[109.670722,-7.282163],[109.671483,-7.281523],[109.672339,-7.280676],[109.673347,-7.279666],[109.673968,-7.278917],[109.674537,-7.27805],[109.675254,-7.276832],[109.675689,-7.275585],[109.676013,-7.274654],[109.676371,-7.273579],[109.676591,-7.272486],[109.676661,-7.271654],[109.676595,-7.27121],[109.676112,-7.270793],[109.675339,-7.270239],[109.674369,-7.269522],[109.673334,-7.268714],[109.67193,-7.267833],[109.670994,-7.267242],[109.670273,-7.266797],[109.670055,-7.266561],[109.669927,-7.2661],[109.670016,-7.265566],[109.670235,-7.265015],[109.670414,-7.264636],[109.670821,-7.264366],[109.672043,-7.264008],[109.672543,-7.263756],[109.67314,-7.26336],[109.673878,-7.262855],[109.674634,-7.262297],[109.675361,-7.261838],[109.6759,-7.26165],[109.676822,-7.261281],[109.678295,-7.260707],[109.679923,-7.260033],[109.681342,-7.259558],[109.682464,-7.259173],[109.68359,-7.258715],[109.684654,-7.258247],[109.685678,-7.257699],[109.687162,-7.257007],[109.688589,-7.256323],[109.688969,-7.256876],[109.689424,-7.257429],[109.689747,-7.257946],[109.690144,-7.259005],[109.690244,-7.259611],[109.690438,-7.260543],[109.690472,-7.26123],[109.690431,-7.261972],[109.690339,-7.262614],[109.690295,-7.26322],[109.690055,-7.264033],[109.689819,-7.265144],[109.689431,-7.266346],[109.689065,-7.267322],[109.68868,-7.268578],[109.688328,-7.269644],[109.68808,-7.27033],[109.689228,-7.270289],[109.690315,-7.270328],[109.69142,-7.270331],[109.6923,-7.270352],[109.693145,-7.270454],[109.694527,-7.270593],[109.695766,-7.270733],[109.696729,-7.270826],[109.698026,-7.270748],[109.69875,-7.270732],[109.6992,-7.270733],[109.69905,-7.270172],[109.699021,-7.269693],[109.699031,-7.268987],[109.699184,-7.268246],[109.699375,-7.267541],[109.699456,-7.266936],[109.699543,-7.266041],[109.699676,-7.265236],[109.699713,-7.264332],[109.69972,-7.263798],[109.69986,-7.263328],[109.700093,-7.262859],[109.700386,-7.262525],[109.70069,-7.262155],[109.701094,-7.261768],[109.701695,-7.261281],[109.702173,-7.260875],[109.702804,-7.260271],[109.70371,-7.25974],[109.70456,-7.25911],[109.7052,-7.258614],[109.704663,-7.258404],[109.703796,-7.258167],[109.703233,-7.257731],[109.702969,-7.257152],[109.702997,-7.256202],[109.703312,-7.255208],[109.703545,-7.254784],[109.704232,-7.253728],[109.704399,-7.253339],[109.704644,-7.253023],[109.705175,-7.252528],[109.705371,-7.252203],[109.705932,-7.251815],[109.706299,-7.251572],[109.706963,-7.251267],[109.707626,-7.250762],[109.708306,-7.249932],[109.70924,-7.249699],[109.709623,-7.249728],[109.710173,-7.249802],[109.710532,-7.249775],[109.711058,-7.249705],[109.711442,-7.249606],[109.711969,-7.249345],[109.713023,-7.249068],[109.713885,-7.248853],[109.714819,-7.248621],[109.715537,-7.248524],[109.716878,-7.248337],[109.7175,-7.248294],[109.718074,-7.248314],[109.719007,-7.248533],[109.719533,-7.24877],[109.72013,-7.248916]]]]}},{"id":"6","type":"Feature","properties":{"KECAMATAN":"Madukara"},"geometry":{"type":"MultiPolygon","coordinates":[[[[109.73576,-7.33161],[109.736098,-7.331801],[109.736466,-7.33211],[109.736782,-7.33259],[109.737088,-7.33298],[109.737494,-7.333415],[109.738449,-7.333924],[109.739013,-7.334495],[109.73942,-7.334931],[109.739692,-7.335158],[109.740086,-7.33543],[109.740517,-7.335865],[109.74091,-7.336382],[109.741477,-7.337288],[109.742024,-7.337606],[109.743418,-7.338026],[109.744577,-7.338219],[109.745492,-7.338267],[109.746223,-7.338305],[109.747134,-7.33828],[109.747671,-7.3383],[109.748549,-7.338194],[109.749232,-7.338006],[109.750001,-7.337682],[109.750691,-7.337947],[109.751323,-7.338364],[109.752273,-7.338991],[109.753138,-7.339446],[109.753926,-7.339746],[109.754548,-7.339938],[109.75517,-7.340057],[109.755683,-7.340068],[109.756245,-7.33997],[109.756619,-7.33988],[109.757351,-7.33953],[109.757829,-7.339287],[109.758177,-7.339116],[109.758823,-7.338892],[109.759402,-7.338703],[109.75984,-7.338713],[109.760285,-7.338751],[109.760625,-7.338833],[109.760879,-7.33906],[109.761128,-7.339667],[109.760987,-7.340227],[109.761,-7.340634],[109.761077,-7.341077],[109.761279,-7.341539],[109.761576,-7.342037],[109.761807,-7.342409],[109.762051,-7.343079],[109.762405,-7.343668],[109.762688,-7.34413],[109.763163,-7.3448],[109.763465,-7.345235],[109.763605,-7.345742],[109.763627,-7.346257],[109.76393,-7.347479],[109.764437,-7.347933],[109.764923,-7.348368],[109.765131,-7.348613],[109.765424,-7.349102],[109.765637,-7.349446],[109.766093,-7.349846],[109.766566,-7.350037],[109.766889,-7.350399],[109.767437,-7.350591],[109.767791,-7.351361],[109.76784,-7.351867],[109.767821,-7.352238],[109.768163,-7.352438],[109.768461,-7.352764],[109.768661,-7.353289],[109.768906,-7.353543],[109.769171,-7.353815],[109.769651,-7.353997],[109.769554,-7.354567],[109.76976,-7.355219],[109.769704,-7.355607],[109.769661,-7.356014],[109.76989,-7.356349],[109.770209,-7.356522],[109.77051,-7.356704],[109.77104,-7.357221],[109.771317,-7.357619],[109.771696,-7.358199],[109.771952,-7.358535],[109.772863,-7.359794],[109.773236,-7.360392],[109.773505,-7.361071],[109.773702,-7.361605],[109.773894,-7.362221],[109.774038,-7.362574],[109.774673,-7.363091],[109.775044,-7.36321],[109.775484,-7.363292],[109.775951,-7.36352],[109.776211,-7.363747],[109.7767,-7.364155],[109.776238,-7.364208],[109.775974,-7.36399],[109.775576,-7.363917],[109.775268,-7.364015],[109.774871,-7.364186],[109.774582,-7.364456],[109.774238,-7.364926],[109.773677,-7.365783],[109.773351,-7.36609],[109.772899,-7.366451],[109.77261,-7.366812],[109.772642,-7.368069],[109.772695,-7.368467],[109.772604,-7.368982],[109.77244,-7.369434],[109.772015,-7.369939],[109.771669,-7.370246],[109.771281,-7.370371],[109.770547,-7.370369],[109.769576,-7.370602],[109.769079,-7.370944],[109.768733,-7.371287],[109.768517,-7.371593],[109.768256,-7.372208],[109.768168,-7.372832],[109.76808,-7.373329],[109.767993,-7.373907],[109.767862,-7.374404],[109.76771,-7.374856],[109.767418,-7.375353],[109.767245,-7.375678],[109.767024,-7.376075],[109.766607,-7.377675],[109.76563,-7.378477],[109.764935,-7.378972],[109.76472,-7.379216],[109.76452,-7.379876],[109.764535,-7.380454],[109.764696,-7.381766],[109.764513,-7.382444],[109.764149,-7.382723],[109.763686,-7.383048],[109.763355,-7.383164],[109.762579,-7.383045],[109.761854,-7.382762],[109.761524,-7.382671],[109.761193,-7.382914],[109.761701,-7.384444],[109.761699,-7.384905],[109.7615,-7.385366],[109.761152,-7.385889],[109.76087,-7.386088],[109.760309,-7.386104],[109.759715,-7.385723],[109.758874,-7.385313],[109.758445,-7.385258],[109.75795,-7.385311],[109.756942,-7.38557],[109.756198,-7.385785],[109.755868,-7.385784],[109.755309,-7.384905],[109.754947,-7.384398],[109.754387,-7.384017],[109.753809,-7.383897],[109.753347,-7.383959],[109.753064,-7.384601],[109.753095,-7.385406],[109.752895,-7.38602],[109.752447,-7.386905],[109.751833,-7.387844],[109.751236,-7.388629],[109.750853,-7.389912],[109.750603,-7.39059],[109.750288,-7.391177],[109.749524,-7.390949],[109.749443,-7.391265],[109.749474,-7.391636],[109.749663,-7.392034],[109.749675,-7.39236],[109.749479,-7.393074],[109.749494,-7.393499],[109.749519,-7.393987],[109.749449,-7.394322],[109.74936,-7.394738],[109.749566,-7.395091],[109.75,-7.395499],[109.750442,-7.395735],[109.750553,-7.396052],[109.750503,-7.396739],[109.751187,-7.397221],[109.750707,-7.398721],[109.750789,-7.399562],[109.750745,-7.400231],[109.750699,-7.401614],[109.75061,-7.40326],[109.750899,-7.405314],[109.750581,-7.406552],[109.750376,-7.406814],[109.750001,-7.407174],[109.749659,-7.407526],[109.74942,-7.407743],[109.749118,-7.407895],[109.748822,-7.408057],[109.748401,-7.408427],[109.748035,-7.408797],[109.747828,-7.409095],[109.747184,-7.410051],[109.745793,-7.410635],[109.745045,-7.409675],[109.744239,-7.408768],[109.743415,-7.407988],[109.742314,-7.407053],[109.741409,-7.406291],[109.740206,-7.405438],[109.739029,-7.404602],[109.737986,-7.403903],[109.736943,-7.403158],[109.7359,-7.402432],[109.735097,-7.401896],[109.734482,-7.401514],[109.734014,-7.401242],[109.733626,-7.401006],[109.732702,-7.400415],[109.731727,-7.39977],[109.731305,-7.399308],[109.731059,-7.399],[109.730659,-7.398356],[109.730472,-7.398003],[109.730205,-7.39774],[109.729778,-7.397386],[109.729484,-7.396879],[109.728977,-7.395973],[109.728685,-7.395249],[109.728633,-7.394796],[109.728528,-7.394073],[109.728369,-7.393376],[109.728317,-7.392734],[109.728185,-7.392145],[109.728079,-7.39172],[109.727892,-7.391322],[109.727306,-7.39009],[109.726853,-7.389392],[109.726399,-7.388803],[109.725998,-7.38835],[109.725651,-7.387842],[109.725491,-7.387544],[109.725577,-7.387155],[109.724751,-7.387388],[109.724292,-7.387413],[109.723926,-7.387376],[109.723481,-7.38723],[109.723076,-7.386904],[109.722738,-7.386523],[109.72232,-7.385997],[109.721811,-7.385254],[109.721355,-7.384629],[109.720807,-7.384283],[109.720125,-7.3843],[109.719575,-7.384578],[109.7185,-7.385136],[109.717713,-7.385504],[109.71728,-7.385747],[109.716927,-7.385909],[109.716586,-7.385999],[109.716088,-7.386006],[109.715512,-7.385996],[109.714211,-7.385856],[109.713418,-7.385827],[109.712999,-7.385853],[109.71258,-7.385942],[109.711781,-7.386283],[109.711125,-7.38648],[109.710484,-7.386542],[109.710065,-7.386513],[109.708821,-7.386338],[109.707984,-7.386218],[109.707146,-7.386062],[109.706558,-7.385861],[109.705917,-7.385624],[109.70542,-7.385388],[109.704793,-7.385096],[109.703916,-7.384814],[109.703367,-7.384694],[109.703013,-7.384702],[109.702659,-7.384728],[109.702345,-7.384999],[109.70237,-7.385487],[109.702565,-7.38575],[109.703297,-7.386168],[109.703794,-7.386531],[109.704081,-7.386903],[109.704066,-7.387373],[109.703528,-7.387679],[109.703135,-7.387723],[109.70214,-7.387639],[109.701748,-7.387575],[109.701304,-7.387501],[109.700947,-7.387427],[109.700581,-7.387327],[109.700185,-7.38719],[109.699612,-7.386971],[109.698897,-7.386752],[109.698461,-7.386425],[109.698119,-7.386569],[109.697431,-7.386459],[109.696894,-7.386457],[109.696631,-7.386854],[109.696852,-7.387416],[109.697231,-7.387724],[109.697694,-7.38844],[109.697816,-7.389001],[109.697632,-7.389326],[109.697173,-7.389415],[109.69665,-7.389296],[109.695683,-7.388859],[109.694352,-7.388132],[109.693892,-7.388022],[109.693551,-7.388184],[109.693314,-7.388563],[109.69288,-7.389312],[109.692485,-7.389763],[109.692105,-7.389988],[109.691633,-7.390131],[109.690926,-7.39022],[109.689878,-7.39037],[109.689446,-7.390378],[109.688949,-7.390304],[109.688386,-7.390131],[109.68751,-7.389803],[109.686621,-7.389411],[109.68568,-7.388984],[109.685144,-7.388801],[109.684619,-7.388863],[109.684291,-7.389477],[109.683973,-7.390525],[109.683853,-7.391185],[109.683486,-7.391591],[109.683085,-7.391906],[109.682774,-7.39214],[109.682459,-7.392356],[109.682047,-7.392672],[109.681815,-7.3923],[109.681522,-7.391865],[109.681185,-7.391502],[109.680812,-7.391085],[109.68053,-7.390551],[109.680442,-7.389999],[109.680385,-7.389221],[109.680372,-7.388507],[109.680433,-7.388181],[109.680615,-7.387386],[109.680782,-7.386482],[109.681039,-7.385642],[109.681281,-7.384603],[109.681522,-7.383753],[109.681718,-7.38322],[109.681898,-7.382949],[109.682138,-7.382679],[109.682498,-7.382427],[109.683052,-7.382166],[109.683575,-7.382032],[109.684024,-7.381943],[109.684513,-7.381628],[109.684743,-7.38133],[109.685209,-7.380617],[109.685404,-7.380138],[109.68542,-7.379795],[109.685421,-7.379469],[109.685632,-7.378981],[109.686292,-7.378386],[109.686442,-7.37807],[109.686475,-7.377085],[109.686432,-7.376506],[109.686493,-7.376063],[109.686673,-7.375765],[109.686896,-7.375368],[109.687052,-7.374997],[109.687276,-7.374609],[109.687516,-7.37413],[109.687781,-7.373543],[109.688092,-7.37321],[109.688309,-7.372613],[109.688358,-7.372161],[109.688646,-7.371683],[109.689077,-7.371277],[109.689341,-7.370925],[109.68953,-7.370609],[109.69006,-7.369996],[109.690516,-7.369645],[109.691234,-7.36924],[109.691416,-7.368888],[109.691558,-7.3684],[109.691631,-7.367694],[109.691492,-7.367151],[109.691399,-7.366654],[109.69133,-7.366075],[109.691355,-7.365415],[109.691522,-7.364873],[109.691877,-7.36415],[109.692185,-7.363518],[109.692352,-7.362696],[109.692501,-7.361764],[109.692604,-7.361295],[109.692789,-7.36087],[109.693177,-7.360301],[109.693525,-7.359959],[109.693994,-7.359815],[109.694442,-7.359943],[109.694829,-7.359926],[109.695319,-7.359801],[109.695666,-7.359603],[109.696217,-7.359117],[109.696565,-7.358855],[109.696831,-7.358503],[109.696974,-7.35816],[109.697037,-7.357735],[109.697059,-7.357184],[109.697345,-7.356904],[109.697712,-7.356905],[109.698282,-7.356862],[109.698629,-7.356646],[109.698455,-7.35622],[109.698303,-7.355758],[109.698474,-7.35546],[109.698883,-7.355308],[109.69926,-7.354902],[109.699465,-7.354559],[109.699721,-7.354252],[109.700131,-7.3541],[109.700488,-7.35439],[109.700725,-7.354852],[109.700928,-7.35535],[109.701131,-7.355839],[109.7013,-7.35621],[109.701675,-7.356329],[109.70188,-7.356076],[109.702017,-7.355787],[109.702172,-7.355335],[109.702446,-7.354956],[109.703008,-7.354841],[109.703605,-7.354797],[109.704236,-7.354573],[109.704509,-7.354357],[109.70497,-7.35405],[109.705499,-7.353781],[109.705994,-7.353438],[109.706473,-7.353033],[109.706593,-7.352364],[109.706316,-7.351947],[109.706159,-7.351513],[109.7061,-7.351196],[109.705963,-7.350716],[109.705964,-7.350201],[109.706481,-7.349913],[109.707017,-7.349797],[109.707673,-7.349654],[109.708209,-7.349502],[109.708766,-7.349123],[109.708708,-7.348608],[109.70849,-7.348255],[109.708253,-7.347919],[109.708096,-7.347575],[109.707918,-7.347141],[109.707612,-7.346461],[109.70751,-7.34609],[109.70758,-7.345494],[109.707952,-7.345079],[109.708433,-7.344809],[109.709024,-7.344602],[109.709406,-7.344631],[109.709763,-7.34484],[109.710171,-7.345212],[109.710699,-7.345421],[109.711312,-7.345405],[109.711705,-7.345008],[109.712082,-7.344503],[109.712441,-7.343997],[109.712732,-7.343465],[109.712955,-7.343058],[109.713177,-7.342742],[109.713502,-7.3423],[109.713691,-7.34193],[109.713904,-7.341343],[109.714049,-7.340909],[109.714379,-7.340602],[109.714872,-7.340622],[109.716454,-7.340654],[109.717153,-7.340656],[109.717606,-7.34053],[109.718181,-7.34027],[109.718634,-7.340289],[109.719148,-7.340191],[109.719175,-7.339847],[109.719006,-7.339576],[109.718554,-7.339303],[109.718247,-7.33904],[109.718001,-7.338768],[109.717858,-7.338424],[109.717818,-7.338089],[109.717963,-7.337701],[109.718169,-7.337421],[109.718849,-7.336844],[109.719384,-7.336538],[109.719858,-7.336169],[109.719983,-7.335744],[109.72036,-7.334596],[109.72024,-7.334171],[109.72006,-7.333872],[109.719941,-7.333284],[109.720032,-7.332977],[109.720154,-7.332679],[109.720579,-7.332065],[109.720807,-7.331532],[109.72111,-7.331144],[109.721473,-7.331036],[109.72182,-7.331191],[109.722076,-7.331463],[109.722453,-7.331645],[109.72244,-7.331084],[109.722275,-7.330677],[109.722079,-7.330324],[109.721986,-7.329998],[109.721988,-7.329283],[109.722207,-7.328497],[109.722309,-7.327837],[109.72231,-7.327485],[109.722279,-7.326589],[109.722597,-7.326337],[109.722748,-7.326021],[109.722816,-7.325542],[109.723102,-7.324855],[109.723407,-7.324666],[109.724089,-7.324288],[109.724303,-7.324018],[109.726239,-7.32481],[109.727844,-7.325701],[109.727758,-7.326026],[109.728153,-7.326434],[109.728537,-7.326707],[109.729793,-7.327687],[109.730099,-7.328013],[109.730528,-7.328358],[109.730976,-7.328658],[109.731727,-7.329329],[109.732017,-7.329628],[109.732367,-7.329982],[109.732654,-7.330272],[109.733328,-7.330609],[109.734051,-7.330837],[109.734595,-7.330974],[109.735288,-7.331329],[109.73576,-7.33161]]]]}},{"id":"7","type":"Feature","properties":{"KECAMATAN":"Mandiraja"},"geometry":{"type":"MultiPolygon","coordinates":[[[[109.485404,-7.445454],[109.485742,-7.445518],[109.486142,-7.445302],[109.486573,-7.444996],[109.487035,-7.444573],[109.487405,-7.444086],[109.487529,-7.443752],[109.487591,-7.443381],[109.487562,-7.442857],[109.487471,-7.442495],[109.487749,-7.442188],[109.488179,-7.442162],[109.488639,-7.442191],[109.489038,-7.442346],[109.489344,-7.442528],[109.489669,-7.442936],[109.489961,-7.443281],[109.490252,-7.443897],[109.490463,-7.444485],[109.49062,-7.445092],[109.490831,-7.44568],[109.491122,-7.446314],[109.491413,-7.446821],[109.491758,-7.447248],[109.492129,-7.447701],[109.492659,-7.448254],[109.493295,-7.449025],[109.493587,-7.449379],[109.493901,-7.449488],[109.494359,-7.449381],[109.494653,-7.449084],[109.495054,-7.448561],[109.495508,-7.447975],[109.495884,-7.447316],[109.496231,-7.446892],[109.496604,-7.446758],[109.49695,-7.446759],[109.497296,-7.446923],[109.497933,-7.447476],[109.49841,-7.448066],[109.498727,-7.448808],[109.498965,-7.449289],[109.49923,-7.449579],[109.499629,-7.449472],[109.500001,-7.449256],[109.50061,-7.448806],[109.501619,-7.448384],[109.502454,-7.448098],[109.503058,-7.4481],[109.503374,-7.4483],[109.503919,-7.448763],[109.504349,-7.449361],[109.504664,-7.449914],[109.505181,-7.450142],[109.505613,-7.449944],[109.505931,-7.449629],[109.506105,-7.449313],[109.506221,-7.448852],[109.506108,-7.448427],[109.506225,-7.447704],[109.506542,-7.447596],[109.507088,-7.447743],[109.507749,-7.448025],[109.509075,-7.448572],[109.51008,-7.449037],[109.510889,-7.44941],[109.511391,-7.449783],[109.51187,-7.450354],[109.512132,-7.450572],[109.512613,-7.450574],[109.512544,-7.451469],[109.512636,-7.452527],[109.512696,-7.453531],[109.512747,-7.4543],[109.512717,-7.455168],[109.512673,-7.455963],[109.51249,-7.457301],[109.519776,-7.457081],[109.519775,-7.458193],[109.519874,-7.459234],[109.519867,-7.460174],[109.519749,-7.460771],[109.519019,-7.461094],[109.519125,-7.461591],[109.519192,-7.462143],[109.519199,-7.462776],[109.519999,-7.462634],[109.520526,-7.462654],[109.520991,-7.462737],[109.521467,-7.462929],[109.521828,-7.463228],[109.522157,-7.463699],[109.52314,-7.464381],[109.523471,-7.464626],[109.523799,-7.464727],[109.524055,-7.464927],[109.52428,-7.465389],[109.523728,-7.465884],[109.52361,-7.466363],[109.523889,-7.467268],[109.524301,-7.468264],[109.524592,-7.469151],[109.524882,-7.469984],[109.525121,-7.470772],[109.525318,-7.471288],[109.525613,-7.472428],[109.525917,-7.473325],[109.526225,-7.47414],[109.526541,-7.474991],[109.526899,-7.47577],[109.527184,-7.476259],[109.52786,-7.476125],[109.528545,-7.476309],[109.529147,-7.476681],[109.529558,-7.476945],[109.529923,-7.476982],[109.530381,-7.476957],[109.530876,-7.476551],[109.531248,-7.476046],[109.531578,-7.475803],[109.532004,-7.475624],[109.532388,-7.475553],[109.532758,-7.475653],[109.533059,-7.475944],[109.533591,-7.476651],[109.533882,-7.476941],[109.534579,-7.477197],[109.53521,-7.477072],[109.535381,-7.476792],[109.535369,-7.476449],[109.535267,-7.476014],[109.535233,-7.475616],[109.535336,-7.474984],[109.53554,-7.474641],[109.535935,-7.474552],[109.536506,-7.474743],[109.537241,-7.475207],[109.537558,-7.475317],[109.538079,-7.475364],[109.538486,-7.475256],[109.53868,-7.475592],[109.538468,-7.476522],[109.538328,-7.477508],[109.538338,-7.478186],[109.538298,-7.478819],[109.538345,-7.479343],[109.538484,-7.479787],[109.538934,-7.480403],[109.539517,-7.481111],[109.54019,-7.4819],[109.540698,-7.482598],[109.541601,-7.484075],[109.541951,-7.484302],[109.542246,-7.484484],[109.542532,-7.484783],[109.542763,-7.485281],[109.542995,-7.485671],[109.543224,-7.48606],[109.543412,-7.486504],[109.543549,-7.486993],[109.543588,-7.48749],[109.543903,-7.488296],[109.543867,-7.489056],[109.543675,-7.489815],[109.543332,-7.490374],[109.54234,-7.491935],[109.5416,-7.492828],[109.540822,-7.493639],[109.540193,-7.494397],[109.539896,-7.494694],[109.539132,-7.495243],[109.53831,-7.495729],[109.537688,-7.496089],[109.536929,-7.496574],[109.536313,-7.496988],[109.534129,-7.498274],[109.533978,-7.498708],[109.533689,-7.499005],[109.532659,-7.499391],[109.531459,-7.499622],[109.530499,-7.49951],[109.528841,-7.499504],[109.527047,-7.499625],[109.526316,-7.500002],[109.52618,-7.500337],[109.526201,-7.500662],[109.52659,-7.501197],[109.526872,-7.501731],[109.526903,-7.502139],[109.527103,-7.502763],[109.527045,-7.503785],[109.526985,-7.504635],[109.526573,-7.504805],[109.526226,-7.505202],[109.52594,-7.505472],[109.525255,-7.506148],[109.525088,-7.506536],[109.524777,-7.506662],[109.524132,-7.507256],[109.523933,-7.507771],[109.523642,-7.508358],[109.523308,-7.508664],[109.523073,-7.508899],[109.522838,-7.50916],[109.522385,-7.50952],[109.522158,-7.509845],[109.521916,-7.510233],[109.521843,-7.510586],[109.52192,-7.510975],[109.521917,-7.511418],[109.521801,-7.511824],[109.521671,-7.512177],[109.521463,-7.512465],[109.520525,-7.511938],[109.519703,-7.511465],[109.519081,-7.511146],[109.518706,-7.510991],[109.518343,-7.510863],[109.517802,-7.510708],[109.517238,-7.510543],[109.516545,-7.510387],[109.515582,-7.510185],[109.514631,-7.509983],[109.513997,-7.509827],[109.513351,-7.509671],[109.512787,-7.509497],[109.512118,-7.50945],[109.511718,-7.509475],[109.510919,-7.509464],[109.510108,-7.509298],[109.50956,-7.509133],[109.508993,-7.508942],[109.508453,-7.508786],[109.507783,-7.508693],[109.507352,-7.508728],[109.506701,-7.50888],[109.505943,-7.509058],[109.504984,-7.509217],[109.504364,-7.509279],[109.503667,-7.509348],[109.503138,-7.509356],[109.502449,-7.509516],[109.501045,-7.510171],[109.500404,-7.510432],[109.5,-7.510421],[109.499658,-7.510185],[109.499205,-7.509568],[109.498787,-7.508762],[109.498522,-7.507631],[109.498392,-7.506319],[109.49838,-7.504845],[109.498283,-7.503552],[109.497864,-7.503252],[109.497486,-7.503359],[109.497337,-7.503729],[109.496953,-7.504442],[109.496702,-7.504993],[109.496536,-7.505291],[109.496145,-7.505968],[109.495863,-7.506519],[109.495597,-7.506735],[109.495257,-7.507059],[109.494848,-7.507501],[109.49437,-7.507653],[109.493814,-7.50766],[109.493149,-7.507784],[109.492758,-7.508009],[109.492499,-7.508352],[109.492326,-7.508713],[109.492114,-7.509011],[109.491746,-7.509461],[109.491538,-7.509732],[109.491279,-7.509966],[109.490935,-7.510074],[109.490065,-7.510197],[109.489407,-7.510493],[109.487773,-7.510858],[109.487375,-7.510776],[109.486652,-7.510674],[109.486165,-7.510772],[109.485582,-7.510914],[109.484806,-7.51121],[109.484131,-7.51185],[109.483708,-7.512535],[109.483063,-7.513808],[109.48274,-7.514784],[109.482821,-7.515616],[109.483022,-7.516123],[109.483222,-7.516612],[109.483186,-7.517182],[109.482562,-7.51755],[109.48182,-7.517864],[109.479749,-7.518228],[109.479041,-7.518289],[109.478165,-7.518493],[109.477238,-7.518825],[109.476075,-7.519192],[109.475064,-7.519568],[109.474255,-7.5199],[109.473479,-7.520087],[109.473142,-7.520248],[109.47272,-7.520554],[109.471825,-7.521112],[109.471337,-7.5213],[109.469837,-7.521937],[109.468791,-7.522331],[109.46805,-7.522437],[109.467579,-7.522381],[109.467226,-7.522226],[109.466857,-7.521827],[109.466456,-7.521165],[109.465986,-7.520549],[109.465646,-7.520078],[109.465107,-7.519714],[109.464125,-7.519313],[109.462797,-7.519263],[109.462256,-7.519378],[109.46184,-7.518889],[109.461497,-7.518444],[109.46091,-7.517511],[109.460158,-7.51626],[109.459275,-7.515308],[109.458412,-7.514373],[109.457855,-7.513775],[109.457202,-7.51313],[109.456323,-7.512684],[109.455103,-7.511984],[109.454217,-7.511483],[109.454339,-7.510932],[109.456143,-7.50941],[109.457467,-7.508076],[109.458596,-7.506968],[109.459107,-7.505948],[109.459236,-7.505216],[109.459291,-7.504701],[109.459099,-7.502865],[109.458706,-7.501742],[109.45851,-7.501018],[109.458447,-7.500421],[109.458471,-7.500005],[109.458692,-7.499707],[109.459094,-7.499546],[109.459525,-7.499575],[109.46069,-7.49976],[109.461012,-7.499715],[109.461399,-7.499554],[109.461765,-7.499275],[109.461756,-7.49875],[109.461802,-7.498289],[109.461673,-7.497141],[109.461728,-7.496779],[109.461727,-7.496445],[109.461714,-7.495423],[109.461703,-7.494717],[109.461402,-7.494246],[109.461192,-7.493531],[109.461277,-7.492826],[109.461432,-7.492184],[109.461703,-7.491471],[109.462129,-7.490686],[109.462398,-7.490108],[109.462799,-7.489929],[109.463281,-7.489975],[109.463886,-7.490149],[109.464491,-7.490233],[109.465175,-7.490253],[109.465781,-7.490138],[109.466097,-7.489786],[109.466363,-7.489389],[109.466548,-7.488983],[109.46668,-7.488577],[109.466857,-7.488026],[109.467053,-7.487538],[109.467461,-7.48735],[109.467968,-7.487415],[109.468618,-7.487761],[109.469412,-7.488206],[109.470257,-7.488707],[109.470875,-7.489043],[109.471582,-7.488603],[109.4722,-7.488071],[109.472612,-7.487684],[109.472335,-7.487385],[109.472177,-7.486986],[109.472114,-7.486263],[109.472353,-7.485974],[109.473205,-7.485769],[109.473238,-7.485245],[109.473076,-7.484864],[109.472601,-7.484374],[109.472531,-7.483822],[109.472352,-7.483388],[109.471888,-7.483133],[109.471716,-7.482762],[109.471866,-7.48231],[109.471717,-7.481894],[109.471349,-7.481449],[109.471104,-7.481096],[109.469746,-7.481227],[109.4676,-7.481291],[109.466898,-7.480964],[109.466822,-7.480583],[109.466785,-7.479769],[109.466727,-7.478811],[109.466721,-7.477934],[109.466783,-7.477355],[109.466982,-7.476714],[109.46705,-7.475864],[109.46711,-7.475159],[109.467011,-7.474309],[109.466977,-7.473332],[109.467019,-7.47241],[109.466945,-7.471559],[109.466788,-7.470627],[109.46676,-7.469895],[109.466731,-7.469425],[109.466717,-7.468511],[109.466717,-7.467941],[109.466249,-7.467343],[109.465708,-7.466545],[109.464888,-7.465557],[109.464207,-7.464668],[109.463895,-7.464089],[109.463733,-7.463455],[109.463672,-7.462831],[109.463475,-7.462514],[109.464082,-7.461747],[109.464538,-7.460899],[109.464947,-7.459607],[109.465314,-7.459012],[109.465572,-7.458777],[109.465761,-7.458498],[109.466688,-7.45823],[109.46741,-7.458187],[109.467901,-7.458116],[109.468261,-7.458181],[109.468643,-7.458318],[109.469571,-7.45805],[109.470077,-7.457762],[109.470371,-7.457474],[109.470561,-7.45714],[109.470724,-7.456733],[109.470964,-7.456255],[109.471515,-7.455543],[109.471562,-7.455145],[109.47196,-7.454857],[109.472363,-7.454551],[109.47316,-7.45393],[109.474075,-7.453363],[109.474468,-7.453147],[109.474687,-7.452651],[109.474664,-7.452262],[109.474592,-7.451511],[109.474506,-7.450806],[109.474439,-7.450398],[109.473734,-7.449266],[109.4733,-7.448179],[109.473362,-7.447718],[109.473303,-7.447293],[109.473152,-7.44684],[109.472819,-7.446107],[109.472305,-7.444984],[109.471973,-7.444006],[109.471914,-7.44349],[109.472038,-7.442948],[109.472253,-7.442397],[109.47262,-7.442064],[109.473108,-7.441858],[109.473871,-7.441733],[109.474724,-7.4418],[109.474998,-7.441982],[109.475119,-7.442317],[109.475298,-7.443294],[109.475539,-7.444172],[109.475872,-7.444724],[109.476236,-7.445268],[109.476571,-7.445541],[109.47733,-7.445643],[109.47822,-7.4458],[109.478741,-7.445856],[109.479448,-7.445713],[109.480401,-7.445409],[109.480862,-7.44513],[109.481417,-7.444644],[109.482094,-7.443914],[109.482003,-7.443579],[109.481605,-7.443334],[109.481054,-7.443051],[109.480502,-7.442715],[109.48035,-7.442434],[109.480351,-7.442036],[109.480475,-7.441612],[109.480875,-7.441369],[109.481305,-7.441244],[109.48192,-7.441191],[109.482288,-7.441247],[109.482778,-7.441556],[109.483329,-7.441956],[109.483635,-7.442291],[109.48397,-7.442944],[109.484366,-7.443858],[109.48464,-7.444628],[109.484884,-7.445027],[109.485404,-7.445454]]]]}},{"id":"8","type":"Feature","properties":{"KECAMATAN":"Pagentan"},"geometry":{"type":"MultiPolygon","coordinates":[[[[109.838634,-7.261489],[109.838923,-7.261906],[109.839339,-7.262413],[109.83954,-7.262785],[109.839688,-7.263255],[109.839815,-7.263672],[109.83963,-7.26397],[109.839449,-7.26425],[109.839736,-7.264666],[109.840051,-7.265273],[109.84061,-7.265618],[109.840715,-7.266134],[109.840751,-7.266577],[109.841127,-7.26694],[109.841487,-7.267375],[109.841796,-7.268],[109.842081,-7.268561],[109.842367,-7.268752],[109.84259,-7.269123],[109.842396,-7.269855],[109.842248,-7.270163],[109.84229,-7.270506],[109.842662,-7.270978],[109.842884,-7.271249],[109.842694,-7.271674],[109.84256,-7.27209],[109.842125,-7.272315],[109.841746,-7.272567],[109.841613,-7.272865],[109.842103,-7.273635],[109.842329,-7.27388],[109.842801,-7.274207],[109.843254,-7.274488],[109.843537,-7.274661],[109.843726,-7.27496],[109.843622,-7.275574],[109.842985,-7.275772],[109.842425,-7.275797],[109.842094,-7.275851],[109.841865,-7.276149],[109.842041,-7.276936],[109.842369,-7.277697],[109.842622,-7.278339],[109.842824,-7.278973],[109.8429,-7.27938],[109.843077,-7.279914],[109.843279,-7.280168],[109.843329,-7.280548],[109.843252,-7.280928],[109.842767,-7.281333],[109.842156,-7.281404],[109.841723,-7.281484],[109.841595,-7.281837],[109.84162,-7.282669],[109.841583,-7.283447],[109.841505,-7.283772],[109.840983,-7.284404],[109.8405,-7.284809],[109.840326,-7.285288],[109.840421,-7.285804],[109.840169,-7.286319],[109.839745,-7.28649],[109.839129,-7.285918],[109.838648,-7.286008],[109.838242,-7.28645],[109.837836,-7.286874],[109.836987,-7.287468],[109.836544,-7.287558],[109.836023,-7.287792],[109.835733,-7.288234],[109.835597,-7.288559],[109.835807,-7.289157],[109.836006,-7.289673],[109.835879,-7.290224],[109.835646,-7.290667],[109.835573,-7.291218],[109.835411,-7.291706],[109.835125,-7.291968],[109.834392,-7.292309],[109.833838,-7.292498],[109.833481,-7.292714],[109.83348,-7.293067],[109.833693,-7.293583],[109.833727,-7.294008],[109.833655,-7.294424],[109.833204,-7.294983],[109.832788,-7.295154],[109.832199,-7.294945],[109.831801,-7.294962],[109.831713,-7.295585],[109.831729,-7.295965],[109.831347,-7.29638],[109.830792,-7.296569],[109.830462,-7.296722],[109.830254,-7.296965],[109.830409,-7.297291],[109.830668,-7.297572],[109.830702,-7.298007],[109.830303,-7.298259],[109.829956,-7.298222],[109.829593,-7.298085],[109.829092,-7.29774],[109.828693,-7.297585],[109.82826,-7.297666],[109.827791,-7.298234],[109.827461,-7.298758],[109.82694,-7.29901],[109.826507,-7.299081],[109.826143,-7.299116],[109.825822,-7.299088],[109.825479,-7.299277],[109.825349,-7.299946],[109.825091,-7.300579],[109.825154,-7.301094],[109.82541,-7.30133],[109.825622,-7.301801],[109.825173,-7.302035],[109.824574,-7.301925],[109.82421,-7.301942],[109.823761,-7.302131],[109.823482,-7.302564],[109.823438,-7.30288],[109.823479,-7.303351],[109.823243,-7.30373],[109.82273,-7.303647],[109.822302,-7.30371],[109.821938,-7.303835],[109.821468,-7.303879],[109.820997,-7.304086],[109.820782,-7.304456],[109.82061,-7.304727],[109.819646,-7.30515],[109.819453,-7.305475],[109.819666,-7.3059],[109.819387,-7.30609],[109.818836,-7.306369],[109.818361,-7.306494],[109.817855,-7.307361],[109.817424,-7.307911],[109.816515,-7.308831],[109.816179,-7.309337],[109.81606,-7.309644],[109.815987,-7.309997],[109.815819,-7.310286],[109.815556,-7.310638],[109.815435,-7.311044],[109.815409,-7.311849],[109.815312,-7.312518],[109.815263,-7.313088],[109.815095,-7.313422],[109.81433,-7.313872],[109.813759,-7.314115],[109.813223,-7.314394],[109.812632,-7.314908],[109.812113,-7.315368],[109.811774,-7.31553],[109.811452,-7.315511],[109.810738,-7.315473],[109.810057,-7.315516],[109.810041,-7.315878],[109.809896,-7.316447],[109.809842,-7.316827],[109.80968,-7.317342],[109.80934,-7.317712],[109.809143,-7.318037],[109.808855,-7.31857],[109.808658,-7.318904],[109.808639,-7.319311],[109.808759,-7.320071],[109.808757,-7.320776],[109.808711,-7.321301],[109.808293,-7.321887],[109.807876,-7.322366],[109.807546,-7.322735],[109.807326,-7.323106],[109.80715,-7.323395],[109.806842,-7.323584],[109.806184,-7.32389],[109.805591,-7.324195],[109.80524,-7.324547],[109.804757,-7.324781],[109.804012,-7.324779],[109.803398,-7.324958],[109.802608,-7.325191],[109.802279,-7.325299],[109.801819,-7.32528],[109.80149,-7.32517],[109.800921,-7.324879],[109.800373,-7.324661],[109.79965,-7.324722],[109.799277,-7.324875],[109.798387,-7.325243],[109.798159,-7.325867],[109.797832,-7.326291],[109.797379,-7.32667],[109.796976,-7.327094],[109.796522,-7.327771],[109.796118,-7.328638],[109.79584,-7.329397],[109.795588,-7.329821],[109.795436,-7.33039],[109.795284,-7.330897],[109.794855,-7.331746],[109.794503,-7.332115],[109.793824,-7.332593],[109.793296,-7.332863],[109.792786,-7.333847],[109.792552,-7.334769],[109.792397,-7.335076],[109.792027,-7.335808],[109.792083,-7.336477],[109.7924,-7.337084],[109.79266,-7.337455],[109.792427,-7.337862],[109.791992,-7.33806],[109.791671,-7.338556],[109.791148,-7.339097],[109.79048,-7.33971],[109.790131,-7.34008],[109.789173,-7.340394],[109.788129,-7.340853],[109.787664,-7.341231],[109.787547,-7.341575],[109.787487,-7.342217],[109.787515,-7.342732],[109.787258,-7.343211],[109.787064,-7.343762],[109.787063,-7.344241],[109.787182,-7.344721],[109.787109,-7.345128],[109.786867,-7.345751],[109.786504,-7.346564],[109.786381,-7.347405],[109.786393,-7.348056],[109.786331,-7.348463],[109.786016,-7.349176],[109.785702,-7.3498],[109.785701,-7.350234],[109.785892,-7.350614],[109.786122,-7.35132],[109.786213,-7.352342],[109.786304,-7.353238],[109.786582,-7.353926],[109.786829,-7.354578],[109.787014,-7.355076],[109.786981,-7.355663],[109.786918,-7.356224],[109.786761,-7.356839],[109.786322,-7.357742],[109.786047,-7.358184],[109.78582,-7.358835],[109.78526,-7.359385],[109.784824,-7.359565],[109.783828,-7.359815],[109.783423,-7.359995],[109.783235,-7.360465],[109.783339,-7.361405],[109.783425,-7.362138],[109.783336,-7.362464],[109.782827,-7.362842],[109.781609,-7.363671],[109.780635,-7.364265],[109.780215,-7.364553],[109.779794,-7.36486],[109.77933,-7.36503],[109.778821,-7.365011],[109.778159,-7.364855],[109.777762,-7.364628],[109.777453,-7.36432],[109.777166,-7.364165],[109.7767,-7.364155],[109.776211,-7.363747],[109.775951,-7.36352],[109.775484,-7.363292],[109.775044,-7.36321],[109.774673,-7.363091],[109.774038,-7.362574],[109.773894,-7.362221],[109.773702,-7.361605],[109.773505,-7.361071],[109.773236,-7.360392],[109.772863,-7.359794],[109.771952,-7.358535],[109.771696,-7.358199],[109.771317,-7.357619],[109.77104,-7.357221],[109.77051,-7.356704],[109.770209,-7.356522],[109.76989,-7.356349],[109.769661,-7.356014],[109.769704,-7.355607],[109.76976,-7.355219],[109.769554,-7.354567],[109.769651,-7.353997],[109.769171,-7.353815],[109.768906,-7.353543],[109.768661,-7.353289],[109.768461,-7.352764],[109.768163,-7.352438],[109.767821,-7.352238],[109.76784,-7.351867],[109.767791,-7.351361],[109.767437,-7.350591],[109.766889,-7.350399],[109.766566,-7.350037],[109.766093,-7.349846],[109.765637,-7.349446],[109.765424,-7.349102],[109.765131,-7.348613],[109.764923,-7.348368],[109.764437,-7.347933],[109.76393,-7.347479],[109.763627,-7.346257],[109.763605,-7.345742],[109.763465,-7.345235],[109.763163,-7.3448],[109.762688,-7.34413],[109.762405,-7.343668],[109.762051,-7.343079],[109.761807,-7.342409],[109.761576,-7.342037],[109.761279,-7.341539],[109.761077,-7.341077],[109.761,-7.340634],[109.760987,-7.340227],[109.761128,-7.339667],[109.760879,-7.33906],[109.760625,-7.338833],[109.760285,-7.338751],[109.75984,-7.338713],[109.759402,-7.338703],[109.758823,-7.338892],[109.758177,-7.339116],[109.757829,-7.339287],[109.757351,-7.33953],[109.756619,-7.33988],[109.756245,-7.33997],[109.755683,-7.340068],[109.75517,-7.340057],[109.754548,-7.339938],[109.753926,-7.339746],[109.753138,-7.339446],[109.752273,-7.338991],[109.751323,-7.338364],[109.750691,-7.337947],[109.750001,-7.337682],[109.749232,-7.338006],[109.748549,-7.338194],[109.747671,-7.3383],[109.747134,-7.33828],[109.746223,-7.338305],[109.745492,-7.338267],[109.744577,-7.338219],[109.743418,-7.338026],[109.742024,-7.337606],[109.741477,-7.337288],[109.74091,-7.336382],[109.740517,-7.335865],[109.740086,-7.33543],[109.739692,-7.335158],[109.73942,-7.334931],[109.739013,-7.334495],[109.738449,-7.333924],[109.737494,-7.333415],[109.737088,-7.33298],[109.736782,-7.33259],[109.736466,-7.33211],[109.736098,-7.331801],[109.73576,-7.33161],[109.735288,-7.331329],[109.734595,-7.330974],[109.734051,-7.330837],[109.733328,-7.330609],[109.732654,-7.330272],[109.732367,-7.329982],[109.732017,-7.329628],[109.731727,-7.329329],[109.730976,-7.328658],[109.730528,-7.328358],[109.730099,-7.328013],[109.729793,-7.327687],[109.728537,-7.326707],[109.728153,-7.326434],[109.727758,-7.326026],[109.727844,-7.325701],[109.726239,-7.32481],[109.724303,-7.324018],[109.724381,-7.323701],[109.724074,-7.323547],[109.723478,-7.323572],[109.723121,-7.323255],[109.723361,-7.322794],[109.723634,-7.322578],[109.724027,-7.322308],[109.724727,-7.321713],[109.72512,-7.321343],[109.725502,-7.3211],[109.726007,-7.320902],[109.726366,-7.320578],[109.726623,-7.320135],[109.72705,-7.319865],[109.727509,-7.319903],[109.728003,-7.320076],[109.728467,-7.32034],[109.728961,-7.321001],[109.729322,-7.321726],[109.729618,-7.322106],[109.729882,-7.322324],[109.730228,-7.32247],[109.730971,-7.322553],[109.731598,-7.322591],[109.732291,-7.322656],[109.73315,-7.322713],[109.733546,-7.322714],[109.734322,-7.322653],[109.73488,-7.322836],[109.735253,-7.323262],[109.735664,-7.323796],[109.736097,-7.323897],[109.736608,-7.323935],[109.737356,-7.323937],[109.73771,-7.324101],[109.738122,-7.324255],[109.738456,-7.324356],[109.738968,-7.32443],[109.739302,-7.324394],[109.739834,-7.324143],[109.740071,-7.32389],[109.74019,-7.323592],[109.740151,-7.323221],[109.740074,-7.322733],[109.739919,-7.321945],[109.73997,-7.321267],[109.740197,-7.321024],[109.740692,-7.320745],[109.741241,-7.320638],[109.741891,-7.320594],[109.742688,-7.320624],[109.743431,-7.320508],[109.744339,-7.320366],[109.745099,-7.320305],[109.745826,-7.32037],[109.746354,-7.320516],[109.746633,-7.320788],[109.746814,-7.32116],[109.747125,-7.322119],[109.747239,-7.322626],[109.747634,-7.323088],[109.748211,-7.323307],[109.74902,-7.323427],[109.749998,-7.323556],[109.750687,-7.323558],[109.751241,-7.323605],[109.751912,-7.323679],[109.752617,-7.323862],[109.75312,-7.324062],[109.753556,-7.324317],[109.753975,-7.324589],[109.754495,-7.324717],[109.755033,-7.324592],[109.755454,-7.324141],[109.75559,-7.323653],[109.755844,-7.322903],[109.756198,-7.322316],[109.756518,-7.321946],[109.756922,-7.321631],[109.757376,-7.321433],[109.757763,-7.321262],[109.758312,-7.320649],[109.758573,-7.320288],[109.758886,-7.320117],[109.759457,-7.320001],[109.759908,-7.320038],[109.760358,-7.320193],[109.760877,-7.320439],[109.761327,-7.320612],[109.761794,-7.320631],[109.762279,-7.320597],[109.762574,-7.320425],[109.762853,-7.319875],[109.762837,-7.319495],[109.762647,-7.319042],[109.762216,-7.318534],[109.761611,-7.31809],[109.761404,-7.317709],[109.761388,-7.317347],[109.761666,-7.316878],[109.762342,-7.31688],[109.763051,-7.317144],[109.763588,-7.317209],[109.764974,-7.317149],[109.765425,-7.316997],[109.765772,-7.31679],[109.766067,-7.31651],[109.766479,-7.316186],[109.767177,-7.31588],[109.767772,-7.315556],[109.768121,-7.315277],[109.76845,-7.315006],[109.768534,-7.314355],[109.768638,-7.313741],[109.768742,-7.313253],[109.768928,-7.312819],[109.769175,-7.312512],[109.769606,-7.312296],[109.769955,-7.312189],[109.77059,-7.31219],[109.771575,-7.312157],[109.772087,-7.312077],[109.773195,-7.31189],[109.77422,-7.311839],[109.774774,-7.311813],[109.775102,-7.311733],[109.775431,-7.311616],[109.775801,-7.311309],[109.775945,-7.311002],[109.775987,-7.310632],[109.775906,-7.310288],[109.775735,-7.309916],[109.77534,-7.309545],[109.775091,-7.309065],[109.77553,-7.308478],[109.776185,-7.308181],[109.776743,-7.307468],[109.777119,-7.306945],[109.777308,-7.306511],[109.777309,-7.306131],[109.776998,-7.30566],[109.776548,-7.304981],[109.776467,-7.304628],[109.776631,-7.304303],[109.7774,-7.303798],[109.777871,-7.303546],[109.778399,-7.303466],[109.779013,-7.303432],[109.779964,-7.303425],[109.780226,-7.303082],[109.780647,-7.30217],[109.78127,-7.301937],[109.781533,-7.30163],[109.781658,-7.301196],[109.781772,-7.300817],[109.782276,-7.300348],[109.782764,-7.300032],[109.782696,-7.299481],[109.782494,-7.299145],[109.782214,-7.298674],[109.781664,-7.297642],[109.781295,-7.296456],[109.781255,-7.296013],[109.781279,-7.295335],[109.781311,-7.294756],[109.781143,-7.294068],[109.78133,-7.293454],[109.781065,-7.292467],[109.780868,-7.291924],[109.780751,-7.29158],[109.780508,-7.290955],[109.781588,-7.29085],[109.782543,-7.290717],[109.783279,-7.290556],[109.783932,-7.290322],[109.785893,-7.289414],[109.786437,-7.289036],[109.786865,-7.288784],[109.787232,-7.288667],[109.7878,-7.288587],[109.788616,-7.2884],[109.789388,-7.288139],[109.79016,-7.287906],[109.790833,-7.287773],[109.791475,-7.287648],[109.791888,-7.287594],[109.792226,-7.287604],[109.792597,-7.287714],[109.793603,-7.288368],[109.794057,-7.288559],[109.794495,-7.288569],[109.794895,-7.288507],[109.795839,-7.288102],[109.796523,-7.287842],[109.796847,-7.287779],[109.797172,-7.287762],[109.797498,-7.287808],[109.797908,-7.28799],[109.7983,-7.28819],[109.798869,-7.288572],[109.799492,-7.288935],[109.799856,-7.2888],[109.799956,-7.288412],[109.800182,-7.287689],[109.800237,-7.28721],[109.800233,-7.286766],[109.800452,-7.286414],[109.800674,-7.286135],[109.800605,-7.285818],[109.800542,-7.285447],[109.800927,-7.285131],[109.800969,-7.284562],[109.801138,-7.283902],[109.801125,-7.283459],[109.801408,-7.283071],[109.8014,-7.282673],[109.802098,-7.282412],[109.802505,-7.28216],[109.803345,-7.281538],[109.803694,-7.281114],[109.803924,-7.280663],[109.804127,-7.280102],[109.804335,-7.279443],[109.80459,-7.278684],[109.804912,-7.278097],[109.805244,-7.277754],[109.805813,-7.277385],[109.807139,-7.276674],[109.807403,-7.276367],[109.807732,-7.275861],[109.808021,-7.275193],[109.8084,-7.274],[109.808614,-7.273349],[109.808817,-7.272798],[109.809126,-7.27222],[109.809377,-7.271895],[109.809609,-7.271561],[109.809733,-7.271137],[109.809248,-7.270629],[109.809261,-7.270258],[109.80982,-7.26969],[109.80998,-7.269166],[109.809213,-7.268268],[109.808788,-7.267951],[109.808381,-7.267552],[109.808715,-7.267344],[109.809392,-7.267066],[109.810015,-7.266887],[109.810724,-7.266644],[109.811121,-7.266464],[109.81162,-7.266357],[109.812254,-7.266115],[109.812819,-7.265881],[109.813216,-7.265683],[109.813595,-7.265521],[109.814094,-7.26545],[109.814525,-7.265388],[109.814993,-7.265326],[109.815683,-7.265075],[109.816155,-7.264877],[109.816568,-7.26486],[109.816938,-7.264915],[109.817178,-7.265847],[109.817259,-7.266254],[109.817569,-7.266725],[109.818006,-7.267025],[109.818303,-7.267388],[109.818877,-7.268004],[109.819091,-7.26852],[109.819309,-7.268964],[109.820041,-7.269499],[109.820692,-7.269474],[109.821301,-7.269711],[109.821765,-7.270037],[109.821947,-7.270445],[109.822289,-7.270988],[109.822611,-7.271188],[109.823207,-7.271262],[109.824676,-7.27151],[109.825143,-7.271493],[109.82544,-7.271639],[109.82596,-7.271703],[109.82607,-7.27136],[109.825976,-7.270555],[109.82594,-7.270166],[109.826299,-7.270004],[109.826548,-7.269616],[109.826412,-7.269308],[109.826175,-7.268882],[109.826062,-7.268348],[109.826428,-7.268033],[109.826865,-7.267844],[109.827186,-7.267673],[109.826996,-7.267374],[109.826346,-7.266857],[109.826482,-7.26645],[109.8266,-7.265926],[109.826659,-7.265429],[109.827033,-7.26543],[109.827693,-7.265458],[109.828022,-7.265242],[109.82812,-7.264863],[109.828096,-7.264392],[109.828272,-7.26395],[109.828577,-7.263688],[109.829061,-7.263282],[109.829301,-7.262985],[109.829445,-7.262668],[109.829675,-7.262217],[109.830187,-7.261838],[109.830873,-7.261722],[109.831474,-7.261362],[109.831782,-7.261535],[109.832191,-7.261681],[109.832372,-7.261392],[109.833154,-7.261529],[109.833913,-7.261622],[109.834521,-7.261705],[109.834934,-7.261706],[109.835396,-7.261653],[109.8359,-7.261482],[109.836646,-7.260878],[109.836957,-7.260743],[109.837828,-7.260809],[109.838218,-7.260918],[109.838634,-7.261489]]]]}},{"id":"9","type":"Feature","properties":{"KECAMATAN":"Pejawaran"},"geometry":{"type":"MultiPolygon","coordinates":[[[[109.815607,-7.22321],[109.813826,-7.224046],[109.812151,-7.224349],[109.812043,-7.225715],[109.812249,-7.227171],[109.812767,-7.228945],[109.813495,-7.23062],[109.813282,-7.231976],[109.812653,-7.232608],[109.812078,-7.233881],[109.812286,-7.234298],[109.812599,-7.234823],[109.813962,-7.236319],[109.814379,-7.236736],[109.815423,-7.23768],[109.816049,-7.238414],[109.81657,-7.239347],[109.817091,-7.240081],[109.817508,-7.240606],[109.818657,-7.241342],[109.81991,-7.242177],[109.820429,-7.243743],[109.821381,-7.241955],[109.822745,-7.240394],[109.82369,-7.239248],[109.824529,-7.238418],[109.825889,-7.238213],[109.82725,-7.238108],[109.828297,-7.237378],[109.829766,-7.235926],[109.830601,-7.236869],[109.831015,-7.238226],[109.831535,-7.239476],[109.832579,-7.240528],[109.833517,-7.241778],[109.833513,-7.243451],[109.834487,-7.24595],[109.834485,-7.246999],[109.83469,-7.248248],[109.834222,-7.249956],[109.834092,-7.250588],[109.833585,-7.250886],[109.833226,-7.251029],[109.83367,-7.251546],[109.834,-7.251764],[109.83429,-7.252181],[109.834331,-7.252606],[109.834341,-7.253031],[109.834535,-7.253963],[109.834473,-7.254894],[109.83442,-7.255591],[109.834563,-7.256233],[109.834686,-7.256586],[109.834465,-7.256866],[109.834015,-7.257046],[109.833682,-7.257443],[109.833639,-7.258067],[109.833776,-7.258565],[109.833837,-7.25918],[109.833707,-7.259523],[109.833149,-7.259594],[109.832649,-7.259782],[109.832986,-7.260326],[109.833168,-7.260616],[109.833029,-7.261013],[109.832646,-7.260958],[109.832372,-7.261392],[109.832191,-7.261681],[109.831782,-7.261535],[109.831474,-7.261362],[109.830873,-7.261722],[109.830187,-7.261838],[109.829675,-7.262217],[109.829445,-7.262668],[109.829301,-7.262985],[109.829061,-7.263282],[109.828577,-7.263688],[109.828272,-7.26395],[109.828096,-7.264392],[109.82812,-7.264863],[109.828022,-7.265242],[109.827693,-7.265458],[109.827033,-7.26543],[109.826659,-7.265429],[109.8266,-7.265926],[109.826482,-7.26645],[109.826346,-7.266857],[109.826996,-7.267374],[109.827186,-7.267673],[109.826865,-7.267844],[109.826428,-7.268033],[109.826062,-7.268348],[109.826175,-7.268882],[109.826412,-7.269308],[109.826548,-7.269616],[109.826299,-7.270004],[109.82594,-7.270166],[109.825976,-7.270555],[109.82607,-7.27136],[109.82596,-7.271703],[109.82544,-7.271639],[109.825143,-7.271493],[109.824676,-7.27151],[109.823207,-7.271262],[109.822611,-7.271188],[109.822289,-7.270988],[109.821947,-7.270445],[109.821765,-7.270037],[109.821301,-7.269711],[109.820692,-7.269474],[109.820041,-7.269499],[109.819309,-7.268964],[109.819091,-7.26852],[109.818877,-7.268004],[109.818303,-7.267388],[109.818006,-7.267025],[109.817569,-7.266725],[109.817259,-7.266254],[109.817178,-7.265847],[109.816938,-7.264915],[109.816568,-7.26486],[109.816155,-7.264877],[109.815683,-7.265075],[109.814993,-7.265326],[109.814525,-7.265388],[109.814094,-7.26545],[109.813595,-7.265521],[109.813216,-7.265683],[109.812819,-7.265881],[109.812254,-7.266115],[109.81162,-7.266357],[109.811121,-7.266464],[109.810724,-7.266644],[109.810015,-7.266887],[109.809392,-7.267066],[109.808715,-7.267344],[109.808381,-7.267552],[109.808788,-7.267951],[109.809213,-7.268268],[109.80998,-7.269166],[109.80982,-7.26969],[109.809261,-7.270258],[109.809248,-7.270629],[109.809733,-7.271137],[109.809609,-7.271561],[109.809377,-7.271895],[109.809126,-7.27222],[109.808817,-7.272798],[109.808614,-7.273349],[109.8084,-7.274],[109.808021,-7.275193],[109.807732,-7.275861],[109.807403,-7.276367],[109.807139,-7.276674],[109.805813,-7.277385],[109.805244,-7.277754],[109.804912,-7.278097],[109.80459,-7.278684],[109.804335,-7.279443],[109.804127,-7.280102],[109.803924,-7.280663],[109.803694,-7.281114],[109.803345,-7.281538],[109.802505,-7.28216],[109.802098,-7.282412],[109.8014,-7.282673],[109.801408,-7.283071],[109.801125,-7.283459],[109.801138,-7.283902],[109.800969,-7.284562],[109.800927,-7.285131],[109.800542,-7.285447],[109.800605,-7.285818],[109.800674,-7.286135],[109.800452,-7.286414],[109.800233,-7.286766],[109.800237,-7.28721],[109.800182,-7.287689],[109.799956,-7.288412],[109.799856,-7.2888],[109.799492,-7.288935],[109.798869,-7.288572],[109.7983,-7.28819],[109.797908,-7.28799],[109.797498,-7.287808],[109.797172,-7.287762],[109.796847,-7.287779],[109.796523,-7.287842],[109.795839,-7.288102],[109.794895,-7.288507],[109.794495,-7.288569],[109.794057,-7.288559],[109.793603,-7.288368],[109.792597,-7.287714],[109.792226,-7.287604],[109.791888,-7.287594],[109.791475,-7.287648],[109.790833,-7.287773],[109.79016,-7.287906],[109.789388,-7.288139],[109.788616,-7.2884],[109.7878,-7.288587],[109.787232,-7.288667],[109.786865,-7.288784],[109.786437,-7.289036],[109.785893,-7.289414],[109.783932,-7.290322],[109.783279,-7.290556],[109.782543,-7.290717],[109.781588,-7.29085],[109.780508,-7.290955],[109.779952,-7.29071],[109.779162,-7.290726],[109.77813,-7.29084],[109.777705,-7.290803],[109.777402,-7.290648],[109.77691,-7.290349],[109.776271,-7.289578],[109.77594,-7.28936],[109.775076,-7.289304],[109.774763,-7.289185],[109.774192,-7.288677],[109.774027,-7.288387],[109.773749,-7.287934],[109.773445,-7.287644],[109.773234,-7.287381],[109.773213,-7.28692],[109.773272,-7.286341],[109.772998,-7.285608],[109.772804,-7.285146],[109.772909,-7.284685],[109.773091,-7.284306],[109.77352,-7.28362],[109.773743,-7.283015],[109.773909,-7.282554],[109.774217,-7.282274],[109.774721,-7.282004],[109.775224,-7.281644],[109.775382,-7.281283],[109.775758,-7.281103],[109.776273,-7.280996],[109.776734,-7.280708],[109.776955,-7.280392],[109.777111,-7.280057],[109.777535,-7.278937],[109.777438,-7.278521],[109.776745,-7.278555],[109.776208,-7.278409],[109.775816,-7.278498],[109.775399,-7.278597],[109.77528,-7.27828],[109.775864,-7.277449],[109.775848,-7.27687],[109.775637,-7.276228],[109.775318,-7.2762],[109.774921,-7.276126],[109.774604,-7.275312],[109.774359,-7.27475],[109.773584,-7.27492],[109.773213,-7.274494],[109.773032,-7.274195],[109.772642,-7.273986],[109.771969,-7.274002],[109.771526,-7.274073],[109.770974,-7.273846],[109.770632,-7.273691],[109.770215,-7.273518],[109.769923,-7.273056],[109.769795,-7.272685],[109.769708,-7.272214],[109.769705,-7.271862],[109.769796,-7.271455],[109.769208,-7.271417],[109.768812,-7.271199],[109.768611,-7.2709],[109.768446,-7.270565],[109.768447,-7.270167],[109.769004,-7.269897],[109.769084,-7.269491],[109.768886,-7.269237],[109.768393,-7.26862],[109.768553,-7.267961],[109.768671,-7.267626],[109.768149,-7.267218],[109.767586,-7.266828],[109.767296,-7.266492],[109.766965,-7.265795],[109.76681,-7.265469],[109.76643,-7.265206],[109.765935,-7.265069],[109.765795,-7.264598],[109.765777,-7.264137],[109.765884,-7.26382],[109.766048,-7.263269],[109.766102,-7.262645],[109.766238,-7.262275],[109.766846,-7.261273],[109.767063,-7.260694],[109.767355,-7.259755],[109.768198,-7.259033],[109.768443,-7.258781],[109.768463,-7.258211],[109.768352,-7.257804],[109.768221,-7.257234],[109.768118,-7.25679],[109.76794,-7.256102],[109.768013,-7.255569],[109.76823,-7.254891],[109.768175,-7.254566],[109.767517,-7.254193],[109.766625,-7.253748],[109.766237,-7.253475],[109.765939,-7.253212],[109.765601,-7.252849],[109.765268,-7.252514],[109.765035,-7.252224],[109.764882,-7.251871],[109.76472,-7.251264],[109.764639,-7.250649],[109.765011,-7.249999],[109.765852,-7.248916],[109.766482,-7.247977],[109.76753,-7.247139],[109.767847,-7.2461],[109.767118,-7.244741],[109.765552,-7.243796],[109.764299,-7.242961],[109.763152,-7.241384],[109.761796,-7.239925],[109.760337,-7.238148],[109.762641,-7.237105],[109.763689,-7.236375],[109.76495,-7.234498],[109.76558,-7.233568],[109.766524,-7.232729],[109.767992,-7.231485],[109.769041,-7.230231],[109.769357,-7.229291],[109.771241,-7.229089],[109.771762,-7.229922],[109.772805,-7.230865],[109.775031,-7.229289],[109.775242,-7.228765],[109.775348,-7.22824],[109.775767,-7.227825],[109.776501,-7.227303],[109.777129,-7.227205],[109.779117,-7.227002],[109.780582,-7.226798],[109.781524,-7.226593],[109.782572,-7.226071],[109.783515,-7.22545],[109.784354,-7.224611],[109.785404,-7.223365],[109.786765,-7.222736],[109.787706,-7.222947],[109.788542,-7.223374],[109.789275,-7.223168],[109.790113,-7.222745],[109.789603,-7.22136],[109.789501,-7.220211],[109.7894,-7.218755],[109.788879,-7.21812],[109.78794,-7.217286],[109.787317,-7.215403],[109.787531,-7.213631],[109.787327,-7.211858],[109.786283,-7.211014],[109.784614,-7.209237],[109.784512,-7.208197],[109.784201,-7.207047],[109.785888,-7.204926],[109.787249,-7.204405],[109.788715,-7.203885],[109.790288,-7.202532],[109.790813,-7.201702],[109.792908,-7.200558],[109.795211,-7.200149],[109.797513,-7.19963],[109.799713,-7.198379],[109.801181,-7.197343],[109.802332,-7.197029],[109.802748,-7.197971],[109.803371,-7.199645],[109.803471,-7.201527],[109.803988,-7.203717],[109.805239,-7.205601],[109.80724,-7.209396],[109.808075,-7.210547],[109.809326,-7.212114],[109.811099,-7.213901],[109.812036,-7.215884],[109.812656,-7.218599],[109.814011,-7.220691],[109.816969,-7.222065],[109.815607,-7.22321]]]]}},{"id":"10","type":"Feature","properties":{"KECAMATAN":"Punggelan"},"geometry":{"type":"MultiPolygon","coordinates":[[[[109.625001,-7.265884],[109.625285,-7.266093],[109.62579,-7.266076],[109.626242,-7.265969],[109.626677,-7.265835],[109.628628,-7.264882],[109.62948,-7.264921],[109.630227,-7.26543],[109.631064,-7.266282],[109.631806,-7.267107],[109.632806,-7.26806],[109.633633,-7.26884],[109.634492,-7.269603],[109.635386,-7.270528],[109.636182,-7.271308],[109.6388,-7.273206],[109.639561,-7.273561],[109.640447,-7.273699],[109.641222,-7.274144],[109.64194,-7.274391],[109.642794,-7.274656],[109.643762,-7.274975],[109.644404,-7.275221],[109.644917,-7.275584],[109.645437,-7.275966],[109.645949,-7.276582],[109.64626,-7.277108],[109.646562,-7.277841],[109.646891,-7.278593],[109.647303,-7.279471],[109.648057,-7.280993],[109.64841,-7.281645],[109.648901,-7.282279],[109.649372,-7.283393],[109.649577,-7.284027],[109.649792,-7.284416],[109.650108,-7.284743],[109.651295,-7.286157],[109.652083,-7.286838],[109.652558,-7.287445],[109.653004,-7.288197],[109.65345,-7.288922],[109.653718,-7.289474],[109.654004,-7.290018],[109.654485,-7.291204],[109.655231,-7.292807],[109.655325,-7.293322],[109.655432,-7.29382],[109.655508,-7.294137],[109.655715,-7.29477],[109.655841,-7.295205],[109.655972,-7.295621],[109.656277,-7.29687],[109.65654,-7.298092],[109.656728,-7.299304],[109.656934,-7.300499],[109.657066,-7.30172],[109.657128,-7.302887],[109.657038,-7.303691],[109.656908,-7.304306],[109.656802,-7.30474],[109.656767,-7.305192],[109.656749,-7.305553],[109.656665,-7.305906],[109.656263,-7.306375],[109.655678,-7.306617],[109.65506,-7.306769],[109.654092,-7.307047],[109.653374,-7.307243],[109.652956,-7.307396],[109.652388,-7.30762],[109.651836,-7.307926],[109.651352,-7.308205],[109.650883,-7.308538],[109.650566,-7.3088],[109.650224,-7.309278],[109.650019,-7.309666],[109.649783,-7.310127],[109.649594,-7.310578],[109.649296,-7.310957],[109.648967,-7.311309],[109.648685,-7.311606],[109.648246,-7.311858],[109.647652,-7.312055],[109.647119,-7.312244],[109.64629,-7.312585],[109.645601,-7.31289],[109.645257,-7.312998],[109.645021,-7.313341],[109.644919,-7.313937],[109.644977,-7.31439],[109.645035,-7.31477],[109.644994,-7.31524],[109.644482,-7.315591],[109.644205,-7.315898],[109.644282,-7.316486],[109.64432,-7.317055],[109.644142,-7.317353],[109.643825,-7.317859],[109.643489,-7.31841],[109.64337,-7.318825],[109.64333,-7.319214],[109.643702,-7.319604],[109.644391,-7.319669],[109.644863,-7.319607],[109.645414,-7.319627],[109.645885,-7.319728],[109.646382,-7.320082],[109.646504,-7.320408],[109.64645,-7.320887],[109.646325,-7.321466],[109.645989,-7.321971],[109.645813,-7.322386],[109.645688,-7.322775],[109.645687,-7.323263],[109.64609,-7.323717],[109.646423,-7.323971],[109.646632,-7.324243],[109.646947,-7.324669],[109.64707,-7.324968],[109.647051,-7.32532],[109.6468,-7.325781],[109.646887,-7.326251],[109.646931,-7.326604],[109.64693,-7.327047],[109.647196,-7.327383],[109.647664,-7.327583],[109.648243,-7.327856],[109.6486,-7.328101],[109.648843,-7.328608],[109.648663,-7.329259],[109.648617,-7.329675],[109.648549,-7.330055],[109.648325,-7.330479],[109.648034,-7.330677],[109.647766,-7.330947],[109.647452,-7.331363],[109.647116,-7.331651],[109.647093,-7.332103],[109.647248,-7.332474],[109.647305,-7.333008],[109.647303,-7.333496],[109.647282,-7.333966],[109.647183,-7.334283],[109.646946,-7.334599],[109.646512,-7.334986],[109.646294,-7.335221],[109.646549,-7.335728],[109.646685,-7.336027],[109.646724,-7.336379],[109.646624,-7.336714],[109.646368,-7.336966],[109.645876,-7.337064],[109.645581,-7.336864],[109.645149,-7.336555],[109.64452,-7.33659],[109.644145,-7.336806],[109.643869,-7.337076],[109.643651,-7.337546],[109.64361,-7.338097],[109.643609,-7.33845],[109.643687,-7.338785],[109.643782,-7.339337],[109.643978,-7.33978],[109.644156,-7.340242],[109.644119,-7.34064],[109.643813,-7.340892],[109.643901,-7.341426],[109.643918,-7.341779],[109.643917,-7.342195],[109.643808,-7.342565],[109.643664,-7.342872],[109.643394,-7.343152],[109.643107,-7.343296],[109.642677,-7.343421],[109.642372,-7.343583],[109.642048,-7.344115],[109.641869,-7.344757],[109.641704,-7.345145],[109.64123,-7.345551],[109.640695,-7.345739],[109.640386,-7.345901],[109.640057,-7.346081],[109.63985,-7.346532],[109.63989,-7.346903],[109.639929,-7.347392],[109.639887,-7.347744],[109.639845,-7.348115],[109.639885,-7.348522],[109.640129,-7.349111],[109.640788,-7.348932],[109.641137,-7.348915],[109.641609,-7.34935],[109.641648,-7.349983],[109.64142,-7.350516],[109.641255,-7.350796],[109.640926,-7.350985],[109.64051,-7.351228],[109.640256,-7.351435],[109.640036,-7.351697],[109.639798,-7.35232],[109.639628,-7.352862],[109.639424,-7.35335],[109.639255,-7.35363],[109.638815,-7.354153],[109.638324,-7.354703],[109.637563,-7.355424],[109.636971,-7.35601],[109.636464,-7.356379],[109.636058,-7.356668],[109.635393,-7.356946],[109.634769,-7.357215],[109.634457,-7.357287],[109.634106,-7.357286],[109.63356,-7.357166],[109.633131,-7.357075],[109.632331,-7.357145],[109.631766,-7.357324],[109.631511,-7.357531],[109.631276,-7.357883],[109.631177,-7.358308],[109.631156,-7.359103],[109.631192,-7.359827],[109.631229,-7.360587],[109.631266,-7.361147],[109.631285,-7.361518],[109.631127,-7.362178],[109.630716,-7.362647],[109.630273,-7.363387],[109.629899,-7.363992],[109.629299,-7.364578],[109.628708,-7.364883],[109.628196,-7.365081],[109.627566,-7.36535],[109.627211,-7.365467],[109.62666,-7.365565],[109.625814,-7.365661],[109.625164,-7.365759],[109.62454,-7.365947],[109.623446,-7.366296],[109.622684,-7.366637],[109.622019,-7.366997],[109.620827,-7.367491],[109.61976,-7.368148],[109.619025,-7.368634],[109.618471,-7.368876],[109.61789,-7.368893],[109.617255,-7.36842],[109.616442,-7.36726],[109.615766,-7.366761],[109.615364,-7.366669],[109.614689,-7.366676],[109.613886,-7.367126],[109.613182,-7.367169],[109.612558,-7.367375],[109.611949,-7.36769],[109.611259,-7.368411],[109.610874,-7.36888],[109.610024,-7.36942],[109.608984,-7.369688],[109.60836,-7.36974],[109.608056,-7.369893],[109.606967,-7.370423],[109.606214,-7.370692],[109.605478,-7.370988],[109.604693,-7.37142],[109.60354,-7.371968],[109.602824,-7.372418],[109.602224,-7.372931],[109.601625,-7.373309],[109.601274,-7.373561],[109.60082,-7.37384],[109.600075,-7.374308],[109.598847,-7.375019],[109.597423,-7.375512],[109.596398,-7.375979],[109.595698,-7.376402],[109.595098,-7.37687],[109.594523,-7.377167],[109.593274,-7.377588],[109.592649,-7.377884],[109.592324,-7.378236],[109.591948,-7.378732],[109.591647,-7.379247],[109.591221,-7.379969],[109.590795,-7.380519],[109.590119,-7.381032],[109.589195,-7.381581],[109.588644,-7.38195],[109.588319,-7.382202],[109.588169,-7.3825],[109.588007,-7.382861],[109.58786,-7.383394],[109.587761,-7.38391],[109.587589,-7.384506],[109.586982,-7.38482],[109.586544,-7.384819],[109.586035,-7.384555],[109.585527,-7.384192],[109.585115,-7.383901],[109.584727,-7.383746],[109.584363,-7.383727],[109.584095,-7.384016],[109.584239,-7.384622],[109.584674,-7.385057],[109.585328,-7.38562],[109.585667,-7.385956],[109.585544,-7.386516],[109.584741,-7.387065],[109.584084,-7.387452],[109.583451,-7.387884],[109.583111,-7.3881],[109.581703,-7.388195],[109.580804,-7.388147],[109.580416,-7.388164],[109.580099,-7.388651],[109.579832,-7.38903],[109.579386,-7.389399],[109.579088,-7.38967],[109.578889,-7.389986],[109.578838,-7.390483],[109.578663,-7.390998],[109.578316,-7.391241],[109.577897,-7.39085],[109.577551,-7.390768],[109.577032,-7.390965],[109.576808,-7.391236],[109.576659,-7.391579],[109.575891,-7.391875],[109.57515,-7.391827],[109.574532,-7.391599],[109.574088,-7.391381],[109.572953,-7.390464],[109.571696,-7.389131],[109.571129,-7.388758],[109.570116,-7.388384],[109.568918,-7.388073],[109.568051,-7.387645],[109.567316,-7.387227],[109.566922,-7.387144],[109.566501,-7.387197],[109.565789,-7.387611],[109.565262,-7.388079],[109.564654,-7.388846],[109.564153,-7.389441],[109.563862,-7.389838],[109.563493,-7.390072],[109.562966,-7.390486],[109.562438,-7.390982],[109.562542,-7.39034],[109.562982,-7.389681],[109.563582,-7.388679],[109.564271,-7.387217],[109.564741,-7.386305],[109.564947,-7.385456],[109.565092,-7.384579],[109.564915,-7.382996],[109.56443,-7.382027],[109.56435,-7.381493],[109.564434,-7.380788],[109.564537,-7.380345],[109.564702,-7.379694],[109.564765,-7.37908],[109.564542,-7.378799],[109.563994,-7.378634],[109.56316,-7.378649],[109.562551,-7.378548],[109.562329,-7.378158],[109.561903,-7.377777],[109.561518,-7.377432],[109.560865,-7.377295],[109.56054,-7.37733],[109.560297,-7.377112],[109.560421,-7.376624],[109.560686,-7.3761],[109.560567,-7.375304],[109.560299,-7.375095],[109.559643,-7.374632],[109.559516,-7.374098],[109.559679,-7.373303],[109.559905,-7.373014],[109.560323,-7.372826],[109.559877,-7.371712],[109.559526,-7.371005],[109.559382,-7.370688],[109.558901,-7.370705],[109.558258,-7.370685],[109.557472,-7.370728],[109.555963,-7.370714],[109.555529,-7.370712],[109.55508,-7.37072],[109.55439,-7.370808],[109.553939,-7.370825],[109.553485,-7.370733],[109.552749,-7.370658],[109.552058,-7.370565],[109.551626,-7.370591],[109.550778,-7.370634],[109.55025,-7.37065],[109.549812,-7.370594],[109.549114,-7.370492],[109.548359,-7.370508],[109.547905,-7.37047],[109.547127,-7.370197],[109.546986,-7.370549],[109.54607,-7.370772],[109.544978,-7.370895],[109.544672,-7.371021],[109.544351,-7.371264],[109.544124,-7.371806],[109.543914,-7.372357],[109.543864,-7.372836],[109.543509,-7.373477],[109.543298,-7.374045],[109.542743,-7.375002],[109.542347,-7.375752],[109.541849,-7.376256],[109.541503,-7.376526],[109.541215,-7.376788],[109.540218,-7.377309],[109.538949,-7.378092],[109.538134,-7.378577],[109.537522,-7.378828],[109.536664,-7.37916],[109.536032,-7.378046],[109.536099,-7.377675],[109.535746,-7.376906],[109.535649,-7.376209],[109.535543,-7.375621],[109.535297,-7.374987],[109.535202,-7.374516],[109.535187,-7.374182],[109.535092,-7.373666],[109.534853,-7.373394],[109.534677,-7.373059],[109.53455,-7.372724],[109.534551,-7.372263],[109.534585,-7.371856],[109.534538,-7.371521],[109.534507,-7.371024],[109.534461,-7.370607],[109.534398,-7.370128],[109.534383,-7.369631],[109.534276,-7.369097],[109.534253,-7.368599],[109.534137,-7.368002],[109.534178,-7.367649],[109.534048,-7.36698],[109.534012,-7.366365],[109.534046,-7.365831],[109.53409,-7.365398],[109.534057,-7.364864],[109.534072,-7.364421],[109.534107,-7.363969],[109.534083,-7.363471],[109.534226,-7.362911],[109.534161,-7.362504],[109.534051,-7.361925],[109.534067,-7.361581],[109.534146,-7.361184],[109.534059,-7.360677],[109.53408,-7.360116],[109.534143,-7.359628],[109.534069,-7.359221],[109.534154,-7.358787],[109.534182,-7.358263],[109.534146,-7.357856],[109.534116,-7.357467],[109.533699,-7.356561],[109.533481,-7.356253],[109.533093,-7.355754],[109.532833,-7.355528],[109.532516,-7.355291],[109.531946,-7.354864],[109.531584,-7.354682],[109.531254,-7.354437],[109.53077,-7.354119],[109.530469,-7.353901],[109.530107,-7.35371],[109.529299,-7.353029],[109.528614,-7.35262],[109.528191,-7.352239],[109.527865,-7.351976],[109.527374,-7.351648],[109.526733,-7.350977],[109.526265,-7.350632],[109.525689,-7.350133],[109.524772,-7.349469],[109.524572,-7.349161],[109.523446,-7.349031],[109.522947,-7.348577],[109.522722,-7.348088],[109.522341,-7.347526],[109.521935,-7.347154],[109.521453,-7.346691],[109.520949,-7.346337],[109.520063,-7.346009],[109.519467,-7.34588],[109.519104,-7.345526],[109.519023,-7.345146],[109.518929,-7.344648],[109.518753,-7.34434],[109.518669,-7.343852],[109.518291,-7.343019],[109.518576,-7.342649],[109.518827,-7.341971],[109.519012,-7.341556],[109.519222,-7.341114],[109.519473,-7.340527],[109.519693,-7.34003],[109.520432,-7.338215],[109.520706,-7.337673],[109.520798,-7.337294],[109.520948,-7.336914],[109.521161,-7.336336],[109.521336,-7.335912],[109.521476,-7.335551],[109.521773,-7.334837],[109.521909,-7.334494],[109.522145,-7.33407],[109.52234,-7.333718],[109.522502,-7.333366],[109.522626,-7.332995],[109.522795,-7.332589],[109.523047,-7.332047],[109.523263,-7.331614],[109.523477,-7.331189],[109.523655,-7.330801],[109.523808,-7.33035],[109.523957,-7.329871],[109.524209,-7.32913],[109.524451,-7.328498],[109.524594,-7.327992],[109.524695,-7.327649],[109.524829,-7.327197],[109.525058,-7.326592],[109.525316,-7.326095],[109.526028,-7.32447],[109.52669,-7.323948],[109.527176,-7.323569],[109.527661,-7.323463],[109.528256,-7.3236],[109.528673,-7.323909],[109.52931,-7.324463],[109.529683,-7.324943],[109.530079,-7.325234],[109.53098,-7.325806],[109.532387,-7.326598],[109.532717,-7.326843],[109.533309,-7.327794],[109.533968,-7.32843],[109.534629,-7.328341],[109.535334,-7.328127],[109.536195,-7.327804],[109.536817,-7.327453],[109.53753,-7.326813],[109.538386,-7.326183],[109.538885,-7.325832],[109.54015,-7.32552],[109.540586,-7.325431],[109.541231,-7.325433],[109.541665,-7.325678],[109.542832,-7.326171],[109.544032,-7.326798],[109.544559,-7.326936],[109.545722,-7.32712],[109.546192,-7.327239],[109.546505,-7.327421],[109.546713,-7.327766],[109.546903,-7.328236],[109.547232,-7.328898],[109.547562,-7.329351],[109.548258,-7.329579],[109.548833,-7.329617],[109.549339,-7.329691],[109.549721,-7.330036],[109.550188,-7.331059],[109.550763,-7.331206],[109.551604,-7.331335],[109.552813,-7.331411],[109.554165,-7.331416],[109.554521,-7.331272],[109.55502,-7.330921],[109.55559,-7.330778],[109.556088,-7.330708],[109.556657,-7.330854],[109.557864,-7.331563],[109.55829,-7.331782],[109.55886,-7.331784],[109.559642,-7.331931],[109.560424,-7.332006],[109.560852,-7.33179],[109.561136,-7.332008],[109.561776,-7.332073],[109.562558,-7.332293],[109.562986,-7.331869],[109.563272,-7.331373],[109.563487,-7.330948],[109.56356,-7.330234],[109.563138,-7.329247],[109.56304,-7.328912],[109.562957,-7.328586],[109.563156,-7.328108],[109.563589,-7.328019],[109.564068,-7.327984],[109.564606,-7.328112],[109.565046,-7.328304],[109.565287,-7.328024],[109.565575,-7.326886],[109.565719,-7.326181],[109.565936,-7.325187],[109.565938,-7.324689],[109.565796,-7.3244],[109.565655,-7.323974],[109.565372,-7.32362],[109.564494,-7.322677],[109.564604,-7.322081],[109.564756,-7.32152],[109.564996,-7.320762],[109.565626,-7.319651],[109.565606,-7.319154],[109.565586,-7.31872],[109.565652,-7.318186],[109.565437,-7.31786],[109.564833,-7.317768],[109.564508,-7.318119],[109.564377,-7.318698],[109.564354,-7.319105],[109.563964,-7.31951],[109.563468,-7.3194],[109.563124,-7.319209],[109.562414,-7.318366],[109.562437,-7.317914],[109.562848,-7.317572],[109.563626,-7.317104],[109.564578,-7.316591],[109.564924,-7.31652],[109.566823,-7.3164],[109.567083,-7.316211],[109.567149,-7.315822],[109.567323,-7.315343],[109.567605,-7.314973],[109.568033,-7.314613],[109.568319,-7.314334],[109.568676,-7.31391],[109.568891,-7.313485],[109.568893,-7.312843],[109.568399,-7.311422],[109.5684,-7.310997],[109.568188,-7.310571],[109.568048,-7.309856],[109.567766,-7.309222],[109.567484,-7.308299],[109.567202,-7.307656],[109.56706,-7.307303],[109.567133,-7.306951],[109.567277,-7.306454],[109.567278,-7.305956],[109.566782,-7.305313],[109.56657,-7.304742],[109.566644,-7.30411],[109.566718,-7.303043],[109.567,-7.302004],[109.567181,-7.301362],[109.567344,-7.300702],[109.567846,-7.300279],[109.568221,-7.300244],[109.56856,-7.300553],[109.569041,-7.300889],[109.56947,-7.300836],[109.569668,-7.300538],[109.569687,-7.300059],[109.569743,-7.299553],[109.570029,-7.299345],[109.570923,-7.299421],[109.571942,-7.29937],[109.57239,-7.299172],[109.572783,-7.299101],[109.573229,-7.299301],[109.573584,-7.300189],[109.574049,-7.300263],[109.574532,-7.300119],[109.574997,-7.299895],[109.575374,-7.299435],[109.575429,-7.299091],[109.575305,-7.298738],[109.574832,-7.298113],[109.574612,-7.297669],[109.574671,-7.297226],[109.574953,-7.296829],[109.575199,-7.296622],[109.575655,-7.296307],[109.576743,-7.295749],[109.57776,-7.295355],[109.57838,-7.294986],[109.578871,-7.29478],[109.579421,-7.294664],[109.580296,-7.294892],[109.581437,-7.29543],[109.582071,-7.295124],[109.582539,-7.294511],[109.582941,-7.294114],[109.583299,-7.293771],[109.584055,-7.293322],[109.584517,-7.293197],[109.585259,-7.293127],[109.586192,-7.292867],[109.586673,-7.292878],[109.587854,-7.293044],[109.591995,-7.292497],[109.592491,-7.293086],[109.592924,-7.293431],[109.593829,-7.293506],[109.594713,-7.293961],[109.595063,-7.294541],[109.595337,-7.295129],[109.595487,-7.295419],[109.596151,-7.296082],[109.597192,-7.296772],[109.597811,-7.29709],[109.598122,-7.297345],[109.598459,-7.297834],[109.598694,-7.298196],[109.599393,-7.298877],[109.60004,-7.299295],[109.600589,-7.299432],[109.601408,-7.299607],[109.601822,-7.299897],[109.602086,-7.300857],[109.602512,-7.300605],[109.603493,-7.299857],[109.604104,-7.299506],[109.604603,-7.299318],[109.605229,-7.299338],[109.606047,-7.299467],[109.606544,-7.299631],[109.607347,-7.299616],[109.608326,-7.299619],[109.608968,-7.299747],[109.609657,-7.299994],[109.610122,-7.300086],[109.610893,-7.300106],[109.611374,-7.300144],[109.612048,-7.300354],[109.612706,-7.300464],[109.613747,-7.30044],[109.614421,-7.30056],[109.614822,-7.300634],[109.615287,-7.300707],[109.615594,-7.300112],[109.615884,-7.299633],[109.616431,-7.299201],[109.617027,-7.298741],[109.617045,-7.298036],[109.617374,-7.295469],[109.617359,-7.294926],[109.617296,-7.2946],[109.617039,-7.293939],[109.616849,-7.293242],[109.616708,-7.291949],[109.616791,-7.29118],[109.617065,-7.290829],[109.61795,-7.289918],[109.617953,-7.289249],[109.617936,-7.288833],[109.61798,-7.288254],[109.617714,-7.287593],[109.617379,-7.286814],[109.617286,-7.286009],[109.617223,-7.285611],[109.616777,-7.28428],[109.616651,-7.283683],[109.616797,-7.283159],[109.61683,-7.282137],[109.616816,-7.281368],[109.616946,-7.28089],[109.617188,-7.280456],[109.61743,-7.280131],[109.617704,-7.279798],[109.61777,-7.279174],[109.617803,-7.278776],[109.61819,-7.27828],[109.618725,-7.277784],[109.618898,-7.276419],[109.619037,-7.275778],[109.619081,-7.27528],[109.619153,-7.274874],[109.61928,-7.274169],[109.619428,-7.273328],[109.619838,-7.271747],[109.619971,-7.271168],[109.620107,-7.270735],[109.620135,-7.270029],[109.6203,-7.269695],[109.620491,-7.269108],[109.620701,-7.268611],[109.621045,-7.267862],[109.621252,-7.267311],[109.621503,-7.26695],[109.621746,-7.266562],[109.621898,-7.266065],[109.622134,-7.265722],[109.622443,-7.265153],[109.622592,-7.264638],[109.622512,-7.263616],[109.62307,-7.263373],[109.623511,-7.26342],[109.623989,-7.263684],[109.624449,-7.263866],[109.624727,-7.264084],[109.624992,-7.264374],[109.625001,-7.265884]]]]}},{"id":"11","type":"Feature","properties":{"KECAMATAN":"Purwonegoro"},"geometry":{"type":"MultiPolygon","coordinates":[[[[109.590277,-7.406372],[109.590555,-7.406626],[109.59114,-7.406573],[109.591382,-7.407198],[109.591569,-7.407579],[109.591594,-7.408049],[109.591328,-7.408998],[109.59159,-7.409324],[109.592073,-7.409506],[109.592975,-7.409871],[109.593144,-7.410468],[109.593406,-7.410786],[109.593535,-7.411148],[109.593889,-7.411339],[109.594477,-7.411539],[109.595082,-7.411686],[109.595554,-7.41167],[109.596107,-7.411165],[109.596441,-7.410361],[109.596744,-7.409657],[109.597261,-7.40955],[109.597897,-7.409226],[109.598825,-7.409618],[109.599367,-7.409873],[109.599964,-7.410354],[109.600308,-7.4105],[109.600843,-7.410628],[109.602085,-7.410985],[109.602755,-7.411104],[109.602973,-7.411431],[109.603681,-7.411641],[109.604006,-7.411886],[109.604133,-7.413876],[109.604056,-7.415666],[109.603797,-7.416995],[109.603736,-7.417917],[109.604124,-7.419763],[109.60388,-7.420757],[109.603968,-7.422313],[109.603787,-7.423343],[109.60374,-7.424301],[109.603809,-7.4247],[109.604931,-7.425653],[109.604981,-7.426024],[109.605106,-7.426738],[109.60506,-7.427371],[109.604707,-7.428473],[109.604252,-7.429485],[109.604033,-7.430407],[109.603936,-7.430867],[109.603958,-7.431284],[109.603978,-7.431682],[109.604021,-7.432071],[109.604052,-7.432595],[109.604159,-7.434504],[109.604183,-7.435607],[109.604106,-7.436194],[109.603452,-7.436862],[109.60327,-7.437386],[109.603279,-7.437892],[109.603281,-7.438453],[109.603474,-7.440253],[109.603376,-7.441302],[109.603285,-7.442187],[109.60326,-7.443616],[109.603301,-7.444295],[109.603193,-7.444873],[109.603379,-7.446411],[109.603497,-7.446782],[109.603553,-7.447189],[109.603769,-7.447995],[109.603998,-7.448429],[109.604258,-7.448882],[109.603957,-7.449361],[109.60396,-7.449686],[109.604008,-7.450075],[109.604086,-7.450537],[109.60421,-7.451351],[109.604149,-7.451677],[109.603808,-7.451675],[109.603417,-7.451783],[109.603245,-7.452216],[109.603268,-7.452705],[109.603483,-7.453275],[109.603404,-7.453591],[109.603052,-7.45378],[109.602964,-7.454277],[109.602905,-7.454811],[109.602631,-7.455054],[109.602008,-7.455793],[109.602188,-7.456111],[109.602602,-7.45603],[109.602732,-7.455687],[109.603059,-7.455652],[109.603326,-7.456105],[109.603265,-7.456503],[109.603147,-7.456991],[109.603512,-7.457164],[109.603817,-7.457282],[109.603835,-7.457644],[109.603446,-7.458321],[109.603273,-7.458809],[109.603386,-7.459153],[109.603788,-7.460447],[109.603901,-7.461949],[109.603918,-7.463007],[109.60391,-7.46364],[109.603949,-7.464508],[109.604072,-7.465458],[109.6038,-7.468785],[109.603679,-7.46987],[109.603625,-7.470765],[109.603335,-7.471162],[109.602791,-7.47164],[109.602645,-7.471946],[109.60256,-7.472308],[109.602622,-7.472634],[109.602911,-7.473367],[109.602701,-7.473828],[109.602595,-7.474451],[109.602593,-7.474994],[109.602675,-7.475555],[109.602819,-7.476116],[109.603006,-7.476451],[109.603339,-7.476552],[109.603755,-7.476779],[109.60417,-7.477495],[109.603793,-7.478136],[109.603374,-7.478822],[109.603205,-7.479237],[109.603015,-7.480177],[109.603051,-7.48081],[109.603443,-7.482059],[109.603462,-7.482783],[109.603377,-7.483226],[109.602957,-7.484074],[109.602642,-7.484842],[109.602368,-7.485764],[109.601809,-7.486386],[109.602064,-7.486658],[109.602304,-7.487138],[109.602434,-7.487672],[109.602692,-7.48789],[109.60311,-7.488072],[109.603459,-7.488263],[109.603913,-7.488536],[109.604222,-7.488727],[109.605178,-7.489236],[109.605706,-7.489817],[109.606009,-7.490134],[109.606283,-7.490478],[109.606654,-7.490959],[109.607059,-7.491277],[109.60637,-7.492088],[109.606099,-7.492277],[109.60545,-7.492773],[109.605636,-7.493316],[109.605655,-7.494067],[109.605774,-7.495007],[109.605813,-7.495903],[109.605948,-7.496708],[109.605684,-7.497096],[109.605706,-7.49763],[109.606311,-7.498021],[109.606934,-7.498384],[109.607226,-7.498521],[109.60778,-7.49864],[109.60811,-7.498786],[109.608623,-7.49905],[109.610862,-7.499102],[109.612657,-7.499071],[109.613876,-7.49903],[109.61509,-7.498871],[109.614994,-7.499395],[109.615121,-7.499703],[109.615285,-7.500391],[109.615199,-7.500952],[109.615017,-7.501349],[109.614393,-7.501492],[109.613562,-7.50186],[109.61327,-7.50213],[109.612948,-7.5024],[109.612861,-7.502789],[109.612935,-7.503106],[109.612963,-7.503486],[109.613447,-7.503767],[109.613228,-7.50421],[109.612822,-7.504453],[109.612492,-7.504614],[109.611915,-7.504821],[109.611658,-7.504612],[109.611338,-7.50443],[109.610607,-7.504599],[109.610289,-7.50468],[109.609815,-7.504769],[109.609031,-7.504839],[109.608657,-7.50481],[109.608072,-7.504736],[109.607453,-7.50477],[109.606996,-7.50476],[109.606716,-7.504931],[109.606343,-7.505201],[109.605829,-7.505453],[109.604993,-7.505567],[109.604308,-7.505791],[109.603626,-7.505889],[109.603109,-7.505905],[109.602498,-7.505975],[109.602124,-7.506155],[109.601824,-7.50676],[109.601372,-7.507383],[109.601074,-7.50778],[109.600783,-7.508158],[109.60051,-7.508411],[109.599433,-7.50876],[109.599126,-7.508849],[109.598746,-7.509319],[109.598038,-7.51013],[109.597548,-7.510436],[109.597084,-7.510453],[109.596672,-7.510696],[109.595636,-7.511081],[109.595163,-7.511215],[109.594816,-7.511268],[109.594515,-7.511448],[109.594511,-7.511946],[109.594525,-7.512371],[109.594307,-7.512641],[109.593922,-7.512957],[109.59335,-7.513262],[109.592989,-7.513415],[109.591242,-7.513698],[109.590436,-7.513678],[109.589697,-7.513476],[109.58924,-7.513484],[109.588745,-7.513582],[109.588443,-7.513852],[109.588281,-7.514223],[109.588125,-7.51462],[109.587869,-7.514999],[109.587595,-7.515251],[109.58711,-7.515575],[109.586712,-7.51504],[109.586444,-7.514461],[109.585847,-7.514034],[109.585062,-7.513688],[109.584622,-7.513623],[109.584226,-7.513622],[109.583511,-7.513556],[109.583033,-7.513446],[109.582459,-7.513272],[109.582078,-7.513316],[109.581624,-7.513324],[109.580882,-7.513466],[109.5804,-7.513501],[109.579977,-7.51349],[109.579342,-7.513434],[109.578888,-7.513342],[109.578296,-7.513277],[109.57792,-7.51324],[109.577439,-7.513238],[109.576541,-7.513199],[109.576001,-7.513179],[109.575159,-7.513222],[109.574465,-7.513246],[109.573901,-7.513299],[109.573289,-7.513315],[109.572937,-7.513323],[109.572102,-7.513239],[109.571797,-7.513111],[109.571305,-7.512549],[109.571049,-7.512005],[109.57085,-7.511643],[109.570605,-7.511253],[109.570306,-7.510873],[109.569999,-7.510546],[109.569711,-7.51031],[109.5691,-7.509964],[109.568727,-7.509873],[109.568387,-7.509826],[109.568061,-7.50978],[109.567384,-7.50976],[109.566819,-7.509713],[109.566483,-7.509685],[109.56595,-7.509692],[109.565573,-7.509754],[109.564983,-7.509689],[109.564327,-7.509506],[109.563983,-7.509396],[109.563605,-7.50935],[109.563132,-7.509267],[109.56264,-7.509301],[109.562238,-7.509408],[109.561706,-7.509542],[109.561354,-7.509577],[109.560895,-7.509621],[109.560439,-7.50962],[109.559816,-7.509654],[109.559474,-7.509806],[109.559005,-7.50985],[109.558529,-7.509894],[109.55811,-7.510055],[109.557494,-7.510342],[109.557198,-7.510513],[109.556822,-7.510874],[109.55657,-7.511108],[109.555856,-7.511558],[109.555111,-7.51161],[109.554311,-7.511336],[109.553884,-7.51109],[109.553418,-7.510872],[109.552981,-7.510988],[109.552133,-7.51132],[109.55178,-7.5114],[109.551388,-7.511525],[109.551405,-7.511896],[109.551163,-7.512193],[109.550356,-7.512797],[109.549836,-7.513256],[109.54939,-7.51377],[109.548997,-7.514429],[109.548655,-7.515115],[109.548428,-7.515829],[109.548242,-7.516913],[109.548126,-7.517546],[109.548068,-7.517907],[109.547972,-7.518314],[109.547869,-7.518703],[109.547813,-7.519019],[109.547533,-7.519651],[109.547012,-7.520382],[109.546705,-7.520788],[109.546421,-7.521248],[109.546114,-7.521762],[109.54587,-7.522177],[109.545468,-7.522637],[109.545032,-7.522672],[109.544666,-7.522589],[109.544203,-7.522335],[109.54381,-7.521917],[109.543552,-7.521618],[109.543095,-7.521273],[109.542673,-7.521036],[109.542379,-7.520855],[109.542063,-7.520664],[109.541605,-7.520409],[109.541113,-7.520009],[109.540666,-7.519655],[109.540191,-7.519229],[109.539742,-7.518766],[109.539478,-7.518286],[109.539292,-7.517788],[109.539118,-7.517353],[109.538894,-7.516873],[109.538658,-7.516511],[109.538446,-7.516221],[109.537921,-7.515776],[109.537495,-7.515648],[109.536707,-7.515582],[109.535993,-7.515552],[109.535354,-7.515541],[109.534577,-7.515566],[109.533813,-7.515581],[109.533149,-7.515633],[109.532172,-7.515693],[109.53142,-7.515736],[109.530656,-7.515788],[109.529879,-7.515776],[109.52936,-7.515756],[109.528868,-7.515782],[109.528198,-7.51578],[109.527281,-7.515758],[109.526001,-7.515673],[109.525531,-7.515535],[109.525179,-7.515417],[109.524698,-7.515117],[109.524171,-7.514645],[109.523819,-7.514282],[109.523468,-7.51391],[109.523198,-7.513656],[109.522763,-7.513338],[109.522401,-7.513065],[109.521463,-7.512465],[109.521671,-7.512177],[109.521801,-7.511824],[109.521917,-7.511418],[109.52192,-7.510975],[109.521843,-7.510586],[109.521916,-7.510233],[109.522158,-7.509845],[109.522385,-7.50952],[109.522838,-7.50916],[109.523073,-7.508899],[109.523308,-7.508664],[109.523642,-7.508358],[109.523933,-7.507771],[109.524132,-7.507256],[109.524777,-7.506662],[109.525088,-7.506536],[109.525255,-7.506148],[109.52594,-7.505472],[109.526226,-7.505202],[109.526573,-7.504805],[109.526985,-7.504635],[109.527045,-7.503785],[109.527103,-7.502763],[109.526903,-7.502139],[109.526872,-7.501731],[109.52659,-7.501197],[109.526201,-7.500662],[109.52618,-7.500337],[109.526316,-7.500002],[109.527047,-7.499625],[109.528841,-7.499504],[109.530499,-7.49951],[109.531459,-7.499622],[109.532659,-7.499391],[109.533689,-7.499005],[109.533978,-7.498708],[109.534129,-7.498274],[109.536313,-7.496988],[109.536929,-7.496574],[109.537688,-7.496089],[109.53831,-7.495729],[109.539132,-7.495243],[109.539896,-7.494694],[109.540193,-7.494397],[109.540822,-7.493639],[109.5416,-7.492828],[109.54234,-7.491935],[109.543332,-7.490374],[109.543675,-7.489815],[109.543867,-7.489056],[109.543903,-7.488296],[109.543588,-7.48749],[109.543549,-7.486993],[109.543412,-7.486504],[109.543224,-7.48606],[109.542995,-7.485671],[109.542763,-7.485281],[109.542532,-7.484783],[109.542246,-7.484484],[109.541951,-7.484302],[109.541601,-7.484075],[109.540698,-7.482598],[109.54019,-7.4819],[109.539517,-7.481111],[109.538934,-7.480403],[109.538484,-7.479787],[109.538345,-7.479343],[109.538298,-7.478819],[109.538338,-7.478186],[109.538328,-7.477508],[109.538468,-7.476522],[109.53868,-7.475592],[109.538486,-7.475256],[109.538079,-7.475364],[109.537558,-7.475317],[109.537241,-7.475207],[109.536506,-7.474743],[109.535935,-7.474552],[109.53554,-7.474641],[109.535336,-7.474984],[109.535233,-7.475616],[109.535267,-7.476014],[109.535369,-7.476449],[109.535381,-7.476792],[109.53521,-7.477072],[109.534579,-7.477197],[109.533882,-7.476941],[109.533591,-7.476651],[109.533059,-7.475944],[109.532758,-7.475653],[109.532388,-7.475553],[109.532004,-7.475624],[109.531578,-7.475803],[109.531248,-7.476046],[109.530876,-7.476551],[109.530381,-7.476957],[109.529923,-7.476982],[109.529558,-7.476945],[109.529147,-7.476681],[109.528545,-7.476309],[109.52786,-7.476125],[109.527184,-7.476259],[109.526899,-7.47577],[109.526541,-7.474991],[109.526225,-7.47414],[109.525917,-7.473325],[109.525613,-7.472428],[109.525318,-7.471288],[109.525121,-7.470772],[109.524882,-7.469984],[109.524592,-7.469151],[109.524301,-7.468264],[109.523889,-7.467268],[109.52361,-7.466363],[109.523728,-7.465884],[109.52428,-7.465389],[109.524055,-7.464927],[109.523799,-7.464727],[109.523471,-7.464626],[109.52314,-7.464381],[109.522157,-7.463699],[109.521828,-7.463228],[109.521467,-7.462929],[109.520991,-7.462737],[109.520526,-7.462654],[109.519999,-7.462634],[109.519199,-7.462776],[109.519192,-7.462143],[109.519125,-7.461591],[109.519019,-7.461094],[109.519749,-7.460771],[109.519867,-7.460174],[109.519874,-7.459234],[109.519775,-7.458193],[109.519776,-7.457081],[109.51249,-7.457301],[109.512673,-7.455963],[109.512717,-7.455168],[109.512747,-7.4543],[109.512696,-7.453531],[109.512636,-7.452527],[109.512544,-7.451469],[109.512613,-7.450574],[109.512702,-7.450248],[109.51277,-7.449634],[109.51275,-7.449154],[109.512795,-7.448567],[109.512884,-7.448133],[109.513149,-7.447519],[109.513719,-7.447168],[109.514069,-7.447214],[109.514549,-7.447524],[109.515248,-7.448032],[109.515902,-7.448658],[109.516753,-7.449584],[109.517385,-7.45011],[109.517932,-7.450239],[109.518392,-7.44996],[109.518481,-7.449562],[109.518483,-7.449192],[109.518441,-7.448585],[109.518465,-7.447925],[109.51851,-7.447537],[109.518797,-7.447194],[109.51927,-7.446816],[109.519814,-7.446727],[109.520191,-7.446819],[109.520781,-7.44692],[109.521654,-7.446923],[109.523077,-7.446829],[109.523661,-7.446668],[109.52404,-7.446434],[109.524371,-7.446128],[109.524585,-7.445658],[109.524706,-7.444881],[109.524639,-7.443805],[109.524524,-7.442764],[109.524526,-7.442249],[109.524692,-7.441942],[109.525259,-7.441826],[109.525707,-7.4419],[109.526226,-7.442019],[109.526675,-7.442048],[109.527289,-7.441996],[109.528301,-7.441881],[109.528881,-7.441657],[109.529335,-7.441306],[109.529639,-7.440783],[109.530019,-7.440205],[109.530297,-7.439799],[109.530726,-7.439376],[109.531181,-7.438979],[109.531459,-7.438655],[109.531812,-7.438375],[109.532595,-7.437953],[109.533477,-7.437603],[109.53388,-7.437379],[109.534133,-7.437153],[109.534487,-7.436775],[109.53479,-7.436577],[109.535429,-7.436515],[109.53577,-7.437159],[109.535743,-7.437683],[109.535716,-7.438289],[109.535738,-7.438913],[109.535913,-7.439366],[109.536089,-7.439674],[109.536617,-7.43992],[109.536919,-7.439749],[109.5374,-7.439172],[109.537755,-7.438422],[109.538033,-7.437899],[109.538236,-7.437646],[109.538689,-7.437521],[109.539117,-7.437649],[109.539494,-7.437723],[109.540074,-7.437571],[109.54052,-7.437192],[109.54092,-7.43666],[109.541647,-7.435867],[109.542139,-7.435543],[109.542514,-7.435381],[109.543098,-7.435266],[109.544011,-7.435178],[109.544222,-7.434754],[109.544247,-7.434428],[109.544132,-7.433967],[109.543901,-7.433053],[109.543786,-7.432492],[109.543928,-7.432004],[109.544209,-7.431752],[109.54456,-7.431563],[109.545005,-7.431474],[109.54587,-7.431567],[109.546664,-7.431597],[109.547063,-7.431408],[109.547391,-7.431111],[109.548229,-7.430426],[109.54857,-7.430364],[109.548954,-7.430429],[109.54953,-7.430684],[109.550021,-7.430939],[109.550577,-7.430814],[109.550685,-7.430434],[109.550686,-7.429838],[109.550646,-7.429069],[109.550711,-7.428725],[109.551013,-7.428093],[109.551441,-7.427751],[109.551911,-7.427662],[109.552252,-7.427736],[109.552742,-7.428162],[109.55304,-7.428543],[109.553102,-7.429095],[109.552801,-7.429673],[109.552671,-7.430242],[109.552777,-7.430568],[109.553225,-7.430823],[109.553609,-7.430779],[109.553973,-7.430608],[109.55423,-7.430383],[109.554402,-7.43004],[109.55466,-7.429507],[109.554704,-7.428992],[109.554812,-7.428676],[109.554984,-7.428332],[109.555156,-7.428044],[109.55567,-7.42772],[109.556119,-7.427549],[109.556609,-7.427705],[109.556843,-7.428176],[109.556799,-7.428492],[109.556455,-7.429025],[109.556005,-7.429656],[109.555855,-7.429954],[109.55596,-7.430361],[109.55628,-7.430408],[109.556665,-7.430318],[109.557221,-7.430067],[109.557457,-7.429769],[109.557694,-7.429019],[109.557967,-7.428116],[109.558149,-7.427818],[109.558482,-7.427403],[109.558844,-7.427133],[109.559357,-7.427045],[109.559899,-7.42711],[109.56023,-7.427255],[109.560409,-7.42759],[109.560468,-7.428007],[109.560588,-7.428396],[109.560828,-7.428704],[109.561128,-7.428967],[109.5617,-7.429032],[109.562092,-7.428916],[109.562605,-7.428556],[109.563029,-7.428015],[109.563648,-7.428578],[109.564475,-7.428806],[109.565315,-7.429035],[109.566127,-7.429119],[109.566825,-7.429176],[109.567333,-7.429123],[109.567883,-7.428962],[109.568866,-7.428703],[109.569581,-7.430668],[109.568551,-7.431189],[109.567751,-7.431629],[109.567905,-7.432181],[109.567994,-7.43267],[109.568058,-7.433095],[109.568457,-7.434064],[109.568825,-7.435042],[109.56922,-7.436318],[109.569797,-7.436157],[109.569991,-7.435805],[109.570159,-7.435372],[109.570443,-7.435047],[109.570611,-7.434713],[109.570358,-7.433899],[109.570518,-7.433555],[109.571041,-7.433286],[109.571408,-7.433151],[109.572085,-7.432936],[109.572874,-7.432749],[109.573816,-7.432815],[109.574564,-7.432194],[109.575128,-7.431906],[109.575509,-7.431718],[109.575775,-7.431492],[109.575967,-7.431149],[109.576379,-7.431015],[109.577033,-7.430972],[109.577657,-7.430938],[109.578865,-7.430553],[109.578672,-7.430037],[109.578091,-7.428715],[109.576947,-7.426531],[109.577726,-7.426136],[109.57857,-7.425759],[109.579583,-7.425274],[109.580241,-7.424978],[109.581055,-7.424573],[109.581608,-7.424249],[109.581933,-7.424043],[109.582421,-7.4238],[109.58401,-7.423082],[109.583684,-7.422267],[109.583486,-7.421723],[109.583113,-7.420556],[109.582655,-7.419659],[109.582082,-7.418536],[109.581603,-7.41735],[109.580233,-7.415139],[109.580824,-7.414833],[109.581219,-7.414409],[109.581585,-7.414212],[109.582363,-7.414133],[109.583581,-7.413974],[109.58479,-7.413607],[109.585578,-7.413193],[109.586057,-7.412833],[109.586339,-7.412436],[109.586679,-7.411849],[109.586934,-7.411018],[109.58737,-7.409808],[109.587651,-7.409167],[109.588112,-7.407902],[109.588497,-7.406872],[109.588905,-7.406385],[109.589185,-7.40616],[109.589541,-7.406089],[109.590277,-7.406372]]]]}},{"id":"12","type":"Feature","properties":{"KECAMATAN":"Purworejo Klampo"},"geometry":{"type":"MultiPolygon","coordinates":[[[[109.469731,-7.448863],[109.47034,-7.448983],[109.471316,-7.448959],[109.472201,-7.448718],[109.4733,-7.448179],[109.473734,-7.449266],[109.474439,-7.450398],[109.474506,-7.450806],[109.474592,-7.451511],[109.474664,-7.452262],[109.474687,-7.452651],[109.474468,-7.453147],[109.474075,-7.453363],[109.47316,-7.45393],[109.472363,-7.454551],[109.47196,-7.454857],[109.471562,-7.455145],[109.471515,-7.455543],[109.470964,-7.456255],[109.470724,-7.456733],[109.470561,-7.45714],[109.470371,-7.457474],[109.470077,-7.457762],[109.469571,-7.45805],[109.468643,-7.458318],[109.468261,-7.458181],[109.467901,-7.458116],[109.46741,-7.458187],[109.466688,-7.45823],[109.465761,-7.458498],[109.465572,-7.458777],[109.465314,-7.459012],[109.464947,-7.459607],[109.464538,-7.460899],[109.464082,-7.461747],[109.463475,-7.462514],[109.463672,-7.462831],[109.463733,-7.463455],[109.463895,-7.464089],[109.464207,-7.464668],[109.464888,-7.465557],[109.465708,-7.466545],[109.466249,-7.467343],[109.466717,-7.467941],[109.466717,-7.468511],[109.466731,-7.469425],[109.46676,-7.469895],[109.466788,-7.470627],[109.466945,-7.471559],[109.467019,-7.47241],[109.466977,-7.473332],[109.467011,-7.474309],[109.46711,-7.475159],[109.46705,-7.475864],[109.466982,-7.476714],[109.466783,-7.477355],[109.466721,-7.477934],[109.466727,-7.478811],[109.466785,-7.479769],[109.466822,-7.480583],[109.466898,-7.480964],[109.4676,-7.481291],[109.469746,-7.481227],[109.471104,-7.481096],[109.471349,-7.481449],[109.471717,-7.481894],[109.471866,-7.48231],[109.471716,-7.482762],[109.471888,-7.483133],[109.472352,-7.483388],[109.472531,-7.483822],[109.472601,-7.484374],[109.473076,-7.484864],[109.473238,-7.485245],[109.473205,-7.485769],[109.472353,-7.485974],[109.472114,-7.486263],[109.472177,-7.486986],[109.472335,-7.487385],[109.472612,-7.487684],[109.4722,-7.488071],[109.471582,-7.488603],[109.470875,-7.489043],[109.470257,-7.488707],[109.469412,-7.488206],[109.468618,-7.487761],[109.467968,-7.487415],[109.467461,-7.48735],[109.467053,-7.487538],[109.466857,-7.488026],[109.46668,-7.488577],[109.466548,-7.488983],[109.466363,-7.489389],[109.466097,-7.489786],[109.465781,-7.490138],[109.465175,-7.490253],[109.464491,-7.490233],[109.463886,-7.490149],[109.463281,-7.489975],[109.462799,-7.489929],[109.462398,-7.490108],[109.462129,-7.490686],[109.461703,-7.491471],[109.461432,-7.492184],[109.461277,-7.492826],[109.461192,-7.493531],[109.461402,-7.494246],[109.461703,-7.494717],[109.461714,-7.495423],[109.461727,-7.496445],[109.461728,-7.496779],[109.461673,-7.497141],[109.461802,-7.498289],[109.461756,-7.49875],[109.461765,-7.499275],[109.461399,-7.499554],[109.461012,-7.499715],[109.46069,-7.49976],[109.459525,-7.499575],[109.459094,-7.499546],[109.458692,-7.499707],[109.458471,-7.500005],[109.458447,-7.500421],[109.45851,-7.501018],[109.458706,-7.501742],[109.459099,-7.502865],[109.459291,-7.504701],[109.459236,-7.505216],[109.459107,-7.505948],[109.458596,-7.506968],[109.457467,-7.508076],[109.456143,-7.50941],[109.454339,-7.510932],[109.454217,-7.511483],[109.455103,-7.511984],[109.456323,-7.512684],[109.457202,-7.51313],[109.457855,-7.513775],[109.458412,-7.514373],[109.459275,-7.515308],[109.460158,-7.51626],[109.46091,-7.517511],[109.461497,-7.518444],[109.46184,-7.518889],[109.462256,-7.519378],[109.460818,-7.519889],[109.460394,-7.519923],[109.459215,-7.520552],[109.458704,-7.521039],[109.45818,-7.521589],[109.457826,-7.521868],[109.457482,-7.52212],[109.457021,-7.522507],[109.456443,-7.522921],[109.456017,-7.523127],[109.4557,-7.523253],[109.455266,-7.523251],[109.454568,-7.523203],[109.454262,-7.523383],[109.453921,-7.523563],[109.451682,-7.52389],[109.450938,-7.524086],[109.450581,-7.524148],[109.450221,-7.524255],[109.449709,-7.524407],[109.449271,-7.524505],[109.448278,-7.524655],[109.447897,-7.52469],[109.447488,-7.524707],[109.446841,-7.524795],[109.446338,-7.524811],[109.445963,-7.524792],[109.44559,-7.524664],[109.445144,-7.523695],[109.444757,-7.522762],[109.444358,-7.522055],[109.443802,-7.521122],[109.443228,-7.519881],[109.442837,-7.519455],[109.442554,-7.519065],[109.442211,-7.518774],[109.441838,-7.51852],[109.44181,-7.517941],[109.441756,-7.51738],[109.441836,-7.517064],[109.442347,-7.516179],[109.442708,-7.515539],[109.442858,-7.515132],[109.442926,-7.514798],[109.442913,-7.514454],[109.442781,-7.514083],[109.442548,-7.513594],[109.44294,-7.512908],[109.443171,-7.512312],[109.443451,-7.512006],[109.443818,-7.511528],[109.44396,-7.510895],[109.44415,-7.510353],[109.444385,-7.510119],[109.444741,-7.509976],[109.444932,-7.509669],[109.445014,-7.509299],[109.445176,-7.50872],[109.445407,-7.508106],[109.445938,-7.50762],[109.446251,-7.507205],[109.44668,-7.505941],[109.447089,-7.504857],[109.447227,-7.504143],[109.447165,-7.503627],[109.44674,-7.502387],[109.446816,-7.501555],[109.446589,-7.500885],[109.446033,-7.499807],[109.445527,-7.498775],[109.445604,-7.498459],[109.445612,-7.497907],[109.445627,-7.497554],[109.446033,-7.497511],[109.446427,-7.497467],[109.446748,-7.49726],[109.446799,-7.496645],[109.447341,-7.496457],[109.448186,-7.496026],[109.449246,-7.495433],[109.449456,-7.49471],[109.449295,-7.493905],[109.449098,-7.493154],[109.448846,-7.492484],[109.448416,-7.492211],[109.447765,-7.49182],[109.447481,-7.491385],[109.447574,-7.49106],[109.44779,-7.490672],[109.448249,-7.489968],[109.448687,-7.489156],[109.449099,-7.488578],[109.449588,-7.488101],[109.449981,-7.487533],[109.450313,-7.486982],[109.450663,-7.486423],[109.451301,-7.485629],[109.451397,-7.48468],[109.450961,-7.484226],[109.450324,-7.4837],[109.449803,-7.483544],[109.449129,-7.483433],[109.448393,-7.483431],[109.447807,-7.483609],[109.4473,-7.484033],[109.446714,-7.48422],[109.446129,-7.484083],[109.445571,-7.483846],[109.44448,-7.483598],[109.443443,-7.483223],[109.442778,-7.483067],[109.442352,-7.483039],[109.441873,-7.483136],[109.441313,-7.483243],[109.440861,-7.483241],[109.440435,-7.483158],[109.440037,-7.482813],[109.439959,-7.482289],[109.439988,-7.48162],[109.440176,-7.481042],[109.440497,-7.480645],[109.440977,-7.480457],[109.441403,-7.480322],[109.441778,-7.479826],[109.441593,-7.479473],[109.441167,-7.479345],[109.440715,-7.479316],[109.440235,-7.479423],[109.439596,-7.479548],[109.438877,-7.479599],[109.438345,-7.479597],[109.437838,-7.479813],[109.437304,-7.480127],[109.436904,-7.480551],[109.436531,-7.480676],[109.436025,-7.480674],[109.435626,-7.480546],[109.435254,-7.480274],[109.434963,-7.479875],[109.434778,-7.479295],[109.434781,-7.47868],[109.434755,-7.47831],[109.434464,-7.478019],[109.434019,-7.477792],[109.433532,-7.47788],[109.433372,-7.478178],[109.43321,-7.47881],[109.433021,-7.479343],[109.432754,-7.479794],[109.432434,-7.47992],[109.431925,-7.479873],[109.431379,-7.479781],[109.430766,-7.479444],[109.430471,-7.47919],[109.430153,-7.479008],[109.429471,-7.47887],[109.428993,-7.478823],[109.428515,-7.478984],[109.428172,-7.479209],[109.427671,-7.479451],[109.427033,-7.479611],[109.426578,-7.479583],[109.425919,-7.479354],[109.425305,-7.479036],[109.424533,-7.478626],[109.423875,-7.478262],[109.423467,-7.477736],[109.42306,-7.476984],[109.422745,-7.476097],[109.422519,-7.475626],[109.422224,-7.475308],[109.421906,-7.475216],[109.419982,-7.475246],[109.419583,-7.474485],[109.418679,-7.473478],[109.418098,-7.472671],[109.418132,-7.472318],[109.418295,-7.471894],[109.418556,-7.471579],[109.419141,-7.471056],[109.419758,-7.470769],[109.421187,-7.470195],[109.422485,-7.469585],[109.423428,-7.468974],[109.424078,-7.468271],[109.424405,-7.46772],[109.424471,-7.467295],[109.424473,-7.466617],[109.42438,-7.46555],[109.42414,-7.464193],[109.423754,-7.463206],[109.423699,-7.462355],[109.42373,-7.46175],[109.423732,-7.461189],[109.423617,-7.460728],[109.423356,-7.46032],[109.422977,-7.460029],[109.422541,-7.459584],[109.422747,-7.459151],[109.423099,-7.45889],[109.423683,-7.458775],[109.424529,-7.458958],[109.425316,-7.459187],[109.426279,-7.459254],[109.426951,-7.459139],[109.427362,-7.458761],[109.427509,-7.458182],[109.427481,-7.457857],[109.42722,-7.457594],[109.426375,-7.457066],[109.425705,-7.456512],[109.425415,-7.45596],[109.425709,-7.455581],[109.426412,-7.455005],[109.427084,-7.454799],[109.427667,-7.454919],[109.428162,-7.455183],[109.428365,-7.455852],[109.428478,-7.456612],[109.428594,-7.456993],[109.428797,-7.457482],[109.428999,-7.458043],[109.429289,-7.458713],[109.429725,-7.459266],[109.430191,-7.45953],[109.430681,-7.459369],[109.431134,-7.459027],[109.431971,-7.45847],[109.432633,-7.458029],[109.433678,-7.457644],[109.434828,-7.456961],[109.435456,-7.456511],[109.436188,-7.455817],[109.436922,-7.454951],[109.437587,-7.453643],[109.437728,-7.453046],[109.43759,-7.452738],[109.437174,-7.452393],[109.436099,-7.451793],[109.435891,-7.451521],[109.435927,-7.451069],[109.436068,-7.450689],[109.436661,-7.449995],[109.437916,-7.449168],[109.438996,-7.44862],[109.439449,-7.448513],[109.440005,-7.448551],[109.440247,-7.448796],[109.440454,-7.449249],[109.440487,-7.449728],[109.44038,-7.45056],[109.440237,-7.451599],[109.44027,-7.452332],[109.440407,-7.452884],[109.440717,-7.453753],[109.441376,-7.45428],[109.442002,-7.45411],[109.442869,-7.454095],[109.443262,-7.454151],[109.443716,-7.454333],[109.444169,-7.454579],[109.444833,-7.455006],[109.446254,-7.455644],[109.447373,-7.455612],[109.447738,-7.455252],[109.448194,-7.45462],[109.448681,-7.453899],[109.448653,-7.453202],[109.447929,-7.452476],[109.447206,-7.45175],[109.446724,-7.450998],[109.446786,-7.450546],[109.446939,-7.450059],[109.447396,-7.449283],[109.448125,-7.448616],[109.448671,-7.448102],[109.449189,-7.447381],[109.449614,-7.44693],[109.450039,-7.44666],[109.450432,-7.446544],[109.45131,-7.446574],[109.452429,-7.446822],[109.452822,-7.447068],[109.453242,-7.447937],[109.453421,-7.448852],[109.453538,-7.450082],[109.453595,-7.450959],[109.453776,-7.451294],[109.454323,-7.451784],[109.454667,-7.452039],[109.455615,-7.452567],[109.456592,-7.452823],[109.457656,-7.4528],[109.458194,-7.452774],[109.458691,-7.452758],[109.459901,-7.452464],[109.460333,-7.452239],[109.460969,-7.45141],[109.461258,-7.45095],[109.461491,-7.450263],[109.46158,-7.449486],[109.461613,-7.448428],[109.461615,-7.447741],[109.461904,-7.447362],[109.462942,-7.446796],[109.464468,-7.446114],[109.465229,-7.446053],[109.465533,-7.446326],[109.466013,-7.446761],[109.466992,-7.447642],[109.468422,-7.448253],[109.469731,-7.448863]]]]}},{"id":"13","type":"Feature","properties":{"KECAMATAN":"Rakit"},"geometry":{"type":"MultiPolygon","coordinates":[[[[109.547905,-7.37047],[109.548359,-7.370508],[109.549114,-7.370492],[109.549812,-7.370594],[109.55025,-7.37065],[109.550778,-7.370634],[109.551626,-7.370591],[109.552058,-7.370565],[109.552749,-7.370658],[109.553485,-7.370733],[109.553939,-7.370825],[109.55439,-7.370808],[109.55508,-7.37072],[109.555529,-7.370712],[109.555963,-7.370714],[109.557472,-7.370728],[109.558258,-7.370685],[109.558901,-7.370705],[109.559382,-7.370688],[109.559526,-7.371005],[109.559877,-7.371712],[109.560323,-7.372826],[109.559905,-7.373014],[109.559679,-7.373303],[109.559516,-7.374098],[109.559643,-7.374632],[109.560299,-7.375095],[109.560567,-7.375304],[109.560686,-7.3761],[109.560421,-7.376624],[109.560297,-7.377112],[109.56054,-7.37733],[109.560865,-7.377295],[109.561518,-7.377432],[109.561903,-7.377777],[109.562329,-7.378158],[109.562551,-7.378548],[109.56316,-7.378649],[109.563994,-7.378634],[109.564542,-7.378799],[109.564765,-7.37908],[109.564702,-7.379694],[109.564537,-7.380345],[109.564434,-7.380788],[109.56435,-7.381493],[109.56443,-7.382027],[109.564915,-7.382996],[109.565092,-7.384579],[109.564947,-7.385456],[109.564741,-7.386305],[109.564271,-7.387217],[109.563582,-7.388679],[109.562982,-7.389681],[109.562542,-7.39034],[109.562438,-7.390982],[109.562966,-7.390486],[109.563493,-7.390072],[109.563862,-7.389838],[109.564153,-7.389441],[109.564654,-7.388846],[109.565262,-7.388079],[109.565789,-7.387611],[109.566501,-7.387197],[109.566922,-7.387144],[109.567316,-7.387227],[109.568051,-7.387645],[109.568918,-7.388073],[109.570116,-7.388384],[109.571129,-7.388758],[109.571696,-7.389131],[109.572953,-7.390464],[109.574088,-7.391381],[109.574532,-7.391599],[109.57515,-7.391827],[109.575891,-7.391875],[109.576659,-7.391579],[109.576808,-7.391236],[109.577032,-7.390965],[109.577551,-7.390768],[109.577897,-7.39085],[109.578316,-7.391241],[109.578663,-7.390998],[109.578838,-7.390483],[109.578889,-7.389986],[109.579088,-7.38967],[109.579386,-7.389399],[109.579832,-7.38903],[109.580099,-7.388651],[109.580416,-7.388164],[109.580804,-7.388147],[109.581703,-7.388195],[109.583111,-7.3881],[109.583451,-7.387884],[109.584084,-7.387452],[109.584741,-7.387065],[109.585544,-7.386516],[109.585667,-7.385956],[109.586287,-7.386898],[109.586967,-7.387759],[109.587773,-7.388983],[109.588546,-7.390161],[109.589312,-7.391276],[109.589767,-7.391792],[109.590518,-7.392365],[109.591781,-7.393029],[109.592315,-7.393528],[109.593957,-7.395531],[109.594479,-7.396745],[109.594878,-7.398094],[109.595272,-7.399506],[109.595614,-7.400791],[109.594732,-7.401132],[109.594533,-7.401411],[109.594488,-7.401764],[109.594442,-7.402288],[109.594331,-7.402704],[109.59411,-7.402974],[109.593425,-7.403452],[109.592978,-7.403694],[109.592672,-7.403947],[109.59224,-7.404226],[109.591807,-7.404351],[109.59155,-7.405381],[109.591395,-7.40614],[109.59114,-7.406573],[109.590555,-7.406626],[109.590277,-7.406372],[109.589541,-7.406089],[109.589185,-7.40616],[109.588905,-7.406385],[109.588497,-7.406872],[109.588112,-7.407902],[109.587651,-7.409167],[109.58737,-7.409808],[109.586934,-7.411018],[109.586679,-7.411849],[109.586339,-7.412436],[109.586057,-7.412833],[109.585578,-7.413193],[109.58479,-7.413607],[109.583581,-7.413974],[109.582363,-7.414133],[109.581585,-7.414212],[109.581219,-7.414409],[109.580824,-7.414833],[109.580233,-7.415139],[109.581603,-7.41735],[109.582082,-7.418536],[109.582655,-7.419659],[109.583113,-7.420556],[109.583486,-7.421723],[109.583684,-7.422267],[109.58401,-7.423082],[109.582421,-7.4238],[109.581933,-7.424043],[109.581608,-7.424249],[109.581055,-7.424573],[109.580241,-7.424978],[109.579583,-7.425274],[109.57857,-7.425759],[109.577726,-7.426136],[109.576947,-7.426531],[109.578091,-7.428715],[109.578672,-7.430037],[109.578865,-7.430553],[109.577657,-7.430938],[109.577033,-7.430972],[109.576379,-7.431015],[109.575967,-7.431149],[109.575775,-7.431492],[109.575509,-7.431718],[109.575128,-7.431906],[109.574564,-7.432194],[109.573816,-7.432815],[109.572874,-7.432749],[109.572085,-7.432936],[109.571408,-7.433151],[109.571041,-7.433286],[109.570518,-7.433555],[109.570358,-7.433899],[109.570611,-7.434713],[109.570443,-7.435047],[109.570159,-7.435372],[109.569991,-7.435805],[109.569797,-7.436157],[109.56922,-7.436318],[109.568825,-7.435042],[109.568457,-7.434064],[109.568058,-7.433095],[109.567994,-7.43267],[109.567905,-7.432181],[109.567751,-7.431629],[109.568551,-7.431189],[109.569581,-7.430668],[109.568866,-7.428703],[109.567883,-7.428962],[109.567333,-7.429123],[109.566825,-7.429176],[109.566127,-7.429119],[109.565315,-7.429035],[109.564475,-7.428806],[109.563648,-7.428578],[109.563029,-7.428015],[109.562605,-7.428556],[109.562092,-7.428916],[109.5617,-7.429032],[109.561128,-7.428967],[109.560828,-7.428704],[109.560588,-7.428396],[109.560468,-7.428007],[109.560409,-7.42759],[109.56023,-7.427255],[109.559899,-7.42711],[109.559357,-7.427045],[109.558844,-7.427133],[109.558482,-7.427403],[109.558149,-7.427818],[109.557967,-7.428116],[109.557694,-7.429019],[109.557457,-7.429769],[109.557221,-7.430067],[109.556665,-7.430318],[109.55628,-7.430408],[109.55596,-7.430361],[109.555855,-7.429954],[109.556005,-7.429656],[109.556455,-7.429025],[109.556799,-7.428492],[109.556843,-7.428176],[109.556609,-7.427705],[109.556119,-7.427549],[109.55567,-7.42772],[109.555156,-7.428044],[109.554984,-7.428332],[109.554812,-7.428676],[109.554704,-7.428992],[109.55466,-7.429507],[109.554402,-7.43004],[109.55423,-7.430383],[109.553973,-7.430608],[109.553609,-7.430779],[109.553225,-7.430823],[109.552777,-7.430568],[109.552671,-7.430242],[109.552801,-7.429673],[109.553102,-7.429095],[109.55304,-7.428543],[109.552742,-7.428162],[109.552252,-7.427736],[109.551911,-7.427662],[109.551441,-7.427751],[109.551013,-7.428093],[109.550711,-7.428725],[109.550646,-7.429069],[109.550686,-7.429838],[109.550685,-7.430434],[109.550577,-7.430814],[109.550021,-7.430939],[109.54953,-7.430684],[109.548954,-7.430429],[109.54857,-7.430364],[109.548229,-7.430426],[109.547391,-7.431111],[109.547063,-7.431408],[109.546664,-7.431597],[109.54587,-7.431567],[109.545005,-7.431474],[109.54456,-7.431563],[109.544209,-7.431752],[109.543928,-7.432004],[109.543786,-7.432492],[109.543901,-7.433053],[109.544132,-7.433967],[109.544247,-7.434428],[109.544222,-7.434754],[109.544011,-7.435178],[109.543098,-7.435266],[109.542514,-7.435381],[109.542139,-7.435543],[109.541647,-7.435867],[109.54092,-7.43666],[109.54052,-7.437192],[109.540074,-7.437571],[109.539494,-7.437723],[109.539117,-7.437649],[109.538689,-7.437521],[109.538236,-7.437646],[109.538033,-7.437899],[109.537755,-7.438422],[109.5374,-7.439172],[109.536919,-7.439749],[109.536617,-7.43992],[109.536089,-7.439674],[109.535913,-7.439366],[109.535738,-7.438913],[109.535716,-7.438289],[109.535743,-7.437683],[109.53577,-7.437159],[109.535429,-7.436515],[109.53479,-7.436577],[109.534487,-7.436775],[109.534133,-7.437153],[109.53388,-7.437379],[109.533477,-7.437603],[109.532595,-7.437953],[109.531812,-7.438375],[109.531459,-7.438655],[109.531181,-7.438979],[109.530726,-7.439376],[109.530297,-7.439799],[109.530019,-7.440205],[109.529639,-7.440783],[109.529335,-7.441306],[109.528881,-7.441657],[109.528301,-7.441881],[109.527289,-7.441996],[109.526675,-7.442048],[109.526226,-7.442019],[109.525707,-7.4419],[109.525259,-7.441826],[109.524692,-7.441942],[109.524526,-7.442249],[109.524524,-7.442764],[109.524639,-7.443805],[109.524706,-7.444881],[109.524585,-7.445658],[109.524371,-7.446128],[109.52404,-7.446434],[109.523661,-7.446668],[109.523077,-7.446829],[109.521654,-7.446923],[109.520781,-7.44692],[109.520191,-7.446819],[109.519814,-7.446727],[109.51927,-7.446816],[109.518797,-7.447194],[109.51851,-7.447537],[109.518465,-7.447925],[109.518441,-7.448585],[109.518483,-7.449192],[109.518481,-7.449562],[109.518392,-7.44996],[109.517932,-7.450239],[109.517385,-7.45011],[109.516753,-7.449584],[109.515902,-7.448658],[109.515248,-7.448032],[109.514549,-7.447524],[109.514069,-7.447214],[109.513719,-7.447168],[109.513149,-7.447519],[109.512884,-7.448133],[109.512795,-7.448567],[109.51275,-7.449154],[109.51277,-7.449634],[109.512702,-7.450248],[109.512613,-7.450574],[109.512132,-7.450572],[109.51187,-7.450354],[109.511391,-7.449783],[109.510889,-7.44941],[109.51008,-7.449037],[109.509075,-7.448572],[109.507749,-7.448025],[109.507835,-7.446497],[109.507902,-7.445629],[109.507979,-7.444535],[109.508008,-7.44327],[109.508022,-7.442193],[109.508114,-7.440901],[109.508403,-7.439428],[109.508356,-7.438704],[109.508043,-7.438495],[109.5079,-7.437988],[109.507257,-7.436051],[109.506834,-7.435073],[109.506687,-7.434249],[109.506712,-7.433508],[109.506699,-7.432685],[109.506716,-7.43179],[109.506842,-7.430416],[109.506961,-7.430082],[109.506898,-7.429656],[109.50691,-7.429295],[109.506899,-7.428833],[109.506828,-7.428282],[109.506743,-7.426952],[109.506369,-7.426643],[109.505942,-7.426172],[109.505877,-7.425412],[109.505788,-7.424598],[109.505777,-7.423901],[109.505909,-7.423133],[109.506033,-7.422636],[109.506364,-7.42214],[109.506986,-7.421373],[109.507781,-7.42077],[109.508232,-7.420274],[109.508468,-7.419769],[109.508495,-7.419118],[109.508132,-7.418004],[109.507859,-7.417443],[109.507394,-7.416682],[109.507138,-7.416418],[109.506486,-7.415693],[109.505795,-7.414976],[109.504922,-7.414205],[109.504254,-7.413325],[109.503847,-7.412655],[109.503285,-7.411622],[109.50372,-7.410999],[109.50408,-7.410503],[109.504573,-7.410134],[109.505162,-7.409946],[109.505672,-7.409921],[109.506614,-7.409906],[109.507081,-7.409971],[109.507547,-7.410253],[109.507833,-7.410552],[109.508041,-7.410887],[109.508169,-7.41124],[109.508183,-7.411873],[109.508262,-7.412226],[109.5086,-7.412255],[109.50902,-7.412048],[109.509262,-7.41176],[109.509699,-7.411318],[109.510165,-7.411464],[109.510357,-7.411863],[109.510517,-7.412261],[109.510773,-7.412696],[109.511127,-7.412679],[109.511515,-7.412472],[109.512031,-7.412257],[109.512821,-7.411997],[109.513096,-7.411682],[109.513387,-7.411213],[109.513926,-7.41097],[109.514305,-7.411026],[109.514814,-7.41129],[109.515046,-7.411571],[109.515364,-7.412078],[109.515647,-7.412351],[109.516035,-7.412605],[109.516596,-7.412679],[109.517079,-7.412672],[109.517468,-7.412546],[109.517736,-7.412258],[109.518031,-7.411879],[109.518394,-7.411627],[109.518819,-7.411701],[109.519606,-7.411839],[109.520215,-7.411697],[109.5211,-7.411437],[109.522054,-7.41126],[109.522552,-7.411062],[109.522995,-7.410892],[109.523368,-7.410839],[109.524115,-7.410724],[109.524544,-7.410608],[109.524838,-7.410464],[109.525789,-7.409907],[109.526181,-7.409673],[109.526726,-7.409611],[109.527836,-7.409678],[109.528562,-7.40969],[109.529132,-7.409655],[109.529613,-7.409548],[109.53024,-7.409352],[109.530877,-7.409155],[109.531292,-7.409029],[109.531662,-7.408922],[109.531971,-7.408788],[109.532281,-7.408346],[109.532411,-7.407966],[109.53248,-7.407632],[109.532542,-7.407171],[109.532679,-7.406855],[109.533016,-7.406811],[109.53362,-7.40693],[109.534249,-7.406905],[109.53467,-7.406934],[109.535136,-7.407234],[109.535509,-7.407777],[109.536021,-7.408313],[109.536372,-7.408332],[109.536957,-7.407963],[109.537075,-7.407638],[109.53703,-7.407312],[109.536891,-7.406914],[109.536683,-7.406262],[109.536941,-7.405937],[109.537362,-7.405866],[109.537759,-7.405985],[109.538273,-7.406132],[109.538833,-7.406405],[109.539323,-7.406578],[109.53965,-7.406643],[109.540421,-7.406745],[109.541076,-7.406882],[109.541636,-7.407047],[109.542174,-7.407049],[109.542549,-7.406679],[109.542644,-7.406327],[109.542811,-7.405161],[109.54286,-7.404582],[109.542815,-7.404067],[109.542793,-7.403623],[109.543005,-7.403226],[109.543648,-7.403219],[109.54418,-7.403583],[109.544478,-7.404],[109.544908,-7.404715],[109.545273,-7.405115],[109.545638,-7.405297],[109.546253,-7.405299],[109.546504,-7.40492],[109.546489,-7.404585],[109.546458,-7.403789],[109.546493,-7.40331],[109.546611,-7.402786],[109.546912,-7.402398],[109.547245,-7.402254],[109.547744,-7.402292],[109.548309,-7.402475],[109.548659,-7.402223],[109.548843,-7.401925],[109.548944,-7.401527],[109.54904,-7.400922],[109.549066,-7.400596],[109.549054,-7.400244],[109.54898,-7.399855],[109.548919,-7.399258],[109.548908,-7.39876],[109.548999,-7.398073],[109.548533,-7.397113],[109.548134,-7.396542],[109.547509,-7.395952],[109.546833,-7.395353],[109.546017,-7.394636],[109.545222,-7.394037],[109.544235,-7.393283],[109.543523,-7.392756],[109.542765,-7.392112],[109.542101,-7.391495],[109.541495,-7.390896],[109.541275,-7.39057],[109.541092,-7.389981],[109.540704,-7.388289],[109.540208,-7.387121],[109.539961,-7.385112],[109.539797,-7.384687],[109.539522,-7.384008],[109.539323,-7.383365],[109.538978,-7.382649],[109.538615,-7.381934],[109.538222,-7.381354],[109.537708,-7.380692],[109.537135,-7.379813],[109.536664,-7.37916],[109.537522,-7.378828],[109.538134,-7.378577],[109.538949,-7.378092],[109.540218,-7.377309],[109.541215,-7.376788],[109.541503,-7.376526],[109.541849,-7.376256],[109.542347,-7.375752],[109.542743,-7.375002],[109.543298,-7.374045],[109.543509,-7.373477],[109.543864,-7.372836],[109.543914,-7.372357],[109.544124,-7.371806],[109.544351,-7.371264],[109.544672,-7.371021],[109.544978,-7.370895],[109.54607,-7.370772],[109.546986,-7.370549],[109.547127,-7.370197],[109.547905,-7.37047]]]]}},{"id":"14","type":"Feature","properties":{"KECAMATAN":"Sigaluh"},"geometry":{"type":"MultiPolygon","coordinates":[[[[109.75581,-7.388696],[109.756718,-7.388735],[109.757593,-7.388719],[109.758056,-7.388739],[109.758551,-7.38893],[109.758979,-7.38923],[109.759637,-7.390027],[109.760229,-7.390852],[109.760723,-7.391477],[109.761184,-7.391922],[109.761992,-7.392331],[109.762833,-7.392749],[109.763196,-7.392949],[109.763741,-7.393014],[109.764319,-7.393016],[109.765343,-7.392838],[109.766234,-7.392822],[109.766961,-7.392806],[109.767945,-7.39299],[109.76838,-7.393226],[109.768577,-7.393805],[109.768278,-7.394374],[109.768112,-7.394745],[109.768111,-7.395133],[109.768523,-7.395415],[109.769826,-7.395834],[109.771113,-7.396317],[109.771541,-7.39659],[109.77187,-7.396971],[109.772296,-7.398193],[109.772542,-7.39889],[109.772806,-7.39908],[109.773543,-7.399399],[109.773845,-7.399535],[109.774442,-7.399727],[109.775512,-7.399902],[109.776304,-7.400103],[109.777425,-7.400857],[109.779336,-7.402318],[109.779846,-7.402989],[109.780142,-7.403505],[109.780273,-7.403831],[109.780402,-7.40479],[109.7804,-7.40564],[109.780482,-7.40602],[109.780745,-7.406201],[109.781092,-7.406356],[109.781504,-7.406421],[109.782165,-7.406287],[109.783157,-7.405946],[109.783868,-7.405803],[109.784462,-7.405732],[109.785024,-7.405734],[109.785816,-7.405935],[109.786492,-7.406317],[109.787464,-7.407142],[109.788222,-7.407506],[109.78941,-7.408007],[109.790119,-7.40837],[109.790663,-7.408652],[109.791091,-7.409033],[109.791437,-7.409514],[109.791748,-7.410717],[109.791894,-7.41136],[109.792422,-7.411524],[109.793463,-7.411491],[109.794272,-7.411393],[109.79505,-7.410609],[109.795612,-7.410411],[109.796075,-7.410449],[109.796925,-7.410587],[109.797229,-7.411012],[109.797641,-7.411303],[109.798301,-7.411504],[109.799176,-7.411624],[109.800645,-7.41189],[109.802279,-7.412057],[109.803121,-7.412114],[109.803716,-7.412142],[109.80426,-7.412225],[109.805003,-7.41248],[109.805877,-7.412908],[109.806817,-7.413227],[109.80751,-7.413672],[109.807873,-7.413899],[109.80845,-7.414018],[109.808962,-7.413983],[109.809607,-7.413858],[109.810036,-7.413805],[109.810581,-7.413861],[109.811241,-7.41398],[109.812248,-7.414263],[109.813502,-7.414674],[109.814508,-7.414975],[109.815597,-7.415258],[109.816571,-7.41546],[109.817363,-7.415769],[109.81766,-7.415969],[109.818055,-7.416305],[109.818465,-7.416803],[109.819191,-7.417719],[109.819783,-7.418543],[109.820639,-7.419441],[109.821281,-7.420473],[109.821742,-7.420891],[109.822072,-7.4211],[109.82255,-7.421354],[109.822913,-7.421418],[109.823309,-7.421338],[109.823789,-7.421023],[109.824666,-7.420618],[109.825889,-7.420196],[109.826649,-7.419864],[109.827343,-7.419648],[109.828037,-7.419768],[109.828482,-7.419805],[109.829044,-7.419689],[109.829473,-7.419808],[109.829671,-7.420089],[109.828992,-7.420693],[109.828578,-7.42099],[109.828511,-7.421451],[109.829204,-7.421833],[109.82993,-7.42188],[109.830641,-7.421782],[109.831277,-7.421449],[109.831602,-7.421604],[109.831939,-7.421967],[109.832531,-7.422203],[109.832811,-7.42253],[109.832959,-7.422829],[109.832891,-7.423181],[109.832623,-7.423443],[109.832528,-7.424048],[109.832156,-7.424988],[109.831854,-7.425421],[109.831757,-7.425738],[109.831878,-7.426172],[109.832163,-7.426743],[109.832242,-7.427177],[109.832216,-7.427801],[109.832097,-7.428895],[109.831728,-7.429979],[109.831767,-7.430314],[109.831947,-7.430767],[109.831901,-7.431173],[109.831813,-7.431643],[109.83176,-7.432059],[109.831731,-7.432656],[109.831544,-7.433081],[109.831221,-7.433532],[109.830104,-7.434189],[109.82936,-7.434558],[109.828219,-7.435125],[109.827573,-7.435666],[109.827275,-7.436162],[109.827174,-7.436804],[109.826746,-7.439299],[109.826419,-7.44127],[109.825997,-7.442698],[109.825819,-7.443421],[109.825817,-7.444235],[109.825714,-7.445446],[109.825463,-7.446775],[109.825496,-7.448304],[109.824319,-7.448581],[109.823081,-7.448379],[109.82261,-7.448332],[109.82204,-7.448421],[109.821445,-7.448573],[109.820974,-7.448672],[109.820257,-7.448371],[109.819837,-7.4479],[109.819268,-7.447482],[109.818724,-7.447128],[109.818377,-7.447209],[109.817053,-7.447947],[109.815974,-7.448523],[109.814122,-7.448771],[109.812961,-7.448858],[109.811506,-7.448818],[109.809248,-7.448541],[109.808149,-7.448502],[109.807563,-7.448554],[109.806516,-7.449076],[109.804536,-7.449993],[109.802735,-7.450531],[109.801542,-7.45069],[109.800361,-7.450407],[109.799514,-7.45016],[109.798072,-7.449632],[109.796484,-7.448714],[109.795826,-7.448432],[109.793683,-7.447956],[109.793055,-7.447918],[109.791998,-7.44806],[109.791328,-7.448158],[109.790659,-7.448192],[109.789055,-7.447862],[109.788368,-7.448032],[109.787583,-7.448165],[109.786568,-7.44828],[109.784853,-7.448285],[109.783305,-7.448172],[109.781893,-7.44805],[109.779968,-7.448027],[109.778399,-7.448023],[109.777174,-7.448001],[109.776223,-7.447935],[109.775324,-7.447878],[109.773807,-7.447974],[109.773012,-7.447981],[109.772164,-7.447852],[109.770983,-7.447469],[109.770187,-7.44724],[109.770109,-7.446923],[109.769553,-7.44656],[109.767224,-7.445062],[109.765647,-7.444089],[109.76359,-7.442691],[109.762661,-7.441911],[109.761433,-7.440786],[109.760988,-7.44073],[109.760546,-7.440593],[109.759665,-7.440898],[109.759402,-7.440391],[109.758179,-7.440171],[109.756986,-7.440005],[109.755021,-7.439728],[109.753345,-7.439696],[109.754004,-7.438151],[109.754372,-7.436506],[109.75482,-7.434952],[109.755111,-7.433524],[109.755586,-7.431418],[109.756084,-7.430144],[109.756608,-7.429033],[109.757448,-7.427245],[109.758208,-7.425628],[109.758235,-7.425113],[109.757585,-7.424542],[109.756493,-7.423942],[109.75553,-7.423387],[109.754334,-7.422479],[109.753606,-7.421799],[109.752827,-7.420757],[109.751634,-7.419017],[109.75125,-7.418238],[109.750679,-7.417025],[109.750001,-7.415856],[109.749782,-7.415593],[109.749242,-7.414968],[109.748587,-7.414206],[109.748088,-7.413608],[109.747661,-7.4131],[109.747101,-7.412348],[109.746406,-7.411469],[109.745793,-7.410635],[109.747184,-7.410051],[109.747828,-7.409095],[109.748035,-7.408797],[109.748401,-7.408427],[109.748822,-7.408057],[109.749118,-7.407895],[109.74942,-7.407743],[109.749659,-7.407526],[109.750001,-7.407174],[109.750376,-7.406814],[109.750581,-7.406552],[109.750899,-7.405314],[109.75061,-7.40326],[109.750699,-7.401614],[109.750745,-7.400231],[109.750789,-7.399562],[109.750707,-7.398721],[109.751187,-7.397221],[109.750503,-7.396739],[109.750553,-7.396052],[109.750442,-7.395735],[109.75,-7.395499],[109.749566,-7.395091],[109.74936,-7.394738],[109.749449,-7.394322],[109.749519,-7.393987],[109.749494,-7.393499],[109.749479,-7.393074],[109.749675,-7.39236],[109.749663,-7.392034],[109.749474,-7.391636],[109.749443,-7.391265],[109.749524,-7.390949],[109.750288,-7.391177],[109.750603,-7.39059],[109.751412,-7.390655],[109.752223,-7.390133],[109.753612,-7.389215],[109.754423,-7.388855],[109.755001,-7.388694],[109.75581,-7.388696]]]]}},{"id":"15","type":"Feature","properties":{"KECAMATAN":"Susukan"},"geometry":{"type":"MultiPolygon","coordinates":[[[[109.408679,-7.471471],[109.409268,-7.471509],[109.410353,-7.471115],[109.411143,-7.470566],[109.411702,-7.470433],[109.412392,-7.470535],[109.412851,-7.470762],[109.413079,-7.471125],[109.413176,-7.471487],[109.413142,-7.471885],[109.412943,-7.472535],[109.412678,-7.473185],[109.412346,-7.474133],[109.41208,-7.474991],[109.411913,-7.475741],[109.411649,-7.476229],[109.411417,-7.476752],[109.41135,-7.477077],[109.41148,-7.477376],[109.411906,-7.477839],[109.412496,-7.478167],[109.413611,-7.478532],[109.415022,-7.478963],[109.418362,-7.479038],[109.418734,-7.478903],[109.419163,-7.47829],[109.419593,-7.477442],[109.419861,-7.476059],[109.419982,-7.475246],[109.421906,-7.475216],[109.422224,-7.475308],[109.422519,-7.475626],[109.422745,-7.476097],[109.42306,-7.476984],[109.423467,-7.477736],[109.423875,-7.478262],[109.424533,-7.478626],[109.425305,-7.479036],[109.425919,-7.479354],[109.426578,-7.479583],[109.427033,-7.479611],[109.427671,-7.479451],[109.428172,-7.479209],[109.428515,-7.478984],[109.428993,-7.478823],[109.429471,-7.47887],[109.430153,-7.479008],[109.430471,-7.47919],[109.430766,-7.479444],[109.431379,-7.479781],[109.431925,-7.479873],[109.432434,-7.47992],[109.432754,-7.479794],[109.433021,-7.479343],[109.43321,-7.47881],[109.433372,-7.478178],[109.433532,-7.47788],[109.434019,-7.477792],[109.434464,-7.478019],[109.434755,-7.47831],[109.434781,-7.47868],[109.434778,-7.479295],[109.434963,-7.479875],[109.435254,-7.480274],[109.435626,-7.480546],[109.436025,-7.480674],[109.436531,-7.480676],[109.436904,-7.480551],[109.437304,-7.480127],[109.437838,-7.479813],[109.438345,-7.479597],[109.438877,-7.479599],[109.439596,-7.479548],[109.440235,-7.479423],[109.440715,-7.479316],[109.441167,-7.479345],[109.441593,-7.479473],[109.441778,-7.479826],[109.441403,-7.480322],[109.440977,-7.480457],[109.440497,-7.480645],[109.440176,-7.481042],[109.439988,-7.48162],[109.439959,-7.482289],[109.440037,-7.482813],[109.440435,-7.483158],[109.440861,-7.483241],[109.441313,-7.483243],[109.441873,-7.483136],[109.442352,-7.483039],[109.442778,-7.483067],[109.443443,-7.483223],[109.44448,-7.483598],[109.445571,-7.483846],[109.446129,-7.484083],[109.446714,-7.48422],[109.4473,-7.484033],[109.447807,-7.483609],[109.448393,-7.483431],[109.449129,-7.483433],[109.449803,-7.483544],[109.450324,-7.4837],[109.450961,-7.484226],[109.451397,-7.48468],[109.451301,-7.485629],[109.450663,-7.486423],[109.450313,-7.486982],[109.449981,-7.487533],[109.449588,-7.488101],[109.449099,-7.488578],[109.448687,-7.489156],[109.448249,-7.489968],[109.44779,-7.490672],[109.447574,-7.49106],[109.447481,-7.491385],[109.447765,-7.49182],[109.448416,-7.492211],[109.448846,-7.492484],[109.449098,-7.493154],[109.449295,-7.493905],[109.449456,-7.49471],[109.449246,-7.495433],[109.448186,-7.496026],[109.447341,-7.496457],[109.446799,-7.496645],[109.446748,-7.49726],[109.446427,-7.497467],[109.446033,-7.497511],[109.445627,-7.497554],[109.445612,-7.497907],[109.445604,-7.498459],[109.445527,-7.498775],[109.446033,-7.499807],[109.446589,-7.500885],[109.446816,-7.501555],[109.44674,-7.502387],[109.447165,-7.503627],[109.447227,-7.504143],[109.447089,-7.504857],[109.44668,-7.505941],[109.446251,-7.507205],[109.445938,-7.50762],[109.445407,-7.508106],[109.445176,-7.50872],[109.445014,-7.509299],[109.444932,-7.509669],[109.444741,-7.509976],[109.444385,-7.510119],[109.44415,-7.510353],[109.44396,-7.510895],[109.443818,-7.511528],[109.443451,-7.512006],[109.443171,-7.512312],[109.44294,-7.512908],[109.442548,-7.513594],[109.442781,-7.514083],[109.442913,-7.514454],[109.442926,-7.514798],[109.442858,-7.515132],[109.442708,-7.515539],[109.442347,-7.516179],[109.441836,-7.517064],[109.441756,-7.51738],[109.44181,-7.517941],[109.441838,-7.51852],[109.442211,-7.518774],[109.442554,-7.519065],[109.442837,-7.519455],[109.443228,-7.519881],[109.443802,-7.521122],[109.444358,-7.522055],[109.444757,-7.522762],[109.445144,-7.523695],[109.44559,-7.524664],[109.444926,-7.524924],[109.44455,-7.525212],[109.444058,-7.525264],[109.443461,-7.525325],[109.443032,-7.525568],[109.442631,-7.525766],[109.442285,-7.525873],[109.441866,-7.52607],[109.44145,-7.526222],[109.441052,-7.526366],[109.440728,-7.526491],[109.43983,-7.526398],[109.43929,-7.526558],[109.438863,-7.526656],[109.43841,-7.526836],[109.437982,-7.527096],[109.437512,-7.527248],[109.436933,-7.527373],[109.436639,-7.527571],[109.436457,-7.527869],[109.43618,-7.52832],[109.435987,-7.528599],[109.435479,-7.528661],[109.435141,-7.528831],[109.434928,-7.529147],[109.434706,-7.529418],[109.434394,-7.529796],[109.434296,-7.530167],[109.434173,-7.530582],[109.43403,-7.531196],[109.433978,-7.531648],[109.433908,-7.532236],[109.433872,-7.532968],[109.433836,-7.533574],[109.433901,-7.534316],[109.433848,-7.53484],[109.433763,-7.535256],[109.43356,-7.535626],[109.433188,-7.535941],[109.432737,-7.536138],[109.431788,-7.536777],[109.431366,-7.537046],[109.430507,-7.537161],[109.42911,-7.537138],[109.427342,-7.537077],[109.426501,-7.536993],[109.425576,-7.536791],[109.424987,-7.536463],[109.424249,-7.535873],[109.423006,-7.535145],[109.422081,-7.534825],[109.421106,-7.534333],[109.420484,-7.53405],[109.420047,-7.533949],[109.419506,-7.533857],[109.41907,-7.533783],[109.4187,-7.534044],[109.418349,-7.534169],[109.417925,-7.534638],[109.4177,-7.534999],[109.417121,-7.535576],[109.416991,-7.535901],[109.417156,-7.536353],[109.417349,-7.536788],[109.417288,-7.537213],[109.41691,-7.537781],[109.41664,-7.538033],[109.416317,-7.53853],[109.416107,-7.538773],[109.415724,-7.538618],[109.414971,-7.538488],[109.414514,-7.538478],[109.41383,-7.538584],[109.413399,-7.538645],[109.413058,-7.53859],[109.412732,-7.538498],[109.412103,-7.538288],[109.411672,-7.538467],[109.411318,-7.53862],[109.41098,-7.538763],[109.410487,-7.538906],[109.410078,-7.539086],[109.409257,-7.539173],[109.408653,-7.539433],[109.408376,-7.53983],[109.407942,-7.540199],[109.407598,-7.540288],[109.407257,-7.540513],[109.406887,-7.540277],[109.406541,-7.540149],[109.406045,-7.540129],[109.405218,-7.54028],[109.404877,-7.540369],[109.40452,-7.540485],[109.40407,-7.540746],[109.403715,-7.540464],[109.403426,-7.539803],[109.403216,-7.539395],[109.402983,-7.539105],[109.402477,-7.538633],[109.402145,-7.538487],[109.401744,-7.538079],[109.401502,-7.537743],[109.401488,-7.537237],[109.401102,-7.536955],[109.400859,-7.536719],[109.400555,-7.536573],[109.400226,-7.536328],[109.399702,-7.536299],[109.399253,-7.535936],[109.398987,-7.535618],[109.398747,-7.535255],[109.398532,-7.534965],[109.398183,-7.534575],[109.397929,-7.534782],[109.397488,-7.535323],[109.397445,-7.53592],[109.397667,-7.536346],[109.397334,-7.53648],[109.396947,-7.536442],[109.396551,-7.536522],[109.396195,-7.536593],[109.395788,-7.536854],[109.395403,-7.536337],[109.394998,-7.535956],[109.394633,-7.535693],[109.394465,-7.535366],[109.394328,-7.534995],[109.394134,-7.534714],[109.393815,-7.534487],[109.393512,-7.534178],[109.393273,-7.533888],[109.392981,-7.533625],[109.392611,-7.533343],[109.392369,-7.533116],[109.39205,-7.532871],[109.391703,-7.532716],[109.391395,-7.532606],[109.391132,-7.532343],[109.390888,-7.532098],[109.390511,-7.531907],[109.390007,-7.531507],[109.389735,-7.531244],[109.389379,-7.530845],[109.388597,-7.530625],[109.388187,-7.530542],[109.387905,-7.530369],[109.387575,-7.530205],[109.387312,-7.529508],[109.38723,-7.529191],[109.387326,-7.528558],[109.387292,-7.527916],[109.387024,-7.527355],[109.38692,-7.526532],[109.386442,-7.525978],[109.386127,-7.525163],[109.385791,-7.524647],[109.385542,-7.524374],[109.385393,-7.524066],[109.385229,-7.523785],[109.384923,-7.524037],[109.384644,-7.524308],[109.384144,-7.524423],[109.38382,-7.524015],[109.383234,-7.52376],[109.382953,-7.523596],[109.382863,-7.523071],[109.382599,-7.52222],[109.382187,-7.522101],[109.381746,-7.522018],[109.381211,-7.52255],[109.380826,-7.522883],[109.380327,-7.522917],[109.379948,-7.522997],[109.379549,-7.523077],[109.379109,-7.52313],[109.378598,-7.523173],[109.3782,-7.523289],[109.37782,-7.523017],[109.377333,-7.52268],[109.376777,-7.52304],[109.376405,-7.522984],[109.37598,-7.522341],[109.375561,-7.522203],[109.375001,-7.522238],[109.374672,-7.522236],[109.374077,-7.521954],[109.373476,-7.521581],[109.3732,-7.521381],[109.372895,-7.521018],[109.372444,-7.520727],[109.372149,-7.520491],[109.372028,-7.520165],[109.37145,-7.519548],[109.371299,-7.519104],[109.371138,-7.518814],[109.370917,-7.518578],[109.370706,-7.518252],[109.369847,-7.517517],[109.369398,-7.516909],[109.368999,-7.516917],[109.368602,-7.51687],[109.368286,-7.516281],[109.367919,-7.516135],[109.367617,-7.51636],[109.367319,-7.516684],[109.367066,-7.516982],[109.366942,-7.51728],[109.366735,-7.517532],[109.365804,-7.517646],[109.365489,-7.517582],[109.365165,-7.517517],[109.36475,-7.51747],[109.364293,-7.517378],[109.363904,-7.516762],[109.363571,-7.516489],[109.36314,-7.516],[109.362422,-7.51512],[109.36229,-7.514414],[109.362068,-7.513636],[109.362247,-7.513329],[109.362574,-7.513059],[109.363197,-7.512157],[109.363305,-7.511805],[109.363381,-7.511244],[109.363536,-7.510675],[109.364122,-7.510641],[109.364448,-7.510118],[109.364749,-7.50898],[109.364865,-7.508601],[109.364937,-7.508257],[109.365042,-7.507724],[109.365055,-7.507209],[109.364595,-7.50727],[109.364341,-7.50698],[109.364191,-7.506672],[109.364073,-7.506274],[109.364284,-7.505868],[109.364927,-7.504993],[109.36496,-7.504568],[109.364582,-7.504115],[109.365104,-7.5038],[109.36547,-7.503503],[109.365109,-7.503248],[109.364899,-7.502994],[109.36493,-7.502262],[109.365152,-7.501865],[109.364621,-7.50095],[109.364114,-7.500794],[109.363697,-7.500757],[109.36296,-7.500202],[109.362692,-7.500002],[109.362988,-7.499443],[109.363877,-7.499383],[109.365338,-7.499036],[109.365173,-7.497968],[109.36531,-7.497625],[109.365665,-7.497662],[109.365903,-7.497265],[109.365765,-7.496695],[109.365206,-7.496322],[109.364603,-7.495995],[109.364668,-7.495507],[109.364828,-7.495227],[109.364662,-7.494829],[109.364218,-7.494764],[109.363808,-7.494843],[109.363202,-7.494968],[109.363017,-7.49466],[109.36308,-7.494244],[109.363437,-7.493884],[109.363686,-7.49364],[109.363957,-7.493243],[109.364083,-7.49281],[109.36413,-7.492421],[109.364111,-7.491879],[109.36402,-7.491562],[109.363464,-7.490864],[109.363592,-7.490484],[109.363885,-7.490115],[109.363568,-7.489906],[109.363114,-7.489569],[109.363196,-7.489217],[109.36332,-7.488901],[109.363148,-7.488629],[109.36235,-7.488635],[109.361775,-7.48885],[109.36179,-7.488262],[109.361874,-7.48791],[109.36155,-7.487429],[109.361459,-7.486841],[109.361422,-7.486317],[109.361448,-7.485973],[109.361606,-7.485296],[109.362308,-7.48575],[109.363109,-7.486432],[109.36371,-7.487157],[109.364036,-7.487357],[109.364664,-7.487215],[109.366024,-7.486542],[109.367182,-7.48594],[109.368012,-7.485799],[109.368992,-7.485721],[109.370098,-7.485526],[109.371029,-7.485204],[109.37191,-7.484683],[109.372492,-7.483781],[109.372872,-7.482932],[109.373026,-7.481956],[109.372954,-7.481205],[109.372881,-7.480473],[109.372658,-7.479649],[109.372686,-7.478872],[109.372763,-7.478393],[109.373091,-7.477951],[109.373645,-7.477727],[109.374197,-7.477774],[109.374624,-7.477929],[109.375,-7.478139],[109.375325,-7.478303],[109.375705,-7.478539],[109.376201,-7.47893],[109.376748,-7.479854],[109.377301,-7.480435],[109.377594,-7.48078],[109.378015,-7.481278],[109.379068,-7.481969],[109.380228,-7.482607],[109.380702,-7.482844],[109.381152,-7.48261],[109.381338,-7.482267],[109.381393,-7.481797],[109.381527,-7.481056],[109.38208,-7.480452],[109.382414,-7.480146],[109.38296,-7.47975],[109.383486,-7.479436],[109.384062,-7.479257],[109.384516,-7.47906],[109.385245,-7.478547],[109.38564,-7.478069],[109.386122,-7.477628],[109.3878,-7.477119],[109.390547,-7.476369],[109.392103,-7.475923],[109.392958,-7.475438],[109.393571,-7.474771],[109.394365,-7.474285],[109.39531,-7.474289],[109.397657,-7.474424],[109.398327,-7.474544],[109.399545,-7.475091],[109.400171,-7.47541],[109.401486,-7.475785],[109.402426,-7.475888],[109.403117,-7.475547],[109.403558,-7.474952],[109.403749,-7.474138],[109.403595,-7.473207],[109.403068,-7.471704],[109.402383,-7.470544],[109.400667,-7.46844],[109.400638,-7.467689],[109.400984,-7.46741],[109.401611,-7.467258],[109.402552,-7.467235],[109.403147,-7.467391],[109.404021,-7.468081],[109.405209,-7.469116],[109.40649,-7.470115],[109.407365,-7.470842],[109.408061,-7.471279],[109.408679,-7.471471]]]]}},{"id":"16","type":"Feature","properties":{"KECAMATAN":"Wanadadi"},"geometry":{"type":"MultiPolygon","coordinates":[[[[109.660373,-7.337008],[109.660669,-7.337253],[109.660879,-7.337597],[109.661018,-7.338077],[109.66093,-7.33956],[109.660808,-7.340627],[109.660555,-7.341621],[109.660341,-7.342434],[109.660215,-7.342958],[109.660165,-7.343582],[109.660185,-7.344188],[109.660278,-7.344785],[109.660422,-7.345301],[109.660648,-7.346052],[109.660972,-7.346596],[109.662199,-7.348227],[109.66278,-7.349143],[109.663391,-7.349985],[109.663864,-7.350538],[109.664566,-7.351219],[109.66524,-7.351809],[109.666085,-7.352535],[109.667065,-7.353297],[109.667666,-7.353814],[109.667971,-7.354096],[109.66828,-7.354232],[109.6693,-7.354597],[109.670173,-7.354835],[109.670865,-7.355063],[109.671686,-7.355255],[109.672352,-7.355456],[109.673238,-7.35601],[109.673865,-7.356428],[109.67439,-7.357063],[109.674906,-7.357824],[109.675208,-7.358521],[109.675428,-7.359173],[109.675505,-7.35987],[109.675394,-7.360258],[109.674924,-7.360519],[109.674239,-7.360607],[109.673778,-7.360787],[109.673391,-7.360894],[109.672964,-7.360803],[109.672475,-7.361163],[109.672349,-7.361642],[109.671679,-7.361785],[109.671172,-7.362199],[109.671033,-7.362696],[109.670858,-7.363238],[109.670838,-7.363564],[109.671101,-7.363863],[109.671581,-7.364027],[109.671766,-7.364371],[109.67187,-7.364923],[109.672318,-7.36478],[109.672851,-7.364917],[109.673264,-7.365488],[109.67294,-7.365659],[109.672628,-7.365911],[109.672534,-7.366472],[109.671987,-7.366497],[109.671663,-7.36665],[109.671665,-7.367337],[109.670976,-7.367724],[109.670583,-7.367623],[109.670148,-7.367369],[109.669775,-7.367368],[109.669377,-7.367683],[109.669249,-7.368035],[109.669431,-7.36838],[109.669914,-7.369032],[109.670824,-7.369713],[109.671858,-7.370476],[109.67263,-7.371256],[109.673249,-7.3719],[109.673788,-7.372571],[109.674053,-7.373295],[109.674198,-7.373946],[109.674195,-7.374426],[109.674065,-7.374859],[109.674032,-7.37551],[109.674046,-7.375954],[109.674073,-7.376578],[109.674042,-7.377211],[109.674011,-7.377826],[109.673979,-7.378404],[109.673951,-7.378802],[109.673887,-7.379643],[109.673775,-7.380303],[109.673662,-7.380628],[109.673455,-7.38089],[109.673203,-7.381124],[109.672804,-7.381385],[109.6723,-7.381709],[109.671545,-7.382213],[109.671101,-7.382492],[109.670477,-7.382943],[109.669813,-7.383483],[109.669472,-7.383799],[109.669087,-7.384105],[109.668717,-7.384339],[109.668258,-7.384546],[109.667667,-7.384761],[109.666963,-7.384985],[109.666203,-7.3852],[109.665715,-7.385334],[109.665197,-7.38545],[109.664473,-7.385638],[109.663749,-7.385807],[109.663127,-7.385959],[109.663158,-7.385589],[109.663056,-7.385028],[109.66273,-7.384611],[109.662351,-7.384429],[109.661565,-7.384553],[109.660792,-7.384659],[109.660282,-7.384477],[109.659746,-7.384222],[109.659209,-7.384256],[109.659012,-7.384509],[109.658735,-7.385304],[109.658312,-7.385746],[109.655009,-7.383656],[109.654174,-7.382577],[109.653801,-7.382359],[109.653442,-7.382322],[109.653061,-7.382475],[109.652511,-7.382663],[109.651778,-7.38276],[109.651303,-7.382777],[109.65056,-7.382811],[109.649988,-7.382845],[109.648701,-7.382832],[109.648321,-7.38275],[109.647785,-7.382486],[109.647361,-7.38224],[109.646871,-7.381868],[109.646087,-7.381205],[109.645544,-7.380815],[109.645105,-7.380606],[109.644584,-7.380523],[109.644034,-7.380548],[109.643091,-7.380735],[109.642017,-7.380985],[109.641152,-7.3811],[109.640341,-7.381107],[109.63987,-7.381141],[109.639346,-7.381221],[109.638976,-7.381328],[109.638572,-7.381472],[109.638036,-7.381696],[109.637497,-7.382029],[109.637101,-7.382372],[109.636814,-7.382733],[109.635974,-7.383481],[109.635476,-7.383678],[109.634716,-7.383766],[109.633853,-7.383637],[109.633043,-7.383191],[109.63163,-7.382626],[109.630725,-7.382416],[109.628882,-7.382555],[109.626896,-7.382974],[109.625833,-7.383151],[109.625,-7.383348],[109.62454,-7.383337],[109.623524,-7.383442],[109.621912,-7.3836],[109.620695,-7.383768],[109.61878,-7.384233],[109.617166,-7.384653],[109.616235,-7.384957],[109.614718,-7.385586],[109.613527,-7.386106],[109.612364,-7.386835],[109.611215,-7.387637],[109.609721,-7.388862],[109.608464,-7.389997],[109.60773,-7.390863],[109.606689,-7.392307],[109.606387,-7.392731],[109.605826,-7.393525],[109.605272,-7.394238],[109.604857,-7.394571],[109.604291,-7.394705],[109.6035,-7.394766],[109.602214,-7.394961],[109.60167,-7.395203],[109.601339,-7.395763],[109.601122,-7.396467],[109.600807,-7.39719],[109.599831,-7.397983],[109.599014,-7.398613],[109.59866,-7.399118],[109.598483,-7.39947],[109.598525,-7.400104],[109.59892,-7.400611],[109.599028,-7.401181],[109.598675,-7.401515],[109.598256,-7.401559],[109.597793,-7.401512],[109.59742,-7.401294],[109.596936,-7.400867],[109.59665,-7.400695],[109.595614,-7.400791],[109.595272,-7.399506],[109.594878,-7.398094],[109.594479,-7.396745],[109.593957,-7.395531],[109.592315,-7.393528],[109.591781,-7.393029],[109.590518,-7.392365],[109.589767,-7.391792],[109.589312,-7.391276],[109.588546,-7.390161],[109.587773,-7.388983],[109.586967,-7.387759],[109.586287,-7.386898],[109.585667,-7.385956],[109.585328,-7.38562],[109.584674,-7.385057],[109.584239,-7.384622],[109.584095,-7.384016],[109.584363,-7.383727],[109.584727,-7.383746],[109.585115,-7.383901],[109.585527,-7.384192],[109.586035,-7.384555],[109.586544,-7.384819],[109.586982,-7.38482],[109.587589,-7.384506],[109.587761,-7.38391],[109.58786,-7.383394],[109.588007,-7.382861],[109.588169,-7.3825],[109.588319,-7.382202],[109.588644,-7.38195],[109.589195,-7.381581],[109.590119,-7.381032],[109.590795,-7.380519],[109.591221,-7.379969],[109.591647,-7.379247],[109.591948,-7.378732],[109.592324,-7.378236],[109.592649,-7.377884],[109.593274,-7.377588],[109.594523,-7.377167],[109.595098,-7.37687],[109.595698,-7.376402],[109.596398,-7.375979],[109.597423,-7.375512],[109.598847,-7.375019],[109.600075,-7.374308],[109.60082,-7.37384],[109.601274,-7.373561],[109.601625,-7.373309],[109.602224,-7.372931],[109.602824,-7.372418],[109.60354,-7.371968],[109.604693,-7.37142],[109.605478,-7.370988],[109.606214,-7.370692],[109.606967,-7.370423],[109.608056,-7.369893],[109.60836,-7.36974],[109.608984,-7.369688],[109.610024,-7.36942],[109.610874,-7.36888],[109.611259,-7.368411],[109.611949,-7.36769],[109.612558,-7.367375],[109.613182,-7.367169],[109.613886,-7.367126],[109.614689,-7.366676],[109.615364,-7.366669],[109.615766,-7.366761],[109.616442,-7.36726],[109.617255,-7.36842],[109.61789,-7.368893],[109.618471,-7.368876],[109.619025,-7.368634],[109.61976,-7.368148],[109.620827,-7.367491],[109.622019,-7.366997],[109.622684,-7.366637],[109.623446,-7.366296],[109.62454,-7.365947],[109.625164,-7.365759],[109.625814,-7.365661],[109.62666,-7.365565],[109.627211,-7.365467],[109.627566,-7.36535],[109.628196,-7.365081],[109.628708,-7.364883],[109.629299,-7.364578],[109.629899,-7.363992],[109.630273,-7.363387],[109.630716,-7.362647],[109.631127,-7.362178],[109.631285,-7.361518],[109.631266,-7.361147],[109.631229,-7.360587],[109.631192,-7.359827],[109.631156,-7.359103],[109.631177,-7.358308],[109.631276,-7.357883],[109.631511,-7.357531],[109.631766,-7.357324],[109.632331,-7.357145],[109.633131,-7.357075],[109.63356,-7.357166],[109.634106,-7.357286],[109.634457,-7.357287],[109.634769,-7.357215],[109.635393,-7.356946],[109.636058,-7.356668],[109.636464,-7.356379],[109.636971,-7.35601],[109.637563,-7.355424],[109.638324,-7.354703],[109.638815,-7.354153],[109.639255,-7.35363],[109.639424,-7.35335],[109.639628,-7.352862],[109.639798,-7.35232],[109.640036,-7.351697],[109.640256,-7.351435],[109.64051,-7.351228],[109.640926,-7.350985],[109.641255,-7.350796],[109.64142,-7.350516],[109.641648,-7.349983],[109.641609,-7.34935],[109.641137,-7.348915],[109.640788,-7.348932],[109.640129,-7.349111],[109.639885,-7.348522],[109.639845,-7.348115],[109.639887,-7.347744],[109.639929,-7.347392],[109.63989,-7.346903],[109.63985,-7.346532],[109.640057,-7.346081],[109.640386,-7.345901],[109.640695,-7.345739],[109.64123,-7.345551],[109.641704,-7.345145],[109.641869,-7.344757],[109.642048,-7.344115],[109.642372,-7.343583],[109.642677,-7.343421],[109.643107,-7.343296],[109.643394,-7.343152],[109.643664,-7.342872],[109.643808,-7.342565],[109.643917,-7.342195],[109.643918,-7.341779],[109.643901,-7.341426],[109.643813,-7.340892],[109.644119,-7.34064],[109.644156,-7.340242],[109.643978,-7.33978],[109.643782,-7.339337],[109.643687,-7.338785],[109.643609,-7.33845],[109.64361,-7.338097],[109.643651,-7.337546],[109.643869,-7.337076],[109.644145,-7.336806],[109.64452,-7.33659],[109.645149,-7.336555],[109.645581,-7.336864],[109.645876,-7.337064],[109.646368,-7.336966],[109.646624,-7.336714],[109.646724,-7.336379],[109.646685,-7.336027],[109.646549,-7.335728],[109.646294,-7.335221],[109.646512,-7.334986],[109.646946,-7.334599],[109.647183,-7.334283],[109.647282,-7.333966],[109.647303,-7.333496],[109.647305,-7.333008],[109.647248,-7.332474],[109.647093,-7.332103],[109.647116,-7.331651],[109.647452,-7.331363],[109.647766,-7.330947],[109.648034,-7.330677],[109.648325,-7.330479],[109.648549,-7.330055],[109.648617,-7.329675],[109.648663,-7.329259],[109.648843,-7.328608],[109.649493,-7.328393],[109.649828,-7.328277],[109.650142,-7.328178],[109.650572,-7.32808],[109.650918,-7.328],[109.651379,-7.328028],[109.651716,-7.328093],[109.652411,-7.328131],[109.653008,-7.32825],[109.653286,-7.328477],[109.65376,-7.328904],[109.654383,-7.328996],[109.654723,-7.329232],[109.655031,-7.32945],[109.655241,-7.329713],[109.656131,-7.330448],[109.65699,-7.331273],[109.657574,-7.331999],[109.658031,-7.33266],[109.659084,-7.334427],[109.659588,-7.334935],[109.659877,-7.335361],[109.660068,-7.335696],[109.660187,-7.336447],[109.660373,-7.337008]]]]}},{"id":"17","type":"Feature","properties":{"KECAMATAN":"Wanayasa"},"geometry":{"type":"MultiPolygon","coordinates":[[[[109.801335,-7.172454],[109.803388,-7.173481],[109.805186,-7.173486],[109.806984,-7.173491],[109.808269,-7.173494],[109.809423,-7.174266],[109.810833,-7.17568],[109.8125,-7.176589],[109.814555,-7.176721],[109.817252,-7.176981],[109.818795,-7.17647],[109.82085,-7.17661],[109.82239,-7.177257],[109.823415,-7.178281],[109.823819,-7.18038],[109.823084,-7.181735],[109.823706,-7.183934],[109.822447,-7.18508],[109.821815,-7.186742],[109.820662,-7.187996],[109.817519,-7.189553],[109.815635,-7.189964],[109.814586,-7.191427],[109.813325,-7.193304],[109.811229,-7.194864],[109.809762,-7.196008],[109.806517,-7.196732],[109.804531,-7.196411],[109.802332,-7.197029],[109.801181,-7.197343],[109.799713,-7.198379],[109.797513,-7.19963],[109.795211,-7.200149],[109.792908,-7.200558],[109.790813,-7.201702],[109.790288,-7.202532],[109.788715,-7.203885],[109.787249,-7.204405],[109.785888,-7.204926],[109.784201,-7.207047],[109.784512,-7.208197],[109.784614,-7.209237],[109.786283,-7.211014],[109.787327,-7.211858],[109.787531,-7.213631],[109.787317,-7.215403],[109.78794,-7.217286],[109.788879,-7.21812],[109.7894,-7.218755],[109.789501,-7.220211],[109.789603,-7.22136],[109.790113,-7.222745],[109.789275,-7.223168],[109.788542,-7.223374],[109.787706,-7.222947],[109.786765,-7.222736],[109.785404,-7.223365],[109.784354,-7.224611],[109.783515,-7.22545],[109.782572,-7.226071],[109.781524,-7.226593],[109.780582,-7.226798],[109.779117,-7.227002],[109.777129,-7.227205],[109.776501,-7.227303],[109.775767,-7.227825],[109.775348,-7.22824],[109.775242,-7.228765],[109.775031,-7.229289],[109.772805,-7.230865],[109.771762,-7.229922],[109.771241,-7.229089],[109.769357,-7.229291],[109.769041,-7.230231],[109.767992,-7.231485],[109.766524,-7.232729],[109.76558,-7.233568],[109.76495,-7.234498],[109.763689,-7.236375],[109.762641,-7.237105],[109.760337,-7.238148],[109.761796,-7.239925],[109.763152,-7.241384],[109.764299,-7.242961],[109.765552,-7.243796],[109.767118,-7.244741],[109.767847,-7.2461],[109.76753,-7.247139],[109.766482,-7.247977],[109.765852,-7.248916],[109.765011,-7.249999],[109.764639,-7.250649],[109.76472,-7.251264],[109.764882,-7.251871],[109.765035,-7.252224],[109.765268,-7.252514],[109.765601,-7.252849],[109.765939,-7.253212],[109.766237,-7.253475],[109.766625,-7.253748],[109.767517,-7.254193],[109.768175,-7.254566],[109.76823,-7.254891],[109.768013,-7.255569],[109.76794,-7.256102],[109.768118,-7.25679],[109.768221,-7.257234],[109.768352,-7.257804],[109.768463,-7.258211],[109.768443,-7.258781],[109.768198,-7.259033],[109.767355,-7.259755],[109.767063,-7.260694],[109.766846,-7.261273],[109.766238,-7.262275],[109.766102,-7.262645],[109.766048,-7.263269],[109.765884,-7.26382],[109.765777,-7.264137],[109.765795,-7.264598],[109.765935,-7.265069],[109.76643,-7.265206],[109.76681,-7.265469],[109.766965,-7.265795],[109.767296,-7.266492],[109.767586,-7.266828],[109.768149,-7.267218],[109.768671,-7.267626],[109.768553,-7.267961],[109.768393,-7.26862],[109.768886,-7.269237],[109.769084,-7.269491],[109.769004,-7.269897],[109.768447,-7.270167],[109.768446,-7.270565],[109.768611,-7.2709],[109.768812,-7.271199],[109.769208,-7.271417],[109.769796,-7.271455],[109.769705,-7.271862],[109.769708,-7.272214],[109.769795,-7.272685],[109.769923,-7.273056],[109.770215,-7.273518],[109.770632,-7.273691],[109.770974,-7.273846],[109.771526,-7.274073],[109.771969,-7.274002],[109.772642,-7.273986],[109.773032,-7.274195],[109.773213,-7.274494],[109.773584,-7.27492],[109.774359,-7.27475],[109.774604,-7.275312],[109.774921,-7.276126],[109.775318,-7.2762],[109.775637,-7.276228],[109.775848,-7.27687],[109.775864,-7.277449],[109.77528,-7.27828],[109.775399,-7.278597],[109.775816,-7.278498],[109.776208,-7.278409],[109.776745,-7.278555],[109.777438,-7.278521],[109.777535,-7.278937],[109.777111,-7.280057],[109.776955,-7.280392],[109.776734,-7.280708],[109.776273,-7.280996],[109.775758,-7.281103],[109.775382,-7.281283],[109.775224,-7.281644],[109.774721,-7.282004],[109.774217,-7.282274],[109.773909,-7.282554],[109.773743,-7.283015],[109.77352,-7.28362],[109.773091,-7.284306],[109.772909,-7.284685],[109.772804,-7.285146],[109.772998,-7.285608],[109.773272,-7.286341],[109.773213,-7.28692],[109.773234,-7.287381],[109.773445,-7.287644],[109.773749,-7.287934],[109.774027,-7.288387],[109.774192,-7.288677],[109.774763,-7.289185],[109.775076,-7.289304],[109.77594,-7.28936],[109.776271,-7.289578],[109.77691,-7.290349],[109.777402,-7.290648],[109.777705,-7.290803],[109.77813,-7.29084],[109.779162,-7.290726],[109.779952,-7.29071],[109.780508,-7.290955],[109.780751,-7.29158],[109.780868,-7.291924],[109.781065,-7.292467],[109.78133,-7.293454],[109.781143,-7.294068],[109.781311,-7.294756],[109.781279,-7.295335],[109.781255,-7.296013],[109.781295,-7.296456],[109.781664,-7.297642],[109.782214,-7.298674],[109.782494,-7.299145],[109.782696,-7.299481],[109.782764,-7.300032],[109.782276,-7.300348],[109.781772,-7.300817],[109.781658,-7.301196],[109.781533,-7.30163],[109.78127,-7.301937],[109.780647,-7.30217],[109.780226,-7.303082],[109.779964,-7.303425],[109.779013,-7.303432],[109.778399,-7.303466],[109.777871,-7.303546],[109.7774,-7.303798],[109.776631,-7.304303],[109.776467,-7.304628],[109.776548,-7.304981],[109.776998,-7.30566],[109.777309,-7.306131],[109.777308,-7.306511],[109.777119,-7.306945],[109.776743,-7.307468],[109.776185,-7.308181],[109.77553,-7.308478],[109.775091,-7.309065],[109.77534,-7.309545],[109.775735,-7.309916],[109.775906,-7.310288],[109.775987,-7.310632],[109.775945,-7.311002],[109.775801,-7.311309],[109.775431,-7.311616],[109.775102,-7.311733],[109.774774,-7.311813],[109.77422,-7.311839],[109.773195,-7.31189],[109.772087,-7.312077],[109.771575,-7.312157],[109.77059,-7.31219],[109.769955,-7.312189],[109.769606,-7.312296],[109.769175,-7.312512],[109.768928,-7.312819],[109.768742,-7.313253],[109.768638,-7.313741],[109.768534,-7.314355],[109.76845,-7.315006],[109.768121,-7.315277],[109.767772,-7.315556],[109.767177,-7.31588],[109.766479,-7.316186],[109.766067,-7.31651],[109.765772,-7.31679],[109.765425,-7.316997],[109.764974,-7.317149],[109.763588,-7.317209],[109.763051,-7.317144],[109.762342,-7.31688],[109.761666,-7.316878],[109.761388,-7.317347],[109.761404,-7.317709],[109.761611,-7.31809],[109.762216,-7.318534],[109.762647,-7.319042],[109.762837,-7.319495],[109.762853,-7.319875],[109.762574,-7.320425],[109.762279,-7.320597],[109.761794,-7.320631],[109.761327,-7.320612],[109.760877,-7.320439],[109.760358,-7.320193],[109.759908,-7.320038],[109.759457,-7.320001],[109.758886,-7.320117],[109.758573,-7.320288],[109.758312,-7.320649],[109.757763,-7.321262],[109.757376,-7.321433],[109.756922,-7.321631],[109.756518,-7.321946],[109.756198,-7.322316],[109.755844,-7.322903],[109.75559,-7.323653],[109.755454,-7.324141],[109.755033,-7.324592],[109.754495,-7.324717],[109.753975,-7.324589],[109.753556,-7.324317],[109.75312,-7.324062],[109.752617,-7.323862],[109.751912,-7.323679],[109.751241,-7.323605],[109.750687,-7.323558],[109.749998,-7.323556],[109.74902,-7.323427],[109.748211,-7.323307],[109.747634,-7.323088],[109.747239,-7.322626],[109.747125,-7.322119],[109.746814,-7.32116],[109.746633,-7.320788],[109.746354,-7.320516],[109.745826,-7.32037],[109.745099,-7.320305],[109.744339,-7.320366],[109.743431,-7.320508],[109.742688,-7.320624],[109.741891,-7.320594],[109.741241,-7.320638],[109.740692,-7.320745],[109.740197,-7.321024],[109.73997,-7.321267],[109.739919,-7.321945],[109.740074,-7.322733],[109.740151,-7.323221],[109.74019,-7.323592],[109.740071,-7.32389],[109.739834,-7.324143],[109.739302,-7.324394],[109.738968,-7.32443],[109.738456,-7.324356],[109.738122,-7.324255],[109.73771,-7.324101],[109.737356,-7.323937],[109.736608,-7.323935],[109.736097,-7.323897],[109.735664,-7.323796],[109.735253,-7.323262],[109.73488,-7.322836],[109.734322,-7.322653],[109.733546,-7.322714],[109.73315,-7.322713],[109.732291,-7.322656],[109.731598,-7.322591],[109.730971,-7.322553],[109.730228,-7.32247],[109.729882,-7.322324],[109.729618,-7.322106],[109.729322,-7.321726],[109.728961,-7.321001],[109.728467,-7.32034],[109.728003,-7.320076],[109.727509,-7.319903],[109.72705,-7.319865],[109.726823,-7.319557],[109.726641,-7.319123],[109.726631,-7.3183],[109.726549,-7.317612],[109.726594,-7.317042],[109.726837,-7.316817],[109.727321,-7.316601],[109.727294,-7.316185],[109.727452,-7.315706],[109.727716,-7.314794],[109.727897,-7.313573],[109.728002,-7.312742],[109.728068,-7.312226],[109.72806,-7.311693],[109.728522,-7.311124],[109.728564,-7.310383],[109.728746,-7.310003],[109.728905,-7.309398],[109.728797,-7.308891],[109.728161,-7.308139],[109.728249,-7.307596],[109.728983,-7.307363],[109.729881,-7.307049],[109.730444,-7.306979],[109.73099,-7.30726],[109.731353,-7.307451],[109.731791,-7.307634],[109.73238,-7.307454],[109.732855,-7.307058],[109.733109,-7.306615],[109.733228,-7.305883],[109.733292,-7.305558],[109.733758,-7.305161],[109.734602,-7.304467],[109.735245,-7.304098],[109.735713,-7.303756],[109.73615,-7.303341],[109.736401,-7.302871],[109.73642,-7.302464],[109.736387,-7.30165],[109.73647,-7.30109],[109.736874,-7.300865],[109.736936,-7.300413],[109.736982,-7.299635],[109.737054,-7.29922],[109.7373,-7.298379],[109.737777,-7.298236],[109.738009,-7.297974],[109.737988,-7.297558],[109.737774,-7.297114],[109.737157,-7.296832],[109.736613,-7.296207],[109.736925,-7.295439],[109.737029,-7.294924],[109.737507,-7.294437],[109.737983,-7.294067],[109.738425,-7.293435],[109.738752,-7.292659],[109.738534,-7.291726],[109.738618,-7.291311],[109.73911,-7.291077],[109.739369,-7.290499],[109.739525,-7.290074],[109.739751,-7.289568],[109.740217,-7.28919],[109.740577,-7.289109],[109.740984,-7.289056],[109.741332,-7.288696],[109.741378,-7.288162],[109.741443,-7.287493],[109.7415,-7.28696],[109.741522,-7.286571],[109.741717,-7.286219],[109.742043,-7.285858],[109.742285,-7.285479],[109.742353,-7.284493],[109.742248,-7.284158],[109.74244,-7.283887],[109.742862,-7.283364],[109.743429,-7.282751],[109.744106,-7.2823],[109.744858,-7.281832],[109.745558,-7.281282],[109.74584,-7.280777],[109.746016,-7.280235],[109.746117,-7.279403],[109.746009,-7.278417],[109.745767,-7.277611],[109.745397,-7.276652],[109.745081,-7.275602],[109.744508,-7.274126],[109.74456,-7.273665],[109.744363,-7.272905],[109.74408,-7.272307],[109.74422,-7.271638],[109.744528,-7.271078],[109.744725,-7.270744],[109.745134,-7.269931],[109.745628,-7.269128],[109.745491,-7.268666],[109.745383,-7.268358],[109.74524,-7.267499],[109.745322,-7.267011],[109.74545,-7.266667],[109.745486,-7.266333],[109.74527,-7.265952],[109.745497,-7.265293],[109.745571,-7.264316],[109.745334,-7.263854],[109.745189,-7.263239],[109.74523,-7.262814],[109.74523,-7.26247],[109.745194,-7.262036],[109.744953,-7.261692],[109.744536,-7.261157],[109.744101,-7.260659],[109.743365,-7.260087],[109.742822,-7.259506],[109.742497,-7.259207],[109.741932,-7.258735],[109.740988,-7.258118],[109.740299,-7.257709],[109.739775,-7.257391],[109.739209,-7.257055],[109.739006,-7.256475],[109.738982,-7.255643],[109.738919,-7.254748],[109.738732,-7.253861],[109.738527,-7.25292],[109.738293,-7.252196],[109.737816,-7.251191],[109.73722,-7.250411],[109.736784,-7.250012],[109.736387,-7.249703],[109.736043,-7.249585],[109.735589,-7.249484],[109.735086,-7.249465],[109.734631,-7.249463],[109.734153,-7.249552],[109.73341,-7.249668],[109.732645,-7.249648],[109.732214,-7.249646],[109.731687,-7.24969],[109.731304,-7.249716],[109.730682,-7.249687],[109.730156,-7.249641],[109.729294,-7.249539],[109.728768,-7.249465],[109.727859,-7.249372],[109.727142,-7.249252],[109.726771,-7.249215],[109.725515,-7.249103],[109.724964,-7.249029],[109.723911,-7.248999],[109.723146,-7.24897],[109.72196,-7.248994],[109.721866,-7.247899],[109.721606,-7.246849],[109.721277,-7.244479],[109.721042,-7.243212],[109.72066,-7.242714],[109.719801,-7.241825],[109.719158,-7.240937],[109.71868,-7.240484],[109.718397,-7.240293],[109.717882,-7.240364],[109.717873,-7.239242],[109.717883,-7.238609],[109.717519,-7.23821],[109.717214,-7.237911],[109.717286,-7.237504],[109.71821,-7.236946],[109.718622,-7.236793],[109.718863,-7.236342],[109.718727,-7.235898],[109.718683,-7.235437],[109.719131,-7.234968],[109.7196,-7.23478],[109.719964,-7.234437],[109.720017,-7.233831],[109.719823,-7.233451],[109.720044,-7.232077],[109.720037,-7.23167],[109.719583,-7.231298],[109.719469,-7.230872],[109.719462,-7.230348],[109.719524,-7.229127],[109.719507,-7.228521],[109.719709,-7.228142],[109.719729,-7.227599],[109.71988,-7.227211],[109.720193,-7.226741],[109.720423,-7.226516],[109.720243,-7.225991],[109.719918,-7.225511],[109.719765,-7.225076],[109.720157,-7.224688],[109.720219,-7.224227],[109.719863,-7.223883],[109.718995,-7.222388],[109.718021,-7.219708],[109.717026,-7.216007],[109.716743,-7.214794],[109.716339,-7.2135],[109.716319,-7.212261],[109.716354,-7.208227],[109.716312,-7.206247],[109.716583,-7.203399],[109.716949,-7.200822],[109.717265,-7.199466],[109.717756,-7.199576],[109.720071,-7.199809],[109.721401,-7.199867],[109.721839,-7.200031],[109.723095,-7.200667],[109.724915,-7.201604],[109.725535,-7.201769],[109.725972,-7.201842],[109.72641,-7.201843],[109.727393,-7.201756],[109.729038,-7.200612],[109.729842,-7.199981],[109.73072,-7.198925],[109.732367,-7.196985],[109.73339,-7.196183],[109.734157,-7.195697],[109.735781,-7.195014],[109.73799,-7.194179],[109.739158,-7.193586],[109.740582,-7.192785],[109.741514,-7.192136],[109.743724,-7.190433],[109.74431,-7.189756],[109.744877,-7.188998],[109.745226,-7.188212],[109.745465,-7.187327],[109.74565,-7.186432],[109.745817,-7.185121],[109.746145,-7.183846],[109.74617,-7.183232],[109.74623,-7.182689],[109.746604,-7.182554],[109.747065,-7.182556],[109.747415,-7.182665],[109.747715,-7.182874],[109.748206,-7.183165],[109.748438,-7.182921],[109.748344,-7.182604],[109.748501,-7.182089],[109.748847,-7.182154],[109.749139,-7.182381],[109.749238,-7.182019],[109.749624,-7.181875],[109.750001,-7.181768],[109.750821,-7.18158],[109.751209,-7.181102],[109.751693,-7.180714],[109.752466,-7.180527],[109.753142,-7.180528],[109.753915,-7.18063],[109.754494,-7.180722],[109.755363,-7.180824],[109.756425,-7.180827],[109.757584,-7.18102],[109.758358,-7.180543],[109.759229,-7.179867],[109.760293,-7.179101],[109.760875,-7.178234],[109.76194,-7.177468],[109.762907,-7.176982],[109.765032,-7.176699],[109.765708,-7.1768],[109.766769,-7.177282],[109.767444,-7.177772],[109.768022,-7.178253],[109.768987,-7.178835],[109.770047,-7.179416],[109.771205,-7.179998],[109.772845,-7.180581],[109.774294,-7.180585],[109.775744,-7.18011],[109.776906,-7.178955],[109.778454,-7.178091],[109.779711,-7.177516],[109.780582,-7.17674],[109.780683,-7.175303],[109.781654,-7.17318],[109.782141,-7.171635],[109.781951,-7.170676],[109.782436,-7.169709],[109.783017,-7.169041],[109.783214,-7.167685],[109.783605,-7.16605],[109.783897,-7.165092],[109.784479,-7.164225],[109.784856,-7.163123],[109.786331,-7.162792],[109.788645,-7.162291],[109.791085,-7.162678],[109.793009,-7.163452],[109.794418,-7.164866],[109.794929,-7.166025],[109.796211,-7.167186],[109.798007,-7.167959],[109.798649,-7.168214],[109.800189,-7.168734],[109.800572,-7.169377],[109.80057,-7.170399],[109.800567,-7.171421],[109.801335,-7.172454]]]]}}]}