{"type":"FeatureCollection","features":[{"id":"0","type":"Feature","properties":{"DN":1,"Keterangan":"Rendah"},"geometry":{"type":"Polygon","coordinates":[[[109.64455,-7.257359],[109.64455,-7.257898],[109.644011,-7.257898],[109.644011,-7.258167],[109.643742,-7.258167],[109.643742,-7.258437],[109.643203,-7.258437],[109.643203,-7.258706],[109.642933,-7.258706],[109.642933,-7.258976],[109.642664,-7.258976],[109.642664,-7.259245],[109.642394,-7.259245],[109.642394,-7.259515],[109.641316,-7.259515],[109.641316,-7.259784],[109.640777,-7.259784],[109.640777,-7.260054],[109.640239,-7.260054],[109.640239,-7.260593],[109.640777,-7.260593],[109.640777,-7.260323],[109.641586,-7.260323],[109.641586,-7.260054],[109.642664,-7.260054],[109.642664,-7.259784],[109.642933,-7.259784],[109.642933,-7.260054],[109.643203,-7.260054],[109.643203,-7.261132],[109.642933,-7.261132],[109.642933,-7.261401],[109.642664,-7.261401],[109.642664,-7.261671],[109.642394,-7.261671],[109.642394,-7.26194],[109.642125,-7.26194],[109.642125,-7.26221],[109.641586,-7.26221],[109.641586,-7.262479],[109.642933,-7.262479],[109.642933,-7.26221],[109.643472,-7.26221],[109.643472,-7.26194],[109.643742,-7.26194],[109.643742,-7.261401],[109.644011,-7.261401],[109.644011,-7.260862],[109.644281,-7.260862],[109.644281,-7.260054],[109.64455,-7.260054],[109.64455,-7.259784],[109.64482,-7.259784],[109.64482,-7.259515],[109.645089,-7.259515],[109.645089,-7.259245],[109.645359,-7.259245],[109.645359,-7.258976],[109.645628,-7.258976],[109.645628,-7.257898],[109.645359,-7.257898],[109.645359,-7.257628],[109.64482,-7.257628],[109.64482,-7.257359],[109.64455,-7.257359]]]}},{"id":"1","type":"Feature","properties":{"DN":1,"Keterangan":"Rendah"},"geometry":{"type":"Polygon","coordinates":[[[109.641316,-7.262479],[109.641316,-7.262749],[109.641586,-7.262749],[109.641586,-7.262479],[109.641316,-7.262479]]]}},{"id":"2","type":"Feature","properties":{"DN":1,"Keterangan":"Rendah"},"geometry":{"type":"Polygon","coordinates":[[[109.640777,-7.262749],[109.640777,-7.263018],[109.641047,-7.263018],[109.641047,-7.262749],[109.640777,-7.262749]]]}},{"id":"3","type":"Feature","properties":{"DN":1,"Keterangan":"Rendah"},"geometry":{"type":"Polygon","coordinates":[[[109.640508,-7.263018],[109.640508,-7.263288],[109.640777,-7.263288],[109.640777,-7.263018],[109.640508,-7.263018]]]}},{"id":"4","type":"Feature","properties":{"DN":2,"Keterangan":"Sedang"},"geometry":{"type":"Polygon","coordinates":[[[109.642664,-7.259784],[109.642664,-7.260054],[109.641586,-7.260054],[109.641586,-7.260323],[109.640777,-7.260323],[109.640777,-7.260593],[109.639969,-7.260593],[109.639969,-7.260862],[109.6397,-7.260862],[109.6397,-7.261132],[109.63943,-7.261132],[109.63943,-7.261401],[109.639161,-7.261401],[109.639161,-7.261671],[109.638891,-7.261671],[109.638891,-7.26194],[109.638622,-7.26194],[109.638622,-7.26221],[109.638352,-7.26221],[109.638352,-7.262479],[109.638083,-7.262479],[109.638083,-7.263018],[109.637813,-7.263018],[109.637813,-7.263827],[109.6397,-7.263827],[109.6397,-7.263557],[109.639969,-7.263557],[109.639969,-7.263288],[109.640508,-7.263288],[109.640508,-7.263018],[109.640777,-7.263018],[109.640777,-7.262749],[109.641316,-7.262749],[109.641316,-7.262479],[109.641586,-7.262479],[109.641586,-7.26221],[109.642125,-7.26221],[109.642125,-7.26194],[109.642394,-7.26194],[109.642394,-7.261671],[109.642664,-7.261671],[109.642664,-7.261401],[109.642933,-7.261401],[109.642933,-7.261132],[109.643203,-7.261132],[109.643203,-7.260054],[109.642933,-7.260054],[109.642933,-7.259784],[109.642664,-7.259784]]]}},{"id":"5","type":"Feature","properties":{"DN":2,"Keterangan":"Sedang"},"geometry":{"type":"Polygon","coordinates":[[[109.648054,-7.307485],[109.648054,-7.307754],[109.647784,-7.307754],[109.647784,-7.308024],[109.647515,-7.308024],[109.647515,-7.308293],[109.647245,-7.308293],[109.647245,-7.308832],[109.646976,-7.308832],[109.646976,-7.309101],[109.646706,-7.309101],[109.646706,-7.30964],[109.646437,-7.30964],[109.646437,-7.30991],[109.645898,-7.30991],[109.645898,-7.310179],[109.643203,-7.310179],[109.643203,-7.310718],[109.642933,-7.310718],[109.642933,-7.311527],[109.643203,-7.311527],[109.643203,-7.312605],[109.643472,-7.312605],[109.643472,-7.313413],[109.643742,-7.313413],[109.643742,-7.313952],[109.644011,-7.313952],[109.644011,-7.314491],[109.644281,-7.314491],[109.644281,-7.314761],[109.64455,-7.314761],[109.64455,-7.31503],[109.645359,-7.31503],[109.645359,-7.314761],[109.645628,-7.314761],[109.645628,-7.313952],[109.645898,-7.313952],[109.645898,-7.313683],[109.646167,-7.313683],[109.646167,-7.313413],[109.646437,-7.313413],[109.646437,-7.313144],[109.646706,-7.313144],[109.646706,-7.312874],[109.646976,-7.312874],[109.646976,-7.312605],[109.648054,-7.312605],[109.648054,-7.312335],[109.648323,-7.312335],[109.648323,-7.312066],[109.648593,-7.312066],[109.648593,-7.311527],[109.648862,-7.311527],[109.648862,-7.311257],[109.649132,-7.311257],[109.649132,-7.308024],[109.649401,-7.308024],[109.649401,-7.307754],[109.648862,-7.307754],[109.648862,-7.307485],[109.648054,-7.307485]]]}},{"id":"6","type":"Feature","properties":{"DN":1,"Keterangan":"Rendah"},"geometry":{"type":"Polygon","coordinates":[[[109.645359,-7.314761],[109.645359,-7.31503],[109.645628,-7.31503],[109.645628,-7.314761],[109.645359,-7.314761]]]}},{"id":"7","type":"Feature","properties":{"DN":1,"Keterangan":"Rendah"},"geometry":{"type":"Polygon","coordinates":[[[109.727015,-7.32042],[109.727015,-7.32069],[109.728363,-7.32069],[109.728363,-7.32042],[109.727015,-7.32042]]]}},{"id":"8","type":"Feature","properties":{"DN":1,"Keterangan":"Rendah"},"geometry":{"type":"Polygon","coordinates":[[[109.726476,-7.32069],[109.726476,-7.320959],[109.727015,-7.320959],[109.727015,-7.32069],[109.726476,-7.32069]]]}},{"id":"9","type":"Feature","properties":{"DN":1,"Keterangan":"Rendah"},"geometry":{"type":"Polygon","coordinates":[[[109.728902,-7.320959],[109.728902,-7.321229],[109.729171,-7.321229],[109.729171,-7.320959],[109.728902,-7.320959]]]}},{"id":"10","type":"Feature","properties":{"DN":1,"Keterangan":"Rendah"},"geometry":{"type":"Polygon","coordinates":[[[109.729171,-7.321229],[109.729171,-7.321498],[109.729441,-7.321498],[109.729441,-7.321229],[109.729171,-7.321229]]]}},{"id":"11","type":"Feature","properties":{"DN":1,"Keterangan":"Rendah"},"geometry":{"type":"Polygon","coordinates":[[[109.729441,-7.321498],[109.729441,-7.321768],[109.72971,-7.321768],[109.72971,-7.321498],[109.729441,-7.321498]]]}},{"id":"12","type":"Feature","properties":{"DN":2,"Keterangan":"Sedang"},"geometry":{"type":"Polygon","coordinates":[[[109.726207,-7.319612],[109.726207,-7.319881],[109.725398,-7.319881],[109.725398,-7.320151],[109.724859,-7.320151],[109.724859,-7.32042],[109.72459,-7.32042],[109.72459,-7.321229],[109.725668,-7.321229],[109.725668,-7.320959],[109.726476,-7.320959],[109.726476,-7.32069],[109.727015,-7.32069],[109.727015,-7.32042],[109.728363,-7.32042],[109.728363,-7.32069],[109.728632,-7.32069],[109.728632,-7.320959],[109.729171,-7.320959],[109.729171,-7.321229],[109.729441,-7.321229],[109.729441,-7.321498],[109.72971,-7.321498],[109.72971,-7.321768],[109.730249,-7.321768],[109.730249,-7.322037],[109.730519,-7.322037],[109.730519,-7.321498],[109.730249,-7.321498],[109.730249,-7.321229],[109.72998,-7.321229],[109.72998,-7.32069],[109.729171,-7.32069],[109.729171,-7.32042],[109.728632,-7.32042],[109.728632,-7.319881],[109.727824,-7.319881],[109.727824,-7.319612],[109.726207,-7.319612]]]}},{"id":"13","type":"Feature","properties":{"DN":1,"Keterangan":"Rendah"},"geometry":{"type":"Polygon","coordinates":[[[109.877393,-7.19295],[109.877393,-7.193219],[109.877123,-7.193219],[109.877123,-7.193489],[109.875776,-7.193489],[109.875776,-7.193758],[109.875506,-7.193758],[109.875506,-7.194028],[109.87335,-7.194028],[109.87335,-7.194297],[109.873081,-7.194297],[109.873081,-7.194836],[109.870386,-7.194836],[109.870386,-7.194567],[109.868499,-7.194567],[109.868499,-7.194836],[109.86823,-7.194836],[109.86823,-7.195106],[109.867691,-7.195106],[109.867691,-7.195375],[109.867421,-7.195375],[109.867421,-7.195645],[109.866343,-7.195645],[109.866343,-7.195914],[109.866074,-7.195914],[109.866074,-7.196184],[109.864996,-7.196184],[109.864996,-7.196453],[109.864726,-7.196453],[109.864726,-7.196723],[109.864457,-7.196723],[109.864457,-7.196992],[109.864187,-7.196992],[109.864187,-7.197531],[109.863918,-7.197531],[109.863918,-7.197801],[109.863648,-7.197801],[109.863648,-7.19807],[109.862571,-7.19807],[109.862571,-7.197801],[109.861762,-7.197801],[109.861762,-7.19807],[109.861493,-7.19807],[109.861493,-7.19834],[109.860954,-7.19834],[109.860954,-7.198609],[109.860145,-7.198609],[109.860145,-7.199148],[109.859876,-7.199148],[109.859876,-7.199687],[109.859606,-7.199687],[109.859606,-7.200226],[109.858798,-7.200226],[109.858798,-7.201843],[109.858528,-7.201843],[109.858528,-7.202113],[109.858259,-7.202113],[109.858259,-7.202921],[109.857989,-7.202921],[109.857989,-7.20373],[109.85772,-7.20373],[109.85772,-7.203999],[109.85745,-7.203999],[109.85745,-7.206694],[109.85772,-7.206694],[109.85772,-7.206963],[109.857989,-7.206963],[109.857989,-7.209658],[109.85772,-7.209658],[109.85772,-7.210197],[109.85745,-7.210197],[109.85745,-7.210467],[109.857181,-7.210467],[109.857181,-7.210736],[109.856911,-7.210736],[109.856911,-7.211814],[109.856642,-7.211814],[109.856642,-7.212084],[109.856372,-7.212084],[109.856372,-7.21424],[109.856103,-7.21424],[109.856103,-7.214509],[109.855833,-7.214509],[109.855833,-7.214779],[109.855564,-7.214779],[109.855564,-7.216126],[109.855294,-7.216126],[109.855294,-7.216396],[109.855025,-7.216396],[109.855025,-7.216665],[109.854755,-7.216665],[109.854755,-7.218282],[109.854486,-7.218282],[109.854486,-7.218552],[109.854216,-7.218552],[109.854216,-7.21936],[109.853947,-7.21936],[109.853947,-7.219899],[109.853677,-7.219899],[109.853677,-7.220169],[109.853408,-7.220169],[109.853408,-7.220438],[109.853138,-7.220438],[109.853138,-7.221516],[109.852869,-7.221516],[109.852869,-7.221786],[109.852599,-7.221786],[109.852599,-7.222055],[109.85206,-7.222055],[109.85206,-7.222325],[109.851791,-7.222325],[109.851791,-7.222594],[109.851521,-7.222594],[109.851521,-7.22502],[109.851252,-7.22502],[109.851252,-7.225289],[109.850713,-7.225289],[109.850713,-7.225559],[109.849904,-7.225559],[109.849904,-7.225828],[109.849635,-7.225828],[109.849635,-7.226367],[109.849365,-7.226367],[109.849365,-7.226906],[109.849096,-7.226906],[109.849096,-7.227984],[109.848826,-7.227984],[109.848826,-7.228523],[109.848557,-7.228523],[109.848557,-7.229331],[109.848018,-7.229331],[109.848018,-7.230948],[109.847748,-7.230948],[109.847748,-7.231757],[109.847209,-7.231757],[109.847209,-7.233913],[109.84694,-7.233913],[109.84694,-7.234182],[109.84667,-7.234182],[109.84667,-7.234721],[109.845323,-7.234721],[109.845323,-7.234991],[109.844784,-7.234991],[109.844784,-7.23553],[109.843975,-7.23553],[109.843975,-7.235799],[109.843706,-7.235799],[109.843706,-7.236338],[109.843436,-7.236338],[109.843436,-7.236608],[109.842898,-7.236608],[109.842898,-7.237147],[109.842628,-7.237147],[109.842628,-7.237416],[109.84182,-7.237416],[109.84182,-7.237955],[109.841011,-7.237955],[109.841011,-7.238225],[109.840203,-7.238225],[109.840203,-7.238494],[109.839664,-7.238494],[109.839664,-7.238764],[109.839394,-7.238764],[109.839394,-7.238494],[109.839125,-7.238494],[109.839125,-7.238225],[109.838316,-7.238225],[109.838316,-7.238494],[109.838047,-7.238494],[109.838047,-7.239033],[109.837508,-7.239033],[109.837508,-7.239572],[109.837238,-7.239572],[109.837238,-7.240111],[109.836969,-7.240111],[109.836969,-7.240381],[109.836699,-7.240381],[109.836699,-7.24065],[109.83616,-7.24065],[109.83616,-7.24092],[109.835891,-7.24092],[109.835891,-7.241189],[109.835082,-7.241189],[109.835082,-7.241728],[109.834813,-7.241728],[109.834813,-7.241998],[109.834274,-7.241998],[109.834274,-7.242537],[109.834004,-7.242537],[109.834004,-7.243076],[109.833735,-7.243076],[109.833735,-7.243345],[109.833465,-7.243345],[109.833465,-7.243615],[109.833196,-7.243615],[109.833196,-7.244154],[109.832926,-7.244154],[109.832926,-7.24604],[109.833196,-7.24604],[109.833196,-7.247388],[109.832926,-7.247388],[109.832926,-7.247657],[109.832657,-7.247657],[109.832657,-7.248465],[109.831848,-7.248465],[109.831848,-7.249274],[109.832657,-7.249274],[109.832657,-7.249543],[109.832926,-7.249543],[109.832926,-7.249813],[109.833196,-7.249813],[109.833196,-7.25116],[109.833465,-7.25116],[109.833465,-7.251699],[109.833735,-7.251699],[109.833735,-7.252238],[109.834004,-7.252238],[109.834004,-7.25655],[109.833735,-7.25655],[109.833735,-7.257628],[109.833465,-7.257628],[109.833465,-7.257898],[109.833196,-7.257898],[109.833196,-7.259784],[109.832926,-7.259784],[109.832926,-7.260054],[109.832657,-7.260054],[109.832657,-7.260323],[109.831579,-7.260323],[109.831579,-7.260593],[109.831309,-7.260593],[109.831309,-7.261132],[109.830231,-7.261132],[109.830231,-7.261401],[109.829962,-7.261401],[109.829962,-7.261671],[109.829692,-7.261671],[109.829692,-7.26194],[109.829423,-7.26194],[109.829423,-7.262479],[109.829153,-7.262479],[109.829153,-7.262749],[109.828884,-7.262749],[109.828884,-7.263018],[109.828614,-7.263018],[109.828614,-7.263288],[109.828345,-7.263288],[109.828345,-7.263557],[109.828075,-7.263557],[109.828075,-7.263827],[109.827536,-7.263827],[109.827536,-7.264366],[109.827267,-7.264366],[109.827267,-7.264905],[109.826997,-7.264905],[109.826997,-7.265174],[109.826728,-7.265174],[109.826728,-7.265444],[109.826458,-7.265444],[109.826458,-7.266791],[109.825919,-7.266791],[109.825919,-7.267061],[109.82538,-7.267061],[109.82538,-7.268947],[109.826189,-7.268947],[109.826189,-7.269486],[109.825919,-7.269486],[109.825919,-7.269755],[109.82565,-7.269755],[109.82565,-7.270294],[109.82538,-7.270294],[109.82538,-7.270564],[109.825111,-7.270564],[109.825111,-7.270833],[109.824572,-7.270833],[109.824572,-7.271103],[109.824302,-7.271103],[109.824302,-7.27272],[109.824841,-7.27272],[109.824841,-7.272989],[109.82565,-7.272989],[109.82565,-7.273259],[109.82538,-7.273259],[109.82538,-7.273528],[109.825111,-7.273528],[109.825111,-7.273798],[109.824841,-7.273798],[109.824841,-7.274606],[109.824572,-7.274606],[109.824572,-7.274876],[109.824302,-7.274876],[109.824302,-7.275954],[109.824572,-7.275954],[109.824572,-7.276223],[109.825111,-7.276223],[109.825111,-7.276493],[109.82538,-7.276493],[109.82538,-7.277032],[109.826189,-7.277032],[109.826189,-7.277301],[109.826458,-7.277301],[109.826458,-7.277571],[109.826728,-7.277571],[109.826728,-7.279996],[109.826997,-7.279996],[109.826997,-7.280266],[109.827536,-7.280266],[109.827536,-7.280805],[109.827806,-7.280805],[109.827806,-7.281613],[109.828075,-7.281613],[109.828075,-7.281883],[109.828614,-7.281883],[109.828614,-7.282152],[109.829153,-7.282152],[109.829153,-7.282961],[109.828884,-7.282961],[109.828884,-7.28323],[109.828614,-7.28323],[109.828614,-7.2835],[109.828345,-7.2835],[109.828345,-7.283769],[109.827806,-7.283769],[109.827806,-7.284039],[109.827536,-7.284039],[109.827536,-7.284578],[109.826997,-7.284578],[109.826997,-7.284847],[109.826728,-7.284847],[109.826728,-7.285656],[109.826458,-7.285656],[109.826458,-7.287003],[109.826189,-7.287003],[109.826189,-7.287273],[109.825919,-7.287273],[109.825919,-7.287542],[109.82565,-7.287542],[109.82565,-7.289159],[109.82538,-7.289159],[109.82538,-7.289428],[109.825111,-7.289428],[109.825111,-7.289698],[109.824841,-7.289698],[109.824841,-7.290237],[109.824033,-7.290237],[109.824033,-7.290506],[109.822147,-7.290506],[109.822147,-7.290776],[109.821877,-7.290776],[109.821877,-7.292662],[109.821608,-7.292662],[109.821608,-7.292932],[109.821069,-7.292932],[109.821069,-7.293471],[109.82053,-7.293471],[109.82053,-7.29401],[109.82026,-7.29401],[109.82026,-7.294549],[109.819991,-7.294549],[109.819991,-7.294818],[109.819721,-7.294818],[109.819721,-7.297783],[109.819452,-7.297783],[109.819452,-7.298052],[109.818104,-7.298052],[109.818104,-7.297783],[109.817296,-7.297783],[109.817296,-7.298052],[109.817026,-7.298052],[109.817026,-7.298322],[109.816487,-7.298322],[109.816487,-7.298591],[109.816218,-7.298591],[109.816218,-7.299939],[109.815679,-7.299939],[109.815679,-7.301556],[109.815409,-7.301556],[109.815409,-7.301825],[109.81487,-7.301825],[109.81487,-7.302364],[109.814601,-7.302364],[109.814601,-7.303442],[109.81487,-7.303442],[109.81487,-7.303712],[109.815409,-7.303712],[109.815409,-7.304251],[109.815948,-7.304251],[109.815948,-7.30452],[109.816218,-7.30452],[109.816218,-7.305059],[109.816757,-7.305059],[109.816757,-7.305329],[109.817026,-7.305329],[109.817026,-7.305598],[109.817565,-7.305598],[109.817565,-7.306407],[109.817026,-7.306407],[109.817026,-7.306676],[109.816757,-7.306676],[109.816757,-7.308024],[109.816487,-7.308024],[109.816487,-7.308293],[109.815948,-7.308293],[109.815948,-7.308562],[109.815679,-7.308562],[109.815679,-7.309371],[109.815409,-7.309371],[109.815409,-7.30964],[109.81514,-7.30964],[109.81514,-7.30991],[109.814601,-7.30991],[109.814601,-7.312605],[109.814331,-7.312605],[109.814331,-7.313144],[109.813523,-7.313144],[109.813523,-7.313413],[109.812984,-7.313413],[109.812984,-7.313683],[109.812714,-7.313683],[109.812714,-7.314222],[109.812445,-7.314222],[109.812445,-7.313952],[109.811636,-7.313952],[109.811636,-7.314222],[109.810828,-7.314222],[109.810828,-7.314491],[109.810019,-7.314491],[109.810019,-7.3153],[109.80948,-7.3153],[109.80948,-7.316917],[109.809211,-7.316917],[109.809211,-7.317186],[109.808941,-7.317186],[109.808941,-7.317456],[109.808672,-7.317456],[109.808672,-7.318264],[109.808402,-7.318264],[109.808402,-7.318803],[109.808133,-7.318803],[109.808133,-7.319612],[109.808402,-7.319612],[109.808402,-7.320151],[109.808133,-7.320151],[109.808133,-7.320959],[109.807863,-7.320959],[109.807863,-7.321229],[109.807324,-7.321229],[109.807324,-7.321768],[109.807055,-7.321768],[109.807055,-7.322037],[109.806785,-7.322037],[109.806785,-7.322307],[109.806516,-7.322307],[109.806516,-7.322576],[109.805707,-7.322576],[109.805707,-7.322846],[109.805438,-7.322846],[109.805438,-7.323115],[109.805168,-7.323115],[109.805168,-7.323385],[109.80409,-7.323385],[109.80409,-7.323654],[109.803551,-7.323654],[109.803551,-7.324193],[109.801396,-7.324193],[109.801396,-7.323924],[109.800318,-7.323924],[109.800318,-7.323654],[109.798701,-7.323654],[109.798701,-7.323924],[109.798431,-7.323924],[109.798431,-7.324463],[109.798162,-7.324463],[109.798162,-7.324732],[109.797892,-7.324732],[109.797892,-7.325002],[109.797623,-7.325002],[109.797623,-7.325541],[109.797353,-7.325541],[109.797353,-7.32581],[109.797084,-7.32581],[109.797084,-7.32608],[109.796814,-7.32608],[109.796814,-7.326888],[109.796275,-7.326888],[109.796275,-7.327158],[109.796006,-7.327158],[109.796006,-7.327427],[109.795736,-7.327427],[109.795736,-7.327966],[109.795467,-7.327966],[109.795467,-7.329044],[109.795197,-7.329044],[109.795197,-7.329852],[109.794928,-7.329852],[109.794928,-7.330391],[109.794658,-7.330391],[109.794658,-7.330661],[109.794389,-7.330661],[109.794389,-7.33093],[109.794119,-7.33093],[109.794119,-7.3312],[109.79358,-7.3312],[109.79358,-7.331469],[109.793311,-7.331469],[109.793311,-7.331739],[109.793041,-7.331739],[109.793041,-7.332008],[109.791694,-7.332008],[109.791694,-7.332278],[109.791155,-7.332278],[109.791155,-7.333895],[109.791424,-7.333895],[109.791424,-7.334434],[109.791155,-7.334434],[109.791155,-7.334703],[109.790346,-7.334703],[109.790346,-7.335242],[109.790077,-7.335242],[109.790077,-7.33659],[109.790346,-7.33659],[109.790346,-7.336859],[109.790616,-7.336859],[109.790616,-7.337129],[109.790885,-7.337129],[109.790885,-7.338207],[109.790616,-7.338207],[109.790616,-7.338476],[109.790346,-7.338476],[109.790346,-7.338746],[109.790077,-7.338746],[109.790077,-7.339015],[109.789807,-7.339015],[109.789807,-7.339285],[109.789538,-7.339285],[109.789538,-7.339554],[109.788999,-7.339554],[109.788999,-7.339824],[109.78846,-7.339824],[109.78846,-7.340093],[109.787651,-7.340093],[109.787651,-7.340363],[109.787382,-7.340363],[109.787382,-7.340632],[109.786843,-7.340632],[109.786843,-7.341441],[109.786573,-7.341441],[109.786573,-7.342249],[109.786304,-7.342249],[109.786304,-7.343597],[109.786034,-7.343597],[109.786034,-7.346292],[109.785765,-7.346292],[109.785765,-7.346831],[109.785495,-7.346831],[109.785495,-7.3471],[109.785226,-7.3471],[109.785226,-7.348717],[109.785495,-7.348717],[109.785495,-7.349795],[109.785765,-7.349795],[109.785765,-7.349256],[109.786034,-7.349256],[109.786034,-7.348717],[109.786304,-7.348717],[109.786304,-7.346561],[109.786573,-7.346561],[109.786573,-7.346022],[109.786843,-7.346022],[109.786843,-7.345214],[109.787112,-7.345214],[109.787112,-7.343058],[109.787382,-7.343058],[109.787382,-7.341441],[109.787651,-7.341441],[109.787651,-7.341171],[109.787921,-7.341171],[109.787921,-7.340902],[109.78819,-7.340902],[109.78819,-7.340632],[109.788999,-7.340632],[109.788999,-7.340363],[109.789807,-7.340363],[109.789807,-7.340093],[109.790077,-7.340093],[109.790077,-7.339824],[109.790346,-7.339824],[109.790346,-7.339554],[109.790885,-7.339554],[109.790885,-7.339285],[109.791155,-7.339285],[109.791155,-7.339015],[109.791424,-7.339015],[109.791424,-7.338746],[109.791694,-7.338746],[109.791694,-7.338207],[109.791963,-7.338207],[109.791963,-7.337937],[109.792502,-7.337937],[109.792502,-7.337129],[109.792233,-7.337129],[109.792233,-7.33659],[109.791963,-7.33659],[109.791963,-7.335512],[109.792233,-7.335512],[109.792233,-7.334973],[109.792502,-7.334973],[109.792502,-7.334164],[109.792772,-7.334164],[109.792772,-7.333625],[109.793041,-7.333625],[109.793041,-7.333086],[109.793311,-7.333086],[109.793311,-7.332817],[109.79358,-7.332817],[109.79358,-7.332547],[109.794119,-7.332547],[109.794119,-7.332278],[109.794389,-7.332278],[109.794389,-7.332008],[109.794658,-7.332008],[109.794658,-7.331739],[109.794928,-7.331739],[109.794928,-7.3312],[109.795197,-7.3312],[109.795197,-7.330661],[109.795467,-7.330661],[109.795467,-7.329583],[109.795736,-7.329583],[109.795736,-7.329044],[109.796006,-7.329044],[109.796006,-7.328505],[109.796275,-7.328505],[109.796275,-7.327966],[109.796545,-7.327966],[109.796545,-7.327427],[109.796814,-7.327427],[109.796814,-7.327158],[109.797084,-7.327158],[109.797084,-7.326888],[109.797353,-7.326888],[109.797353,-7.326619],[109.797623,-7.326619],[109.797623,-7.326349],[109.797892,-7.326349],[109.797892,-7.32608],[109.798162,-7.32608],[109.798162,-7.325271],[109.798701,-7.325271],[109.798701,-7.325002],[109.79924,-7.325002],[109.79924,-7.324732],[109.800857,-7.324732],[109.800857,-7.325002],[109.801396,-7.325002],[109.801396,-7.325271],[109.802743,-7.325271],[109.802743,-7.325002],[109.803551,-7.325002],[109.803551,-7.324732],[109.805168,-7.324732],[109.805168,-7.324463],[109.805438,-7.324463],[109.805438,-7.324193],[109.805707,-7.324193],[109.805707,-7.323924],[109.806246,-7.323924],[109.806246,-7.323654],[109.806785,-7.323654],[109.806785,-7.323385],[109.807324,-7.323385],[109.807324,-7.322846],[109.807594,-7.322846],[109.807594,-7.322576],[109.807863,-7.322576],[109.807863,-7.322307],[109.808133,-7.322307],[109.808133,-7.321768],[109.808402,-7.321768],[109.808402,-7.321498],[109.808672,-7.321498],[109.808672,-7.318534],[109.808941,-7.318534],[109.808941,-7.317995],[109.809211,-7.317995],[109.809211,-7.317725],[109.80948,-7.317725],[109.80948,-7.317456],[109.80975,-7.317456],[109.80975,-7.316378],[109.810019,-7.316378],[109.810019,-7.315569],[109.811367,-7.315569],[109.811367,-7.3153],[109.812175,-7.3153],[109.812175,-7.31503],[109.812714,-7.31503],[109.812714,-7.314761],[109.812984,-7.314761],[109.812984,-7.314491],[109.813253,-7.314491],[109.813253,-7.314222],[109.813792,-7.314222],[109.813792,-7.313952],[109.814331,-7.313952],[109.814331,-7.313683],[109.81487,-7.313683],[109.81487,-7.313413],[109.81514,-7.313413],[109.81514,-7.312605],[109.815409,-7.312605],[109.815409,-7.310718],[109.815679,-7.310718],[109.815679,-7.310179],[109.815948,-7.310179],[109.815948,-7.309371],[109.816218,-7.309371],[109.816218,-7.309101],[109.816487,-7.309101],[109.816487,-7.308562],[109.816757,-7.308562],[109.816757,-7.308293],[109.817026,-7.308293],[109.817026,-7.308024],[109.817296,-7.308024],[109.817296,-7.307754],[109.817565,-7.307754],[109.817565,-7.307485],[109.817835,-7.307485],[109.817835,-7.307215],[109.818104,-7.307215],[109.818104,-7.306676],[109.818374,-7.306676],[109.818374,-7.306407],[109.818913,-7.306407],[109.818913,-7.306137],[109.819182,-7.306137],[109.819182,-7.305868],[109.818643,-7.305868],[109.818643,-7.305329],[109.818374,-7.305329],[109.818374,-7.305059],[109.818104,-7.305059],[109.818104,-7.30479],[109.817565,-7.30479],[109.817565,-7.30452],[109.817296,-7.30452],[109.817296,-7.303442],[109.816487,-7.303442],[109.816487,-7.302634],[109.815948,-7.302634],[109.815948,-7.302364],[109.816218,-7.302364],[109.816218,-7.302095],[109.816487,-7.302095],[109.816487,-7.300747],[109.816757,-7.300747],[109.816757,-7.300478],[109.817026,-7.300478],[109.817026,-7.300208],[109.817296,-7.300208],[109.817296,-7.299939],[109.817565,-7.299939],[109.817565,-7.299669],[109.817835,-7.299669],[109.817835,-7.2994],[109.818374,-7.2994],[109.818374,-7.29913],[109.818643,-7.29913],[109.818643,-7.298861],[109.819991,-7.298861],[109.819991,-7.298591],[109.82026,-7.298591],[109.82026,-7.298322],[109.82053,-7.298322],[109.82053,-7.296166],[109.820799,-7.296166],[109.820799,-7.295896],[109.821069,-7.295896],[109.821069,-7.295357],[109.821338,-7.295357],[109.821338,-7.294549],[109.821877,-7.294549],[109.821877,-7.294279],[109.822147,-7.294279],[109.822147,-7.293471],[109.822416,-7.293471],[109.822416,-7.293201],[109.822955,-7.293201],[109.822955,-7.292662],[109.823224,-7.292662],[109.823224,-7.291854],[109.823494,-7.291854],[109.823494,-7.291584],[109.825111,-7.291584],[109.825111,-7.291315],[109.82538,-7.291315],[109.82538,-7.290776],[109.82565,-7.290776],[109.82565,-7.290237],[109.825919,-7.290237],[109.825919,-7.289967],[109.826189,-7.289967],[109.826189,-7.289698],[109.826458,-7.289698],[109.826458,-7.28835],[109.826728,-7.28835],[109.826728,-7.288081],[109.826997,-7.288081],[109.826997,-7.287542],[109.827267,-7.287542],[109.827267,-7.286734],[109.827806,-7.286734],[109.827806,-7.286464],[109.828075,-7.286464],[109.828075,-7.285925],[109.828614,-7.285925],[109.828614,-7.285656],[109.828884,-7.285656],[109.828884,-7.285386],[109.829153,-7.285386],[109.829153,-7.285117],[109.829423,-7.285117],[109.829423,-7.284847],[109.829962,-7.284847],[109.829962,-7.283769],[109.830231,-7.283769],[109.830231,-7.28323],[109.830501,-7.28323],[109.830501,-7.282152],[109.830231,-7.282152],[109.830231,-7.281883],[109.829962,-7.281883],[109.829962,-7.281613],[109.829692,-7.281613],[109.829692,-7.281344],[109.829153,-7.281344],[109.829153,-7.281074],[109.828884,-7.281074],[109.828884,-7.279996],[109.828614,-7.279996],[109.828614,-7.279727],[109.828345,-7.279727],[109.828345,-7.278918],[109.828075,-7.278918],[109.828075,-7.27811],[109.827806,-7.27811],[109.827806,-7.277301],[109.827536,-7.277301],[109.827536,-7.277032],[109.827267,-7.277032],[109.827267,-7.276762],[109.826997,-7.276762],[109.826997,-7.276223],[109.826458,-7.276223],[109.826458,-7.275954],[109.826189,-7.275954],[109.826189,-7.275684],[109.82565,-7.275684],[109.82565,-7.274337],[109.826189,-7.274337],[109.826189,-7.273798],[109.826458,-7.273798],[109.826458,-7.27245],[109.826189,-7.27245],[109.826189,-7.271372],[109.826458,-7.271372],[109.826458,-7.270833],[109.826728,-7.270833],[109.826728,-7.270294],[109.826997,-7.270294],[109.826997,-7.269755],[109.827267,-7.269755],[109.827267,-7.268947],[109.826997,-7.268947],[109.826997,-7.267869],[109.827267,-7.267869],[109.827267,-7.265983],[109.827536,-7.265983],[109.827536,-7.265713],[109.827806,-7.265713],[109.827806,-7.265444],[109.828345,-7.265444],[109.828345,-7.264635],[109.828614,-7.264635],[109.828614,-7.264366],[109.828884,-7.264366],[109.828884,-7.264096],[109.829153,-7.264096],[109.829153,-7.263827],[109.829423,-7.263827],[109.829423,-7.263557],[109.829692,-7.263557],[109.829692,-7.263288],[109.829962,-7.263288],[109.829962,-7.263018],[109.830231,-7.263018],[109.830231,-7.262479],[109.830501,-7.262479],[109.830501,-7.26221],[109.83104,-7.26221],[109.83104,-7.26194],[109.833196,-7.26194],[109.833196,-7.261671],[109.833465,-7.261671],[109.833465,-7.261401],[109.833735,-7.261401],[109.833735,-7.261132],[109.834004,-7.261132],[109.834004,-7.260862],[109.834274,-7.260862],[109.834274,-7.260054],[109.834543,-7.260054],[109.834543,-7.259784],[109.834813,-7.259784],[109.834813,-7.258976],[109.834543,-7.258976],[109.834543,-7.258706],[109.834004,-7.258706],[109.834004,-7.258437],[109.834274,-7.258437],[109.834274,-7.258167],[109.834543,-7.258167],[109.834543,-7.257089],[109.834813,-7.257089],[109.834813,-7.251699],[109.834543,-7.251699],[109.834543,-7.25116],[109.834274,-7.25116],[109.834274,-7.250621],[109.834004,-7.250621],[109.834004,-7.249004],[109.833735,-7.249004],[109.833735,-7.247926],[109.834004,-7.247926],[109.834004,-7.247388],[109.834274,-7.247388],[109.834274,-7.245501],[109.833735,-7.245501],[109.833735,-7.244693],[109.834004,-7.244693],[109.834004,-7.244154],[109.834274,-7.244154],[109.834274,-7.243884],[109.834543,-7.243884],[109.834543,-7.243615],[109.834813,-7.243615],[109.834813,-7.243076],[109.835082,-7.243076],[109.835082,-7.242806],[109.835352,-7.242806],[109.835352,-7.242537],[109.835621,-7.242537],[109.835621,-7.242267],[109.835891,-7.242267],[109.835891,-7.241998],[109.83616,-7.241998],[109.83616,-7.241728],[109.83643,-7.241728],[109.83643,-7.241459],[109.836699,-7.241459],[109.836699,-7.241189],[109.837508,-7.241189],[109.837508,-7.24092],[109.837777,-7.24092],[109.837777,-7.24065],[109.838047,-7.24065],[109.838047,-7.240381],[109.838316,-7.240381],[109.838316,-7.240111],[109.838586,-7.240111],[109.838586,-7.239842],[109.838855,-7.239842],[109.838855,-7.239572],[109.840472,-7.239572],[109.840472,-7.239303],[109.84155,-7.239303],[109.84155,-7.239033],[109.84182,-7.239033],[109.84182,-7.238764],[109.842359,-7.238764],[109.842359,-7.238494],[109.843167,-7.238494],[109.843167,-7.238225],[109.843436,-7.238225],[109.843436,-7.237686],[109.843706,-7.237686],[109.843706,-7.237416],[109.844245,-7.237416],[109.844245,-7.237147],[109.844784,-7.237147],[109.844784,-7.236877],[109.845323,-7.236877],[109.845323,-7.236608],[109.845592,-7.236608],[109.845592,-7.236338],[109.845862,-7.236338],[109.845862,-7.236069],[109.846401,-7.236069],[109.846401,-7.235799],[109.847209,-7.235799],[109.847209,-7.23526],[109.847479,-7.23526],[109.847479,-7.234991],[109.847748,-7.234991],[109.847748,-7.234721],[109.848018,-7.234721],[109.848018,-7.232565],[109.848287,-7.232565],[109.848287,-7.232296],[109.848557,-7.232296],[109.848557,-7.232026],[109.848826,-7.232026],[109.848826,-7.230948],[109.849096,-7.230948],[109.849096,-7.230679],[109.849635,-7.230679],[109.849635,-7.229062],[109.849904,-7.229062],[109.849904,-7.227714],[109.850174,-7.227714],[109.850174,-7.227176],[109.850443,-7.227176],[109.850443,-7.226367],[109.851252,-7.226367],[109.851252,-7.226098],[109.851791,-7.226098],[109.851791,-7.225828],[109.85206,-7.225828],[109.85206,-7.225559],[109.85233,-7.225559],[109.85233,-7.225289],[109.852599,-7.225289],[109.852599,-7.224481],[109.85233,-7.224481],[109.85233,-7.223672],[109.852599,-7.223672],[109.852599,-7.223133],[109.852869,-7.223133],[109.852869,-7.222864],[109.853138,-7.222864],[109.853138,-7.222594],[109.853408,-7.222594],[109.853408,-7.222325],[109.853677,-7.222325],[109.853677,-7.222055],[109.854216,-7.222055],[109.854216,-7.220708],[109.854486,-7.220708],[109.854486,-7.220438],[109.855025,-7.220438],[109.855025,-7.220169],[109.855294,-7.220169],[109.855294,-7.21963],[109.855564,-7.21963],[109.855564,-7.218552],[109.855833,-7.218552],[109.855833,-7.217474],[109.856103,-7.217474],[109.856103,-7.216935],[109.856372,-7.216935],[109.856372,-7.216396],[109.857181,-7.216396],[109.857181,-7.215587],[109.856911,-7.215587],[109.856911,-7.215318],[109.857181,-7.215318],[109.857181,-7.214779],[109.85745,-7.214779],[109.85745,-7.212892],[109.85772,-7.212892],[109.85772,-7.212353],[109.857989,-7.212353],[109.857989,-7.211814],[109.858259,-7.211814],[109.858259,-7.211006],[109.858528,-7.211006],[109.858528,-7.210197],[109.858798,-7.210197],[109.858798,-7.209658],[109.859067,-7.209658],[109.859067,-7.209119],[109.859876,-7.209119],[109.859876,-7.208311],[109.858798,-7.208311],[109.858798,-7.206425],[109.858528,-7.206425],[109.858528,-7.206155],[109.858259,-7.206155],[109.858259,-7.205616],[109.858528,-7.205616],[109.858528,-7.204269],[109.858798,-7.204269],[109.858798,-7.20346],[109.859067,-7.20346],[109.859067,-7.203191],[109.860145,-7.203191],[109.860145,-7.201035],[109.860415,-7.201035],[109.860415,-7.200226],[109.860684,-7.200226],[109.860684,-7.199957],[109.860954,-7.199957],[109.860954,-7.199687],[109.861223,-7.199687],[109.861223,-7.199418],[109.861762,-7.199418],[109.861762,-7.199148],[109.862032,-7.199148],[109.862032,-7.198879],[109.864187,-7.198879],[109.864187,-7.198609],[109.864726,-7.198609],[109.864726,-7.19834],[109.864996,-7.19834],[109.864996,-7.19807],[109.865265,-7.19807],[109.865265,-7.197801],[109.865535,-7.197801],[109.865535,-7.197262],[109.866343,-7.197262],[109.866343,-7.196992],[109.866613,-7.196992],[109.866613,-7.196723],[109.866882,-7.196723],[109.866882,-7.196453],[109.868769,-7.196453],[109.868769,-7.196184],[109.870116,-7.196184],[109.870116,-7.195914],[109.872272,-7.195914],[109.872272,-7.196184],[109.873889,-7.196184],[109.873889,-7.195645],[109.874698,-7.195645],[109.874698,-7.195375],[109.875776,-7.195375],[109.875776,-7.195106],[109.876315,-7.195106],[109.876315,-7.194836],[109.877932,-7.194836],[109.877932,-7.195106],[109.87874,-7.195106],[109.87874,-7.19295],[109.877393,-7.19295]]]}},{"id":"14","type":"Feature","properties":{"DN":2,"Keterangan":"Sedang"},"geometry":{"type":"Polygon","coordinates":[[[109.699258,-7.354646],[109.699258,-7.354915],[109.698988,-7.354915],[109.698988,-7.355185],[109.698719,-7.355185],[109.698719,-7.355993],[109.698988,-7.355993],[109.698988,-7.355724],[109.699797,-7.355724],[109.699797,-7.354646],[109.699258,-7.354646]]]}},{"id":"15","type":"Feature","properties":{"DN":1,"Keterangan":"Rendah"},"geometry":{"type":"Polygon","coordinates":[[[109.785226,-7.350064],[109.785226,-7.352759],[109.785495,-7.352759],[109.785495,-7.353298],[109.785765,-7.353298],[109.785765,-7.353568],[109.785495,-7.353568],[109.785495,-7.354376],[109.785765,-7.354376],[109.785765,-7.355724],[109.786034,-7.355724],[109.786034,-7.356802],[109.785765,-7.356802],[109.785765,-7.35761],[109.785226,-7.35761],[109.785226,-7.35788],[109.784417,-7.35788],[109.784417,-7.358149],[109.783878,-7.358149],[109.783878,-7.358419],[109.783609,-7.358419],[109.783609,-7.359766],[109.784687,-7.359766],[109.784687,-7.359497],[109.785226,-7.359497],[109.785226,-7.359227],[109.785495,-7.359227],[109.785495,-7.358958],[109.785765,-7.358958],[109.785765,-7.358419],[109.786034,-7.358419],[109.786034,-7.35788],[109.786304,-7.35788],[109.786304,-7.357341],[109.786573,-7.357341],[109.786573,-7.356802],[109.786843,-7.356802],[109.786843,-7.354646],[109.786573,-7.354646],[109.786573,-7.353837],[109.786304,-7.353837],[109.786304,-7.352759],[109.786034,-7.352759],[109.786034,-7.350873],[109.785765,-7.350873],[109.785765,-7.350334],[109.785495,-7.350334],[109.785495,-7.350064],[109.785226,-7.350064]]]}},{"id":"16","type":"Feature","properties":{"DN":1,"Keterangan":"Rendah"},"geometry":{"type":"Polygon","coordinates":[[[109.783339,-7.359766],[109.783339,-7.360036],[109.783609,-7.360036],[109.783609,-7.359766],[109.783339,-7.359766]]]}},{"id":"17","type":"Feature","properties":{"DN":1,"Keterangan":"Rendah"},"geometry":{"type":"Polygon","coordinates":[[[109.78307,-7.360036],[109.78307,-7.360305],[109.783339,-7.360305],[109.783339,-7.360036],[109.78307,-7.360036]]]}},{"id":"18","type":"Feature","properties":{"DN":2,"Keterangan":"Sedang"},"geometry":{"type":"Polygon","coordinates":[[[109.631345,-7.360844],[109.631345,-7.361114],[109.630806,-7.361114],[109.630806,-7.361383],[109.630537,-7.361383],[109.630537,-7.361653],[109.630267,-7.361653],[109.630267,-7.361922],[109.629998,-7.361922],[109.629998,-7.362192],[109.629728,-7.362192],[109.629728,-7.362461],[109.629459,-7.362461],[109.629459,-7.362731],[109.629189,-7.362731],[109.629189,-7.363],[109.62892,-7.363],[109.62892,-7.36327],[109.62865,-7.36327],[109.62865,-7.363539],[109.628381,-7.363539],[109.628381,-7.364078],[109.628111,-7.364078],[109.628111,-7.364617],[109.629459,-7.364617],[109.629459,-7.364348],[109.629998,-7.364348],[109.629998,-7.364078],[109.630267,-7.364078],[109.630267,-7.363539],[109.630537,-7.363539],[109.630537,-7.36327],[109.630806,-7.36327],[109.630806,-7.363],[109.631076,-7.363],[109.631076,-7.362461],[109.631345,-7.362461],[109.631345,-7.361922],[109.631615,-7.361922],[109.631615,-7.360844],[109.631345,-7.360844]]]}},{"id":"19","type":"Feature","properties":{"DN":2,"Keterangan":"Sedang"},"geometry":{"type":"Polygon","coordinates":[[[109.619488,-7.366504],[109.619488,-7.366773],[109.619757,-7.366773],[109.619757,-7.367043],[109.620296,-7.367043],[109.620296,-7.367312],[109.620565,-7.367312],[109.620565,-7.367043],[109.621374,-7.367043],[109.621374,-7.366773],[109.621104,-7.366773],[109.621104,-7.366504],[109.619488,-7.366504]]]}},{"id":"20","type":"Feature","properties":{"DN":1,"Keterangan":"Rendah"},"geometry":{"type":"Polygon","coordinates":[[[109.7828,-7.360575],[109.7828,-7.360844],[109.782531,-7.360844],[109.782531,-7.361653],[109.782262,-7.361653],[109.782262,-7.362192],[109.781992,-7.362192],[109.781992,-7.362461],[109.781453,-7.362461],[109.781453,-7.362731],[109.781184,-7.362731],[109.781184,-7.363],[109.780914,-7.363],[109.780914,-7.36327],[109.780375,-7.36327],[109.780375,-7.363539],[109.780106,-7.363539],[109.780106,-7.363809],[109.779567,-7.363809],[109.779567,-7.364078],[109.779028,-7.364078],[109.779028,-7.363539],[109.778489,-7.363539],[109.778489,-7.36327],[109.77768,-7.36327],[109.77768,-7.363539],[109.776063,-7.363539],[109.776063,-7.363809],[109.775794,-7.363809],[109.775794,-7.363539],[109.774985,-7.363539],[109.774985,-7.363809],[109.774446,-7.363809],[109.774446,-7.364078],[109.774177,-7.364078],[109.774177,-7.364617],[109.773907,-7.364617],[109.773907,-7.364887],[109.773638,-7.364887],[109.773638,-7.365156],[109.773368,-7.365156],[109.773368,-7.365426],[109.77256,-7.365426],[109.77256,-7.365695],[109.772021,-7.365695],[109.772021,-7.36866],[109.771751,-7.36866],[109.771751,-7.368929],[109.771482,-7.368929],[109.771482,-7.369198],[109.771212,-7.369198],[109.771212,-7.369468],[109.770673,-7.369468],[109.770673,-7.369737],[109.769056,-7.369737],[109.769056,-7.370815],[109.769595,-7.370815],[109.769595,-7.370546],[109.771212,-7.370546],[109.771212,-7.370276],[109.771751,-7.370276],[109.771751,-7.370007],[109.772021,-7.370007],[109.772021,-7.369737],[109.77229,-7.369737],[109.77229,-7.369198],[109.77256,-7.369198],[109.77256,-7.366773],[109.772829,-7.366773],[109.772829,-7.366504],[109.773099,-7.366504],[109.773099,-7.366234],[109.773368,-7.366234],[109.773368,-7.365965],[109.773638,-7.365965],[109.773638,-7.365426],[109.773907,-7.365426],[109.773907,-7.365156],[109.774177,-7.365156],[109.774177,-7.364887],[109.774446,-7.364887],[109.774446,-7.364348],[109.774985,-7.364348],[109.774985,-7.364078],[109.776063,-7.364078],[109.776063,-7.364348],[109.777411,-7.364348],[109.777411,-7.364617],[109.77795,-7.364617],[109.77795,-7.364887],[109.778489,-7.364887],[109.778489,-7.365156],[109.779567,-7.365156],[109.779567,-7.364887],[109.779836,-7.364887],[109.779836,-7.364617],[109.780375,-7.364617],[109.780375,-7.364348],[109.780645,-7.364348],[109.780645,-7.364078],[109.781184,-7.364078],[109.781184,-7.363809],[109.781723,-7.363809],[109.781723,-7.363539],[109.781992,-7.363539],[109.781992,-7.36327],[109.782531,-7.36327],[109.782531,-7.363],[109.7828,-7.363],[109.7828,-7.362731],[109.78307,-7.362731],[109.78307,-7.362461],[109.783339,-7.362461],[109.783339,-7.361114],[109.78307,-7.361114],[109.78307,-7.360575],[109.7828,-7.360575]]]}},{"id":"21","type":"Feature","properties":{"DN":2,"Keterangan":"Sedang"},"geometry":{"type":"Polygon","coordinates":[[[109.653713,-7.371893],[109.653713,-7.372163],[109.653174,-7.372163],[109.653174,-7.372432],[109.652905,-7.372432],[109.652905,-7.372702],[109.652635,-7.372702],[109.652635,-7.374049],[109.653174,-7.374049],[109.653174,-7.37378],[109.653983,-7.37378],[109.653983,-7.37351],[109.656408,-7.37351],[109.656408,-7.37378],[109.657756,-7.37378],[109.657756,-7.37351],[109.658834,-7.37351],[109.658834,-7.373241],[109.659373,-7.373241],[109.659373,-7.372702],[109.659642,-7.372702],[109.659642,-7.372432],[109.658295,-7.372432],[109.658295,-7.372702],[109.657756,-7.372702],[109.657756,-7.372971],[109.656139,-7.372971],[109.656139,-7.372702],[109.6556,-7.372702],[109.6556,-7.372432],[109.65533,-7.372432],[109.65533,-7.372163],[109.654522,-7.372163],[109.654522,-7.371893],[109.653713,-7.371893]]]}},{"id":"22","type":"Feature","properties":{"DN":1,"Keterangan":"Rendah"},"geometry":{"type":"Polygon","coordinates":[[[109.643742,-7.378631],[109.643742,-7.3789],[109.644011,-7.3789],[109.644011,-7.37917],[109.64482,-7.37917],[109.64482,-7.379439],[109.646167,-7.379439],[109.646167,-7.37917],[109.645628,-7.37917],[109.645628,-7.3789],[109.644281,-7.3789],[109.644281,-7.378631],[109.643742,-7.378631]]]}},{"id":"23","type":"Feature","properties":{"DN":1,"Keterangan":"Rendah"},"geometry":{"type":"Polygon","coordinates":[[[109.768517,-7.370815],[109.768517,-7.371085],[109.767709,-7.371085],[109.767709,-7.371354],[109.767439,-7.371354],[109.767439,-7.373241],[109.767709,-7.373241],[109.767709,-7.37351],[109.7669,-7.37351],[109.7669,-7.375666],[109.766092,-7.375666],[109.766092,-7.377014],[109.765553,-7.377014],[109.765553,-7.377283],[109.765283,-7.377283],[109.765283,-7.377553],[109.765014,-7.377553],[109.765014,-7.377822],[109.764475,-7.377822],[109.764475,-7.378361],[109.764205,-7.378361],[109.764205,-7.3789],[109.763936,-7.3789],[109.763936,-7.379709],[109.764205,-7.379709],[109.764205,-7.379978],[109.764475,-7.379978],[109.764475,-7.379439],[109.764744,-7.379439],[109.764744,-7.3789],[109.765283,-7.3789],[109.765283,-7.378631],[109.765553,-7.378631],[109.765553,-7.378361],[109.765822,-7.378361],[109.765822,-7.378092],[109.766361,-7.378092],[109.766361,-7.377822],[109.766631,-7.377822],[109.766631,-7.376744],[109.7669,-7.376744],[109.7669,-7.375936],[109.76717,-7.375936],[109.76717,-7.375397],[109.767439,-7.375397],[109.767439,-7.374858],[109.767709,-7.374858],[109.767709,-7.374049],[109.767978,-7.374049],[109.767978,-7.372432],[109.768248,-7.372432],[109.768248,-7.371624],[109.768517,-7.371624],[109.768517,-7.371354],[109.768787,-7.371354],[109.768787,-7.371085],[109.769056,-7.371085],[109.769056,-7.370815],[109.768517,-7.370815]]]}},{"id":"24","type":"Feature","properties":{"DN":3,"Keterangan":"Tinggi"},"geometry":{"type":"Polygon","coordinates":[[[109.641586,-7.378631],[109.641586,-7.3789],[109.641316,-7.3789],[109.641316,-7.37917],[109.641047,-7.37917],[109.641047,-7.379978],[109.641586,-7.379978],[109.641586,-7.380248],[109.642125,-7.380248],[109.642125,-7.379978],[109.642394,-7.379978],[109.642394,-7.3789],[109.642125,-7.3789],[109.642125,-7.378631],[109.641586,-7.378631]]]}},{"id":"25","type":"Feature","properties":{"DN":1,"Keterangan":"Rendah"},"geometry":{"type":"Polygon","coordinates":[[[109.660451,-7.350603],[109.660451,-7.350873],[109.657756,-7.350873],[109.657756,-7.351142],[109.657486,-7.351142],[109.657486,-7.351951],[109.658025,-7.351951],[109.658025,-7.35249],[109.658295,-7.35249],[109.658295,-7.352759],[109.658564,-7.352759],[109.658564,-7.353298],[109.658834,-7.353298],[109.658834,-7.354376],[109.658564,-7.354376],[109.658564,-7.355185],[109.658295,-7.355185],[109.658295,-7.355993],[109.658564,-7.355993],[109.658564,-7.356263],[109.659103,-7.356263],[109.659103,-7.356532],[109.659373,-7.356532],[109.659373,-7.356802],[109.659642,-7.356802],[109.659642,-7.357071],[109.653983,-7.357071],[109.653983,-7.357341],[109.653713,-7.357341],[109.653713,-7.35761],[109.653444,-7.35761],[109.653444,-7.357341],[109.652366,-7.357341],[109.652366,-7.35761],[109.651557,-7.35761],[109.651557,-7.358149],[109.651018,-7.358149],[109.651018,-7.358419],[109.650479,-7.358419],[109.650479,-7.360305],[109.65021,-7.360305],[109.65021,-7.361114],[109.650479,-7.361114],[109.650479,-7.361653],[109.65021,-7.361653],[109.65021,-7.362461],[109.64994,-7.362461],[109.64994,-7.364078],[109.649671,-7.364078],[109.649671,-7.364348],[109.649401,-7.364348],[109.649401,-7.364887],[109.649132,-7.364887],[109.649132,-7.365156],[109.648862,-7.365156],[109.648862,-7.365426],[109.647784,-7.365426],[109.647784,-7.365695],[109.646167,-7.365695],[109.646167,-7.367851],[109.646437,-7.367851],[109.646437,-7.368121],[109.646167,-7.368121],[109.646167,-7.36866],[109.645898,-7.36866],[109.645898,-7.368929],[109.645359,-7.368929],[109.645359,-7.369737],[109.64455,-7.369737],[109.64455,-7.370546],[109.643742,-7.370546],[109.643742,-7.371354],[109.642125,-7.371354],[109.642125,-7.37378],[109.641316,-7.37378],[109.641316,-7.375127],[109.641047,-7.375127],[109.641047,-7.375397],[109.640508,-7.375397],[109.640508,-7.377014],[109.6397,-7.377014],[109.6397,-7.378361],[109.639161,-7.378361],[109.639161,-7.378631],[109.638891,-7.378631],[109.638891,-7.3789],[109.638352,-7.3789],[109.638352,-7.37917],[109.637813,-7.37917],[109.637813,-7.3789],[109.637544,-7.3789],[109.637544,-7.378631],[109.636735,-7.378631],[109.636735,-7.3789],[109.636196,-7.3789],[109.636196,-7.37917],[109.635118,-7.37917],[109.635118,-7.379439],[109.634579,-7.379439],[109.634579,-7.380248],[109.633771,-7.380248],[109.633771,-7.380787],[109.634849,-7.380787],[109.634849,-7.380517],[109.635388,-7.380517],[109.635388,-7.380248],[109.635927,-7.380248],[109.635927,-7.379978],[109.636466,-7.379978],[109.636466,-7.379709],[109.637274,-7.379709],[109.637274,-7.379439],[109.638891,-7.379439],[109.638891,-7.37917],[109.63943,-7.37917],[109.63943,-7.3789],[109.6397,-7.3789],[109.6397,-7.378631],[109.639969,-7.378631],[109.639969,-7.378361],[109.640239,-7.378361],[109.640239,-7.378092],[109.640508,-7.378092],[109.640508,-7.377553],[109.640777,-7.377553],[109.640777,-7.376744],[109.641047,-7.376744],[109.641047,-7.376205],[109.641316,-7.376205],[109.641316,-7.375666],[109.641586,-7.375666],[109.641586,-7.375127],[109.641855,-7.375127],[109.641855,-7.374588],[109.642125,-7.374588],[109.642125,-7.374319],[109.642394,-7.374319],[109.642394,-7.37378],[109.642664,-7.37378],[109.642664,-7.372971],[109.642933,-7.372971],[109.642933,-7.372432],[109.643203,-7.372432],[109.643203,-7.372163],[109.643472,-7.372163],[109.643472,-7.371893],[109.643742,-7.371893],[109.643742,-7.371624],[109.644281,-7.371624],[109.644281,-7.371354],[109.64482,-7.371354],[109.64482,-7.371085],[109.645359,-7.371085],[109.645359,-7.370815],[109.645898,-7.370815],[109.645898,-7.370546],[109.646167,-7.370546],[109.646167,-7.370276],[109.646437,-7.370276],[109.646437,-7.369737],[109.646706,-7.369737],[109.646706,-7.367312],[109.646976,-7.367312],[109.646976,-7.366773],[109.647245,-7.366773],[109.647245,-7.366504],[109.647515,-7.366504],[109.647515,-7.366234],[109.648054,-7.366234],[109.648054,-7.365965],[109.649132,-7.365965],[109.649132,-7.367043],[109.648862,-7.367043],[109.648862,-7.367851],[109.648593,-7.367851],[109.648593,-7.36839],[109.648323,-7.36839],[109.648323,-7.36866],[109.648054,-7.36866],[109.648054,-7.369198],[109.647784,-7.369198],[109.647784,-7.369737],[109.647515,-7.369737],[109.647515,-7.370276],[109.647245,-7.370276],[109.647245,-7.370815],[109.646976,-7.370815],[109.646976,-7.371354],[109.646706,-7.371354],[109.646706,-7.371624],[109.646437,-7.371624],[109.646437,-7.371893],[109.646167,-7.371893],[109.646167,-7.372163],[109.645898,-7.372163],[109.645898,-7.372702],[109.645628,-7.372702],[109.645628,-7.372971],[109.645359,-7.372971],[109.645359,-7.373241],[109.645089,-7.373241],[109.645089,-7.37351],[109.64482,-7.37351],[109.64482,-7.374049],[109.64455,-7.374049],[109.64455,-7.374319],[109.644281,-7.374319],[109.644281,-7.374858],[109.644011,-7.374858],[109.644011,-7.375397],[109.643742,-7.375397],[109.643742,-7.375936],[109.643472,-7.375936],[109.643472,-7.376744],[109.643203,-7.376744],[109.643203,-7.378361],[109.643472,-7.378361],[109.643472,-7.378631],[109.643742,-7.378631],[109.643742,-7.378092],[109.643472,-7.378092],[109.643472,-7.377553],[109.643742,-7.377553],[109.643742,-7.376744],[109.644011,-7.376744],[109.644011,-7.375936],[109.644281,-7.375936],[109.644281,-7.375397],[109.64455,-7.375397],[109.64455,-7.375127],[109.645089,-7.375127],[109.645089,-7.374049],[109.645359,-7.374049],[109.645359,-7.37378],[109.645628,-7.37378],[109.645628,-7.373241],[109.645898,-7.373241],[109.645898,-7.372971],[109.646437,-7.372971],[109.646437,-7.372702],[109.646706,-7.372702],[109.646706,-7.372163],[109.647245,-7.372163],[109.647245,-7.371893],[109.647515,-7.371893],[109.647515,-7.371624],[109.647784,-7.371624],[109.647784,-7.371354],[109.648054,-7.371354],[109.648054,-7.370276],[109.648323,-7.370276],[109.648323,-7.370007],[109.648593,-7.370007],[109.648593,-7.369737],[109.648862,-7.369737],[109.648862,-7.369468],[109.649132,-7.369468],[109.649132,-7.367851],[109.649401,-7.367851],[109.649401,-7.367582],[109.64994,-7.367582],[109.64994,-7.367312],[109.650479,-7.367312],[109.650479,-7.367043],[109.650749,-7.367043],[109.650749,-7.366504],[109.651018,-7.366504],[109.651018,-7.365695],[109.650749,-7.365695],[109.650749,-7.365426],[109.651018,-7.365426],[109.651018,-7.365156],[109.651288,-7.365156],[109.651288,-7.364887],[109.651557,-7.364887],[109.651557,-7.363809],[109.651827,-7.363809],[109.651827,-7.361653],[109.651557,-7.361653],[109.651557,-7.361383],[109.652905,-7.361383],[109.652905,-7.360844],[109.653174,-7.360844],[109.653174,-7.360036],[109.652905,-7.360036],[109.652905,-7.359766],[109.653983,-7.359766],[109.653983,-7.358419],[109.654252,-7.358419],[109.654252,-7.358149],[109.65533,-7.358149],[109.65533,-7.358419],[109.656408,-7.358419],[109.656408,-7.358149],[109.660181,-7.358149],[109.660181,-7.35788],[109.66072,-7.35788],[109.66072,-7.35761],[109.660989,-7.35761],[109.660989,-7.357341],[109.661259,-7.357341],[109.661259,-7.356802],[109.661528,-7.356802],[109.661528,-7.355993],[109.660989,-7.355993],[109.660989,-7.355724],[109.660451,-7.355724],[109.660451,-7.355454],[109.659912,-7.355454],[109.659912,-7.355185],[109.659642,-7.355185],[109.659642,-7.35249],[109.659912,-7.35249],[109.659912,-7.351951],[109.661259,-7.351951],[109.661259,-7.350603],[109.660451,-7.350603]]]}},{"id":"26","type":"Feature","properties":{"DN":1,"Keterangan":"Rendah"},"geometry":{"type":"Polygon","coordinates":[[[109.589843,-7.379439],[109.589843,-7.380248],[109.587418,-7.380248],[109.587418,-7.381595],[109.587687,-7.381595],[109.587687,-7.382404],[109.588496,-7.382404],[109.588496,-7.381865],[109.588765,-7.381865],[109.588765,-7.381595],[109.589035,-7.381595],[109.589035,-7.381326],[109.589304,-7.381326],[109.589304,-7.381056],[109.589843,-7.381056],[109.589843,-7.380787],[109.590113,-7.380787],[109.590113,-7.380517],[109.590382,-7.380517],[109.590382,-7.379978],[109.590652,-7.379978],[109.590652,-7.379439],[109.589843,-7.379439]]]}},{"id":"27","type":"Feature","properties":{"DN":2,"Keterangan":"Sedang"},"geometry":{"type":"Polygon","coordinates":[[[109.684435,-7.380517],[109.684435,-7.380787],[109.683896,-7.380787],[109.683896,-7.381326],[109.683627,-7.381326],[109.683627,-7.381595],[109.683357,-7.381595],[109.683357,-7.382134],[109.683627,-7.382134],[109.683627,-7.382404],[109.684435,-7.382404],[109.684435,-7.382134],[109.684705,-7.382134],[109.684705,-7.381865],[109.684974,-7.381865],[109.684974,-7.381595],[109.685244,-7.381595],[109.685244,-7.380517],[109.684435,-7.380517]]]}},{"id":"28","type":"Feature","properties":{"DN":1,"Keterangan":"Rendah"},"geometry":{"type":"Polygon","coordinates":[[[109.627033,-7.370007],[109.627033,-7.370815],[109.626764,-7.370815],[109.626764,-7.371085],[109.626494,-7.371085],[109.626494,-7.371354],[109.626225,-7.371354],[109.626225,-7.370546],[109.624608,-7.370546],[109.624608,-7.371354],[109.624338,-7.371354],[109.624338,-7.372163],[109.624069,-7.372163],[109.624069,-7.371354],[109.620296,-7.371354],[109.620296,-7.372163],[109.616793,-7.372163],[109.616793,-7.370546],[109.615445,-7.370546],[109.615445,-7.37351],[109.617062,-7.37351],[109.617062,-7.375936],[109.61814,-7.375936],[109.61814,-7.376205],[109.617871,-7.376205],[109.617871,-7.376475],[109.617332,-7.376475],[109.617332,-7.376205],[109.616523,-7.376205],[109.616523,-7.376475],[109.616254,-7.376475],[109.616254,-7.376744],[109.615984,-7.376744],[109.615984,-7.377014],[109.615445,-7.377014],[109.615445,-7.376744],[109.615176,-7.376744],[109.615176,-7.376205],[109.614906,-7.376205],[109.614906,-7.375666],[109.614098,-7.375666],[109.614098,-7.375397],[109.61302,-7.375397],[109.61302,-7.375666],[109.61275,-7.375666],[109.61275,-7.375397],[109.611672,-7.375397],[109.611672,-7.375666],[109.611403,-7.375666],[109.611403,-7.375936],[109.611133,-7.375936],[109.611133,-7.376475],[109.610594,-7.376475],[109.610594,-7.376744],[109.610325,-7.376744],[109.610325,-7.377283],[109.609786,-7.377283],[109.609786,-7.377553],[109.609516,-7.377553],[109.609516,-7.378092],[109.608977,-7.378092],[109.608977,-7.378361],[109.608708,-7.378361],[109.608708,-7.3789],[109.608169,-7.3789],[109.608169,-7.37917],[109.607899,-7.37917],[109.607899,-7.379709],[109.60736,-7.379709],[109.60736,-7.379978],[109.607091,-7.379978],[109.607091,-7.380517],[109.606552,-7.380517],[109.606552,-7.380787],[109.606282,-7.380787],[109.606282,-7.381595],[109.606552,-7.381595],[109.606552,-7.381865],[109.606821,-7.381865],[109.606821,-7.382404],[109.607091,-7.382404],[109.607091,-7.382673],[109.60736,-7.382673],[109.60736,-7.382943],[109.608169,-7.382943],[109.608169,-7.382673],[109.607899,-7.382673],[109.607899,-7.381056],[109.608169,-7.381056],[109.608169,-7.380517],[109.608438,-7.380517],[109.608438,-7.380248],[109.608708,-7.380248],[109.608708,-7.379978],[109.608977,-7.379978],[109.608977,-7.379709],[109.609247,-7.379709],[109.609247,-7.379439],[109.609516,-7.379439],[109.609516,-7.37917],[109.609786,-7.37917],[109.609786,-7.3789],[109.610055,-7.3789],[109.610055,-7.378631],[109.610325,-7.378631],[109.610325,-7.378361],[109.610594,-7.378361],[109.610594,-7.378092],[109.610864,-7.378092],[109.610864,-7.377822],[109.611133,-7.377822],[109.611133,-7.377553],[109.611403,-7.377553],[109.611403,-7.377283],[109.611942,-7.377283],[109.611942,-7.377014],[109.612211,-7.377014],[109.612211,-7.376744],[109.613828,-7.376744],[109.613828,-7.377014],[109.614367,-7.377014],[109.614367,-7.377283],[109.614637,-7.377283],[109.614637,-7.377822],[109.614906,-7.377822],[109.614906,-7.378092],[109.615176,-7.378092],[109.615176,-7.3789],[109.615445,-7.3789],[109.615445,-7.37917],[109.615715,-7.37917],[109.615715,-7.379439],[109.615984,-7.379439],[109.615984,-7.379709],[109.616523,-7.379709],[109.616523,-7.379978],[109.616793,-7.379978],[109.616793,-7.380248],[109.617332,-7.380248],[109.617332,-7.380517],[109.618949,-7.380517],[109.618949,-7.379978],[109.619218,-7.379978],[109.619218,-7.378092],[109.619488,-7.378092],[109.619488,-7.377553],[109.619757,-7.377553],[109.619757,-7.377014],[109.620027,-7.377014],[109.620027,-7.376205],[109.619757,-7.376205],[109.619757,-7.375666],[109.619488,-7.375666],[109.619488,-7.375397],[109.619218,-7.375397],[109.619218,-7.375127],[109.618949,-7.375127],[109.618949,-7.374319],[109.618679,-7.374319],[109.618679,-7.37351],[109.618949,-7.37351],[109.618949,-7.372971],[109.619488,-7.372971],[109.619488,-7.372702],[109.620296,-7.372702],[109.620296,-7.372432],[109.622182,-7.372432],[109.622182,-7.372163],[109.622991,-7.372163],[109.622991,-7.372432],[109.626764,-7.372432],[109.626764,-7.372702],[109.627033,-7.372702],[109.627033,-7.372971],[109.627303,-7.372971],[109.627303,-7.373241],[109.627572,-7.373241],[109.627572,-7.37351],[109.627842,-7.37351],[109.627842,-7.374049],[109.628111,-7.374049],[109.628111,-7.374319],[109.628381,-7.374319],[109.628381,-7.374588],[109.62865,-7.374588],[109.62865,-7.374858],[109.62892,-7.374858],[109.62892,-7.375397],[109.629189,-7.375397],[109.629189,-7.375666],[109.629728,-7.375666],[109.629728,-7.375936],[109.632962,-7.375936],[109.632962,-7.376205],[109.633501,-7.376205],[109.633501,-7.376475],[109.633771,-7.376475],[109.633771,-7.377553],[109.633501,-7.377553],[109.633501,-7.379439],[109.633232,-7.379439],[109.633232,-7.379709],[109.633501,-7.379709],[109.633501,-7.380248],[109.633771,-7.380248],[109.633771,-7.379709],[109.63404,-7.379709],[109.63404,-7.379439],[109.63431,-7.379439],[109.63431,-7.378361],[109.634849,-7.378361],[109.634849,-7.378092],[109.635118,-7.378092],[109.635118,-7.377822],[109.635388,-7.377822],[109.635388,-7.377553],[109.636196,-7.377553],[109.636196,-7.375397],[109.636466,-7.375397],[109.636466,-7.374858],[109.636735,-7.374858],[109.636735,-7.374588],[109.637274,-7.374588],[109.637274,-7.37378],[109.636466,-7.37378],[109.636466,-7.37351],[109.636196,-7.37351],[109.636196,-7.372163],[109.634849,-7.372163],[109.634849,-7.37378],[109.63404,-7.37378],[109.63404,-7.374858],[109.633771,-7.374858],[109.633771,-7.375127],[109.632962,-7.375127],[109.632962,-7.37378],[109.630806,-7.37378],[109.630806,-7.373241],[109.630537,-7.373241],[109.630537,-7.372702],[109.630267,-7.372702],[109.630267,-7.372432],[109.629728,-7.372432],[109.629728,-7.371893],[109.629459,-7.371893],[109.629459,-7.371354],[109.628381,-7.371354],[109.628381,-7.371085],[109.628111,-7.371085],[109.628111,-7.370815],[109.627842,-7.370815],[109.627842,-7.370007],[109.627033,-7.370007]],[[109.617871,-7.379978],[109.61814,-7.379978],[109.61814,-7.380248],[109.617871,-7.380248],[109.617871,-7.379978]]]}},{"id":"29","type":"Feature","properties":{"DN":1,"Keterangan":"Rendah"},"geometry":{"type":"Polygon","coordinates":[[[109.764205,-7.380787],[109.764205,-7.381056],[109.763936,-7.381056],[109.763936,-7.381326],[109.763666,-7.381326],[109.763666,-7.381865],[109.761241,-7.381865],[109.761241,-7.382673],[109.761511,-7.382673],[109.761511,-7.382943],[109.762319,-7.382943],[109.762319,-7.383212],[109.763666,-7.383212],[109.763666,-7.382943],[109.763936,-7.382943],[109.763936,-7.382673],[109.764475,-7.382673],[109.764475,-7.380787],[109.764205,-7.380787]]]}},{"id":"30","type":"Feature","properties":{"DN":2,"Keterangan":"Sedang"},"geometry":{"type":"Polygon","coordinates":[[[109.616793,-7.365156],[109.616793,-7.365426],[109.615715,-7.365426],[109.615715,-7.365695],[109.614906,-7.365695],[109.614906,-7.365965],[109.614637,-7.365965],[109.614637,-7.366234],[109.613828,-7.366234],[109.613828,-7.366504],[109.611403,-7.366504],[109.611403,-7.366773],[109.610594,-7.366773],[109.610594,-7.367043],[109.610325,-7.367043],[109.610325,-7.367312],[109.609786,-7.367312],[109.609786,-7.367582],[109.609516,-7.367582],[109.609516,-7.367851],[109.609247,-7.367851],[109.609247,-7.368121],[109.608708,-7.368121],[109.608708,-7.36839],[109.608438,-7.36839],[109.608438,-7.36866],[109.607899,-7.36866],[109.607899,-7.368929],[109.606552,-7.368929],[109.606552,-7.36866],[109.606282,-7.36866],[109.606282,-7.36839],[109.606013,-7.36839],[109.606013,-7.368121],[109.604396,-7.368121],[109.604396,-7.36839],[109.604126,-7.36839],[109.604126,-7.36866],[109.603857,-7.36866],[109.603857,-7.369468],[109.603587,-7.369468],[109.603587,-7.370007],[109.603318,-7.370007],[109.603318,-7.370546],[109.603048,-7.370546],[109.603048,-7.370815],[109.602779,-7.370815],[109.602779,-7.371085],[109.602509,-7.371085],[109.602509,-7.371354],[109.60224,-7.371354],[109.60224,-7.371624],[109.60197,-7.371624],[109.60197,-7.372163],[109.600892,-7.372163],[109.600892,-7.372432],[109.600084,-7.372432],[109.600084,-7.372702],[109.599545,-7.372702],[109.599545,-7.372971],[109.599006,-7.372971],[109.599006,-7.373241],[109.598467,-7.373241],[109.598467,-7.37351],[109.597928,-7.37351],[109.597928,-7.37378],[109.597389,-7.37378],[109.597389,-7.37351],[109.59712,-7.37351],[109.59712,-7.373241],[109.596581,-7.373241],[109.596581,-7.372971],[109.595772,-7.372971],[109.595772,-7.372702],[109.594964,-7.372702],[109.594964,-7.372971],[109.594155,-7.372971],[109.594155,-7.373241],[109.593886,-7.373241],[109.593886,-7.37351],[109.593616,-7.37351],[109.593616,-7.374049],[109.593347,-7.374049],[109.593347,-7.374858],[109.593077,-7.374858],[109.593077,-7.376205],[109.592808,-7.376205],[109.592808,-7.376744],[109.592538,-7.376744],[109.592538,-7.377014],[109.592269,-7.377014],[109.592269,-7.377283],[109.591999,-7.377283],[109.591999,-7.377553],[109.59173,-7.377553],[109.59173,-7.377822],[109.59146,-7.377822],[109.59146,-7.378092],[109.591191,-7.378092],[109.591191,-7.378631],[109.590921,-7.378631],[109.590921,-7.37917],[109.590652,-7.37917],[109.590652,-7.379978],[109.590382,-7.379978],[109.590382,-7.380517],[109.590113,-7.380517],[109.590113,-7.380787],[109.589843,-7.380787],[109.589843,-7.381056],[109.589304,-7.381056],[109.589304,-7.381326],[109.589035,-7.381326],[109.589035,-7.381595],[109.588765,-7.381595],[109.588765,-7.381865],[109.588496,-7.381865],[109.588496,-7.382404],[109.588226,-7.382404],[109.588226,-7.382943],[109.588496,-7.382943],[109.588496,-7.383212],[109.588765,-7.383212],[109.588765,-7.382943],[109.589304,-7.382943],[109.589304,-7.382673],[109.589574,-7.382673],[109.589574,-7.382404],[109.589843,-7.382404],[109.589843,-7.382134],[109.590113,-7.382134],[109.590113,-7.381865],[109.590382,-7.381865],[109.590382,-7.381595],[109.590921,-7.381595],[109.590921,-7.381326],[109.591191,-7.381326],[109.591191,-7.381056],[109.59173,-7.381056],[109.59173,-7.380787],[109.591999,-7.380787],[109.591999,-7.380517],[109.592269,-7.380517],[109.592269,-7.380248],[109.592538,-7.380248],[109.592538,-7.379978],[109.592808,-7.379978],[109.592808,-7.379709],[109.593077,-7.379709],[109.593077,-7.3789],[109.593347,-7.3789],[109.593347,-7.378361],[109.593616,-7.378361],[109.593616,-7.377822],[109.593886,-7.377822],[109.593886,-7.377553],[109.594155,-7.377553],[109.594155,-7.377283],[109.594425,-7.377283],[109.594425,-7.377014],[109.594964,-7.377014],[109.594964,-7.376744],[109.595503,-7.376744],[109.595503,-7.376475],[109.596042,-7.376475],[109.596042,-7.376205],[109.596581,-7.376205],[109.596581,-7.375936],[109.59712,-7.375936],[109.59712,-7.375666],[109.597389,-7.375666],[109.597389,-7.375397],[109.599276,-7.375397],[109.599276,-7.375127],[109.599815,-7.375127],[109.599815,-7.374858],[109.600353,-7.374858],[109.600353,-7.374588],[109.600623,-7.374588],[109.600623,-7.374319],[109.600892,-7.374319],[109.600892,-7.374049],[109.601162,-7.374049],[109.601162,-7.37351],[109.601431,-7.37351],[109.601431,-7.372971],[109.601701,-7.372971],[109.601701,-7.372702],[109.60197,-7.372702],[109.60197,-7.372432],[109.603857,-7.372432],[109.603857,-7.372163],[109.605204,-7.372163],[109.605204,-7.371893],[109.606282,-7.371893],[109.606282,-7.371624],[109.607091,-7.371624],[109.607091,-7.371354],[109.607899,-7.371354],[109.607899,-7.371085],[109.609516,-7.371085],[109.609516,-7.370815],[109.610055,-7.370815],[109.610055,-7.370546],[109.610325,-7.370546],[109.610325,-7.370276],[109.610594,-7.370276],[109.610594,-7.370007],[109.610864,-7.370007],[109.610864,-7.369737],[109.611403,-7.369737],[109.611403,-7.369468],[109.611942,-7.369468],[109.611942,-7.369198],[109.61302,-7.369198],[109.61302,-7.368929],[109.614637,-7.368929],[109.614637,-7.36866],[109.615176,-7.36866],[109.615176,-7.36839],[109.615715,-7.36839],[109.615715,-7.368121],[109.616254,-7.368121],[109.616254,-7.367851],[109.616793,-7.367851],[109.616793,-7.367582],[109.617062,-7.367582],[109.617062,-7.367312],[109.617332,-7.367312],[109.617332,-7.367043],[109.617871,-7.367043],[109.617871,-7.366773],[109.61814,-7.366773],[109.61814,-7.366504],[109.61841,-7.366504],[109.61841,-7.366234],[109.618679,-7.366234],[109.618679,-7.365695],[109.61814,-7.365695],[109.61814,-7.365426],[109.617332,-7.365426],[109.617332,-7.365156],[109.616793,-7.365156]]]}},{"id":"31","type":"Feature","properties":{"DN":3,"Keterangan":"Tinggi"},"geometry":{"type":"Polygon","coordinates":[[[109.612481,-7.378631],[109.612481,-7.3789],[109.611942,-7.3789],[109.611942,-7.37917],[109.611672,-7.37917],[109.611672,-7.379439],[109.611403,-7.379439],[109.611403,-7.379709],[109.611133,-7.379709],[109.611133,-7.379978],[109.610864,-7.379978],[109.610864,-7.380248],[109.610594,-7.380248],[109.610594,-7.380517],[109.610325,-7.380517],[109.610325,-7.380787],[109.610055,-7.380787],[109.610055,-7.381056],[109.609786,-7.381056],[109.609786,-7.382134],[109.610055,-7.382134],[109.610055,-7.382673],[109.610325,-7.382673],[109.610325,-7.382943],[109.610594,-7.382943],[109.610594,-7.383212],[109.610864,-7.383212],[109.610864,-7.383482],[109.611133,-7.383482],[109.611133,-7.384021],[109.612211,-7.384021],[109.612211,-7.383751],[109.612481,-7.383751],[109.612481,-7.383482],[109.61302,-7.383482],[109.61302,-7.383212],[109.613828,-7.383212],[109.613828,-7.382943],[109.615715,-7.382943],[109.615715,-7.382673],[109.615984,-7.382673],[109.615984,-7.382404],[109.616523,-7.382404],[109.616523,-7.382134],[109.615984,-7.382134],[109.615984,-7.381865],[109.615715,-7.381865],[109.615715,-7.381326],[109.615176,-7.381326],[109.615176,-7.381056],[109.614637,-7.381056],[109.614637,-7.380787],[109.614367,-7.380787],[109.614367,-7.380517],[109.614098,-7.380517],[109.614098,-7.379978],[109.613828,-7.379978],[109.613828,-7.379439],[109.613559,-7.379439],[109.613559,-7.37917],[109.613289,-7.37917],[109.613289,-7.3789],[109.61302,-7.3789],[109.61302,-7.378631],[109.612481,-7.378631]]]}},{"id":"32","type":"Feature","properties":{"DN":1,"Keterangan":"Rendah"},"geometry":{"type":"Polygon","coordinates":[[[109.645359,-7.382134],[109.645359,-7.383212],[109.646167,-7.383212],[109.646167,-7.384021],[109.646437,-7.384021],[109.646437,-7.38429],[109.647245,-7.38429],[109.647245,-7.384021],[109.654252,-7.384021],[109.654252,-7.383751],[109.653713,-7.383751],[109.653713,-7.383482],[109.652096,-7.383482],[109.652096,-7.383212],[109.649401,-7.383212],[109.649401,-7.383482],[109.647515,-7.383482],[109.647515,-7.383212],[109.646976,-7.383212],[109.646976,-7.382943],[109.646706,-7.382943],[109.646706,-7.382673],[109.646167,-7.382673],[109.646167,-7.382404],[109.645898,-7.382404],[109.645898,-7.382134],[109.645359,-7.382134]]]}},{"id":"33","type":"Feature","properties":{"DN":1,"Keterangan":"Rendah"},"geometry":{"type":"Polygon","coordinates":[[[109.654522,-7.384021],[109.654522,-7.384829],[109.655061,-7.384829],[109.655061,-7.38429],[109.654791,-7.38429],[109.654791,-7.384021],[109.654522,-7.384021]]]}},{"id":"34","type":"Feature","properties":{"DN":1,"Keterangan":"Rendah"},"geometry":{"type":"Polygon","coordinates":[[[109.682279,-7.338746],[109.682279,-7.340363],[109.68201,-7.340363],[109.68201,-7.341171],[109.681471,-7.341171],[109.681471,-7.342249],[109.68201,-7.342249],[109.68201,-7.343866],[109.681471,-7.343866],[109.681471,-7.344675],[109.681201,-7.344675],[109.681201,-7.346022],[109.680932,-7.346022],[109.680932,-7.346561],[109.680663,-7.346561],[109.680663,-7.34737],[109.680393,-7.34737],[109.680393,-7.347909],[109.679585,-7.347909],[109.679585,-7.348178],[109.678776,-7.348178],[109.678776,-7.348448],[109.678237,-7.348448],[109.678237,-7.348717],[109.677968,-7.348717],[109.677968,-7.349525],[109.677698,-7.349525],[109.677698,-7.350064],[109.677429,-7.350064],[109.677429,-7.350334],[109.677159,-7.350334],[109.677159,-7.350873],[109.67689,-7.350873],[109.67689,-7.351142],[109.67662,-7.351142],[109.67662,-7.351681],[109.676351,-7.351681],[109.676351,-7.35222],[109.676081,-7.35222],[109.676081,-7.35249],[109.675812,-7.35249],[109.675812,-7.354915],[109.675003,-7.354915],[109.675003,-7.355185],[109.674734,-7.355185],[109.674734,-7.355454],[109.673925,-7.355454],[109.673925,-7.355724],[109.673386,-7.355724],[109.673386,-7.356802],[109.673117,-7.356802],[109.673117,-7.357341],[109.672847,-7.357341],[109.672847,-7.358419],[109.672308,-7.358419],[109.672308,-7.35761],[109.671769,-7.35761],[109.671769,-7.357341],[109.67123,-7.357341],[109.67123,-7.357071],[109.670961,-7.357071],[109.670961,-7.356802],[109.670691,-7.356802],[109.670691,-7.356532],[109.669613,-7.356532],[109.669613,-7.358149],[109.668535,-7.358149],[109.668535,-7.358419],[109.668266,-7.358419],[109.668266,-7.359766],[109.667996,-7.359766],[109.667996,-7.360036],[109.667727,-7.360036],[109.667727,-7.360305],[109.667457,-7.360305],[109.667457,-7.360575],[109.667188,-7.360575],[109.667188,-7.361114],[109.666918,-7.361114],[109.666918,-7.361383],[109.666649,-7.361383],[109.666649,-7.361922],[109.666379,-7.361922],[109.666379,-7.362731],[109.666649,-7.362731],[109.666649,-7.363],[109.66611,-7.363],[109.66611,-7.36327],[109.66584,-7.36327],[109.66584,-7.363539],[109.665571,-7.363539],[109.665571,-7.363809],[109.665032,-7.363809],[109.665032,-7.365965],[109.664493,-7.365965],[109.664493,-7.366773],[109.664223,-7.366773],[109.664223,-7.367043],[109.663954,-7.367043],[109.663954,-7.367312],[109.663684,-7.367312],[109.663684,-7.367582],[109.663415,-7.367582],[109.663415,-7.367851],[109.662606,-7.367851],[109.662606,-7.368121],[109.662337,-7.368121],[109.662337,-7.36839],[109.662067,-7.36839],[109.662067,-7.368929],[109.661259,-7.368929],[109.661259,-7.369737],[109.660989,-7.369737],[109.660989,-7.370546],[109.66072,-7.370546],[109.66072,-7.371354],[109.660451,-7.371354],[109.660451,-7.371624],[109.658295,-7.371624],[109.658295,-7.371893],[109.656947,-7.371893],[109.656947,-7.372163],[109.656678,-7.372163],[109.656678,-7.372432],[109.656408,-7.372432],[109.656408,-7.372163],[109.656139,-7.372163],[109.656139,-7.371893],[109.655869,-7.371893],[109.655869,-7.371624],[109.655061,-7.371624],[109.655061,-7.371354],[109.6556,-7.371354],[109.6556,-7.370276],[109.653983,-7.370276],[109.653983,-7.370546],[109.653713,-7.370546],[109.653713,-7.371085],[109.653444,-7.371085],[109.653444,-7.371354],[109.652905,-7.371354],[109.652905,-7.371624],[109.652366,-7.371624],[109.652366,-7.371893],[109.651557,-7.371893],[109.651557,-7.372163],[109.651288,-7.372163],[109.651288,-7.374319],[109.651018,-7.374319],[109.651018,-7.374588],[109.650749,-7.374588],[109.650749,-7.374858],[109.650479,-7.374858],[109.650479,-7.375127],[109.65021,-7.375127],[109.65021,-7.375397],[109.64994,-7.375397],[109.64994,-7.375666],[109.649401,-7.375666],[109.649401,-7.375936],[109.649132,-7.375936],[109.649132,-7.376205],[109.648862,-7.376205],[109.648862,-7.376475],[109.648323,-7.376475],[109.648323,-7.376744],[109.648054,-7.376744],[109.648054,-7.377014],[109.647784,-7.377014],[109.647784,-7.377283],[109.647515,-7.377283],[109.647515,-7.377553],[109.647245,-7.377553],[109.647245,-7.377822],[109.646706,-7.377822],[109.646706,-7.378092],[109.646437,-7.378092],[109.646437,-7.3789],[109.646706,-7.3789],[109.646706,-7.37917],[109.647245,-7.37917],[109.647245,-7.3789],[109.647515,-7.3789],[109.647515,-7.378631],[109.647784,-7.378631],[109.647784,-7.378361],[109.648054,-7.378361],[109.648054,-7.378092],[109.648323,-7.378092],[109.648323,-7.377822],[109.648593,-7.377822],[109.648593,-7.377553],[109.648862,-7.377553],[109.648862,-7.377283],[109.649132,-7.377283],[109.649132,-7.377014],[109.649401,-7.377014],[109.649401,-7.377283],[109.64994,-7.377283],[109.64994,-7.377553],[109.649671,-7.377553],[109.649671,-7.378361],[109.649401,-7.378361],[109.649401,-7.378631],[109.649132,-7.378631],[109.649132,-7.3789],[109.648862,-7.3789],[109.648862,-7.37917],[109.648593,-7.37917],[109.648593,-7.379439],[109.648323,-7.379439],[109.648323,-7.380248],[109.648593,-7.380248],[109.648593,-7.380787],[109.649401,-7.380787],[109.649401,-7.381056],[109.650749,-7.381056],[109.650749,-7.381326],[109.651557,-7.381326],[109.651557,-7.381056],[109.653983,-7.381056],[109.653983,-7.381326],[109.654791,-7.381326],[109.654791,-7.381595],[109.655061,-7.381595],[109.655061,-7.381865],[109.6556,-7.381865],[109.6556,-7.382134],[109.655869,-7.382134],[109.655869,-7.382404],[109.656678,-7.382404],[109.656678,-7.382673],[109.661528,-7.382673],[109.661528,-7.382943],[109.662067,-7.382943],[109.662067,-7.383212],[109.662337,-7.383212],[109.662337,-7.383482],[109.662606,-7.383482],[109.662606,-7.383751],[109.662876,-7.383751],[109.662876,-7.384021],[109.663145,-7.384021],[109.663145,-7.38429],[109.663415,-7.38429],[109.663415,-7.38456],[109.663684,-7.38456],[109.663684,-7.385099],[109.663954,-7.385099],[109.663954,-7.384021],[109.663415,-7.384021],[109.663415,-7.383751],[109.663145,-7.383751],[109.663145,-7.382673],[109.662067,-7.382673],[109.662067,-7.382404],[109.661259,-7.382404],[109.661259,-7.382134],[109.659642,-7.382134],[109.659642,-7.382404],[109.658834,-7.382404],[109.658834,-7.382134],[109.658564,-7.382134],[109.658564,-7.381865],[109.658295,-7.381865],[109.658295,-7.381056],[109.656139,-7.381056],[109.656139,-7.381865],[109.655869,-7.381865],[109.655869,-7.380248],[109.649401,-7.380248],[109.649401,-7.379978],[109.649671,-7.379978],[109.649671,-7.379709],[109.64994,-7.379709],[109.64994,-7.379439],[109.65021,-7.379439],[109.65021,-7.37917],[109.650479,-7.37917],[109.650479,-7.3789],[109.650749,-7.3789],[109.650749,-7.378631],[109.651288,-7.378631],[109.651288,-7.377822],[109.651018,-7.377822],[109.651018,-7.377283],[109.651827,-7.377283],[109.651827,-7.377014],[109.652635,-7.377014],[109.652635,-7.376744],[109.652905,-7.376744],[109.652905,-7.376475],[109.653174,-7.376475],[109.653174,-7.375127],[109.653444,-7.375127],[109.653444,-7.374319],[109.653713,-7.374319],[109.653713,-7.374049],[109.654522,-7.374049],[109.654522,-7.374319],[109.6556,-7.374319],[109.6556,-7.374588],[109.655869,-7.374588],[109.655869,-7.374858],[109.657486,-7.374858],[109.657486,-7.374588],[109.657756,-7.374588],[109.657756,-7.374319],[109.659103,-7.374319],[109.659103,-7.374049],[109.660451,-7.374049],[109.660451,-7.37378],[109.662876,-7.37378],[109.662876,-7.37351],[109.663145,-7.37351],[109.663145,-7.373241],[109.663415,-7.373241],[109.663415,-7.372971],[109.663684,-7.372971],[109.663684,-7.372163],[109.662606,-7.372163],[109.662606,-7.371354],[109.662876,-7.371354],[109.662876,-7.370546],[109.662606,-7.370546],[109.662606,-7.369737],[109.662876,-7.369737],[109.662876,-7.369468],[109.663145,-7.369468],[109.663145,-7.369198],[109.663684,-7.369198],[109.663684,-7.368929],[109.663954,-7.368929],[109.663954,-7.36866],[109.664223,-7.36866],[109.664223,-7.36839],[109.665032,-7.36839],[109.665032,-7.368121],[109.665301,-7.368121],[109.665301,-7.367851],[109.665571,-7.367851],[109.665571,-7.367582],[109.666379,-7.367582],[109.666379,-7.367312],[109.666649,-7.367312],[109.666649,-7.367043],[109.667188,-7.367043],[109.667188,-7.366234],[109.667457,-7.366234],[109.667457,-7.364887],[109.667727,-7.364887],[109.667727,-7.364348],[109.669074,-7.364348],[109.669074,-7.364078],[109.669613,-7.364078],[109.669613,-7.362731],[109.669344,-7.362731],[109.669344,-7.361922],[109.670961,-7.361922],[109.670961,-7.361653],[109.67123,-7.361653],[109.67123,-7.360844],[109.670961,-7.360844],[109.670961,-7.360305],[109.670691,-7.360305],[109.670691,-7.359497],[109.673386,-7.359497],[109.673386,-7.360305],[109.673656,-7.360305],[109.673656,-7.360575],[109.675273,-7.360575],[109.675273,-7.358149],[109.675003,-7.358149],[109.675003,-7.35761],[109.674734,-7.35761],[109.674734,-7.357341],[109.675273,-7.357341],[109.675273,-7.357071],[109.676081,-7.357071],[109.676081,-7.356802],[109.676351,-7.356802],[109.676351,-7.356532],[109.67662,-7.356532],[109.67662,-7.356263],[109.677429,-7.356263],[109.677429,-7.354107],[109.67689,-7.354107],[109.67689,-7.353568],[109.67662,-7.353568],[109.67662,-7.353298],[109.67689,-7.353298],[109.67689,-7.352759],[109.677159,-7.352759],[109.677159,-7.35249],[109.677429,-7.35249],[109.677429,-7.35222],[109.678237,-7.35222],[109.678237,-7.350873],[109.678507,-7.350873],[109.678507,-7.350603],[109.678776,-7.350603],[109.678776,-7.349795],[109.679046,-7.349795],[109.679046,-7.349256],[109.680393,-7.349256],[109.680393,-7.348986],[109.680932,-7.348986],[109.680932,-7.348717],[109.681201,-7.348717],[109.681201,-7.348178],[109.681471,-7.348178],[109.681471,-7.347639],[109.68174,-7.347639],[109.68174,-7.34737],[109.682279,-7.34737],[109.682279,-7.344675],[109.683088,-7.344675],[109.683088,-7.343597],[109.683357,-7.343597],[109.683357,-7.34198],[109.683088,-7.34198],[109.683088,-7.340902],[109.683357,-7.340902],[109.683357,-7.340632],[109.683627,-7.340632],[109.683627,-7.339015],[109.683357,-7.339015],[109.683357,-7.338746],[109.682279,-7.338746]],[[109.653713,-7.371893],[109.654522,-7.371893],[109.654522,-7.372163],[109.65533,-7.372163],[109.65533,-7.372432],[109.6556,-7.372432],[109.6556,-7.372702],[109.656139,-7.372702],[109.656139,-7.372971],[109.657756,-7.372971],[109.657756,-7.372702],[109.658295,-7.372702],[109.658295,-7.372432],[109.659642,-7.372432],[109.659642,-7.372702],[109.659373,-7.372702],[109.659373,-7.373241],[109.658834,-7.373241],[109.658834,-7.37351],[109.657756,-7.37351],[109.657756,-7.37378],[109.656408,-7.37378],[109.656408,-7.37351],[109.653983,-7.37351],[109.653983,-7.37378],[109.653174,-7.37378],[109.653174,-7.374049],[109.652635,-7.374049],[109.652635,-7.372702],[109.652905,-7.372702],[109.652905,-7.372432],[109.653174,-7.372432],[109.653174,-7.372163],[109.653713,-7.372163],[109.653713,-7.371893]]]}},{"id":"35","type":"Feature","properties":{"DN":1,"Keterangan":"Rendah"},"geometry":{"type":"Polygon","coordinates":[[[109.701413,-7.38429],[109.701413,-7.385368],[109.701683,-7.385368],[109.701683,-7.384829],[109.701952,-7.384829],[109.701952,-7.38429],[109.701413,-7.38429]]]}},{"id":"36","type":"Feature","properties":{"DN":3,"Keterangan":"Tinggi"},"geometry":{"type":"Polygon","coordinates":[[[109.657486,-7.383751],[109.657486,-7.384021],[109.656678,-7.384021],[109.656678,-7.385099],[109.656947,-7.385099],[109.656947,-7.385368],[109.657217,-7.385368],[109.657217,-7.385638],[109.657486,-7.385638],[109.657486,-7.385907],[109.658025,-7.385907],[109.658025,-7.385638],[109.658834,-7.385638],[109.658834,-7.385368],[109.659373,-7.385368],[109.659373,-7.385099],[109.659642,-7.385099],[109.659642,-7.384829],[109.660181,-7.384829],[109.660181,-7.38456],[109.660451,-7.38456],[109.660451,-7.384021],[109.660181,-7.384021],[109.660181,-7.383751],[109.657486,-7.383751]]]}},{"id":"37","type":"Feature","properties":{"DN":3,"Keterangan":"Tinggi"},"geometry":{"type":"Polygon","coordinates":[[[109.703569,-7.38429],[109.703569,-7.38456],[109.7033,-7.38456],[109.7033,-7.385099],[109.70303,-7.385099],[109.70303,-7.385638],[109.703569,-7.385638],[109.703569,-7.385907],[109.703839,-7.385907],[109.703839,-7.385638],[109.704647,-7.385638],[109.704647,-7.385368],[109.705186,-7.385368],[109.705186,-7.384829],[109.705456,-7.384829],[109.705456,-7.38456],[109.704917,-7.38456],[109.704917,-7.38429],[109.703569,-7.38429]]]}},{"id":"38","type":"Feature","properties":{"DN":1,"Keterangan":"Rendah"},"geometry":{"type":"Polygon","coordinates":[[[109.701144,-7.385638],[109.701144,-7.385907],[109.701413,-7.385907],[109.701413,-7.385638],[109.701144,-7.385638]]]}},{"id":"39","type":"Feature","properties":{"DN":1,"Keterangan":"Rendah"},"geometry":{"type":"Polygon","coordinates":[[[109.753426,-7.383482],[109.753426,-7.384021],[109.754504,-7.384021],[109.754504,-7.38429],[109.755043,-7.38429],[109.755043,-7.38456],[109.755312,-7.38456],[109.755312,-7.385099],[109.755582,-7.385099],[109.755582,-7.385368],[109.755851,-7.385368],[109.755851,-7.385907],[109.75639,-7.385907],[109.75639,-7.385638],[109.757468,-7.385638],[109.757468,-7.385368],[109.758816,-7.385368],[109.758816,-7.385638],[109.759355,-7.385638],[109.759355,-7.385907],[109.759894,-7.385907],[109.759894,-7.386177],[109.760972,-7.386177],[109.760972,-7.385907],[109.761241,-7.385907],[109.761241,-7.385368],[109.761511,-7.385368],[109.761511,-7.384021],[109.761241,-7.384021],[109.761241,-7.383751],[109.760972,-7.383751],[109.760972,-7.385099],[109.759894,-7.385099],[109.759894,-7.385368],[109.759624,-7.385368],[109.759624,-7.384829],[109.756929,-7.384829],[109.756929,-7.385099],[109.75639,-7.385099],[109.75639,-7.384829],[109.756121,-7.384829],[109.756121,-7.38429],[109.755851,-7.38429],[109.755851,-7.384021],[109.755043,-7.384021],[109.755043,-7.383482],[109.753426,-7.383482]]]}},{"id":"40","type":"Feature","properties":{"DN":1,"Keterangan":"Rendah"},"geometry":{"type":"Polygon","coordinates":[[[109.637544,-7.263288],[109.637544,-7.263557],[109.637274,-7.263557],[109.637274,-7.263827],[109.637005,-7.263827],[109.637005,-7.264096],[109.636735,-7.264096],[109.636735,-7.264366],[109.636466,-7.264366],[109.636466,-7.264635],[109.636196,-7.264635],[109.636196,-7.265444],[109.636466,-7.265444],[109.636466,-7.266522],[109.637005,-7.266522],[109.637005,-7.266791],[109.637544,-7.266791],[109.637544,-7.267061],[109.637813,-7.267061],[109.637813,-7.268138],[109.637544,-7.268138],[109.637544,-7.269486],[109.638891,-7.269486],[109.638891,-7.269755],[109.639161,-7.269755],[109.639161,-7.270025],[109.63943,-7.270025],[109.63943,-7.27245],[109.639161,-7.27245],[109.639161,-7.273528],[109.6397,-7.273528],[109.6397,-7.273798],[109.639969,-7.273798],[109.639969,-7.274876],[109.640777,-7.274876],[109.640777,-7.275145],[109.641047,-7.275145],[109.641047,-7.275954],[109.640777,-7.275954],[109.640777,-7.276223],[109.63943,-7.276223],[109.63943,-7.276493],[109.639161,-7.276493],[109.639161,-7.276762],[109.638891,-7.276762],[109.638891,-7.277032],[109.638622,-7.277032],[109.638622,-7.27811],[109.638352,-7.27811],[109.638352,-7.278379],[109.638083,-7.278379],[109.638083,-7.278649],[109.637813,-7.278649],[109.637813,-7.281074],[109.638083,-7.281074],[109.638083,-7.281344],[109.638352,-7.281344],[109.638352,-7.281613],[109.638622,-7.281613],[109.638622,-7.282961],[109.638083,-7.282961],[109.638083,-7.28323],[109.637813,-7.28323],[109.637813,-7.287812],[109.638083,-7.287812],[109.638083,-7.288081],[109.638352,-7.288081],[109.638352,-7.28835],[109.638622,-7.28835],[109.638622,-7.289159],[109.638891,-7.289159],[109.638891,-7.289428],[109.639161,-7.289428],[109.639161,-7.289967],[109.63943,-7.289967],[109.63943,-7.290237],[109.639969,-7.290237],[109.639969,-7.290506],[109.640239,-7.290506],[109.640239,-7.291045],[109.640508,-7.291045],[109.640508,-7.291315],[109.640777,-7.291315],[109.640777,-7.291854],[109.640508,-7.291854],[109.640508,-7.29374],[109.640239,-7.29374],[109.640239,-7.295896],[109.640508,-7.295896],[109.640508,-7.296166],[109.640777,-7.296166],[109.640777,-7.296974],[109.641586,-7.296974],[109.641586,-7.297244],[109.642664,-7.297244],[109.642664,-7.297783],[109.642394,-7.297783],[109.642394,-7.298591],[109.642933,-7.298591],[109.642933,-7.298861],[109.643203,-7.298861],[109.643203,-7.300478],[109.643472,-7.300478],[109.643472,-7.301017],[109.643742,-7.301017],[109.643742,-7.301825],[109.644011,-7.301825],[109.644011,-7.302095],[109.644281,-7.302095],[109.644281,-7.302364],[109.64455,-7.302364],[109.64455,-7.302903],[109.64482,-7.302903],[109.64482,-7.303173],[109.645089,-7.303173],[109.645089,-7.303442],[109.645359,-7.303442],[109.645359,-7.304251],[109.645628,-7.304251],[109.645628,-7.30452],[109.645898,-7.30452],[109.645898,-7.30479],[109.646167,-7.30479],[109.646167,-7.305868],[109.646706,-7.305868],[109.646706,-7.306137],[109.646976,-7.306137],[109.646976,-7.306407],[109.647245,-7.306407],[109.647245,-7.307754],[109.646976,-7.307754],[109.646976,-7.308024],[109.646706,-7.308024],[109.646706,-7.308293],[109.646437,-7.308293],[109.646437,-7.308562],[109.646167,-7.308562],[109.646167,-7.309101],[109.645898,-7.309101],[109.645898,-7.309371],[109.645628,-7.309371],[109.645628,-7.30964],[109.645359,-7.30964],[109.645359,-7.309371],[109.641047,-7.309371],[109.641047,-7.30964],[109.640777,-7.30964],[109.640777,-7.310718],[109.641047,-7.310718],[109.641047,-7.310988],[109.641316,-7.310988],[109.641316,-7.311257],[109.641586,-7.311257],[109.641586,-7.311527],[109.642394,-7.311527],[109.642394,-7.311796],[109.642664,-7.311796],[109.642664,-7.313144],[109.642933,-7.313144],[109.642933,-7.313413],[109.643203,-7.313413],[109.643203,-7.313952],[109.643472,-7.313952],[109.643472,-7.314222],[109.643742,-7.314222],[109.643742,-7.316647],[109.643472,-7.316647],[109.643472,-7.316917],[109.643203,-7.316917],[109.643203,-7.317186],[109.642933,-7.317186],[109.642933,-7.319073],[109.643203,-7.319073],[109.643203,-7.319612],[109.643472,-7.319612],[109.643472,-7.319881],[109.643742,-7.319881],[109.643742,-7.320151],[109.644011,-7.320151],[109.644011,-7.32042],[109.64482,-7.32042],[109.64482,-7.32069],[109.645089,-7.32069],[109.645089,-7.320959],[109.645359,-7.320959],[109.645359,-7.323654],[109.645628,-7.323654],[109.645628,-7.323924],[109.646167,-7.323924],[109.646167,-7.32581],[109.646437,-7.32581],[109.646437,-7.326349],[109.646706,-7.326349],[109.646706,-7.326888],[109.646976,-7.326888],[109.646976,-7.327158],[109.647245,-7.327158],[109.647245,-7.327966],[109.647515,-7.327966],[109.647515,-7.328236],[109.647784,-7.328236],[109.647784,-7.328505],[109.647515,-7.328505],[109.647515,-7.329313],[109.647245,-7.329313],[109.647245,-7.329852],[109.646976,-7.329852],[109.646976,-7.330122],[109.646706,-7.330122],[109.646706,-7.330661],[109.646437,-7.330661],[109.646437,-7.332008],[109.646706,-7.332008],[109.646706,-7.332547],[109.646437,-7.332547],[109.646437,-7.333625],[109.646706,-7.333625],[109.646706,-7.333895],[109.646437,-7.333895],[109.646437,-7.334703],[109.646167,-7.334703],[109.646167,-7.33632],[109.644011,-7.33632],[109.644011,-7.33659],[109.643742,-7.33659],[109.643742,-7.337937],[109.643472,-7.337937],[109.643472,-7.338476],[109.643203,-7.338476],[109.643203,-7.339285],[109.642933,-7.339285],[109.642933,-7.340632],[109.643203,-7.340632],[109.643203,-7.34171],[109.642933,-7.34171],[109.642933,-7.342249],[109.642664,-7.342249],[109.642664,-7.342519],[109.642394,-7.342519],[109.642394,-7.342788],[109.641586,-7.342788],[109.641586,-7.343597],[109.641316,-7.343597],[109.641316,-7.343866],[109.639969,-7.343866],[109.639969,-7.344136],[109.6397,-7.344136],[109.6397,-7.344405],[109.63943,-7.344405],[109.63943,-7.344675],[109.639161,-7.344675],[109.639161,-7.345214],[109.638891,-7.345214],[109.638891,-7.348717],[109.639161,-7.348717],[109.639161,-7.349256],[109.63943,-7.349256],[109.63943,-7.349525],[109.6397,-7.349525],[109.6397,-7.349795],[109.639969,-7.349795],[109.639969,-7.350064],[109.640508,-7.350064],[109.640508,-7.350603],[109.640239,-7.350603],[109.640239,-7.350873],[109.639969,-7.350873],[109.639969,-7.351142],[109.6397,-7.351142],[109.6397,-7.351681],[109.63943,-7.351681],[109.63943,-7.351951],[109.639161,-7.351951],[109.639161,-7.35222],[109.638891,-7.35222],[109.638891,-7.352759],[109.638622,-7.352759],[109.638622,-7.353837],[109.638083,-7.353837],[109.638083,-7.354107],[109.637813,-7.354107],[109.637813,-7.354915],[109.637544,-7.354915],[109.637544,-7.355185],[109.637274,-7.355185],[109.637274,-7.355454],[109.637005,-7.355454],[109.637005,-7.355724],[109.636735,-7.355724],[109.636735,-7.355993],[109.636466,-7.355993],[109.636466,-7.356263],[109.635118,-7.356263],[109.635118,-7.356532],[109.634579,-7.356532],[109.634579,-7.356263],[109.632693,-7.356263],[109.632693,-7.356532],[109.631884,-7.356532],[109.631884,-7.357071],[109.631615,-7.357071],[109.631615,-7.357341],[109.631345,-7.357341],[109.631345,-7.35761],[109.630806,-7.35761],[109.630806,-7.35788],[109.630267,-7.35788],[109.630267,-7.359227],[109.629998,-7.359227],[109.629998,-7.361383],[109.629189,-7.361383],[109.629189,-7.361653],[109.62865,-7.361653],[109.62865,-7.362192],[109.628381,-7.362192],[109.628381,-7.362461],[109.628111,-7.362461],[109.628111,-7.362731],[109.627572,-7.362731],[109.627572,-7.363],[109.627033,-7.363],[109.627033,-7.36327],[109.626764,-7.36327],[109.626764,-7.363539],[109.626494,-7.363539],[109.626494,-7.364078],[109.625686,-7.364078],[109.625686,-7.364348],[109.624877,-7.364348],[109.624877,-7.364617],[109.624608,-7.364617],[109.624608,-7.364348],[109.624338,-7.364348],[109.624338,-7.364078],[109.622721,-7.364078],[109.622721,-7.364348],[109.622452,-7.364348],[109.622452,-7.364887],[109.622182,-7.364887],[109.622182,-7.365156],[109.621643,-7.365156],[109.621643,-7.365426],[109.620027,-7.365426],[109.620027,-7.365156],[109.621374,-7.365156],[109.621374,-7.364887],[109.621643,-7.364887],[109.621643,-7.364348],[109.621913,-7.364348],[109.621913,-7.36327],[109.621374,-7.36327],[109.621374,-7.363],[109.620296,-7.363],[109.620296,-7.36327],[109.619488,-7.36327],[109.619488,-7.363539],[109.619218,-7.363539],[109.619218,-7.363809],[109.618679,-7.363809],[109.618679,-7.364078],[109.616523,-7.364078],[109.616523,-7.364617],[109.616254,-7.364617],[109.616254,-7.364887],[109.614906,-7.364887],[109.614906,-7.365156],[109.614637,-7.365156],[109.614637,-7.365426],[109.613828,-7.365426],[109.613828,-7.365695],[109.608977,-7.365695],[109.608977,-7.366504],[109.60763,-7.366504],[109.60763,-7.366773],[109.60736,-7.366773],[109.60736,-7.367043],[109.606821,-7.367043],[109.606821,-7.367312],[109.603318,-7.367312],[109.603318,-7.368121],[109.603048,-7.368121],[109.603048,-7.36839],[109.602779,-7.36839],[109.602779,-7.370276],[109.602509,-7.370276],[109.602509,-7.370546],[109.60224,-7.370546],[109.60224,-7.369737],[109.601162,-7.369737],[109.601162,-7.370007],[109.600892,-7.370007],[109.600892,-7.370276],[109.600623,-7.370276],[109.600623,-7.370546],[109.599545,-7.370546],[109.599545,-7.371354],[109.600084,-7.371354],[109.600084,-7.371624],[109.599815,-7.371624],[109.599815,-7.371893],[109.599545,-7.371893],[109.599545,-7.372163],[109.598737,-7.372163],[109.598737,-7.372432],[109.598467,-7.372432],[109.598467,-7.372702],[109.598198,-7.372702],[109.598198,-7.371893],[109.597659,-7.371893],[109.597659,-7.371354],[109.596311,-7.371354],[109.596311,-7.372163],[109.593077,-7.372163],[109.593077,-7.372971],[109.592269,-7.372971],[109.592269,-7.375936],[109.592538,-7.375936],[109.592538,-7.376205],[109.59146,-7.376205],[109.59146,-7.377014],[109.590652,-7.377014],[109.590652,-7.37917],[109.590921,-7.37917],[109.590921,-7.378631],[109.591191,-7.378631],[109.591191,-7.378092],[109.59146,-7.378092],[109.59146,-7.377822],[109.59173,-7.377822],[109.59173,-7.377553],[109.591999,-7.377553],[109.591999,-7.377283],[109.592269,-7.377283],[109.592269,-7.377014],[109.592538,-7.377014],[109.592538,-7.376744],[109.592808,-7.376744],[109.592808,-7.376205],[109.593077,-7.376205],[109.593077,-7.374858],[109.593347,-7.374858],[109.593347,-7.374049],[109.593616,-7.374049],[109.593616,-7.37351],[109.593886,-7.37351],[109.593886,-7.373241],[109.594155,-7.373241],[109.594155,-7.372971],[109.594964,-7.372971],[109.594964,-7.372702],[109.595772,-7.372702],[109.595772,-7.372971],[109.596581,-7.372971],[109.596581,-7.373241],[109.59712,-7.373241],[109.59712,-7.37351],[109.597389,-7.37351],[109.597389,-7.37378],[109.597928,-7.37378],[109.597928,-7.37351],[109.598467,-7.37351],[109.598467,-7.373241],[109.599006,-7.373241],[109.599006,-7.372971],[109.599545,-7.372971],[109.599545,-7.372702],[109.600084,-7.372702],[109.600084,-7.372432],[109.600892,-7.372432],[109.600892,-7.372163],[109.60197,-7.372163],[109.60197,-7.371624],[109.60224,-7.371624],[109.60224,-7.371354],[109.602509,-7.371354],[109.602509,-7.371085],[109.602779,-7.371085],[109.602779,-7.370815],[109.603048,-7.370815],[109.603048,-7.370546],[109.603318,-7.370546],[109.603318,-7.370007],[109.603587,-7.370007],[109.603587,-7.369468],[109.603857,-7.369468],[109.603857,-7.36866],[109.604126,-7.36866],[109.604126,-7.36839],[109.604396,-7.36839],[109.604396,-7.368121],[109.606013,-7.368121],[109.606013,-7.36839],[109.606282,-7.36839],[109.606282,-7.36866],[109.606552,-7.36866],[109.606552,-7.368929],[109.607899,-7.368929],[109.607899,-7.36866],[109.608438,-7.36866],[109.608438,-7.36839],[109.608708,-7.36839],[109.608708,-7.368121],[109.609247,-7.368121],[109.609247,-7.367851],[109.609516,-7.367851],[109.609516,-7.367582],[109.609786,-7.367582],[109.609786,-7.367312],[109.610325,-7.367312],[109.610325,-7.367043],[109.610594,-7.367043],[109.610594,-7.366773],[109.611403,-7.366773],[109.611403,-7.366504],[109.613828,-7.366504],[109.613828,-7.366234],[109.614637,-7.366234],[109.614637,-7.365965],[109.614906,-7.365965],[109.614906,-7.365695],[109.615715,-7.365695],[109.615715,-7.365426],[109.616793,-7.365426],[109.616793,-7.365156],[109.617332,-7.365156],[109.617332,-7.365426],[109.61814,-7.365426],[109.61814,-7.365695],[109.618679,-7.365695],[109.618679,-7.366234],[109.61841,-7.366234],[109.61841,-7.366504],[109.61814,-7.366504],[109.61814,-7.366773],[109.617871,-7.366773],[109.617871,-7.367043],[109.617332,-7.367043],[109.617332,-7.367312],[109.617062,-7.367312],[109.617062,-7.367582],[109.616793,-7.367582],[109.616793,-7.367851],[109.616254,-7.367851],[109.616254,-7.368121],[109.615715,-7.368121],[109.615715,-7.36839],[109.615176,-7.36839],[109.615176,-7.36866],[109.614637,-7.36866],[109.614637,-7.368929],[109.61302,-7.368929],[109.61302,-7.369198],[109.611942,-7.369198],[109.611942,-7.369468],[109.611403,-7.369468],[109.611403,-7.369737],[109.610864,-7.369737],[109.610864,-7.370007],[109.610594,-7.370007],[109.610594,-7.370276],[109.610325,-7.370276],[109.610325,-7.370546],[109.610055,-7.370546],[109.610055,-7.370815],[109.609516,-7.370815],[109.609516,-7.371085],[109.607899,-7.371085],[109.607899,-7.371354],[109.607091,-7.371354],[109.607091,-7.371624],[109.606282,-7.371624],[109.606282,-7.371893],[109.605204,-7.371893],[109.605204,-7.372163],[109.603857,-7.372163],[109.603857,-7.372432],[109.60197,-7.372432],[109.60197,-7.372702],[109.601701,-7.372702],[109.601701,-7.372971],[109.601431,-7.372971],[109.601431,-7.37351],[109.601162,-7.37351],[109.601162,-7.374049],[109.600892,-7.374049],[109.600892,-7.374319],[109.600623,-7.374319],[109.600623,-7.374588],[109.600353,-7.374588],[109.600353,-7.374858],[109.599815,-7.374858],[109.599815,-7.375127],[109.599276,-7.375127],[109.599276,-7.375397],[109.597389,-7.375397],[109.597389,-7.375666],[109.59712,-7.375666],[109.59712,-7.375936],[109.596581,-7.375936],[109.596581,-7.376205],[109.596042,-7.376205],[109.596042,-7.376475],[109.595503,-7.376475],[109.595503,-7.376744],[109.594964,-7.376744],[109.594964,-7.377014],[109.594425,-7.377014],[109.594425,-7.377283],[109.594155,-7.377283],[109.594155,-7.377553],[109.593886,-7.377553],[109.593886,-7.377822],[109.593616,-7.377822],[109.593616,-7.378361],[109.593347,-7.378361],[109.593347,-7.3789],[109.593077,-7.3789],[109.593077,-7.379709],[109.592808,-7.379709],[109.592808,-7.379978],[109.592538,-7.379978],[109.592538,-7.380248],[109.592269,-7.380248],[109.592269,-7.380517],[109.591999,-7.380517],[109.591999,-7.380787],[109.59173,-7.380787],[109.59173,-7.381056],[109.591191,-7.381056],[109.591191,-7.381326],[109.590921,-7.381326],[109.590921,-7.381595],[109.590382,-7.381595],[109.590382,-7.381865],[109.590113,-7.381865],[109.590113,-7.382134],[109.589843,-7.382134],[109.589843,-7.382404],[109.589574,-7.382404],[109.589574,-7.382673],[109.589304,-7.382673],[109.589304,-7.382943],[109.588765,-7.382943],[109.588765,-7.383212],[109.588496,-7.383212],[109.588496,-7.382943],[109.588226,-7.382943],[109.588226,-7.382673],[109.585801,-7.382673],[109.585801,-7.383482],[109.584184,-7.383482],[109.584184,-7.385099],[109.583375,-7.385099],[109.583375,-7.386446],[109.583106,-7.386446],[109.583106,-7.386716],[109.583645,-7.386716],[109.583645,-7.386446],[109.583914,-7.386446],[109.583914,-7.386177],[109.584453,-7.386177],[109.584453,-7.385638],[109.584723,-7.385638],[109.584723,-7.385099],[109.584992,-7.385099],[109.584992,-7.38456],[109.585531,-7.38456],[109.585531,-7.38429],[109.585801,-7.38429],[109.585801,-7.385099],[109.58634,-7.385099],[109.58634,-7.385907],[109.587687,-7.385907],[109.587687,-7.385638],[109.587957,-7.385638],[109.587957,-7.384829],[109.588765,-7.384829],[109.588765,-7.38429],[109.589304,-7.38429],[109.589304,-7.384021],[109.589574,-7.384021],[109.589574,-7.383482],[109.590382,-7.383482],[109.590382,-7.383212],[109.590652,-7.383212],[109.590652,-7.382943],[109.590921,-7.382943],[109.590921,-7.382673],[109.592538,-7.382673],[109.592538,-7.381595],[109.593077,-7.381595],[109.593077,-7.380787],[109.593347,-7.380787],[109.593347,-7.380517],[109.593616,-7.380517],[109.593616,-7.379978],[109.593886,-7.379978],[109.593886,-7.3789],[109.594155,-7.3789],[109.594155,-7.378092],[109.594425,-7.378092],[109.594425,-7.377822],[109.594964,-7.377822],[109.594964,-7.377553],[109.595233,-7.377553],[109.595233,-7.377283],[109.595503,-7.377283],[109.595503,-7.377014],[109.596311,-7.377014],[109.596311,-7.376744],[109.597659,-7.376744],[109.597659,-7.376205],[109.598737,-7.376205],[109.598737,-7.375936],[109.600623,-7.375936],[109.600623,-7.374858],[109.600892,-7.374858],[109.600892,-7.374588],[109.601162,-7.374588],[109.601162,-7.374319],[109.601431,-7.374319],[109.601431,-7.37378],[109.60197,-7.37378],[109.60197,-7.373241],[109.602509,-7.373241],[109.602509,-7.372971],[109.604126,-7.372971],[109.604126,-7.372702],[109.607091,-7.372702],[109.607091,-7.371893],[109.610325,-7.371893],[109.610325,-7.371354],[109.610864,-7.371354],[109.610864,-7.370546],[109.613289,-7.370546],[109.613289,-7.370276],[109.615984,-7.370276],[109.615984,-7.369198],[109.616523,-7.369198],[109.616523,-7.368929],[109.616793,-7.368929],[109.616793,-7.36866],[109.617062,-7.36866],[109.617062,-7.36839],[109.617332,-7.36839],[109.617332,-7.368121],[109.617601,-7.368121],[109.617601,-7.367851],[109.617871,-7.367851],[109.617871,-7.367582],[109.61814,-7.367582],[109.61814,-7.367312],[109.61841,-7.367312],[109.61841,-7.367582],[109.618679,-7.367582],[109.618679,-7.367851],[109.618949,-7.367851],[109.618949,-7.368121],[109.619218,-7.368121],[109.619218,-7.36839],[109.619488,-7.36839],[109.619488,-7.36866],[109.619757,-7.36866],[109.619757,-7.368929],[109.620565,-7.368929],[109.620565,-7.36866],[109.620835,-7.36866],[109.620835,-7.36839],[109.621374,-7.36839],[109.621374,-7.368121],[109.622182,-7.368121],[109.622182,-7.367312],[109.623799,-7.367312],[109.623799,-7.366773],[109.624069,-7.366773],[109.624069,-7.366504],[109.625416,-7.366504],[109.625416,-7.365965],[109.625686,-7.365965],[109.625686,-7.366234],[109.626764,-7.366234],[109.626764,-7.365965],[109.627572,-7.365965],[109.627572,-7.365695],[109.62865,-7.365695],[109.62865,-7.365426],[109.62892,-7.365426],[109.62892,-7.365695],[109.630537,-7.365695],[109.630537,-7.364887],[109.630806,-7.364887],[109.630806,-7.364078],[109.631076,-7.364078],[109.631076,-7.363809],[109.631345,-7.363809],[109.631345,-7.363539],[109.631884,-7.363539],[109.631884,-7.36327],[109.632154,-7.36327],[109.632154,-7.362731],[109.632423,-7.362731],[109.632423,-7.362461],[109.633232,-7.362461],[109.633232,-7.361653],[109.632962,-7.361653],[109.632962,-7.360575],[109.632693,-7.360575],[109.632693,-7.360036],[109.632423,-7.360036],[109.632423,-7.359766],[109.632154,-7.359766],[109.632154,-7.358419],[109.631884,-7.358419],[109.631884,-7.358149],[109.632154,-7.358149],[109.632154,-7.35788],[109.632423,-7.35788],[109.632423,-7.35761],[109.632693,-7.35761],[109.632693,-7.357341],[109.633232,-7.357341],[109.633232,-7.35761],[109.63404,-7.35761],[109.63404,-7.35788],[109.637005,-7.35788],[109.637005,-7.357071],[109.637274,-7.357071],[109.637274,-7.356802],[109.637813,-7.356802],[109.637813,-7.355993],[109.638083,-7.355993],[109.638083,-7.355724],[109.638352,-7.355724],[109.638352,-7.355454],[109.638622,-7.355454],[109.638622,-7.355185],[109.638891,-7.355185],[109.638891,-7.354646],[109.63943,-7.354646],[109.63943,-7.353298],[109.639969,-7.353298],[109.639969,-7.35249],[109.640239,-7.35249],[109.640239,-7.35222],[109.640508,-7.35222],[109.640508,-7.351681],[109.640777,-7.351681],[109.640777,-7.351412],[109.641047,-7.351412],[109.641047,-7.351142],[109.641316,-7.351142],[109.641316,-7.350603],[109.641586,-7.350603],[109.641586,-7.348717],[109.641316,-7.348717],[109.641316,-7.348448],[109.640777,-7.348448],[109.640777,-7.348178],[109.640508,-7.348178],[109.640508,-7.347909],[109.640239,-7.347909],[109.640239,-7.34737],[109.640508,-7.34737],[109.640508,-7.346292],[109.640777,-7.346292],[109.640777,-7.346022],[109.641047,-7.346022],[109.641047,-7.345753],[109.641316,-7.345753],[109.641316,-7.345483],[109.641586,-7.345483],[109.641586,-7.344675],[109.642933,-7.344675],[109.642933,-7.344405],[109.643203,-7.344405],[109.643203,-7.343866],[109.643472,-7.343866],[109.643472,-7.343597],[109.643742,-7.343597],[109.643742,-7.343058],[109.644011,-7.343058],[109.644011,-7.34198],[109.644281,-7.34198],[109.644281,-7.34171],[109.64455,-7.34171],[109.64455,-7.337129],[109.646706,-7.337129],[109.646706,-7.336859],[109.646976,-7.336859],[109.646976,-7.33659],[109.647245,-7.33659],[109.647245,-7.335781],[109.647515,-7.335781],[109.647515,-7.334703],[109.647784,-7.334703],[109.647784,-7.334434],[109.648054,-7.334434],[109.648054,-7.33093],[109.648323,-7.33093],[109.648323,-7.330661],[109.648593,-7.330661],[109.648593,-7.330391],[109.648862,-7.330391],[109.648862,-7.328505],[109.649401,-7.328505],[109.649401,-7.327697],[109.649132,-7.327697],[109.649132,-7.327427],[109.648862,-7.327427],[109.648862,-7.326888],[109.648054,-7.326888],[109.648054,-7.326619],[109.647784,-7.326619],[109.647784,-7.32581],[109.647515,-7.32581],[109.647515,-7.325541],[109.647245,-7.325541],[109.647245,-7.325271],[109.646976,-7.325271],[109.646976,-7.323385],[109.646706,-7.323385],[109.646706,-7.323115],[109.646167,-7.323115],[109.646167,-7.319881],[109.645898,-7.319881],[109.645898,-7.319612],[109.645628,-7.319612],[109.645628,-7.319073],[109.645359,-7.319073],[109.645359,-7.318803],[109.64455,-7.318803],[109.64455,-7.318534],[109.644011,-7.318534],[109.644011,-7.317456],[109.644281,-7.317456],[109.644281,-7.317186],[109.64455,-7.317186],[109.64455,-7.316108],[109.64482,-7.316108],[109.64482,-7.315569],[109.645089,-7.315569],[109.645089,-7.3153],[109.645359,-7.3153],[109.645359,-7.31503],[109.64455,-7.31503],[109.64455,-7.314761],[109.644281,-7.314761],[109.644281,-7.314491],[109.644011,-7.314491],[109.644011,-7.313952],[109.643742,-7.313952],[109.643742,-7.313413],[109.643472,-7.313413],[109.643472,-7.312605],[109.643203,-7.312605],[109.643203,-7.311527],[109.642933,-7.311527],[109.642933,-7.310718],[109.643203,-7.310718],[109.643203,-7.310179],[109.645898,-7.310179],[109.645898,-7.30991],[109.646437,-7.30991],[109.646437,-7.30964],[109.646706,-7.30964],[109.646706,-7.309101],[109.646976,-7.309101],[109.646976,-7.308832],[109.647245,-7.308832],[109.647245,-7.308293],[109.647515,-7.308293],[109.647515,-7.308024],[109.647784,-7.308024],[109.647784,-7.307754],[109.648054,-7.307754],[109.648054,-7.307485],[109.648862,-7.307485],[109.648862,-7.307754],[109.65021,-7.307754],[109.65021,-7.306676],[109.649132,-7.306676],[109.649132,-7.306407],[109.648862,-7.306407],[109.648862,-7.305868],[109.648054,-7.305868],[109.648054,-7.305598],[109.647784,-7.305598],[109.647784,-7.305329],[109.647515,-7.305329],[109.647515,-7.305059],[109.647245,-7.305059],[109.647245,-7.30479],[109.646976,-7.30479],[109.646976,-7.304251],[109.646706,-7.304251],[109.646706,-7.303981],[109.646437,-7.303981],[109.646437,-7.303712],[109.646167,-7.303712],[109.646167,-7.302903],[109.645898,-7.302903],[109.645898,-7.302634],[109.645628,-7.302634],[109.645628,-7.302364],[109.645359,-7.302364],[109.645359,-7.301825],[109.645089,-7.301825],[109.645089,-7.301556],[109.64482,-7.301556],[109.64482,-7.301286],[109.64455,-7.301286],[109.64455,-7.299939],[109.644281,-7.299939],[109.644281,-7.298591],[109.64455,-7.298591],[109.64455,-7.297783],[109.644011,-7.297783],[109.644011,-7.296974],[109.643472,-7.296974],[109.643472,-7.296705],[109.643203,-7.296705],[109.643203,-7.296435],[109.642933,-7.296435],[109.642933,-7.296166],[109.641586,-7.296166],[109.641586,-7.295627],[109.641316,-7.295627],[109.641316,-7.295357],[109.641047,-7.295357],[109.641047,-7.294549],[109.641316,-7.294549],[109.641316,-7.292393],[109.641586,-7.292393],[109.641586,-7.291854],[109.641855,-7.291854],[109.641855,-7.291045],[109.641586,-7.291045],[109.641586,-7.290506],[109.641047,-7.290506],[109.641047,-7.289967],[109.640777,-7.289967],[109.640777,-7.289698],[109.640508,-7.289698],[109.640508,-7.289428],[109.639969,-7.289428],[109.639969,-7.288889],[109.6397,-7.288889],[109.6397,-7.28862],[109.63943,-7.28862],[109.63943,-7.287812],[109.639161,-7.287812],[109.639161,-7.287542],[109.638891,-7.287542],[109.638891,-7.287273],[109.638622,-7.287273],[109.638622,-7.284039],[109.638891,-7.284039],[109.638891,-7.283769],[109.639161,-7.283769],[109.639161,-7.2835],[109.63943,-7.2835],[109.63943,-7.281074],[109.639161,-7.281074],[109.639161,-7.280805],[109.638891,-7.280805],[109.638891,-7.279996],[109.638622,-7.279996],[109.638622,-7.279188],[109.638891,-7.279188],[109.638891,-7.278918],[109.639161,-7.278918],[109.639161,-7.278649],[109.63943,-7.278649],[109.63943,-7.277571],[109.6397,-7.277571],[109.6397,-7.277301],[109.639969,-7.277301],[109.639969,-7.277032],[109.641316,-7.277032],[109.641316,-7.276762],[109.641586,-7.276762],[109.641586,-7.276493],[109.641855,-7.276493],[109.641855,-7.274606],[109.641586,-7.274606],[109.641586,-7.273528],[109.641047,-7.273528],[109.641047,-7.273259],[109.640777,-7.273259],[109.640777,-7.27272],[109.640239,-7.27272],[109.640239,-7.269486],[109.639969,-7.269486],[109.639969,-7.269216],[109.6397,-7.269216],[109.6397,-7.268947],[109.63943,-7.268947],[109.63943,-7.268677],[109.639161,-7.268677],[109.639161,-7.268408],[109.638622,-7.268408],[109.638622,-7.266522],[109.638352,-7.266522],[109.638352,-7.266252],[109.638083,-7.266252],[109.638083,-7.265983],[109.637544,-7.265983],[109.637544,-7.265444],[109.637274,-7.265444],[109.637274,-7.264905],[109.637544,-7.264905],[109.637544,-7.264635],[109.637813,-7.264635],[109.637813,-7.264366],[109.6397,-7.264366],[109.6397,-7.264096],[109.639969,-7.264096],[109.639969,-7.263827],[109.640239,-7.263827],[109.640239,-7.263557],[109.640508,-7.263557],[109.640508,-7.263288],[109.639969,-7.263288],[109.639969,-7.263557],[109.6397,-7.263557],[109.6397,-7.263827],[109.637813,-7.263827],[109.637813,-7.263288],[109.637544,-7.263288]],[[109.631345,-7.360844],[109.631615,-7.360844],[109.631615,-7.361922],[109.631345,-7.361922],[109.631345,-7.362461],[109.631076,-7.362461],[109.631076,-7.363],[109.630806,-7.363],[109.630806,-7.36327],[109.630537,-7.36327],[109.630537,-7.363539],[109.630267,-7.363539],[109.630267,-7.364078],[109.629998,-7.364078],[109.629998,-7.364348],[109.629459,-7.364348],[109.629459,-7.364617],[109.628111,-7.364617],[109.628111,-7.364078],[109.628381,-7.364078],[109.628381,-7.363539],[109.62865,-7.363539],[109.62865,-7.36327],[109.62892,-7.36327],[109.62892,-7.363],[109.629189,-7.363],[109.629189,-7.362731],[109.629459,-7.362731],[109.629459,-7.362461],[109.629728,-7.362461],[109.629728,-7.362192],[109.629998,-7.362192],[109.629998,-7.361922],[109.630267,-7.361922],[109.630267,-7.361653],[109.630537,-7.361653],[109.630537,-7.361383],[109.630806,-7.361383],[109.630806,-7.361114],[109.631345,-7.361114],[109.631345,-7.360844]],[[109.619488,-7.366504],[109.621104,-7.366504],[109.621104,-7.366773],[109.621374,-7.366773],[109.621374,-7.367043],[109.620565,-7.367043],[109.620565,-7.367312],[109.620296,-7.367312],[109.620296,-7.367043],[109.619757,-7.367043],[109.619757,-7.366773],[109.619488,-7.366773],[109.619488,-7.366504]]]}},{"id":"41","type":"Feature","properties":{"DN":1,"Keterangan":"Rendah"},"geometry":{"type":"Polygon","coordinates":[[[109.663954,-7.385099],[109.663954,-7.385638],[109.664223,-7.385638],[109.664223,-7.387255],[109.664762,-7.387255],[109.664762,-7.385099],[109.663954,-7.385099]]]}},{"id":"42","type":"Feature","properties":{"DN":2,"Keterangan":"Sedang"},"geometry":{"type":"Polygon","coordinates":[[[109.718931,-7.38429],[109.718931,-7.38456],[109.718122,-7.38456],[109.718122,-7.384829],[109.717583,-7.384829],[109.717583,-7.385099],[109.716775,-7.385099],[109.716775,-7.385368],[109.714349,-7.385368],[109.714349,-7.385638],[109.721087,-7.385638],[109.721087,-7.385907],[109.721625,-7.385907],[109.721625,-7.386177],[109.722164,-7.386177],[109.722164,-7.386446],[109.722703,-7.386446],[109.722703,-7.386716],[109.722973,-7.386716],[109.722973,-7.386985],[109.723512,-7.386985],[109.723512,-7.387255],[109.725129,-7.387255],[109.725129,-7.387524],[109.725668,-7.387524],[109.725668,-7.387255],[109.726746,-7.387255],[109.726746,-7.386985],[109.727285,-7.386985],[109.727285,-7.386716],[109.728093,-7.386716],[109.728093,-7.386446],[109.730788,-7.386446],[109.730788,-7.386716],[109.731327,-7.386716],[109.731327,-7.386177],[109.731058,-7.386177],[109.731058,-7.385907],[109.730519,-7.385907],[109.730519,-7.385368],[109.72998,-7.385368],[109.72998,-7.385099],[109.729441,-7.385099],[109.729441,-7.384829],[109.728632,-7.384829],[109.728632,-7.385099],[109.727824,-7.385099],[109.727824,-7.385368],[109.727554,-7.385368],[109.727554,-7.385638],[109.727015,-7.385638],[109.727015,-7.385907],[109.726476,-7.385907],[109.726476,-7.386177],[109.725937,-7.386177],[109.725937,-7.386446],[109.725398,-7.386446],[109.725398,-7.386716],[109.72432,-7.386716],[109.72432,-7.386446],[109.724051,-7.386446],[109.724051,-7.386177],[109.723512,-7.386177],[109.723512,-7.385907],[109.723242,-7.385907],[109.723242,-7.385638],[109.722973,-7.385638],[109.722973,-7.385368],[109.722703,-7.385368],[109.722703,-7.385099],[109.722434,-7.385099],[109.722434,-7.384829],[109.721895,-7.384829],[109.721895,-7.38456],[109.721625,-7.38456],[109.721625,-7.38429],[109.718931,-7.38429]]]}},{"id":"43","type":"Feature","properties":{"DN":2,"Keterangan":"Sedang"},"geometry":{"type":"Polygon","coordinates":[[[109.704378,-7.382943],[109.704378,-7.383212],[109.7033,-7.383212],[109.7033,-7.383482],[109.702761,-7.383482],[109.702761,-7.383751],[109.702491,-7.383751],[109.702491,-7.384021],[109.702222,-7.384021],[109.702222,-7.38429],[109.701952,-7.38429],[109.701952,-7.384829],[109.701683,-7.384829],[109.701683,-7.385368],[109.701413,-7.385368],[109.701413,-7.385907],[109.701144,-7.385907],[109.701144,-7.386446],[109.700875,-7.386446],[109.700875,-7.386716],[109.700605,-7.386716],[109.700605,-7.387255],[109.700875,-7.387255],[109.700875,-7.387524],[109.70303,-7.387524],[109.70303,-7.387255],[109.704108,-7.387255],[109.704108,-7.386985],[109.704647,-7.386985],[109.704647,-7.386716],[109.705456,-7.386716],[109.705456,-7.386446],[109.706264,-7.386446],[109.706264,-7.386177],[109.707073,-7.386177],[109.707073,-7.385907],[109.707342,-7.385907],[109.707342,-7.385638],[109.707612,-7.385638],[109.707612,-7.385368],[109.707342,-7.385368],[109.707342,-7.384829],[109.707073,-7.384829],[109.707073,-7.38456],[109.706803,-7.38456],[109.706803,-7.38429],[109.706534,-7.38429],[109.706534,-7.384021],[109.706264,-7.384021],[109.706264,-7.383751],[109.705995,-7.383751],[109.705995,-7.383482],[109.705456,-7.383482],[109.705456,-7.383212],[109.704647,-7.383212],[109.704647,-7.382943],[109.704378,-7.382943]],[[109.703569,-7.38429],[109.704917,-7.38429],[109.704917,-7.38456],[109.705456,-7.38456],[109.705456,-7.384829],[109.705186,-7.384829],[109.705186,-7.385368],[109.704647,-7.385368],[109.704647,-7.385638],[109.703839,-7.385638],[109.703839,-7.385907],[109.703569,-7.385907],[109.703569,-7.385638],[109.70303,-7.385638],[109.70303,-7.385099],[109.7033,-7.385099],[109.7033,-7.38456],[109.703569,-7.38456],[109.703569,-7.38429]]]}},{"id":"44","type":"Feature","properties":{"DN":2,"Keterangan":"Sedang"},"geometry":{"type":"Polygon","coordinates":[[[109.741029,-7.386446],[109.741029,-7.386716],[109.74076,-7.386716],[109.74076,-7.387255],[109.741299,-7.387255],[109.741299,-7.387524],[109.741568,-7.387524],[109.741568,-7.387794],[109.742646,-7.387794],[109.742646,-7.387524],[109.742376,-7.387524],[109.742376,-7.386716],[109.741838,-7.386716],[109.741838,-7.386446],[109.741029,-7.386446]]]}},{"id":"45","type":"Feature","properties":{"DN":1,"Keterangan":"Rendah"},"geometry":{"type":"Polygon","coordinates":[[[109.65533,-7.385099],[109.65533,-7.385907],[109.6556,-7.385907],[109.6556,-7.386177],[109.655869,-7.386177],[109.655869,-7.386446],[109.656139,-7.386446],[109.656139,-7.387255],[109.656408,-7.387255],[109.656408,-7.387524],[109.656947,-7.387524],[109.656947,-7.387794],[109.657756,-7.387794],[109.657756,-7.388063],[109.658564,-7.388063],[109.658564,-7.387794],[109.658834,-7.387794],[109.658834,-7.387524],[109.659103,-7.387524],[109.659103,-7.386985],[109.659373,-7.386985],[109.659373,-7.386716],[109.659912,-7.386716],[109.659912,-7.386446],[109.660451,-7.386446],[109.660451,-7.386716],[109.661798,-7.386716],[109.661798,-7.386177],[109.661528,-7.386177],[109.661528,-7.385907],[109.660989,-7.385907],[109.660989,-7.385638],[109.66072,-7.385638],[109.66072,-7.385907],[109.659912,-7.385907],[109.659912,-7.386177],[109.659642,-7.386177],[109.659642,-7.386446],[109.659103,-7.386446],[109.659103,-7.386716],[109.658564,-7.386716],[109.658564,-7.386985],[109.657217,-7.386985],[109.657217,-7.386716],[109.656678,-7.386716],[109.656678,-7.386446],[109.656408,-7.386446],[109.656408,-7.386177],[109.656139,-7.386177],[109.656139,-7.385638],[109.655869,-7.385638],[109.655869,-7.385368],[109.6556,-7.385368],[109.6556,-7.385099],[109.65533,-7.385099]]]}},{"id":"46","type":"Feature","properties":{"DN":2,"Keterangan":"Sedang"},"geometry":{"type":"Polygon","coordinates":[[[109.697102,-7.386177],[109.697102,-7.386446],[109.696832,-7.386446],[109.696832,-7.386985],[109.696563,-7.386985],[109.696563,-7.387524],[109.696293,-7.387524],[109.696293,-7.388602],[109.697641,-7.388602],[109.697641,-7.388333],[109.69818,-7.388333],[109.69818,-7.388063],[109.698719,-7.388063],[109.698719,-7.387794],[109.698988,-7.387794],[109.698988,-7.387255],[109.699258,-7.387255],[109.699258,-7.386985],[109.698988,-7.386985],[109.698988,-7.386716],[109.698719,-7.386716],[109.698719,-7.386446],[109.698449,-7.386446],[109.698449,-7.386177],[109.697102,-7.386177]]]}},{"id":"47","type":"Feature","properties":{"DN":1,"Keterangan":"Rendah"},"geometry":{"type":"Polygon","coordinates":[[[109.665571,-7.388333],[109.665571,-7.388602],[109.666379,-7.388602],[109.666379,-7.388872],[109.666918,-7.388872],[109.666918,-7.389141],[109.667188,-7.389141],[109.667188,-7.388333],[109.665571,-7.388333]]]}},{"id":"48","type":"Feature","properties":{"DN":3,"Keterangan":"Tinggi"},"geometry":{"type":"Polygon","coordinates":[[[109.567206,-7.388333],[109.567206,-7.388602],[109.566936,-7.388602],[109.566936,-7.388872],[109.567475,-7.388872],[109.567475,-7.389141],[109.568284,-7.389141],[109.568284,-7.388872],[109.568553,-7.388872],[109.568553,-7.388602],[109.568284,-7.388602],[109.568284,-7.388333],[109.567206,-7.388333]]]}},{"id":"49","type":"Feature","properties":{"DN":1,"Keterangan":"Rendah"},"geometry":{"type":"Polygon","coordinates":[[[109.667457,-7.389141],[109.667457,-7.38941],[109.667727,-7.38941],[109.667727,-7.38968],[109.667996,-7.38968],[109.667996,-7.389141],[109.667457,-7.389141]]]}},{"id":"50","type":"Feature","properties":{"DN":2,"Keterangan":"Sedang"},"geometry":{"type":"Polygon","coordinates":[[[109.692251,-7.388872],[109.692251,-7.389141],[109.691712,-7.389141],[109.691712,-7.38941],[109.691442,-7.38941],[109.691442,-7.38968],[109.69252,-7.38968],[109.69252,-7.38941],[109.69279,-7.38941],[109.69279,-7.389141],[109.69252,-7.389141],[109.69252,-7.388872],[109.692251,-7.388872]]]}},{"id":"51","type":"Feature","properties":{"DN":3,"Keterangan":"Tinggi"},"geometry":{"type":"Polygon","coordinates":[[[109.663145,-7.387524],[109.663145,-7.387794],[109.662606,-7.387794],[109.662606,-7.388063],[109.662337,-7.388063],[109.662337,-7.38968],[109.663145,-7.38968],[109.663145,-7.389949],[109.664762,-7.389949],[109.664762,-7.38968],[109.665301,-7.38968],[109.665301,-7.38941],[109.664762,-7.38941],[109.664762,-7.389141],[109.664223,-7.389141],[109.664223,-7.388872],[109.663954,-7.388872],[109.663954,-7.388602],[109.663684,-7.388602],[109.663684,-7.388063],[109.663415,-7.388063],[109.663415,-7.387524],[109.663145,-7.387524]]]}},{"id":"52","type":"Feature","properties":{"DN":1,"Keterangan":"Rendah"},"geometry":{"type":"Polygon","coordinates":[[[109.68201,-7.38968],[109.68201,-7.389949],[109.682279,-7.389949],[109.682279,-7.38968],[109.68201,-7.38968]]]}},{"id":"53","type":"Feature","properties":{"DN":3,"Keterangan":"Tinggi"},"geometry":{"type":"Polygon","coordinates":[[[109.621643,-7.37351],[109.621643,-7.37378],[109.620835,-7.37378],[109.620835,-7.374049],[109.620565,-7.374049],[109.620565,-7.374319],[109.620835,-7.374319],[109.620835,-7.374588],[109.621104,-7.374588],[109.621104,-7.374858],[109.621374,-7.374858],[109.621374,-7.375127],[109.622182,-7.375127],[109.622182,-7.375397],[109.622721,-7.375397],[109.622721,-7.375666],[109.622991,-7.375666],[109.622991,-7.376744],[109.622721,-7.376744],[109.622721,-7.377014],[109.622452,-7.377014],[109.622452,-7.377283],[109.622182,-7.377283],[109.622182,-7.377553],[109.621643,-7.377553],[109.621643,-7.377822],[109.621374,-7.377822],[109.621374,-7.378092],[109.621104,-7.378092],[109.621104,-7.378361],[109.620835,-7.378361],[109.620835,-7.37917],[109.620565,-7.37917],[109.620565,-7.380787],[109.620296,-7.380787],[109.620296,-7.381326],[109.620027,-7.381326],[109.620027,-7.381595],[109.619757,-7.381595],[109.619757,-7.381865],[109.619488,-7.381865],[109.619488,-7.382134],[109.618679,-7.382134],[109.618679,-7.382404],[109.617871,-7.382404],[109.617871,-7.382673],[109.617062,-7.382673],[109.617062,-7.382943],[109.617332,-7.382943],[109.617332,-7.383212],[109.617601,-7.383212],[109.617601,-7.383482],[109.617871,-7.383482],[109.617871,-7.383751],[109.61814,-7.383751],[109.61814,-7.38429],[109.61841,-7.38429],[109.61841,-7.385638],[109.618679,-7.385638],[109.618679,-7.386446],[109.618949,-7.386446],[109.618949,-7.386985],[109.619218,-7.386985],[109.619218,-7.387524],[109.619488,-7.387524],[109.619488,-7.388602],[109.619757,-7.388602],[109.619757,-7.389141],[109.620027,-7.389141],[109.620027,-7.38968],[109.620296,-7.38968],[109.620296,-7.389949],[109.620835,-7.389949],[109.620835,-7.390219],[109.621104,-7.390219],[109.621104,-7.389949],[109.621643,-7.389949],[109.621643,-7.38968],[109.622452,-7.38968],[109.622452,-7.38941],[109.624608,-7.38941],[109.624608,-7.38968],[109.625147,-7.38968],[109.625147,-7.38941],[109.625686,-7.38941],[109.625686,-7.389141],[109.625955,-7.389141],[109.625955,-7.388602],[109.626225,-7.388602],[109.626225,-7.388333],[109.626494,-7.388333],[109.626494,-7.388063],[109.626764,-7.388063],[109.626764,-7.387794],[109.627033,-7.387794],[109.627033,-7.387524],[109.627303,-7.387524],[109.627303,-7.387255],[109.627572,-7.387255],[109.627572,-7.386985],[109.627842,-7.386985],[109.627842,-7.386446],[109.628111,-7.386446],[109.628111,-7.385907],[109.628381,-7.385907],[109.628381,-7.385099],[109.62865,-7.385099],[109.62865,-7.38456],[109.62892,-7.38456],[109.62892,-7.38429],[109.629189,-7.38429],[109.629189,-7.384021],[109.629459,-7.384021],[109.629459,-7.383751],[109.630267,-7.383751],[109.630267,-7.383482],[109.631884,-7.383482],[109.631884,-7.383751],[109.632693,-7.383751],[109.632693,-7.384021],[109.632962,-7.384021],[109.632962,-7.38429],[109.633232,-7.38429],[109.633232,-7.38456],[109.633501,-7.38456],[109.633501,-7.384829],[109.633771,-7.384829],[109.633771,-7.385099],[109.63404,-7.385099],[109.63404,-7.385368],[109.63431,-7.385368],[109.63431,-7.385638],[109.634579,-7.385638],[109.634579,-7.385907],[109.635927,-7.385907],[109.635927,-7.385638],[109.636196,-7.385638],[109.636196,-7.385368],[109.636466,-7.385368],[109.636466,-7.384829],[109.636735,-7.384829],[109.636735,-7.383751],[109.637005,-7.383751],[109.637005,-7.383212],[109.637274,-7.383212],[109.637274,-7.382673],[109.637544,-7.382673],[109.637544,-7.382134],[109.637813,-7.382134],[109.637813,-7.381865],[109.638083,-7.381865],[109.638083,-7.381595],[109.638622,-7.381595],[109.638622,-7.381056],[109.638352,-7.381056],[109.638352,-7.380787],[109.638083,-7.380787],[109.638083,-7.380517],[109.637813,-7.380517],[109.637813,-7.380787],[109.636735,-7.380787],[109.636735,-7.381056],[109.636196,-7.381056],[109.636196,-7.381326],[109.635657,-7.381326],[109.635657,-7.381595],[109.635388,-7.381595],[109.635388,-7.381865],[109.634579,-7.381865],[109.634579,-7.382134],[109.633771,-7.382134],[109.633771,-7.381865],[109.632962,-7.381865],[109.632962,-7.381595],[109.632693,-7.381595],[109.632693,-7.381056],[109.632423,-7.381056],[109.632423,-7.380517],[109.632154,-7.380517],[109.632154,-7.379709],[109.631884,-7.379709],[109.631884,-7.37917],[109.631615,-7.37917],[109.631615,-7.378631],[109.630806,-7.378631],[109.630806,-7.378361],[109.630267,-7.378361],[109.630267,-7.378092],[109.629998,-7.378092],[109.629998,-7.377822],[109.629459,-7.377822],[109.629459,-7.377553],[109.62892,-7.377553],[109.62892,-7.377283],[109.628381,-7.377283],[109.628381,-7.377014],[109.628111,-7.377014],[109.628111,-7.376744],[109.627842,-7.376744],[109.627842,-7.376205],[109.627572,-7.376205],[109.627572,-7.375936],[109.627303,-7.375936],[109.627303,-7.375666],[109.627033,-7.375666],[109.627033,-7.375127],[109.626764,-7.375127],[109.626764,-7.374858],[109.626225,-7.374858],[109.626225,-7.374588],[109.625955,-7.374588],[109.625955,-7.374319],[109.625686,-7.374319],[109.625686,-7.374049],[109.625147,-7.374049],[109.625147,-7.37378],[109.62353,-7.37378],[109.62353,-7.37351],[109.621643,-7.37351]]]}},{"id":"54","type":"Feature","properties":{"DN":2,"Keterangan":"Sedang"},"geometry":{"type":"Polygon","coordinates":[[[109.753965,-7.389141],[109.753965,-7.38941],[109.753426,-7.38941],[109.753426,-7.38968],[109.752887,-7.38968],[109.752887,-7.389949],[109.752617,-7.389949],[109.752617,-7.390219],[109.753156,-7.390219],[109.753156,-7.389949],[109.753695,-7.389949],[109.753695,-7.38968],[109.754234,-7.38968],[109.754234,-7.38941],[109.754504,-7.38941],[109.754504,-7.389141],[109.753965,-7.389141]]]}},{"id":"55","type":"Feature","properties":{"DN":3,"Keterangan":"Tinggi"},"geometry":{"type":"Polygon","coordinates":[[[109.609516,-7.388872],[109.609516,-7.38941],[109.609247,-7.38941],[109.609247,-7.38968],[109.609516,-7.38968],[109.609516,-7.390488],[109.610325,-7.390488],[109.610325,-7.390219],[109.610594,-7.390219],[109.610594,-7.389949],[109.610325,-7.389949],[109.610325,-7.38941],[109.610055,-7.38941],[109.610055,-7.389141],[109.609786,-7.389141],[109.609786,-7.388872],[109.609516,-7.388872]]]}},{"id":"56","type":"Feature","properties":{"DN":2,"Keterangan":"Sedang"},"geometry":{"type":"Polygon","coordinates":[[[109.585531,-7.38429],[109.585531,-7.38456],[109.584992,-7.38456],[109.584992,-7.385099],[109.584723,-7.385099],[109.584723,-7.385638],[109.584453,-7.385638],[109.584453,-7.386177],[109.583914,-7.386177],[109.583914,-7.386446],[109.583645,-7.386446],[109.583645,-7.386716],[109.583106,-7.386716],[109.583106,-7.386985],[109.581489,-7.386985],[109.581489,-7.387255],[109.58095,-7.387255],[109.58095,-7.387524],[109.580411,-7.387524],[109.580411,-7.387794],[109.580141,-7.387794],[109.580141,-7.388063],[109.579872,-7.388063],[109.579872,-7.388602],[109.579603,-7.388602],[109.579603,-7.389141],[109.579333,-7.389141],[109.579333,-7.38941],[109.579064,-7.38941],[109.579064,-7.389949],[109.578794,-7.389949],[109.578794,-7.390488],[109.579064,-7.390488],[109.579064,-7.390219],[109.579333,-7.390219],[109.579333,-7.38968],[109.580141,-7.38968],[109.580141,-7.38941],[109.580411,-7.38941],[109.580411,-7.389141],[109.581219,-7.389141],[109.581219,-7.388872],[109.582028,-7.388872],[109.582028,-7.388602],[109.582836,-7.388602],[109.582836,-7.388333],[109.583375,-7.388333],[109.583375,-7.388063],[109.583645,-7.388063],[109.583645,-7.387794],[109.583914,-7.387794],[109.583914,-7.387524],[109.584184,-7.387524],[109.584184,-7.386985],[109.584453,-7.386985],[109.584453,-7.386446],[109.584723,-7.386446],[109.584723,-7.386177],[109.584992,-7.386177],[109.584992,-7.385638],[109.585262,-7.385638],[109.585262,-7.385368],[109.585801,-7.385368],[109.585801,-7.38429],[109.585531,-7.38429]]]}},{"id":"57","type":"Feature","properties":{"DN":2,"Keterangan":"Sedang"},"geometry":{"type":"Polygon","coordinates":[[[109.752078,-7.390219],[109.752078,-7.390488],[109.752617,-7.390488],[109.752617,-7.390219],[109.752078,-7.390219]]]}},{"id":"58","type":"Feature","properties":{"DN":2,"Keterangan":"Sedang"},"geometry":{"type":"Polygon","coordinates":[[[109.75127,-7.388063],[109.75127,-7.388333],[109.750731,-7.388333],[109.750731,-7.388602],[109.750461,-7.388602],[109.750461,-7.388872],[109.750192,-7.388872],[109.750192,-7.389141],[109.749922,-7.389141],[109.749922,-7.38968],[109.749653,-7.38968],[109.749653,-7.390488],[109.750192,-7.390488],[109.750192,-7.390758],[109.750731,-7.390758],[109.750731,-7.390219],[109.751,-7.390219],[109.751,-7.38941],[109.75127,-7.38941],[109.75127,-7.388602],[109.751539,-7.388602],[109.751539,-7.388063],[109.75127,-7.388063]]]}},{"id":"59","type":"Feature","properties":{"DN":2,"Keterangan":"Sedang"},"geometry":{"type":"Polygon","coordinates":[[[109.751809,-7.390488],[109.751809,-7.390758],[109.752078,-7.390758],[109.752078,-7.390488],[109.751809,-7.390488]]]}},{"id":"60","type":"Feature","properties":{"DN":1,"Keterangan":"Rendah"},"geometry":{"type":"Polygon","coordinates":[[[109.668266,-7.389949],[109.668266,-7.390488],[109.668535,-7.390488],[109.668535,-7.391027],[109.668805,-7.391027],[109.668805,-7.389949],[109.668266,-7.389949]]]}},{"id":"61","type":"Feature","properties":{"DN":2,"Keterangan":"Sedang"},"geometry":{"type":"Polygon","coordinates":[[[109.566667,-7.386985],[109.566667,-7.387255],[109.565858,-7.387255],[109.565858,-7.387524],[109.565319,-7.387524],[109.565319,-7.387794],[109.56505,-7.387794],[109.56505,-7.388063],[109.56478,-7.388063],[109.56478,-7.388333],[109.564511,-7.388333],[109.564511,-7.388602],[109.564241,-7.388602],[109.564241,-7.389141],[109.563972,-7.389141],[109.563972,-7.38941],[109.563702,-7.38941],[109.563702,-7.390219],[109.563433,-7.390219],[109.563433,-7.390488],[109.563702,-7.390488],[109.563702,-7.391027],[109.563972,-7.391027],[109.563972,-7.390758],[109.565319,-7.390758],[109.565319,-7.390488],[109.566397,-7.390488],[109.566397,-7.390758],[109.567475,-7.390758],[109.567475,-7.391027],[109.568553,-7.391027],[109.568553,-7.390758],[109.569092,-7.390758],[109.569092,-7.390488],[109.569631,-7.390488],[109.569631,-7.390219],[109.569901,-7.390219],[109.569901,-7.389949],[109.57017,-7.389949],[109.57017,-7.38968],[109.571248,-7.38968],[109.571248,-7.389949],[109.571518,-7.389949],[109.571518,-7.390488],[109.571787,-7.390488],[109.571787,-7.390758],[109.572057,-7.390758],[109.572057,-7.391027],[109.572596,-7.391027],[109.572596,-7.391297],[109.573943,-7.391297],[109.573943,-7.391027],[109.574213,-7.391027],[109.574213,-7.390219],[109.573943,-7.390219],[109.573943,-7.38968],[109.573674,-7.38968],[109.573674,-7.38941],[109.573404,-7.38941],[109.573404,-7.389141],[109.572865,-7.389141],[109.572865,-7.388872],[109.571518,-7.388872],[109.571518,-7.388602],[109.570979,-7.388602],[109.570979,-7.388333],[109.570709,-7.388333],[109.570709,-7.388063],[109.57017,-7.388063],[109.57017,-7.387794],[109.569901,-7.387794],[109.569901,-7.387524],[109.569362,-7.387524],[109.569362,-7.387255],[109.568553,-7.387255],[109.568553,-7.386985],[109.566667,-7.386985]],[[109.567206,-7.388333],[109.568284,-7.388333],[109.568284,-7.388602],[109.568553,-7.388602],[109.568553,-7.388872],[109.568284,-7.388872],[109.568284,-7.389141],[109.567475,-7.389141],[109.567475,-7.388872],[109.566936,-7.388872],[109.566936,-7.388602],[109.567206,-7.388602],[109.567206,-7.388333]],[[109.571248,-7.388872],[109.571518,-7.388872],[109.571518,-7.389141],[109.571248,-7.389141],[109.571248,-7.388872]]]}},{"id":"62","type":"Feature","properties":{"DN":1,"Keterangan":"Rendah"},"geometry":{"type":"Polygon","coordinates":[[[109.660181,-7.387524],[109.660181,-7.390488],[109.660989,-7.390488],[109.660989,-7.391297],[109.662876,-7.391297],[109.662876,-7.391566],[109.664493,-7.391566],[109.664493,-7.391027],[109.662876,-7.391027],[109.662876,-7.390758],[109.662067,-7.390758],[109.662067,-7.390488],[109.661798,-7.390488],[109.661798,-7.390219],[109.661528,-7.390219],[109.661528,-7.389949],[109.661259,-7.389949],[109.661259,-7.38941],[109.660989,-7.38941],[109.660989,-7.388602],[109.661259,-7.388602],[109.661259,-7.387794],[109.661528,-7.387794],[109.661528,-7.387524],[109.660181,-7.387524]]]}},{"id":"63","type":"Feature","properties":{"DN":1,"Keterangan":"Rendah"},"geometry":{"type":"Polygon","coordinates":[[[109.672308,-7.389949],[109.672308,-7.390758],[109.6715,-7.390758],[109.6715,-7.391566],[109.671769,-7.391566],[109.671769,-7.391297],[109.672308,-7.391297],[109.672308,-7.391027],[109.672578,-7.391027],[109.672578,-7.390758],[109.674195,-7.390758],[109.674195,-7.390488],[109.673656,-7.390488],[109.673656,-7.389949],[109.672308,-7.389949]]]}},{"id":"64","type":"Feature","properties":{"DN":1,"Keterangan":"Rendah"},"geometry":{"type":"Polygon","coordinates":[[[109.664762,-7.391297],[109.664762,-7.391566],[109.665032,-7.391566],[109.665032,-7.391297],[109.664762,-7.391297]]]}},{"id":"65","type":"Feature","properties":{"DN":1,"Keterangan":"Rendah"},"geometry":{"type":"Polygon","coordinates":[[[109.555079,-7.391566],[109.555079,-7.391836],[109.555887,-7.391836],[109.555887,-7.391566],[109.555079,-7.391566]]]}},{"id":"66","type":"Feature","properties":{"DN":1,"Keterangan":"Rendah"},"geometry":{"type":"Polygon","coordinates":[[[109.665301,-7.391566],[109.665301,-7.391836],[109.665571,-7.391836],[109.665571,-7.391566],[109.665301,-7.391566]]]}},{"id":"67","type":"Feature","properties":{"DN":1,"Keterangan":"Rendah"},"geometry":{"type":"Polygon","coordinates":[[[109.791963,-7.188368],[109.791963,-7.190794],[109.791694,-7.190794],[109.791694,-7.191063],[109.791155,-7.191063],[109.791155,-7.191602],[109.790885,-7.191602],[109.790885,-7.192411],[109.790616,-7.192411],[109.790616,-7.193489],[109.790346,-7.193489],[109.790346,-7.194567],[109.790616,-7.194567],[109.790616,-7.194836],[109.790885,-7.194836],[109.790885,-7.195914],[109.791155,-7.195914],[109.791155,-7.196723],[109.790616,-7.196723],[109.790616,-7.196992],[109.790346,-7.196992],[109.790346,-7.197262],[109.790077,-7.197262],[109.790077,-7.197531],[109.789538,-7.197531],[109.789538,-7.197801],[109.789268,-7.197801],[109.789268,-7.19807],[109.78846,-7.19807],[109.78846,-7.197801],[109.787921,-7.197801],[109.787921,-7.197531],[109.786843,-7.197531],[109.786843,-7.19807],[109.786573,-7.19807],[109.786573,-7.19834],[109.785495,-7.19834],[109.785495,-7.198609],[109.785226,-7.198609],[109.785226,-7.199148],[109.784956,-7.199148],[109.784956,-7.199957],[109.785226,-7.199957],[109.785226,-7.200226],[109.784956,-7.200226],[109.784956,-7.201574],[109.785226,-7.201574],[109.785226,-7.201843],[109.784687,-7.201843],[109.784687,-7.20346],[109.784956,-7.20346],[109.784956,-7.205347],[109.784417,-7.205347],[109.784417,-7.205616],[109.784148,-7.205616],[109.784148,-7.205886],[109.783878,-7.205886],[109.783878,-7.206155],[109.783609,-7.206155],[109.783609,-7.206425],[109.78307,-7.206425],[109.78307,-7.206694],[109.7828,-7.206694],[109.7828,-7.206963],[109.782531,-7.206963],[109.782531,-7.207233],[109.782262,-7.207233],[109.782262,-7.207502],[109.781992,-7.207502],[109.781992,-7.208041],[109.781723,-7.208041],[109.781723,-7.208311],[109.781453,-7.208311],[109.781453,-7.209119],[109.781723,-7.209119],[109.781723,-7.209928],[109.781453,-7.209928],[109.781453,-7.210467],[109.781184,-7.210467],[109.781184,-7.211275],[109.780914,-7.211275],[109.780914,-7.212353],[109.780645,-7.212353],[109.780645,-7.212892],[109.780375,-7.212892],[109.780375,-7.213431],[109.779836,-7.213431],[109.779836,-7.21397],[109.779567,-7.21397],[109.779567,-7.215048],[109.779028,-7.215048],[109.779028,-7.215587],[109.778758,-7.215587],[109.778758,-7.217474],[109.779028,-7.217474],[109.779028,-7.218821],[109.778489,-7.218821],[109.778489,-7.21936],[109.778219,-7.21936],[109.778219,-7.21963],[109.77795,-7.21963],[109.77795,-7.220169],[109.777411,-7.220169],[109.777411,-7.220438],[109.777141,-7.220438],[109.777141,-7.221247],[109.776872,-7.221247],[109.776872,-7.222055],[109.777141,-7.222055],[109.777141,-7.224211],[109.777411,-7.224211],[109.777411,-7.225289],[109.777141,-7.225289],[109.777141,-7.225828],[109.776872,-7.225828],[109.776872,-7.226367],[109.775524,-7.226367],[109.775524,-7.226637],[109.775255,-7.226637],[109.775255,-7.227445],[109.774985,-7.227445],[109.774985,-7.227714],[109.774716,-7.227714],[109.774716,-7.227984],[109.773368,-7.227984],[109.773368,-7.228253],[109.772829,-7.228253],[109.772829,-7.228523],[109.77229,-7.228523],[109.77229,-7.228792],[109.771212,-7.228792],[109.771212,-7.229062],[109.770943,-7.229062],[109.770943,-7.229331],[109.770673,-7.229331],[109.770673,-7.229601],[109.770134,-7.229601],[109.770134,-7.22987],[109.769865,-7.22987],[109.769865,-7.23014],[109.769595,-7.23014],[109.769595,-7.230409],[109.769326,-7.230409],[109.769326,-7.230948],[109.769056,-7.230948],[109.769056,-7.231487],[109.768787,-7.231487],[109.768787,-7.231757],[109.768248,-7.231757],[109.768248,-7.232296],[109.767978,-7.232296],[109.767978,-7.232565],[109.767709,-7.232565],[109.767709,-7.233374],[109.76717,-7.233374],[109.76717,-7.234182],[109.767439,-7.234182],[109.767439,-7.234721],[109.76717,-7.234721],[109.76717,-7.234991],[109.7669,-7.234991],[109.7669,-7.236608],[109.766631,-7.236608],[109.766631,-7.237955],[109.766361,-7.237955],[109.766361,-7.238225],[109.766092,-7.238225],[109.766092,-7.238494],[109.765822,-7.238494],[109.765822,-7.239303],[109.766092,-7.239303],[109.766092,-7.241728],[109.765283,-7.241728],[109.765283,-7.244154],[109.765014,-7.244154],[109.765014,-7.244962],[109.764744,-7.244962],[109.764744,-7.245232],[109.764475,-7.245232],[109.764475,-7.247926],[109.764744,-7.247926],[109.764744,-7.249004],[109.764475,-7.249004],[109.764475,-7.250891],[109.764744,-7.250891],[109.764744,-7.251699],[109.764475,-7.251699],[109.764475,-7.252508],[109.765014,-7.252508],[109.765014,-7.252777],[109.765283,-7.252777],[109.765283,-7.253316],[109.765822,-7.253316],[109.765822,-7.253586],[109.766092,-7.253586],[109.766092,-7.253855],[109.766631,-7.253855],[109.766631,-7.254125],[109.7669,-7.254125],[109.7669,-7.254933],[109.76717,-7.254933],[109.76717,-7.256281],[109.767439,-7.256281],[109.767439,-7.25682],[109.767709,-7.25682],[109.767709,-7.258167],[109.767439,-7.258167],[109.767439,-7.258976],[109.76717,-7.258976],[109.76717,-7.259515],[109.7669,-7.259515],[109.7669,-7.260323],[109.766631,-7.260323],[109.766631,-7.261132],[109.766092,-7.261132],[109.766092,-7.261671],[109.765822,-7.261671],[109.765822,-7.26194],[109.765553,-7.26194],[109.765553,-7.26221],[109.765283,-7.26221],[109.765283,-7.265444],[109.765822,-7.265444],[109.765822,-7.265713],[109.766631,-7.265713],[109.766631,-7.267061],[109.7669,-7.267061],[109.7669,-7.26733],[109.76717,-7.26733],[109.76717,-7.2676],[109.767439,-7.2676],[109.767439,-7.268408],[109.767978,-7.268408],[109.767978,-7.269216],[109.768248,-7.269216],[109.768248,-7.270564],[109.768517,-7.270564],[109.768517,-7.270833],[109.768787,-7.270833],[109.768787,-7.272181],[109.769056,-7.272181],[109.769056,-7.273528],[109.769326,-7.273528],[109.769326,-7.273798],[109.769865,-7.273798],[109.769865,-7.274067],[109.770404,-7.274067],[109.770404,-7.274337],[109.772829,-7.274337],[109.772829,-7.274606],[109.773099,-7.274606],[109.773099,-7.275145],[109.773638,-7.275145],[109.773638,-7.275415],[109.774446,-7.275415],[109.774446,-7.275954],[109.774985,-7.275954],[109.774985,-7.276223],[109.775794,-7.276223],[109.775794,-7.276493],[109.776063,-7.276493],[109.776063,-7.276762],[109.776333,-7.276762],[109.776333,-7.27811],[109.776602,-7.27811],[109.776602,-7.278649],[109.776872,-7.278649],[109.776872,-7.279727],[109.776602,-7.279727],[109.776602,-7.279996],[109.776333,-7.279996],[109.776333,-7.280266],[109.775794,-7.280266],[109.775794,-7.280535],[109.775524,-7.280535],[109.775524,-7.280805],[109.773907,-7.280805],[109.773907,-7.282152],[109.773638,-7.282152],[109.773638,-7.282422],[109.773368,-7.282422],[109.773368,-7.282691],[109.773099,-7.282691],[109.773099,-7.282961],[109.772829,-7.282961],[109.772829,-7.284039],[109.77256,-7.284039],[109.77256,-7.284578],[109.77229,-7.284578],[109.77229,-7.285386],[109.77256,-7.285386],[109.77256,-7.285925],[109.772829,-7.285925],[109.772829,-7.287542],[109.773099,-7.287542],[109.773099,-7.287812],[109.773368,-7.287812],[109.773368,-7.288081],[109.773638,-7.288081],[109.773638,-7.28835],[109.773907,-7.28835],[109.773907,-7.288889],[109.774177,-7.288889],[109.774177,-7.289159],[109.774446,-7.289159],[109.774446,-7.289428],[109.775524,-7.289428],[109.775524,-7.289698],[109.775794,-7.289698],[109.775794,-7.289967],[109.776063,-7.289967],[109.776063,-7.290237],[109.776602,-7.290237],[109.776602,-7.290506],[109.776872,-7.290506],[109.776872,-7.291045],[109.779297,-7.291045],[109.779297,-7.291315],[109.779567,-7.291315],[109.779567,-7.291584],[109.779836,-7.291584],[109.779836,-7.292123],[109.780375,-7.292123],[109.780375,-7.292393],[109.780914,-7.292393],[109.780914,-7.292662],[109.781184,-7.292662],[109.781184,-7.295088],[109.780914,-7.295088],[109.780914,-7.296974],[109.781184,-7.296974],[109.781184,-7.297783],[109.781453,-7.297783],[109.781453,-7.298322],[109.781992,-7.298322],[109.781992,-7.298861],[109.781723,-7.298861],[109.781723,-7.2994],[109.781453,-7.2994],[109.781453,-7.299939],[109.781184,-7.299939],[109.781184,-7.300747],[109.780645,-7.300747],[109.780645,-7.301017],[109.780375,-7.301017],[109.780375,-7.301286],[109.780106,-7.301286],[109.780106,-7.301556],[109.779836,-7.301556],[109.779836,-7.302364],[109.779567,-7.302364],[109.779567,-7.302634],[109.779297,-7.302634],[109.779297,-7.302903],[109.777141,-7.302903],[109.777141,-7.303173],[109.776872,-7.303173],[109.776872,-7.303981],[109.776602,-7.303981],[109.776602,-7.304251],[109.776333,-7.304251],[109.776333,-7.307215],[109.776063,-7.307215],[109.776063,-7.307485],[109.775794,-7.307485],[109.775794,-7.307754],[109.775524,-7.307754],[109.775524,-7.308024],[109.775255,-7.308024],[109.775255,-7.310449],[109.774716,-7.310449],[109.774716,-7.310718],[109.773907,-7.310718],[109.773907,-7.310988],[109.77256,-7.310988],[109.77256,-7.311257],[109.770943,-7.311257],[109.770943,-7.311527],[109.769595,-7.311527],[109.769595,-7.311796],[109.769326,-7.311796],[109.769326,-7.312066],[109.769056,-7.312066],[109.769056,-7.312335],[109.768517,-7.312335],[109.768517,-7.312605],[109.768248,-7.312605],[109.768248,-7.313144],[109.767709,-7.313144],[109.767709,-7.313413],[109.767439,-7.313413],[109.767439,-7.313952],[109.76717,-7.313952],[109.76717,-7.314222],[109.7669,-7.314222],[109.7669,-7.314491],[109.766631,-7.314491],[109.766631,-7.314761],[109.766361,-7.314761],[109.766361,-7.315569],[109.765822,-7.315569],[109.765822,-7.315839],[109.765283,-7.315839],[109.765283,-7.316108],[109.764744,-7.316108],[109.764744,-7.316378],[109.764205,-7.316378],[109.764205,-7.316108],[109.762319,-7.316108],[109.762319,-7.317725],[109.761241,-7.317725],[109.761241,-7.317995],[109.760972,-7.317995],[109.760972,-7.319342],[109.759355,-7.319342],[109.759355,-7.319612],[109.757738,-7.319612],[109.757738,-7.320151],[109.757468,-7.320151],[109.757468,-7.32042],[109.756929,-7.32042],[109.756929,-7.32069],[109.75666,-7.32069],[109.75666,-7.320959],[109.75639,-7.320959],[109.75639,-7.321229],[109.756121,-7.321229],[109.756121,-7.322307],[109.755851,-7.322307],[109.755851,-7.322576],[109.755582,-7.322576],[109.755582,-7.322846],[109.755043,-7.322846],[109.755043,-7.323115],[109.754504,-7.323115],[109.754504,-7.322846],[109.750461,-7.322846],[109.750461,-7.322576],[109.749383,-7.322576],[109.749383,-7.322307],[109.748575,-7.322307],[109.748575,-7.322037],[109.748305,-7.322037],[109.748305,-7.321229],[109.748036,-7.321229],[109.748036,-7.320959],[109.747766,-7.320959],[109.747766,-7.320151],[109.747497,-7.320151],[109.747497,-7.319881],[109.747227,-7.319881],[109.747227,-7.319612],[109.746688,-7.319612],[109.746688,-7.319342],[109.746149,-7.319342],[109.746149,-7.319073],[109.745341,-7.319073],[109.745341,-7.319342],[109.745071,-7.319342],[109.745071,-7.319612],[109.741568,-7.319612],[109.741568,-7.319881],[109.741299,-7.319881],[109.741299,-7.32069],[109.741029,-7.32069],[109.741029,-7.320959],[109.74049,-7.320959],[109.74049,-7.321498],[109.739682,-7.321498],[109.739682,-7.323115],[109.739412,-7.323115],[109.739412,-7.323385],[109.739143,-7.323385],[109.739143,-7.323654],[109.738604,-7.323654],[109.738604,-7.323385],[109.738334,-7.323385],[109.738334,-7.323115],[109.738065,-7.323115],[109.738065,-7.322846],[109.736987,-7.322846],[109.736987,-7.322576],[109.736717,-7.322576],[109.736717,-7.322307],[109.736448,-7.322307],[109.736448,-7.322037],[109.7351,-7.322037],[109.7351,-7.322576],[109.734561,-7.322576],[109.734561,-7.322037],[109.732136,-7.322037],[109.732136,-7.321768],[109.731866,-7.321768],[109.731866,-7.321229],[109.731597,-7.321229],[109.731597,-7.320959],[109.731327,-7.320959],[109.731327,-7.32069],[109.731058,-7.32069],[109.731058,-7.32042],[109.730788,-7.32042],[109.730788,-7.320151],[109.730519,-7.320151],[109.730519,-7.319881],[109.730249,-7.319881],[109.730249,-7.319612],[109.72998,-7.319612],[109.72998,-7.319342],[109.728902,-7.319342],[109.728902,-7.319073],[109.728363,-7.319073],[109.728363,-7.318803],[109.727824,-7.318803],[109.727824,-7.318534],[109.727554,-7.318534],[109.727554,-7.318264],[109.726746,-7.318264],[109.726746,-7.318803],[109.726476,-7.318803],[109.726476,-7.319073],[109.726207,-7.319073],[109.726207,-7.319342],[109.725398,-7.319342],[109.725398,-7.319612],[109.722973,-7.319612],[109.722973,-7.32042],[109.723242,-7.32042],[109.723242,-7.321229],[109.723512,-7.321229],[109.723512,-7.321498],[109.72432,-7.321498],[109.72432,-7.321768],[109.723781,-7.321768],[109.723781,-7.324463],[109.723512,-7.324463],[109.723512,-7.324732],[109.723242,-7.324732],[109.723242,-7.325002],[109.722973,-7.325002],[109.722973,-7.327427],[109.722703,-7.327427],[109.722703,-7.327697],[109.722434,-7.327697],[109.722434,-7.327966],[109.722164,-7.327966],[109.722164,-7.330391],[109.721895,-7.330391],[109.721895,-7.330661],[109.721625,-7.330661],[109.721625,-7.3312],[109.721087,-7.3312],[109.721087,-7.331469],[109.720817,-7.331469],[109.720817,-7.331739],[109.720548,-7.331739],[109.720548,-7.335512],[109.720278,-7.335512],[109.720278,-7.335781],[109.71947,-7.335781],[109.71947,-7.33632],[109.718392,-7.33632],[109.718392,-7.33659],[109.717853,-7.33659],[109.717853,-7.337129],[109.717583,-7.337129],[109.717583,-7.338476],[109.717853,-7.338476],[109.717853,-7.339554],[109.717583,-7.339554],[109.717583,-7.339824],[109.717044,-7.339824],[109.717044,-7.340093],[109.716775,-7.340093],[109.716775,-7.340363],[109.715697,-7.340363],[109.715697,-7.340632],[109.714349,-7.340632],[109.714349,-7.340902],[109.71408,-7.340902],[109.71408,-7.341171],[109.71381,-7.341171],[109.71381,-7.341441],[109.713002,-7.341441],[109.713002,-7.34171],[109.712732,-7.34171],[109.712732,-7.34198],[109.712463,-7.34198],[109.712463,-7.342249],[109.712193,-7.342249],[109.712193,-7.343058],[109.711654,-7.343058],[109.711654,-7.344136],[109.711115,-7.344136],[109.711115,-7.343866],[109.70869,-7.343866],[109.70869,-7.344405],[109.70842,-7.344405],[109.70842,-7.344675],[109.707881,-7.344675],[109.707881,-7.347639],[109.708151,-7.347639],[109.708151,-7.348448],[109.707881,-7.348448],[109.707881,-7.348717],[109.707612,-7.348717],[109.707612,-7.349256],[109.705725,-7.349256],[109.705725,-7.349525],[109.705456,-7.349525],[109.705456,-7.350873],[109.705725,-7.350873],[109.705725,-7.351412],[109.706264,-7.351412],[109.706264,-7.352759],[109.705725,-7.352759],[109.705725,-7.353029],[109.705456,-7.353029],[109.705456,-7.353837],[109.704917,-7.353837],[109.704917,-7.354107],[109.704647,-7.354107],[109.704647,-7.354646],[109.702761,-7.354646],[109.702761,-7.354376],[109.701683,-7.354376],[109.701683,-7.354107],[109.701413,-7.354107],[109.701413,-7.353837],[109.701144,-7.353837],[109.701144,-7.353568],[109.698988,-7.353568],[109.698988,-7.353837],[109.698449,-7.353837],[109.698449,-7.354376],[109.69818,-7.354376],[109.69818,-7.355454],[109.69791,-7.355454],[109.69791,-7.355724],[109.697641,-7.355724],[109.697641,-7.355993],[109.697371,-7.355993],[109.697371,-7.356802],[109.697102,-7.356802],[109.697102,-7.357071],[109.696832,-7.357071],[109.696832,-7.357341],[109.696563,-7.357341],[109.696563,-7.35761],[109.696293,-7.35761],[109.696293,-7.358419],[109.69252,-7.358419],[109.69252,-7.359497],[109.69279,-7.359497],[109.69279,-7.359766],[109.69252,-7.359766],[109.69252,-7.360036],[109.692251,-7.360036],[109.692251,-7.363809],[109.691173,-7.363809],[109.691173,-7.364078],[109.690903,-7.364078],[109.690903,-7.364617],[109.690634,-7.364617],[109.690634,-7.365695],[109.690903,-7.365695],[109.690903,-7.366234],[109.690634,-7.366234],[109.690634,-7.366504],[109.690364,-7.366504],[109.690364,-7.370276],[109.690095,-7.370276],[109.690095,-7.370815],[109.689825,-7.370815],[109.689825,-7.371624],[109.689556,-7.371624],[109.689556,-7.371893],[109.689286,-7.371893],[109.689286,-7.372163],[109.689017,-7.372163],[109.689017,-7.374588],[109.689286,-7.374588],[109.689286,-7.374858],[109.689556,-7.374858],[109.689556,-7.375127],[109.689286,-7.375127],[109.689286,-7.375397],[109.689017,-7.375397],[109.689017,-7.375666],[109.688747,-7.375666],[109.688747,-7.377014],[109.688478,-7.377014],[109.688478,-7.377283],[109.688208,-7.377283],[109.688208,-7.377553],[109.687669,-7.377553],[109.687669,-7.377822],[109.68713,-7.377822],[109.68713,-7.378092],[109.686861,-7.378092],[109.686861,-7.378361],[109.686591,-7.378361],[109.686591,-7.378631],[109.686322,-7.378631],[109.686322,-7.3789],[109.686052,-7.3789],[109.686052,-7.37917],[109.685783,-7.37917],[109.685783,-7.379439],[109.685513,-7.379439],[109.685513,-7.379709],[109.685244,-7.379709],[109.685244,-7.380248],[109.684705,-7.380248],[109.684705,-7.380517],[109.685244,-7.380517],[109.685244,-7.381595],[109.684974,-7.381595],[109.684974,-7.381865],[109.684705,-7.381865],[109.684705,-7.382134],[109.684435,-7.382134],[109.684435,-7.382404],[109.683627,-7.382404],[109.683627,-7.382134],[109.683357,-7.382134],[109.683357,-7.381865],[109.683088,-7.381865],[109.683088,-7.382134],[109.682818,-7.382134],[109.682818,-7.382404],[109.682549,-7.382404],[109.682549,-7.382673],[109.682279,-7.382673],[109.682279,-7.383212],[109.68201,-7.383212],[109.68201,-7.383482],[109.680663,-7.383482],[109.680663,-7.383751],[109.680393,-7.383751],[109.680393,-7.384021],[109.680124,-7.384021],[109.680124,-7.385368],[109.679854,-7.385368],[109.679854,-7.385907],[109.679315,-7.385907],[109.679315,-7.386177],[109.679046,-7.386177],[109.679046,-7.387524],[109.679315,-7.387524],[109.679315,-7.388063],[109.679585,-7.388063],[109.679585,-7.388333],[109.678776,-7.388333],[109.678776,-7.391297],[109.679585,-7.391297],[109.679585,-7.392105],[109.680663,-7.392105],[109.680663,-7.391297],[109.680393,-7.391297],[109.680393,-7.390758],[109.680124,-7.390758],[109.680124,-7.388333],[109.681201,-7.388333],[109.681201,-7.388872],[109.681471,-7.388872],[109.681471,-7.38941],[109.68174,-7.38941],[109.68174,-7.38968],[109.68201,-7.38968],[109.68201,-7.389141],[109.68174,-7.389141],[109.68174,-7.388872],[109.68201,-7.388872],[109.68201,-7.385099],[109.682279,-7.385099],[109.682279,-7.38456],[109.682549,-7.38456],[109.682549,-7.38429],[109.682818,-7.38429],[109.682818,-7.383751],[109.683357,-7.383751],[109.683357,-7.383482],[109.683896,-7.383482],[109.683896,-7.383751],[109.685513,-7.383751],[109.685513,-7.382404],[109.685783,-7.382404],[109.685783,-7.382134],[109.686052,-7.382134],[109.686052,-7.381865],[109.686322,-7.381865],[109.686322,-7.380787],[109.686591,-7.380787],[109.686591,-7.380517],[109.686861,-7.380517],[109.686861,-7.380248],[109.68713,-7.380248],[109.68713,-7.379709],[109.687669,-7.379709],[109.687669,-7.379439],[109.687939,-7.379439],[109.687939,-7.37917],[109.688208,-7.37917],[109.688208,-7.3789],[109.688747,-7.3789],[109.688747,-7.378361],[109.689017,-7.378361],[109.689017,-7.377822],[109.689556,-7.377822],[109.689556,-7.377553],[109.689825,-7.377553],[109.689825,-7.377014],[109.690095,-7.377014],[109.690095,-7.376475],[109.690364,-7.376475],[109.690364,-7.375397],[109.690634,-7.375397],[109.690634,-7.374049],[109.690903,-7.374049],[109.690903,-7.37378],[109.691173,-7.37378],[109.691173,-7.372971],[109.691442,-7.372971],[109.691442,-7.372163],[109.691173,-7.372163],[109.691173,-7.371624],[109.691442,-7.371624],[109.691442,-7.371354],[109.691712,-7.371354],[109.691712,-7.371085],[109.691981,-7.371085],[109.691981,-7.369737],[109.691712,-7.369737],[109.691712,-7.368929],[109.691442,-7.368929],[109.691442,-7.36839],[109.691712,-7.36839],[109.691712,-7.368121],[109.691981,-7.368121],[109.691981,-7.367043],[109.692251,-7.367043],[109.692251,-7.366773],[109.69252,-7.366773],[109.69252,-7.366504],[109.69279,-7.366504],[109.69279,-7.364617],[109.693059,-7.364617],[109.693059,-7.361922],[109.693329,-7.361922],[109.693329,-7.361653],[109.693598,-7.361653],[109.693598,-7.361114],[109.694137,-7.361114],[109.694137,-7.360844],[109.694676,-7.360844],[109.694676,-7.360575],[109.695754,-7.360575],[109.695754,-7.360305],[109.696024,-7.360305],[109.696024,-7.359766],[109.696293,-7.359766],[109.696293,-7.359497],[109.696563,-7.359497],[109.696563,-7.359227],[109.697102,-7.359227],[109.697102,-7.358958],[109.697371,-7.358958],[109.697371,-7.358688],[109.697641,-7.358688],[109.697641,-7.35761],[109.69818,-7.35761],[109.69818,-7.357341],[109.698449,-7.357341],[109.698449,-7.357071],[109.698988,-7.357071],[109.698988,-7.356802],[109.700066,-7.356802],[109.700066,-7.355724],[109.700336,-7.355724],[109.700336,-7.355454],[109.700875,-7.355454],[109.700875,-7.355724],[109.701683,-7.355724],[109.701683,-7.355993],[109.702491,-7.355993],[109.702491,-7.355454],[109.705186,-7.355454],[109.705186,-7.355185],[109.705456,-7.355185],[109.705456,-7.354915],[109.705725,-7.354915],[109.705725,-7.354646],[109.705995,-7.354646],[109.705995,-7.354376],[109.707073,-7.354376],[109.707073,-7.354107],[109.707342,-7.354107],[109.707342,-7.350603],[109.707612,-7.350603],[109.707612,-7.350334],[109.70842,-7.350334],[109.70842,-7.350064],[109.708959,-7.350064],[109.708959,-7.349795],[109.709229,-7.349795],[109.709229,-7.349525],[109.709498,-7.349525],[109.709498,-7.349256],[109.709768,-7.349256],[109.709768,-7.345753],[109.710037,-7.345753],[109.710037,-7.345483],[109.711385,-7.345483],[109.711385,-7.345214],[109.711654,-7.345214],[109.711654,-7.345483],[109.712732,-7.345483],[109.712732,-7.345214],[109.713002,-7.345214],[109.713002,-7.344675],[109.713541,-7.344675],[109.713541,-7.344136],[109.71381,-7.344136],[109.71381,-7.343058],[109.714349,-7.343058],[109.714349,-7.342788],[109.714619,-7.342788],[109.714619,-7.342249],[109.715158,-7.342249],[109.715158,-7.34171],[109.715427,-7.34171],[109.715427,-7.341441],[109.715697,-7.341441],[109.715697,-7.34171],[109.717044,-7.34171],[109.717044,-7.341441],[109.718122,-7.341441],[109.718122,-7.341171],[109.718661,-7.341171],[109.718661,-7.340902],[109.718931,-7.340902],[109.718931,-7.340632],[109.71947,-7.340632],[109.71947,-7.339554],[109.719739,-7.339554],[109.719739,-7.337937],[109.720009,-7.337937],[109.720009,-7.337668],[109.720278,-7.337668],[109.720278,-7.337398],[109.720548,-7.337398],[109.720548,-7.337129],[109.720817,-7.337129],[109.720817,-7.33659],[109.721087,-7.33659],[109.721087,-7.336051],[109.721356,-7.336051],[109.721356,-7.334703],[109.721625,-7.334703],[109.721625,-7.332278],[109.722164,-7.332278],[109.722164,-7.332008],[109.722703,-7.332008],[109.722703,-7.331739],[109.722973,-7.331739],[109.722973,-7.328505],[109.723242,-7.328505],[109.723242,-7.328236],[109.723512,-7.328236],[109.723512,-7.327966],[109.723781,-7.327966],[109.723781,-7.325541],[109.724051,-7.325541],[109.724051,-7.325271],[109.725129,-7.325271],[109.725129,-7.322037],[109.725398,-7.322037],[109.725398,-7.321768],[109.725937,-7.321768],[109.725937,-7.321498],[109.726207,-7.321498],[109.726207,-7.321229],[109.726476,-7.321229],[109.726476,-7.320959],[109.725668,-7.320959],[109.725668,-7.321229],[109.72459,-7.321229],[109.72459,-7.32042],[109.724859,-7.32042],[109.724859,-7.320151],[109.725398,-7.320151],[109.725398,-7.319881],[109.726207,-7.319881],[109.726207,-7.319612],[109.727824,-7.319612],[109.727824,-7.319881],[109.728632,-7.319881],[109.728632,-7.32042],[109.729171,-7.32042],[109.729171,-7.32069],[109.72998,-7.32069],[109.72998,-7.321229],[109.730249,-7.321229],[109.730249,-7.321498],[109.730519,-7.321498],[109.730519,-7.322037],[109.730249,-7.322037],[109.730249,-7.321768],[109.72971,-7.321768],[109.72971,-7.322037],[109.72998,-7.322037],[109.72998,-7.322307],[109.730249,-7.322307],[109.730249,-7.322576],[109.730519,-7.322576],[109.730519,-7.322846],[109.730788,-7.322846],[109.730788,-7.323115],[109.731058,-7.323115],[109.731058,-7.323654],[109.733214,-7.323654],[109.733214,-7.324193],[109.734831,-7.324193],[109.734831,-7.323924],[109.73537,-7.323924],[109.73537,-7.324193],[109.735639,-7.324193],[109.735639,-7.324463],[109.74049,-7.324463],[109.74049,-7.323924],[109.74076,-7.323924],[109.74076,-7.323654],[109.741299,-7.323654],[109.741299,-7.322846],[109.741568,-7.322846],[109.741568,-7.322307],[109.741838,-7.322307],[109.741838,-7.322037],[109.742915,-7.322037],[109.742915,-7.321768],[109.743454,-7.321768],[109.743454,-7.321498],[109.743993,-7.321498],[109.743993,-7.321229],[109.745341,-7.321229],[109.745341,-7.320959],[109.74561,-7.320959],[109.74561,-7.321229],[109.746149,-7.321229],[109.746149,-7.321768],[109.746688,-7.321768],[109.746688,-7.322307],[109.746958,-7.322307],[109.746958,-7.322576],[109.747227,-7.322576],[109.747227,-7.322846],[109.747497,-7.322846],[109.747497,-7.323115],[109.747766,-7.323115],[109.747766,-7.323385],[109.748036,-7.323385],[109.748036,-7.323654],[109.748305,-7.323654],[109.748305,-7.323924],[109.750461,-7.323924],[109.750461,-7.324193],[109.75127,-7.324193],[109.75127,-7.324463],[109.752078,-7.324463],[109.752078,-7.324732],[109.752617,-7.324732],[109.752617,-7.325002],[109.753426,-7.325002],[109.753426,-7.324732],[109.755582,-7.324732],[109.755582,-7.324463],[109.755851,-7.324463],[109.755851,-7.324193],[109.756121,-7.324193],[109.756121,-7.323924],[109.75639,-7.323924],[109.75639,-7.323115],[109.757468,-7.323115],[109.757468,-7.322846],[109.758277,-7.322846],[109.758277,-7.322576],[109.758546,-7.322576],[109.758546,-7.322307],[109.758816,-7.322307],[109.758816,-7.321498],[109.759085,-7.321498],[109.759085,-7.321229],[109.762858,-7.321229],[109.762858,-7.32042],[109.763127,-7.32042],[109.763127,-7.318803],[109.762858,-7.318803],[109.762858,-7.318264],[109.763127,-7.318264],[109.763127,-7.318534],[109.763936,-7.318534],[109.763936,-7.318264],[109.764744,-7.318264],[109.764744,-7.317995],[109.766092,-7.317995],[109.766092,-7.317456],[109.766361,-7.317456],[109.766361,-7.317186],[109.7669,-7.317186],[109.7669,-7.316647],[109.767439,-7.316647],[109.767439,-7.316378],[109.768517,-7.316378],[109.768517,-7.316108],[109.768787,-7.316108],[109.768787,-7.315569],[109.769056,-7.315569],[109.769056,-7.31503],[109.769326,-7.31503],[109.769326,-7.313952],[109.769595,-7.313952],[109.769595,-7.313413],[109.769865,-7.313413],[109.769865,-7.313683],[109.770943,-7.313683],[109.770943,-7.313413],[109.771482,-7.313413],[109.771482,-7.313144],[109.773907,-7.313144],[109.773907,-7.312874],[109.774177,-7.312874],[109.774177,-7.312335],[109.774716,-7.312335],[109.774716,-7.312066],[109.775255,-7.312066],[109.775255,-7.311796],[109.775794,-7.311796],[109.775794,-7.311257],[109.776063,-7.311257],[109.776063,-7.30964],[109.776333,-7.30964],[109.776333,-7.308832],[109.776602,-7.308832],[109.776602,-7.308562],[109.776872,-7.308562],[109.776872,-7.308293],[109.777411,-7.308293],[109.777411,-7.307754],[109.77768,-7.307754],[109.77768,-7.306676],[109.777411,-7.306676],[109.777411,-7.305329],[109.777141,-7.305329],[109.777141,-7.30479],[109.777411,-7.30479],[109.777411,-7.30452],[109.77768,-7.30452],[109.77768,-7.303712],[109.779836,-7.303712],[109.779836,-7.303442],[109.780375,-7.303442],[109.780375,-7.303173],[109.780645,-7.303173],[109.780645,-7.302634],[109.781184,-7.302634],[109.781184,-7.302364],[109.781453,-7.302364],[109.781453,-7.301825],[109.781992,-7.301825],[109.781992,-7.301556],[109.782262,-7.301556],[109.782262,-7.301286],[109.782531,-7.301286],[109.782531,-7.301017],[109.7828,-7.301017],[109.7828,-7.300747],[109.78307,-7.300747],[109.78307,-7.299939],[109.783339,-7.299939],[109.783339,-7.298591],[109.78307,-7.298591],[109.78307,-7.298322],[109.7828,-7.298322],[109.7828,-7.296974],[109.782262,-7.296974],[109.782262,-7.296705],[109.781992,-7.296705],[109.781992,-7.294549],[109.782262,-7.294549],[109.782262,-7.292123],[109.781723,-7.292123],[109.781723,-7.291854],[109.781453,-7.291854],[109.781453,-7.291584],[109.781184,-7.291584],[109.781184,-7.291045],[109.780914,-7.291045],[109.780914,-7.290506],[109.780106,-7.290506],[109.780106,-7.290237],[109.779567,-7.290237],[109.779567,-7.289698],[109.777141,-7.289698],[109.777141,-7.289428],[109.776602,-7.289428],[109.776602,-7.288889],[109.776063,-7.288889],[109.776063,-7.28862],[109.775524,-7.28862],[109.775524,-7.28835],[109.774716,-7.28835],[109.774716,-7.287812],[109.774446,-7.287812],[109.774446,-7.287542],[109.774177,-7.287542],[109.774177,-7.287273],[109.773907,-7.287273],[109.773907,-7.287003],[109.773638,-7.287003],[109.773638,-7.285386],[109.773368,-7.285386],[109.773368,-7.284578],[109.773638,-7.284578],[109.773638,-7.2835],[109.773907,-7.2835],[109.773907,-7.28323],[109.774177,-7.28323],[109.774177,-7.282961],[109.774985,-7.282961],[109.774985,-7.282422],[109.775255,-7.282422],[109.775255,-7.282152],[109.775524,-7.282152],[109.775524,-7.281883],[109.775794,-7.281883],[109.775794,-7.281613],[109.776063,-7.281613],[109.776063,-7.281344],[109.776333,-7.281344],[109.776333,-7.281074],[109.776872,-7.281074],[109.776872,-7.280805],[109.777141,-7.280805],[109.777141,-7.280535],[109.777411,-7.280535],[109.777411,-7.280266],[109.77768,-7.280266],[109.77768,-7.279996],[109.77795,-7.279996],[109.77795,-7.279188],[109.778758,-7.279188],[109.778758,-7.278379],[109.77768,-7.278379],[109.77768,-7.27811],[109.777411,-7.27811],[109.777411,-7.277571],[109.777141,-7.277571],[109.777141,-7.277301],[109.777411,-7.277301],[109.777411,-7.276762],[109.77768,-7.276762],[109.77768,-7.275684],[109.777411,-7.275684],[109.777411,-7.275415],[109.776602,-7.275415],[109.776602,-7.275684],[109.776333,-7.275684],[109.776333,-7.275415],[109.775524,-7.275415],[109.775524,-7.275145],[109.775255,-7.275145],[109.775255,-7.274876],[109.774985,-7.274876],[109.774985,-7.274337],[109.773907,-7.274337],[109.773907,-7.274067],[109.773638,-7.274067],[109.773638,-7.273528],[109.772829,-7.273528],[109.772829,-7.273259],[109.771482,-7.273259],[109.771482,-7.272989],[109.771212,-7.272989],[109.771212,-7.27272],[109.770673,-7.27272],[109.770673,-7.27245],[109.770134,-7.27245],[109.770134,-7.271911],[109.769865,-7.271911],[109.769865,-7.271103],[109.770134,-7.271103],[109.770134,-7.270294],[109.769595,-7.270294],[109.769595,-7.269755],[109.769326,-7.269755],[109.769326,-7.268947],[109.769056,-7.268947],[109.769056,-7.267869],[109.768787,-7.267869],[109.768787,-7.267061],[109.768517,-7.267061],[109.768517,-7.266522],[109.768248,-7.266522],[109.768248,-7.265444],[109.767709,-7.265444],[109.767709,-7.264905],[109.767439,-7.264905],[109.767439,-7.264635],[109.7669,-7.264635],[109.7669,-7.264366],[109.766631,-7.264366],[109.766631,-7.264096],[109.766092,-7.264096],[109.766092,-7.263557],[109.766361,-7.263557],[109.766361,-7.263288],[109.7669,-7.263288],[109.7669,-7.262479],[109.76717,-7.262479],[109.76717,-7.26221],[109.767439,-7.26221],[109.767439,-7.261401],[109.767709,-7.261401],[109.767709,-7.260862],[109.767978,-7.260862],[109.767978,-7.260593],[109.768248,-7.260593],[109.768248,-7.260323],[109.768517,-7.260323],[109.768517,-7.259784],[109.768787,-7.259784],[109.768787,-7.259245],[109.769056,-7.259245],[109.769056,-7.258437],[109.769326,-7.258437],[109.769326,-7.257089],[109.769056,-7.257089],[109.769056,-7.256011],[109.768787,-7.256011],[109.768787,-7.254664],[109.768517,-7.254664],[109.768517,-7.254125],[109.768248,-7.254125],[109.768248,-7.253855],[109.767978,-7.253855],[109.767978,-7.253047],[109.767709,-7.253047],[109.767709,-7.252238],[109.76717,-7.252238],[109.76717,-7.251969],[109.766631,-7.251969],[109.766631,-7.251699],[109.765553,-7.251699],[109.765553,-7.249543],[109.766092,-7.249543],[109.766092,-7.249274],[109.766361,-7.249274],[109.766361,-7.247657],[109.766092,-7.247657],[109.766092,-7.247118],[109.765822,-7.247118],[109.765822,-7.246849],[109.765553,-7.246849],[109.765553,-7.246579],[109.765283,-7.246579],[109.765283,-7.245771],[109.765553,-7.245771],[109.765553,-7.245501],[109.766092,-7.245501],[109.766092,-7.245232],[109.766631,-7.245232],[109.766631,-7.244962],[109.7669,-7.244962],[109.7669,-7.244693],[109.76717,-7.244693],[109.76717,-7.244423],[109.767439,-7.244423],[109.767439,-7.242806],[109.76717,-7.242806],[109.76717,-7.242537],[109.7669,-7.242537],[109.7669,-7.238764],[109.76717,-7.238764],[109.76717,-7.238494],[109.767439,-7.238494],[109.767439,-7.238225],[109.767709,-7.238225],[109.767709,-7.23553],[109.768517,-7.23553],[109.768517,-7.234991],[109.768787,-7.234991],[109.768787,-7.233913],[109.768517,-7.233913],[109.768517,-7.233104],[109.768787,-7.233104],[109.768787,-7.232835],[109.769056,-7.232835],[109.769056,-7.232565],[109.769865,-7.232565],[109.769865,-7.231757],[109.770134,-7.231757],[109.770134,-7.230948],[109.770404,-7.230948],[109.770404,-7.230679],[109.770673,-7.230679],[109.770673,-7.230409],[109.771212,-7.230409],[109.771212,-7.23014],[109.771482,-7.23014],[109.771482,-7.22987],[109.771751,-7.22987],[109.771751,-7.229601],[109.772829,-7.229601],[109.772829,-7.229331],[109.773368,-7.229331],[109.773368,-7.229062],[109.773907,-7.229062],[109.773907,-7.228792],[109.775255,-7.228792],[109.775255,-7.228523],[109.775524,-7.228523],[109.775524,-7.228253],[109.775794,-7.228253],[109.775794,-7.227984],[109.776063,-7.227984],[109.776063,-7.227445],[109.777411,-7.227445],[109.777411,-7.226906],[109.77768,-7.226906],[109.77768,-7.226367],[109.77795,-7.226367],[109.77795,-7.226098],[109.778758,-7.226098],[109.778758,-7.225828],[109.779028,-7.225828],[109.779028,-7.224211],[109.778758,-7.224211],[109.778758,-7.223942],[109.778219,-7.223942],[109.778219,-7.223403],[109.779028,-7.223403],[109.779028,-7.222055],[109.779297,-7.222055],[109.779297,-7.220438],[109.779028,-7.220438],[109.779028,-7.220169],[109.779297,-7.220169],[109.779297,-7.219899],[109.779567,-7.219899],[109.779567,-7.21936],[109.779836,-7.21936],[109.779836,-7.219091],[109.780106,-7.219091],[109.780106,-7.218821],[109.780645,-7.218821],[109.780645,-7.217204],[109.779836,-7.217204],[109.779836,-7.216935],[109.779567,-7.216935],[109.779567,-7.216126],[109.779836,-7.216126],[109.779836,-7.215857],[109.780106,-7.215857],[109.780106,-7.215587],[109.780375,-7.215587],[109.780375,-7.214509],[109.780645,-7.214509],[109.780645,-7.21424],[109.780914,-7.21424],[109.780914,-7.21397],[109.781184,-7.21397],[109.781184,-7.213431],[109.781453,-7.213431],[109.781453,-7.213162],[109.781723,-7.213162],[109.781723,-7.212892],[109.781992,-7.212892],[109.781992,-7.211006],[109.782262,-7.211006],[109.782262,-7.210736],[109.782531,-7.210736],[109.782531,-7.210197],[109.7828,-7.210197],[109.7828,-7.208311],[109.78307,-7.208311],[109.78307,-7.208041],[109.783339,-7.208041],[109.783339,-7.207502],[109.783609,-7.207502],[109.783609,-7.207233],[109.784148,-7.207233],[109.784148,-7.206963],[109.784417,-7.206963],[109.784417,-7.206694],[109.784687,-7.206694],[109.784687,-7.206425],[109.784956,-7.206425],[109.784956,-7.206155],[109.785495,-7.206155],[109.785495,-7.205886],[109.785765,-7.205886],[109.785765,-7.205616],[109.786034,-7.205616],[109.786034,-7.199687],[109.786304,-7.199687],[109.786304,-7.199418],[109.787112,-7.199418],[109.787112,-7.198879],[109.789807,-7.198879],[109.789807,-7.198609],[109.790346,-7.198609],[109.790346,-7.19834],[109.790616,-7.19834],[109.790616,-7.19807],[109.790885,-7.19807],[109.790885,-7.197801],[109.791155,-7.197801],[109.791155,-7.197531],[109.791694,-7.197531],[109.791694,-7.197262],[109.791963,-7.197262],[109.791963,-7.195914],[109.792233,-7.195914],[109.792233,-7.194297],[109.791963,-7.194297],[109.791963,-7.193758],[109.791424,-7.193758],[109.791424,-7.19295],[109.791694,-7.19295],[109.791694,-7.19268],[109.791963,-7.19268],[109.791963,-7.192141],[109.792233,-7.192141],[109.792233,-7.191872],[109.792502,-7.191872],[109.792502,-7.191333],[109.792772,-7.191333],[109.792772,-7.189177],[109.793041,-7.189177],[109.793041,-7.188368],[109.791963,-7.188368]],[[109.699258,-7.354646],[109.699797,-7.354646],[109.699797,-7.355724],[109.698988,-7.355724],[109.698988,-7.355993],[109.698719,-7.355993],[109.698719,-7.355185],[109.698988,-7.355185],[109.698988,-7.354915],[109.699258,-7.354915],[109.699258,-7.354646]]]}},{"id":"68","type":"Feature","properties":{"DN":1,"Keterangan":"Rendah"},"geometry":{"type":"Polygon","coordinates":[[[109.669883,-7.391566],[109.669883,-7.392105],[109.670961,-7.392105],[109.670961,-7.391836],[109.6715,-7.391836],[109.6715,-7.391566],[109.669883,-7.391566]]]}},{"id":"69","type":"Feature","properties":{"DN":1,"Keterangan":"Rendah"},"geometry":{"type":"Polygon","coordinates":[[[109.558852,-7.391566],[109.558852,-7.391836],[109.55966,-7.391836],[109.55966,-7.392105],[109.560199,-7.392105],[109.560199,-7.392375],[109.560468,-7.392375],[109.560468,-7.391836],[109.560199,-7.391836],[109.560199,-7.391566],[109.558852,-7.391566]]]}},{"id":"70","type":"Feature","properties":{"DN":1,"Keterangan":"Rendah"},"geometry":{"type":"Polygon","coordinates":[[[109.680663,-7.392105],[109.680663,-7.392644],[109.680932,-7.392644],[109.680932,-7.392105],[109.680663,-7.392105]]]}},{"id":"71","type":"Feature","properties":{"DN":1,"Keterangan":"Rendah"},"geometry":{"type":"Polygon","coordinates":[[[109.674195,-7.390758],[109.674195,-7.391027],[109.674734,-7.391027],[109.674734,-7.391297],[109.675003,-7.391297],[109.675003,-7.391566],[109.675273,-7.391566],[109.675273,-7.391836],[109.675542,-7.391836],[109.675542,-7.392375],[109.675812,-7.392375],[109.675812,-7.392914],[109.676081,-7.392914],[109.676081,-7.393722],[109.676351,-7.393722],[109.676351,-7.394261],[109.67662,-7.394261],[109.67662,-7.392644],[109.676351,-7.392644],[109.676351,-7.392105],[109.676081,-7.392105],[109.676081,-7.391566],[109.675812,-7.391566],[109.675812,-7.391297],[109.675273,-7.391297],[109.675273,-7.391027],[109.675003,-7.391027],[109.675003,-7.390758],[109.674195,-7.390758]]]}},{"id":"72","type":"Feature","properties":{"DN":2,"Keterangan":"Sedang"},"geometry":{"type":"Polygon","coordinates":[[[109.767978,-7.393992],[109.767978,-7.394531],[109.768248,-7.394531],[109.768248,-7.393992],[109.767978,-7.393992]]]}},{"id":"73","type":"Feature","properties":{"DN":1,"Keterangan":"Rendah"},"geometry":{"type":"Polygon","coordinates":[[[109.67662,-7.394531],[109.67662,-7.3948],[109.67689,-7.3948],[109.67689,-7.394531],[109.67662,-7.394531]]]}},{"id":"74","type":"Feature","properties":{"DN":2,"Keterangan":"Sedang"},"geometry":{"type":"Polygon","coordinates":[[[109.680124,-7.388333],[109.680124,-7.390758],[109.680393,-7.390758],[109.680393,-7.391297],[109.680663,-7.391297],[109.680663,-7.392105],[109.680932,-7.392105],[109.680932,-7.39507],[109.681201,-7.39507],[109.681201,-7.394531],[109.681471,-7.394531],[109.681471,-7.394261],[109.68201,-7.394261],[109.68201,-7.393992],[109.682279,-7.393992],[109.682279,-7.393722],[109.682549,-7.393722],[109.682549,-7.393453],[109.682818,-7.393453],[109.682818,-7.393183],[109.683088,-7.393183],[109.683088,-7.392644],[109.683357,-7.392644],[109.683357,-7.392375],[109.683627,-7.392375],[109.683627,-7.392105],[109.683896,-7.392105],[109.683896,-7.391566],[109.684166,-7.391566],[109.684166,-7.391297],[109.684435,-7.391297],[109.684435,-7.391027],[109.684705,-7.391027],[109.684705,-7.390758],[109.684974,-7.390758],[109.684974,-7.390488],[109.685244,-7.390488],[109.685244,-7.389949],[109.685513,-7.389949],[109.685513,-7.38941],[109.685244,-7.38941],[109.685244,-7.389141],[109.684705,-7.389141],[109.684705,-7.38941],[109.683896,-7.38941],[109.683896,-7.38968],[109.683627,-7.38968],[109.683627,-7.389949],[109.682818,-7.389949],[109.682818,-7.390219],[109.682549,-7.390219],[109.682549,-7.389949],[109.68201,-7.389949],[109.68201,-7.38968],[109.68174,-7.38968],[109.68174,-7.38941],[109.681471,-7.38941],[109.681471,-7.388872],[109.681201,-7.388872],[109.681201,-7.388333],[109.680124,-7.388333]]]}},{"id":"75","type":"Feature","properties":{"DN":2,"Keterangan":"Sedang"},"geometry":{"type":"Polygon","coordinates":[[[109.555887,-7.391566],[109.555887,-7.391836],[109.555079,-7.391836],[109.555079,-7.392105],[109.55427,-7.392105],[109.55427,-7.392375],[109.553731,-7.392375],[109.553731,-7.392644],[109.553462,-7.392644],[109.553462,-7.392914],[109.553192,-7.392914],[109.553192,-7.393183],[109.552923,-7.393183],[109.552923,-7.393992],[109.552653,-7.393992],[109.552653,-7.394531],[109.552923,-7.394531],[109.552923,-7.39507],[109.553731,-7.39507],[109.553731,-7.3948],[109.55454,-7.3948],[109.55454,-7.394531],[109.555079,-7.394531],[109.555079,-7.394261],[109.556426,-7.394261],[109.556426,-7.393992],[109.556965,-7.393992],[109.556965,-7.394261],[109.558043,-7.394261],[109.558043,-7.394531],[109.558582,-7.394531],[109.558582,-7.3948],[109.559121,-7.3948],[109.559121,-7.39507],[109.561546,-7.39507],[109.561546,-7.3948],[109.562085,-7.3948],[109.562085,-7.394531],[109.562624,-7.394531],[109.562624,-7.393992],[109.562894,-7.393992],[109.562894,-7.392644],[109.562624,-7.392644],[109.562624,-7.392375],[109.560199,-7.392375],[109.560199,-7.392105],[109.55966,-7.392105],[109.55966,-7.391836],[109.558852,-7.391836],[109.558852,-7.391566],[109.555887,-7.391566]]]}},{"id":"76","type":"Feature","properties":{"DN":1,"Keterangan":"Rendah"},"geometry":{"type":"Polygon","coordinates":[[[109.67689,-7.3948],[109.67689,-7.39507],[109.677159,-7.39507],[109.677159,-7.395339],[109.677698,-7.395339],[109.677698,-7.395609],[109.678507,-7.395609],[109.678507,-7.3948],[109.67689,-7.3948]]]}},{"id":"77","type":"Feature","properties":{"DN":1,"Keterangan":"Rendah"},"geometry":{"type":"Polygon","coordinates":[[[109.642125,-7.381595],[109.642125,-7.381865],[109.641316,-7.381865],[109.641316,-7.382134],[109.640777,-7.382134],[109.640777,-7.382404],[109.640508,-7.382404],[109.640508,-7.382673],[109.640239,-7.382673],[109.640239,-7.382943],[109.639969,-7.382943],[109.639969,-7.383212],[109.6397,-7.383212],[109.6397,-7.383482],[109.63943,-7.383482],[109.63943,-7.384021],[109.639161,-7.384021],[109.639161,-7.385638],[109.638891,-7.385638],[109.638891,-7.386177],[109.638622,-7.386177],[109.638622,-7.386446],[109.638352,-7.386446],[109.638352,-7.386716],[109.638083,-7.386716],[109.638083,-7.386985],[109.637813,-7.386985],[109.637813,-7.387255],[109.637274,-7.387255],[109.637274,-7.387524],[109.636735,-7.387524],[109.636735,-7.387794],[109.634849,-7.387794],[109.634849,-7.387524],[109.633771,-7.387524],[109.633771,-7.387255],[109.633501,-7.387255],[109.633501,-7.386985],[109.633232,-7.386985],[109.633232,-7.386716],[109.632962,-7.386716],[109.632962,-7.386446],[109.632693,-7.386446],[109.632693,-7.385907],[109.632423,-7.385907],[109.632423,-7.385638],[109.632154,-7.385638],[109.632154,-7.385368],[109.631884,-7.385368],[109.631884,-7.385099],[109.630537,-7.385099],[109.630537,-7.385368],[109.630267,-7.385368],[109.630267,-7.385638],[109.629998,-7.385638],[109.629998,-7.386446],[109.629728,-7.386446],[109.629728,-7.387524],[109.629459,-7.387524],[109.629459,-7.387794],[109.629189,-7.387794],[109.629189,-7.388063],[109.62892,-7.388063],[109.62892,-7.388333],[109.628381,-7.388333],[109.628381,-7.388602],[109.628111,-7.388602],[109.628111,-7.388872],[109.627842,-7.388872],[109.627842,-7.389141],[109.627572,-7.389141],[109.627572,-7.38941],[109.627303,-7.38941],[109.627303,-7.389949],[109.627033,-7.389949],[109.627033,-7.390758],[109.626764,-7.390758],[109.626764,-7.391836],[109.626494,-7.391836],[109.626494,-7.392375],[109.626225,-7.392375],[109.626225,-7.392914],[109.625416,-7.392914],[109.625416,-7.392644],[109.625147,-7.392644],[109.625147,-7.392375],[109.624877,-7.392375],[109.624877,-7.392105],[109.624608,-7.392105],[109.624608,-7.391836],[109.624338,-7.391836],[109.624338,-7.391566],[109.624069,-7.391566],[109.624069,-7.391297],[109.623799,-7.391297],[109.623799,-7.391027],[109.622452,-7.391027],[109.622452,-7.391297],[109.622182,-7.391297],[109.622182,-7.391566],[109.621643,-7.391566],[109.621643,-7.391836],[109.619757,-7.391836],[109.619757,-7.391566],[109.619218,-7.391566],[109.619218,-7.391297],[109.618949,-7.391297],[109.618949,-7.391027],[109.618679,-7.391027],[109.618679,-7.390758],[109.61814,-7.390758],[109.61814,-7.390488],[109.617871,-7.390488],[109.617871,-7.390219],[109.615715,-7.390219],[109.615715,-7.390488],[109.615176,-7.390488],[109.615176,-7.390758],[109.614637,-7.390758],[109.614637,-7.391027],[109.614367,-7.391027],[109.614367,-7.391297],[109.613828,-7.391297],[109.613828,-7.391566],[109.613559,-7.391566],[109.613559,-7.391836],[109.61275,-7.391836],[109.61275,-7.392105],[109.611672,-7.392105],[109.611672,-7.392375],[109.609247,-7.392375],[109.609247,-7.392105],[109.608708,-7.392105],[109.608708,-7.391836],[109.608438,-7.391836],[109.608438,-7.391566],[109.607899,-7.391566],[109.607899,-7.392914],[109.608169,-7.392914],[109.608169,-7.393183],[109.610864,-7.393183],[109.610864,-7.393453],[109.61275,-7.393453],[109.61275,-7.392914],[109.61302,-7.392914],[109.61302,-7.393453],[109.613828,-7.393453],[109.613828,-7.393183],[109.614098,-7.393183],[109.614098,-7.392914],[109.614367,-7.392914],[109.614367,-7.392105],[109.614637,-7.392105],[109.614637,-7.391836],[109.614906,-7.391836],[109.614906,-7.391566],[109.615176,-7.391566],[109.615176,-7.391027],[109.617871,-7.391027],[109.617871,-7.391566],[109.61814,-7.391566],[109.61814,-7.391836],[109.618679,-7.391836],[109.618679,-7.392644],[109.618949,-7.392644],[109.618949,-7.392914],[109.620565,-7.392914],[109.620565,-7.393183],[109.620835,-7.393183],[109.620835,-7.393453],[109.622452,-7.393453],[109.622452,-7.391836],[109.622721,-7.391836],[109.622721,-7.392914],[109.62353,-7.392914],[109.62353,-7.393722],[109.624338,-7.393722],[109.624338,-7.393992],[109.625147,-7.393992],[109.625147,-7.396148],[109.626494,-7.396148],[109.626494,-7.395609],[109.627033,-7.395609],[109.627033,-7.395339],[109.627303,-7.395339],[109.627303,-7.391027],[109.627572,-7.391027],[109.627572,-7.390488],[109.628111,-7.390488],[109.628111,-7.389949],[109.62865,-7.389949],[109.62865,-7.38968],[109.629189,-7.38968],[109.629189,-7.389949],[109.630537,-7.389949],[109.630537,-7.38968],[109.631345,-7.38968],[109.631345,-7.389141],[109.631615,-7.389141],[109.631615,-7.390488],[109.632423,-7.390488],[109.632423,-7.391297],[109.634579,-7.391297],[109.634579,-7.388602],[109.635657,-7.388602],[109.635657,-7.388872],[109.635927,-7.388872],[109.635927,-7.389141],[109.636466,-7.389141],[109.636466,-7.389949],[109.635657,-7.389949],[109.635657,-7.391297],[109.636735,-7.391297],[109.636735,-7.391566],[109.637544,-7.391566],[109.637544,-7.391297],[109.638622,-7.391297],[109.638622,-7.389949],[109.639161,-7.389949],[109.639161,-7.38968],[109.63943,-7.38968],[109.63943,-7.389141],[109.639969,-7.389141],[109.639969,-7.388872],[109.640239,-7.388872],[109.640239,-7.388602],[109.640508,-7.388602],[109.640508,-7.388333],[109.640777,-7.388333],[109.640777,-7.388063],[109.641047,-7.388063],[109.641047,-7.387524],[109.643472,-7.387524],[109.643472,-7.385099],[109.641855,-7.385099],[109.641855,-7.38429],[109.640239,-7.38429],[109.640239,-7.384021],[109.641047,-7.384021],[109.641047,-7.383212],[109.642664,-7.383212],[109.642664,-7.382673],[109.643203,-7.382673],[109.643203,-7.382404],[109.64455,-7.382404],[109.64455,-7.382134],[109.645359,-7.382134],[109.645359,-7.381865],[109.64482,-7.381865],[109.64482,-7.381595],[109.642125,-7.381595]],[[109.631345,-7.386177],[109.631615,-7.386177],[109.631615,-7.386716],[109.631345,-7.386716],[109.631345,-7.386177]]]}},{"id":"78","type":"Feature","properties":{"DN":3,"Keterangan":"Tinggi"},"geometry":{"type":"Polygon","coordinates":[[[109.665301,-7.389949],[109.665301,-7.390219],[109.66584,-7.390219],[109.66584,-7.390488],[109.666379,-7.390488],[109.666379,-7.391027],[109.666649,-7.391027],[109.666649,-7.391566],[109.666918,-7.391566],[109.666918,-7.393453],[109.666649,-7.393453],[109.666649,-7.394261],[109.666379,-7.394261],[109.666379,-7.395609],[109.666649,-7.395609],[109.666649,-7.395878],[109.667188,-7.395878],[109.667188,-7.396148],[109.667457,-7.396148],[109.667457,-7.395878],[109.668535,-7.395878],[109.668535,-7.395609],[109.669074,-7.395609],[109.669074,-7.395339],[109.669613,-7.395339],[109.669613,-7.39507],[109.669883,-7.39507],[109.669883,-7.3948],[109.670422,-7.3948],[109.670422,-7.394531],[109.67123,-7.394531],[109.67123,-7.394261],[109.671769,-7.394261],[109.671769,-7.393992],[109.672039,-7.393992],[109.672039,-7.393722],[109.672578,-7.393722],[109.672578,-7.393453],[109.672847,-7.393453],[109.672847,-7.393183],[109.673117,-7.393183],[109.673117,-7.392914],[109.674195,-7.392914],[109.674195,-7.392375],[109.673925,-7.392375],[109.673925,-7.392105],[109.672847,-7.392105],[109.672847,-7.392375],[109.672308,-7.392375],[109.672308,-7.392644],[109.671769,-7.392644],[109.671769,-7.392914],[109.67123,-7.392914],[109.67123,-7.393183],[109.669344,-7.393183],[109.669344,-7.392914],[109.669074,-7.392914],[109.669074,-7.392644],[109.668535,-7.392644],[109.668535,-7.392375],[109.668266,-7.392375],[109.668266,-7.391836],[109.667996,-7.391836],[109.667996,-7.391566],[109.667727,-7.391566],[109.667727,-7.391027],[109.667457,-7.391027],[109.667457,-7.390758],[109.667188,-7.390758],[109.667188,-7.390488],[109.666918,-7.390488],[109.666918,-7.390219],[109.666649,-7.390219],[109.666649,-7.389949],[109.665301,-7.389949]]]}},{"id":"79","type":"Feature","properties":{"DN":1,"Keterangan":"Rendah"},"geometry":{"type":"Polygon","coordinates":[[[109.585262,-7.385368],[109.585262,-7.385638],[109.584992,-7.385638],[109.584992,-7.386177],[109.584723,-7.386177],[109.584723,-7.386446],[109.584453,-7.386446],[109.584453,-7.386985],[109.584184,-7.386985],[109.584184,-7.387524],[109.583914,-7.387524],[109.583914,-7.387794],[109.583645,-7.387794],[109.583645,-7.388063],[109.583375,-7.388063],[109.583375,-7.388333],[109.582836,-7.388333],[109.582836,-7.388602],[109.582028,-7.388602],[109.582028,-7.388872],[109.581219,-7.388872],[109.581219,-7.389141],[109.580411,-7.389141],[109.580411,-7.38941],[109.580141,-7.38941],[109.580141,-7.38968],[109.579333,-7.38968],[109.579333,-7.390219],[109.579064,-7.390219],[109.579064,-7.390488],[109.578794,-7.390488],[109.578794,-7.389949],[109.579064,-7.389949],[109.579064,-7.38941],[109.579333,-7.38941],[109.579333,-7.389141],[109.579603,-7.389141],[109.579603,-7.388602],[109.579872,-7.388602],[109.579872,-7.388063],[109.580141,-7.388063],[109.580141,-7.387794],[109.580411,-7.387794],[109.580411,-7.387524],[109.58095,-7.387524],[109.58095,-7.387255],[109.581489,-7.387255],[109.581489,-7.386985],[109.583106,-7.386985],[109.583106,-7.386716],[109.580141,-7.386716],[109.580141,-7.387255],[109.579603,-7.387255],[109.579603,-7.388063],[109.579333,-7.388063],[109.579333,-7.388333],[109.577716,-7.388333],[109.577716,-7.389949],[109.576908,-7.389949],[109.576908,-7.390758],[109.575021,-7.390758],[109.575021,-7.389949],[109.574752,-7.389949],[109.574752,-7.38968],[109.575021,-7.38968],[109.575021,-7.388333],[109.572596,-7.388333],[109.572596,-7.387524],[109.57017,-7.387524],[109.57017,-7.386716],[109.563972,-7.386716],[109.563972,-7.388333],[109.562355,-7.388333],[109.562355,-7.391566],[109.561546,-7.391566],[109.561546,-7.392375],[109.562624,-7.392375],[109.562624,-7.392644],[109.562894,-7.392644],[109.562894,-7.393992],[109.562624,-7.393992],[109.562624,-7.394531],[109.562085,-7.394531],[109.562085,-7.3948],[109.561546,-7.3948],[109.561546,-7.39507],[109.559121,-7.39507],[109.559121,-7.3948],[109.558582,-7.3948],[109.558582,-7.394531],[109.558043,-7.394531],[109.558043,-7.394261],[109.556965,-7.394261],[109.556965,-7.393992],[109.556426,-7.393992],[109.556426,-7.394531],[109.556696,-7.394531],[109.556696,-7.3948],[109.558043,-7.3948],[109.558043,-7.39507],[109.558313,-7.39507],[109.558313,-7.396148],[109.558852,-7.396148],[109.558852,-7.396417],[109.560199,-7.396417],[109.560199,-7.396148],[109.562894,-7.396148],[109.562894,-7.395609],[109.563433,-7.395609],[109.563433,-7.395339],[109.565319,-7.395339],[109.565319,-7.393992],[109.565589,-7.393992],[109.565589,-7.392914],[109.563702,-7.392914],[109.563702,-7.392644],[109.564241,-7.392644],[109.564241,-7.391297],[109.565589,-7.391297],[109.565589,-7.392105],[109.569362,-7.392105],[109.569362,-7.391836],[109.569901,-7.391836],[109.569901,-7.391566],[109.57044,-7.391566],[109.57044,-7.391297],[109.570979,-7.391297],[109.570979,-7.391566],[109.571787,-7.391566],[109.571787,-7.392375],[109.573135,-7.392375],[109.573135,-7.392105],[109.573943,-7.392105],[109.573943,-7.392375],[109.576908,-7.392375],[109.576908,-7.392105],[109.577716,-7.392105],[109.577716,-7.392375],[109.579064,-7.392375],[109.579064,-7.392105],[109.579603,-7.392105],[109.579603,-7.391836],[109.579872,-7.391836],[109.579872,-7.391027],[109.580141,-7.391027],[109.580141,-7.390758],[109.580411,-7.390758],[109.580411,-7.390219],[109.58095,-7.390219],[109.58095,-7.389949],[109.581219,-7.389949],[109.581219,-7.38941],[109.581758,-7.38941],[109.581758,-7.389141],[109.583645,-7.389141],[109.583645,-7.388872],[109.583914,-7.388872],[109.583914,-7.388602],[109.584184,-7.388602],[109.584184,-7.388333],[109.584453,-7.388333],[109.584453,-7.388063],[109.584723,-7.388063],[109.584723,-7.387794],[109.584992,-7.387794],[109.584992,-7.387524],[109.585531,-7.387524],[109.585531,-7.386716],[109.585801,-7.386716],[109.585801,-7.385368],[109.585262,-7.385368]],[[109.566667,-7.386985],[109.568553,-7.386985],[109.568553,-7.387255],[109.569362,-7.387255],[109.569362,-7.387524],[109.569901,-7.387524],[109.569901,-7.387794],[109.57017,-7.387794],[109.57017,-7.388063],[109.570709,-7.388063],[109.570709,-7.388333],[109.570979,-7.388333],[109.570979,-7.388602],[109.571518,-7.388602],[109.571518,-7.388872],[109.572865,-7.388872],[109.572865,-7.389141],[109.573404,-7.389141],[109.573404,-7.38941],[109.573674,-7.38941],[109.573674,-7.38968],[109.573943,-7.38968],[109.573943,-7.390219],[109.574213,-7.390219],[109.574213,-7.391027],[109.573943,-7.391027],[109.573943,-7.391297],[109.572596,-7.391297],[109.572596,-7.391027],[109.572057,-7.391027],[109.572057,-7.390758],[109.571787,-7.390758],[109.571787,-7.390488],[109.571518,-7.390488],[109.571518,-7.389949],[109.571248,-7.389949],[109.571248,-7.38968],[109.57017,-7.38968],[109.57017,-7.389949],[109.569901,-7.389949],[109.569901,-7.390219],[109.569631,-7.390219],[109.569631,-7.390488],[109.569092,-7.390488],[109.569092,-7.390758],[109.568553,-7.390758],[109.568553,-7.391027],[109.567475,-7.391027],[109.567475,-7.390758],[109.566397,-7.390758],[109.566397,-7.390488],[109.565319,-7.390488],[109.565319,-7.390758],[109.563972,-7.390758],[109.563972,-7.391027],[109.563702,-7.391027],[109.563702,-7.390488],[109.563433,-7.390488],[109.563433,-7.390219],[109.563702,-7.390219],[109.563702,-7.38941],[109.563972,-7.38941],[109.563972,-7.389141],[109.564241,-7.389141],[109.564241,-7.388602],[109.564511,-7.388602],[109.564511,-7.388333],[109.56478,-7.388333],[109.56478,-7.388063],[109.56505,-7.388063],[109.56505,-7.387794],[109.565319,-7.387794],[109.565319,-7.387524],[109.565858,-7.387524],[109.565858,-7.387255],[109.566667,-7.387255],[109.566667,-7.386985]]]}},{"id":"80","type":"Feature","properties":{"DN":1,"Keterangan":"Rendah"},"geometry":{"type":"Polygon","coordinates":[[[109.665571,-7.392914],[109.665571,-7.393183],[109.665032,-7.393183],[109.665032,-7.3948],[109.664223,-7.3948],[109.664223,-7.396148],[109.664493,-7.396148],[109.664493,-7.396417],[109.664762,-7.396417],[109.664762,-7.396687],[109.665032,-7.396687],[109.665032,-7.397226],[109.666649,-7.397226],[109.666649,-7.397495],[109.667188,-7.397495],[109.667188,-7.397226],[109.666918,-7.397226],[109.666918,-7.396956],[109.666379,-7.396956],[109.666379,-7.396687],[109.66584,-7.396687],[109.66584,-7.396417],[109.665571,-7.396417],[109.665571,-7.396148],[109.665301,-7.396148],[109.665301,-7.395339],[109.665032,-7.395339],[109.665032,-7.39507],[109.665301,-7.39507],[109.665301,-7.394261],[109.665571,-7.394261],[109.665571,-7.393453],[109.66584,-7.393453],[109.66584,-7.392914],[109.665571,-7.392914]]]}},{"id":"81","type":"Feature","properties":{"DN":2,"Keterangan":"Sedang"},"geometry":{"type":"Polygon","coordinates":[[[109.648054,-7.365965],[109.648054,-7.366234],[109.647515,-7.366234],[109.647515,-7.366504],[109.647245,-7.366504],[109.647245,-7.366773],[109.646976,-7.366773],[109.646976,-7.367312],[109.646706,-7.367312],[109.646706,-7.369737],[109.646437,-7.369737],[109.646437,-7.370276],[109.646167,-7.370276],[109.646167,-7.370546],[109.645898,-7.370546],[109.645898,-7.370815],[109.645359,-7.370815],[109.645359,-7.371085],[109.64482,-7.371085],[109.64482,-7.371354],[109.644281,-7.371354],[109.644281,-7.371624],[109.643742,-7.371624],[109.643742,-7.371893],[109.643472,-7.371893],[109.643472,-7.372163],[109.643203,-7.372163],[109.643203,-7.372432],[109.642933,-7.372432],[109.642933,-7.372971],[109.642664,-7.372971],[109.642664,-7.37378],[109.642394,-7.37378],[109.642394,-7.374319],[109.642125,-7.374319],[109.642125,-7.374588],[109.641855,-7.374588],[109.641855,-7.375127],[109.641586,-7.375127],[109.641586,-7.375666],[109.641316,-7.375666],[109.641316,-7.376205],[109.641047,-7.376205],[109.641047,-7.376744],[109.640777,-7.376744],[109.640777,-7.377553],[109.640508,-7.377553],[109.640508,-7.378092],[109.640239,-7.378092],[109.640239,-7.378361],[109.639969,-7.378361],[109.639969,-7.378631],[109.6397,-7.378631],[109.6397,-7.3789],[109.63943,-7.3789],[109.63943,-7.37917],[109.638891,-7.37917],[109.638891,-7.379439],[109.637274,-7.379439],[109.637274,-7.379709],[109.636466,-7.379709],[109.636466,-7.379978],[109.635927,-7.379978],[109.635927,-7.380248],[109.635388,-7.380248],[109.635388,-7.380517],[109.634849,-7.380517],[109.634849,-7.380787],[109.633771,-7.380787],[109.633771,-7.380248],[109.633501,-7.380248],[109.633501,-7.379709],[109.633232,-7.379709],[109.633232,-7.379439],[109.633501,-7.379439],[109.633501,-7.377553],[109.633771,-7.377553],[109.633771,-7.376475],[109.633501,-7.376475],[109.633501,-7.376205],[109.632962,-7.376205],[109.632962,-7.375936],[109.629728,-7.375936],[109.629728,-7.375666],[109.629189,-7.375666],[109.629189,-7.375397],[109.62892,-7.375397],[109.62892,-7.374858],[109.62865,-7.374858],[109.62865,-7.374588],[109.628381,-7.374588],[109.628381,-7.374319],[109.628111,-7.374319],[109.628111,-7.374049],[109.627842,-7.374049],[109.627842,-7.37351],[109.627572,-7.37351],[109.627572,-7.373241],[109.627303,-7.373241],[109.627303,-7.372971],[109.627033,-7.372971],[109.627033,-7.372702],[109.626764,-7.372702],[109.626764,-7.372432],[109.622991,-7.372432],[109.622991,-7.372163],[109.622182,-7.372163],[109.622182,-7.372432],[109.620296,-7.372432],[109.620296,-7.372702],[109.619488,-7.372702],[109.619488,-7.372971],[109.618949,-7.372971],[109.618949,-7.37351],[109.618679,-7.37351],[109.618679,-7.374319],[109.618949,-7.374319],[109.618949,-7.375127],[109.619218,-7.375127],[109.619218,-7.375397],[109.619488,-7.375397],[109.619488,-7.375666],[109.619757,-7.375666],[109.619757,-7.376205],[109.620027,-7.376205],[109.620027,-7.377014],[109.619757,-7.377014],[109.619757,-7.377553],[109.619488,-7.377553],[109.619488,-7.378092],[109.619218,-7.378092],[109.619218,-7.379978],[109.618949,-7.379978],[109.618949,-7.380517],[109.617332,-7.380517],[109.617332,-7.380248],[109.616793,-7.380248],[109.616793,-7.379978],[109.616523,-7.379978],[109.616523,-7.379709],[109.615984,-7.379709],[109.615984,-7.379439],[109.615715,-7.379439],[109.615715,-7.37917],[109.615445,-7.37917],[109.615445,-7.3789],[109.615176,-7.3789],[109.615176,-7.378092],[109.614906,-7.378092],[109.614906,-7.377822],[109.614637,-7.377822],[109.614637,-7.377283],[109.614367,-7.377283],[109.614367,-7.377014],[109.613828,-7.377014],[109.613828,-7.376744],[109.612211,-7.376744],[109.612211,-7.377014],[109.611942,-7.377014],[109.611942,-7.377283],[109.611403,-7.377283],[109.611403,-7.377553],[109.611133,-7.377553],[109.611133,-7.377822],[109.610864,-7.377822],[109.610864,-7.378092],[109.610594,-7.378092],[109.610594,-7.378361],[109.610325,-7.378361],[109.610325,-7.378631],[109.610055,-7.378631],[109.610055,-7.3789],[109.609786,-7.3789],[109.609786,-7.37917],[109.609516,-7.37917],[109.609516,-7.379439],[109.609247,-7.379439],[109.609247,-7.379709],[109.608977,-7.379709],[109.608977,-7.379978],[109.608708,-7.379978],[109.608708,-7.380248],[109.608438,-7.380248],[109.608438,-7.380517],[109.608169,-7.380517],[109.608169,-7.381056],[109.607899,-7.381056],[109.607899,-7.382673],[109.608169,-7.382673],[109.608169,-7.382943],[109.608708,-7.382943],[109.608708,-7.383751],[109.609516,-7.383751],[109.609516,-7.385368],[109.609247,-7.385368],[109.609247,-7.385638],[109.608708,-7.385638],[109.608708,-7.385907],[109.608169,-7.385907],[109.608169,-7.386177],[109.607899,-7.386177],[109.607899,-7.386446],[109.60763,-7.386446],[109.60763,-7.389141],[109.606821,-7.389141],[109.606821,-7.38941],[109.606552,-7.38941],[109.606552,-7.38968],[109.606821,-7.38968],[109.606821,-7.389949],[109.607091,-7.389949],[109.607091,-7.390488],[109.60736,-7.390488],[109.60736,-7.390758],[109.60763,-7.390758],[109.60763,-7.391297],[109.607899,-7.391297],[109.607899,-7.391566],[109.608438,-7.391566],[109.608438,-7.391836],[109.608708,-7.391836],[109.608708,-7.392105],[109.609247,-7.392105],[109.609247,-7.392375],[109.611672,-7.392375],[109.611672,-7.392105],[109.61275,-7.392105],[109.61275,-7.391836],[109.613559,-7.391836],[109.613559,-7.391566],[109.613828,-7.391566],[109.613828,-7.391297],[109.614367,-7.391297],[109.614367,-7.391027],[109.614637,-7.391027],[109.614637,-7.390758],[109.615176,-7.390758],[109.615176,-7.390488],[109.615715,-7.390488],[109.615715,-7.390219],[109.617871,-7.390219],[109.617871,-7.390488],[109.61814,-7.390488],[109.61814,-7.390758],[109.618679,-7.390758],[109.618679,-7.391027],[109.618949,-7.391027],[109.618949,-7.391297],[109.619218,-7.391297],[109.619218,-7.391566],[109.619757,-7.391566],[109.619757,-7.391836],[109.621643,-7.391836],[109.621643,-7.391566],[109.622182,-7.391566],[109.622182,-7.391297],[109.622452,-7.391297],[109.622452,-7.391027],[109.623799,-7.391027],[109.623799,-7.391297],[109.624069,-7.391297],[109.624069,-7.391566],[109.624338,-7.391566],[109.624338,-7.391836],[109.624608,-7.391836],[109.624608,-7.392105],[109.624877,-7.392105],[109.624877,-7.392375],[109.625147,-7.392375],[109.625147,-7.392644],[109.625416,-7.392644],[109.625416,-7.392914],[109.626225,-7.392914],[109.626225,-7.392375],[109.626494,-7.392375],[109.626494,-7.391836],[109.626764,-7.391836],[109.626764,-7.390758],[109.627033,-7.390758],[109.627033,-7.389949],[109.627303,-7.389949],[109.627303,-7.38941],[109.627572,-7.38941],[109.627572,-7.389141],[109.627842,-7.389141],[109.627842,-7.388872],[109.628111,-7.388872],[109.628111,-7.388602],[109.628381,-7.388602],[109.628381,-7.388333],[109.62892,-7.388333],[109.62892,-7.388063],[109.629189,-7.388063],[109.629189,-7.387794],[109.629459,-7.387794],[109.629459,-7.387524],[109.629728,-7.387524],[109.629728,-7.386446],[109.629998,-7.386446],[109.629998,-7.385638],[109.630267,-7.385638],[109.630267,-7.385368],[109.630537,-7.385368],[109.630537,-7.385099],[109.631884,-7.385099],[109.631884,-7.385368],[109.632154,-7.385368],[109.632154,-7.385638],[109.632423,-7.385638],[109.632423,-7.385907],[109.632693,-7.385907],[109.632693,-7.386446],[109.632962,-7.386446],[109.632962,-7.386716],[109.633232,-7.386716],[109.633232,-7.386985],[109.633501,-7.386985],[109.633501,-7.387255],[109.633771,-7.387255],[109.633771,-7.387524],[109.634849,-7.387524],[109.634849,-7.387794],[109.636735,-7.387794],[109.636735,-7.387524],[109.637274,-7.387524],[109.637274,-7.387255],[109.637813,-7.387255],[109.637813,-7.386985],[109.638083,-7.386985],[109.638083,-7.386716],[109.638352,-7.386716],[109.638352,-7.386446],[109.638622,-7.386446],[109.638622,-7.386177],[109.638891,-7.386177],[109.638891,-7.385638],[109.639161,-7.385638],[109.639161,-7.384021],[109.63943,-7.384021],[109.63943,-7.383482],[109.6397,-7.383482],[109.6397,-7.383212],[109.639969,-7.383212],[109.639969,-7.382943],[109.640239,-7.382943],[109.640239,-7.382673],[109.640508,-7.382673],[109.640508,-7.382404],[109.640777,-7.382404],[109.640777,-7.382134],[109.641316,-7.382134],[109.641316,-7.381865],[109.642125,-7.381865],[109.642125,-7.381595],[109.64482,-7.381595],[109.64482,-7.381865],[109.645359,-7.381865],[109.645359,-7.382134],[109.645898,-7.382134],[109.645898,-7.382404],[109.646167,-7.382404],[109.646167,-7.382673],[109.646706,-7.382673],[109.646706,-7.382943],[109.646976,-7.382943],[109.646976,-7.383212],[109.647515,-7.383212],[109.647515,-7.383482],[109.649401,-7.383482],[109.649401,-7.383212],[109.652096,-7.383212],[109.652096,-7.383482],[109.653713,-7.383482],[109.653713,-7.383751],[109.654252,-7.383751],[109.654252,-7.384021],[109.654791,-7.384021],[109.654791,-7.38429],[109.655061,-7.38429],[109.655061,-7.384829],[109.65533,-7.384829],[109.65533,-7.385099],[109.6556,-7.385099],[109.6556,-7.385368],[109.655869,-7.385368],[109.655869,-7.385638],[109.656139,-7.385638],[109.656139,-7.386177],[109.656408,-7.386177],[109.656408,-7.386446],[109.656678,-7.386446],[109.656678,-7.386716],[109.657217,-7.386716],[109.657217,-7.386985],[109.658564,-7.386985],[109.658564,-7.386716],[109.659103,-7.386716],[109.659103,-7.386446],[109.659642,-7.386446],[109.659642,-7.386177],[109.659912,-7.386177],[109.659912,-7.385907],[109.66072,-7.385907],[109.66072,-7.385638],[109.660989,-7.385638],[109.660989,-7.385907],[109.661528,-7.385907],[109.661528,-7.386177],[109.661798,-7.386177],[109.661798,-7.386716],[109.661528,-7.386716],[109.661528,-7.387794],[109.661259,-7.387794],[109.661259,-7.388602],[109.660989,-7.388602],[109.660989,-7.38941],[109.661259,-7.38941],[109.661259,-7.389949],[109.661528,-7.389949],[109.661528,-7.390219],[109.661798,-7.390219],[109.661798,-7.390488],[109.662067,-7.390488],[109.662067,-7.390758],[109.662876,-7.390758],[109.662876,-7.391027],[109.664493,-7.391027],[109.664493,-7.391297],[109.665032,-7.391297],[109.665032,-7.391566],[109.665571,-7.391566],[109.665571,-7.391836],[109.66584,-7.391836],[109.66584,-7.393453],[109.665571,-7.393453],[109.665571,-7.394261],[109.665301,-7.394261],[109.665301,-7.39507],[109.665032,-7.39507],[109.665032,-7.395339],[109.665301,-7.395339],[109.665301,-7.396148],[109.665571,-7.396148],[109.665571,-7.396417],[109.66584,-7.396417],[109.66584,-7.396687],[109.666379,-7.396687],[109.666379,-7.396956],[109.666918,-7.396956],[109.666918,-7.397226],[109.667188,-7.397226],[109.667188,-7.397495],[109.667996,-7.397495],[109.667996,-7.397226],[109.668535,-7.397226],[109.668535,-7.396956],[109.668805,-7.396956],[109.668805,-7.396687],[109.669344,-7.396687],[109.669344,-7.396417],[109.669613,-7.396417],[109.669613,-7.396148],[109.670152,-7.396148],[109.670152,-7.395878],[109.670422,-7.395878],[109.670422,-7.395609],[109.67123,-7.395609],[109.67123,-7.395339],[109.671769,-7.395339],[109.671769,-7.39507],[109.672308,-7.39507],[109.672308,-7.3948],[109.672847,-7.3948],[109.672847,-7.394531],[109.674195,-7.394531],[109.674195,-7.3948],[109.674464,-7.3948],[109.674464,-7.395339],[109.674734,-7.395339],[109.674734,-7.395609],[109.675003,-7.395609],[109.675003,-7.396148],[109.675273,-7.396148],[109.675273,-7.396417],[109.675542,-7.396417],[109.675542,-7.396687],[109.676081,-7.396687],[109.676081,-7.396956],[109.67662,-7.396956],[109.67662,-7.397226],[109.677698,-7.397226],[109.677698,-7.397495],[109.678776,-7.397495],[109.678776,-7.397226],[109.679315,-7.397226],[109.679315,-7.396956],[109.679585,-7.396956],[109.679585,-7.396687],[109.679854,-7.396687],[109.679854,-7.396148],[109.680124,-7.396148],[109.680124,-7.395878],[109.680393,-7.395878],[109.680393,-7.39507],[109.680124,-7.39507],[109.680124,-7.395609],[109.677698,-7.395609],[109.677698,-7.395339],[109.677159,-7.395339],[109.677159,-7.39507],[109.67689,-7.39507],[109.67689,-7.3948],[109.67662,-7.3948],[109.67662,-7.394261],[109.676351,-7.394261],[109.676351,-7.393722],[109.676081,-7.393722],[109.676081,-7.392914],[109.675812,-7.392914],[109.675812,-7.392375],[109.675542,-7.392375],[109.675542,-7.391836],[109.675273,-7.391836],[109.675273,-7.391566],[109.675003,-7.391566],[109.675003,-7.391297],[109.674734,-7.391297],[109.674734,-7.391027],[109.674195,-7.391027],[109.674195,-7.390758],[109.672578,-7.390758],[109.672578,-7.391027],[109.672308,-7.391027],[109.672308,-7.391297],[109.671769,-7.391297],[109.671769,-7.391566],[109.6715,-7.391566],[109.6715,-7.391836],[109.670961,-7.391836],[109.670961,-7.392105],[109.669883,-7.392105],[109.669883,-7.392375],[109.669344,-7.392375],[109.669344,-7.391836],[109.669074,-7.391836],[109.669074,-7.391566],[109.668805,-7.391566],[109.668805,-7.391027],[109.668535,-7.391027],[109.668535,-7.390488],[109.668266,-7.390488],[109.668266,-7.389949],[109.667996,-7.389949],[109.667996,-7.38968],[109.667727,-7.38968],[109.667727,-7.38941],[109.667457,-7.38941],[109.667457,-7.389141],[109.666918,-7.389141],[109.666918,-7.388872],[109.666379,-7.388872],[109.666379,-7.388602],[109.665571,-7.388602],[109.665571,-7.388333],[109.664493,-7.388333],[109.664493,-7.387255],[109.664223,-7.387255],[109.664223,-7.385638],[109.663954,-7.385638],[109.663954,-7.385099],[109.663684,-7.385099],[109.663684,-7.38456],[109.663415,-7.38456],[109.663415,-7.38429],[109.663145,-7.38429],[109.663145,-7.384021],[109.662876,-7.384021],[109.662876,-7.383751],[109.662606,-7.383751],[109.662606,-7.383482],[109.662337,-7.383482],[109.662337,-7.383212],[109.662067,-7.383212],[109.662067,-7.382943],[109.661528,-7.382943],[109.661528,-7.382673],[109.656678,-7.382673],[109.656678,-7.382404],[109.655869,-7.382404],[109.655869,-7.382134],[109.6556,-7.382134],[109.6556,-7.381865],[109.655061,-7.381865],[109.655061,-7.381595],[109.654791,-7.381595],[109.654791,-7.381326],[109.653983,-7.381326],[109.653983,-7.381056],[109.651557,-7.381056],[109.651557,-7.381326],[109.650749,-7.381326],[109.650749,-7.381056],[109.649401,-7.381056],[109.649401,-7.380787],[109.648593,-7.380787],[109.648593,-7.380248],[109.648323,-7.380248],[109.648323,-7.379439],[109.648593,-7.379439],[109.648593,-7.37917],[109.648862,-7.37917],[109.648862,-7.3789],[109.649132,-7.3789],[109.649132,-7.378631],[109.649401,-7.378631],[109.649401,-7.378361],[109.649671,-7.378361],[109.649671,-7.377553],[109.64994,-7.377553],[109.64994,-7.377283],[109.649401,-7.377283],[109.649401,-7.377014],[109.649132,-7.377014],[109.649132,-7.377283],[109.648862,-7.377283],[109.648862,-7.377553],[109.648593,-7.377553],[109.648593,-7.377822],[109.648323,-7.377822],[109.648323,-7.378092],[109.648054,-7.378092],[109.648054,-7.378361],[109.647784,-7.378361],[109.647784,-7.378631],[109.647515,-7.378631],[109.647515,-7.3789],[109.647245,-7.3789],[109.647245,-7.37917],[109.646167,-7.37917],[109.646167,-7.379439],[109.64482,-7.379439],[109.64482,-7.37917],[109.644011,-7.37917],[109.644011,-7.3789],[109.643742,-7.3789],[109.643742,-7.378631],[109.643472,-7.378631],[109.643472,-7.378361],[109.643203,-7.378361],[109.643203,-7.376744],[109.643472,-7.376744],[109.643472,-7.375936],[109.643742,-7.375936],[109.643742,-7.375397],[109.644011,-7.375397],[109.644011,-7.374858],[109.644281,-7.374858],[109.644281,-7.374319],[109.64455,-7.374319],[109.64455,-7.374049],[109.64482,-7.374049],[109.64482,-7.37351],[109.645089,-7.37351],[109.645089,-7.373241],[109.645359,-7.373241],[109.645359,-7.372971],[109.645628,-7.372971],[109.645628,-7.372702],[109.645898,-7.372702],[109.645898,-7.372163],[109.646167,-7.372163],[109.646167,-7.371893],[109.646437,-7.371893],[109.646437,-7.371624],[109.646706,-7.371624],[109.646706,-7.371354],[109.646976,-7.371354],[109.646976,-7.370815],[109.647245,-7.370815],[109.647245,-7.370276],[109.647515,-7.370276],[109.647515,-7.369737],[109.647784,-7.369737],[109.647784,-7.369198],[109.648054,-7.369198],[109.648054,-7.36866],[109.648323,-7.36866],[109.648323,-7.36839],[109.648593,-7.36839],[109.648593,-7.367851],[109.648862,-7.367851],[109.648862,-7.367043],[109.649132,-7.367043],[109.649132,-7.365965],[109.648054,-7.365965]],[[109.621643,-7.37351],[109.62353,-7.37351],[109.62353,-7.37378],[109.625147,-7.37378],[109.625147,-7.374049],[109.625686,-7.374049],[109.625686,-7.374319],[109.625955,-7.374319],[109.625955,-7.374588],[109.626225,-7.374588],[109.626225,-7.374858],[109.626764,-7.374858],[109.626764,-7.375127],[109.627033,-7.375127],[109.627033,-7.375666],[109.627303,-7.375666],[109.627303,-7.375936],[109.627572,-7.375936],[109.627572,-7.376205],[109.627842,-7.376205],[109.627842,-7.376744],[109.628111,-7.376744],[109.628111,-7.377014],[109.628381,-7.377014],[109.628381,-7.377283],[109.62892,-7.377283],[109.62892,-7.377553],[109.629459,-7.377553],[109.629459,-7.377822],[109.629998,-7.377822],[109.629998,-7.378092],[109.630267,-7.378092],[109.630267,-7.378361],[109.630806,-7.378361],[109.630806,-7.378631],[109.631615,-7.378631],[109.631615,-7.37917],[109.631884,-7.37917],[109.631884,-7.379709],[109.632154,-7.379709],[109.632154,-7.380517],[109.632423,-7.380517],[109.632423,-7.381056],[109.632693,-7.381056],[109.632693,-7.381595],[109.632962,-7.381595],[109.632962,-7.381865],[109.633771,-7.381865],[109.633771,-7.382134],[109.634579,-7.382134],[109.634579,-7.381865],[109.635388,-7.381865],[109.635388,-7.381595],[109.635657,-7.381595],[109.635657,-7.381326],[109.636196,-7.381326],[109.636196,-7.381056],[109.636735,-7.381056],[109.636735,-7.380787],[109.637813,-7.380787],[109.637813,-7.380517],[109.638083,-7.380517],[109.638083,-7.380787],[109.638352,-7.380787],[109.638352,-7.381056],[109.638622,-7.381056],[109.638622,-7.381595],[109.638083,-7.381595],[109.638083,-7.381865],[109.637813,-7.381865],[109.637813,-7.382134],[109.637544,-7.382134],[109.637544,-7.382673],[109.637274,-7.382673],[109.637274,-7.383212],[109.637005,-7.383212],[109.637005,-7.383751],[109.636735,-7.383751],[109.636735,-7.384829],[109.636466,-7.384829],[109.636466,-7.385368],[109.636196,-7.385368],[109.636196,-7.385638],[109.635927,-7.385638],[109.635927,-7.385907],[109.634579,-7.385907],[109.634579,-7.385638],[109.63431,-7.385638],[109.63431,-7.385368],[109.63404,-7.385368],[109.63404,-7.385099],[109.633771,-7.385099],[109.633771,-7.384829],[109.633501,-7.384829],[109.633501,-7.38456],[109.633232,-7.38456],[109.633232,-7.38429],[109.632962,-7.38429],[109.632962,-7.384021],[109.632693,-7.384021],[109.632693,-7.383751],[109.631884,-7.383751],[109.631884,-7.383482],[109.630267,-7.383482],[109.630267,-7.383751],[109.629459,-7.383751],[109.629459,-7.384021],[109.629189,-7.384021],[109.629189,-7.38429],[109.62892,-7.38429],[109.62892,-7.38456],[109.62865,-7.38456],[109.62865,-7.385099],[109.628381,-7.385099],[109.628381,-7.385907],[109.628111,-7.385907],[109.628111,-7.386446],[109.627842,-7.386446],[109.627842,-7.386985],[109.627572,-7.386985],[109.627572,-7.387255],[109.627303,-7.387255],[109.627303,-7.387524],[109.627033,-7.387524],[109.627033,-7.387794],[109.626764,-7.387794],[109.626764,-7.388063],[109.626494,-7.388063],[109.626494,-7.388333],[109.626225,-7.388333],[109.626225,-7.388602],[109.625955,-7.388602],[109.625955,-7.389141],[109.625686,-7.389141],[109.625686,-7.38941],[109.625147,-7.38941],[109.625147,-7.38968],[109.624608,-7.38968],[109.624608,-7.38941],[109.622452,-7.38941],[109.622452,-7.38968],[109.621643,-7.38968],[109.621643,-7.389949],[109.621104,-7.389949],[109.621104,-7.390219],[109.620835,-7.390219],[109.620835,-7.389949],[109.620296,-7.389949],[109.620296,-7.38968],[109.620027,-7.38968],[109.620027,-7.389141],[109.619757,-7.389141],[109.619757,-7.388602],[109.619488,-7.388602],[109.619488,-7.387524],[109.619218,-7.387524],[109.619218,-7.386985],[109.618949,-7.386985],[109.618949,-7.386446],[109.618679,-7.386446],[109.618679,-7.385638],[109.61841,-7.385638],[109.61841,-7.38429],[109.61814,-7.38429],[109.61814,-7.383751],[109.617871,-7.383751],[109.617871,-7.383482],[109.617601,-7.383482],[109.617601,-7.383212],[109.617332,-7.383212],[109.617332,-7.382943],[109.617062,-7.382943],[109.617062,-7.382673],[109.617871,-7.382673],[109.617871,-7.382404],[109.618679,-7.382404],[109.618679,-7.382134],[109.619488,-7.382134],[109.619488,-7.381865],[109.619757,-7.381865],[109.619757,-7.381595],[109.620027,-7.381595],[109.620027,-7.381326],[109.620296,-7.381326],[109.620296,-7.380787],[109.620565,-7.380787],[109.620565,-7.37917],[109.620835,-7.37917],[109.620835,-7.378361],[109.621104,-7.378361],[109.621104,-7.378092],[109.621374,-7.378092],[109.621374,-7.377822],[109.621643,-7.377822],[109.621643,-7.377553],[109.622182,-7.377553],[109.622182,-7.377283],[109.622452,-7.377283],[109.622452,-7.377014],[109.622721,-7.377014],[109.622721,-7.376744],[109.622991,-7.376744],[109.622991,-7.375666],[109.622721,-7.375666],[109.622721,-7.375397],[109.622182,-7.375397],[109.622182,-7.375127],[109.621374,-7.375127],[109.621374,-7.374858],[109.621104,-7.374858],[109.621104,-7.374588],[109.620835,-7.374588],[109.620835,-7.374319],[109.620565,-7.374319],[109.620565,-7.374049],[109.620835,-7.374049],[109.620835,-7.37378],[109.621643,-7.37378],[109.621643,-7.37351]],[[109.612481,-7.378631],[109.61302,-7.378631],[109.61302,-7.3789],[109.613289,-7.3789],[109.613289,-7.37917],[109.613559,-7.37917],[109.613559,-7.379439],[109.613828,-7.379439],[109.613828,-7.379978],[109.614098,-7.379978],[109.614098,-7.380517],[109.614367,-7.380517],[109.614367,-7.380787],[109.614637,-7.380787],[109.614637,-7.381056],[109.615176,-7.381056],[109.615176,-7.381326],[109.615715,-7.381326],[109.615715,-7.381865],[109.615984,-7.381865],[109.615984,-7.382134],[109.616523,-7.382134],[109.616523,-7.382404],[109.615984,-7.382404],[109.615984,-7.382673],[109.615715,-7.382673],[109.615715,-7.382943],[109.613828,-7.382943],[109.613828,-7.383212],[109.61302,-7.383212],[109.61302,-7.383482],[109.612481,-7.383482],[109.612481,-7.383751],[109.612211,-7.383751],[109.612211,-7.384021],[109.611133,-7.384021],[109.611133,-7.383482],[109.610864,-7.383482],[109.610864,-7.383212],[109.610594,-7.383212],[109.610594,-7.382943],[109.610325,-7.382943],[109.610325,-7.382673],[109.610055,-7.382673],[109.610055,-7.382134],[109.609786,-7.382134],[109.609786,-7.381056],[109.610055,-7.381056],[109.610055,-7.380787],[109.610325,-7.380787],[109.610325,-7.380517],[109.610594,-7.380517],[109.610594,-7.380248],[109.610864,-7.380248],[109.610864,-7.379978],[109.611133,-7.379978],[109.611133,-7.379709],[109.611403,-7.379709],[109.611403,-7.379439],[109.611672,-7.379439],[109.611672,-7.37917],[109.611942,-7.37917],[109.611942,-7.3789],[109.612481,-7.3789],[109.612481,-7.378631]],[[109.641586,-7.378631],[109.642125,-7.378631],[109.642125,-7.3789],[109.642394,-7.3789],[109.642394,-7.379978],[109.642125,-7.379978],[109.642125,-7.380248],[109.641586,-7.380248],[109.641586,-7.379978],[109.641047,-7.379978],[109.641047,-7.37917],[109.641316,-7.37917],[109.641316,-7.3789],[109.641586,-7.3789],[109.641586,-7.378631]],[[109.657486,-7.383751],[109.660181,-7.383751],[109.660181,-7.384021],[109.660451,-7.384021],[109.660451,-7.38456],[109.660181,-7.38456],[109.660181,-7.384829],[109.659642,-7.384829],[109.659642,-7.385099],[109.659373,-7.385099],[109.659373,-7.385368],[109.658834,-7.385368],[109.658834,-7.385638],[109.658025,-7.385638],[109.658025,-7.385907],[109.657486,-7.385907],[109.657486,-7.385638],[109.657217,-7.385638],[109.657217,-7.385368],[109.656947,-7.385368],[109.656947,-7.385099],[109.656678,-7.385099],[109.656678,-7.384021],[109.657486,-7.384021],[109.657486,-7.383751]],[[109.663145,-7.387524],[109.663415,-7.387524],[109.663415,-7.388063],[109.663684,-7.388063],[109.663684,-7.388602],[109.663954,-7.388602],[109.663954,-7.388872],[109.664223,-7.388872],[109.664223,-7.389141],[109.664762,-7.389141],[109.664762,-7.38941],[109.665301,-7.38941],[109.665301,-7.38968],[109.664762,-7.38968],[109.664762,-7.389949],[109.663145,-7.389949],[109.663145,-7.38968],[109.662337,-7.38968],[109.662337,-7.388063],[109.662606,-7.388063],[109.662606,-7.387794],[109.663145,-7.387794],[109.663145,-7.387524]],[[109.609516,-7.388872],[109.609786,-7.388872],[109.609786,-7.389141],[109.610055,-7.389141],[109.610055,-7.38941],[109.610325,-7.38941],[109.610325,-7.389949],[109.610594,-7.389949],[109.610594,-7.390219],[109.610325,-7.390219],[109.610325,-7.390488],[109.609516,-7.390488],[109.609516,-7.38968],[109.609247,-7.38968],[109.609247,-7.38941],[109.609516,-7.38941],[109.609516,-7.388872]],[[109.665301,-7.389949],[109.666649,-7.389949],[109.666649,-7.390219],[109.666918,-7.390219],[109.666918,-7.390488],[109.667188,-7.390488],[109.667188,-7.390758],[109.667457,-7.390758],[109.667457,-7.391027],[109.667727,-7.391027],[109.667727,-7.391566],[109.667996,-7.391566],[109.667996,-7.391836],[109.668266,-7.391836],[109.668266,-7.392375],[109.668535,-7.392375],[109.668535,-7.392644],[109.669074,-7.392644],[109.669074,-7.392914],[109.669344,-7.392914],[109.669344,-7.393183],[109.67123,-7.393183],[109.67123,-7.392914],[109.671769,-7.392914],[109.671769,-7.392644],[109.672308,-7.392644],[109.672308,-7.392375],[109.672847,-7.392375],[109.672847,-7.392105],[109.673925,-7.392105],[109.673925,-7.392375],[109.674195,-7.392375],[109.674195,-7.392914],[109.673117,-7.392914],[109.673117,-7.393183],[109.672847,-7.393183],[109.672847,-7.393453],[109.672578,-7.393453],[109.672578,-7.393722],[109.672039,-7.393722],[109.672039,-7.393992],[109.671769,-7.393992],[109.671769,-7.394261],[109.67123,-7.394261],[109.67123,-7.394531],[109.670422,-7.394531],[109.670422,-7.3948],[109.669883,-7.3948],[109.669883,-7.39507],[109.669613,-7.39507],[109.669613,-7.395339],[109.669074,-7.395339],[109.669074,-7.395609],[109.668535,-7.395609],[109.668535,-7.395878],[109.667457,-7.395878],[109.667457,-7.396148],[109.667188,-7.396148],[109.667188,-7.395878],[109.666649,-7.395878],[109.666649,-7.395609],[109.666379,-7.395609],[109.666379,-7.394261],[109.666649,-7.394261],[109.666649,-7.393453],[109.666918,-7.393453],[109.666918,-7.391566],[109.666649,-7.391566],[109.666649,-7.391027],[109.666379,-7.391027],[109.666379,-7.390488],[109.66584,-7.390488],[109.66584,-7.390219],[109.665301,-7.390219],[109.665301,-7.389949]]]}},{"id":"82","type":"Feature","properties":{"DN":2,"Keterangan":"Sedang"},"geometry":{"type":"Polygon","coordinates":[[[109.550497,-7.397495],[109.550497,-7.397765],[109.549958,-7.397765],[109.549958,-7.398034],[109.549689,-7.398034],[109.549689,-7.399112],[109.549958,-7.399112],[109.549958,-7.399382],[109.550228,-7.399382],[109.550228,-7.399112],[109.550497,-7.399112],[109.550497,-7.398843],[109.550767,-7.398843],[109.550767,-7.398573],[109.551036,-7.398573],[109.551036,-7.397495],[109.550497,-7.397495]]]}},{"id":"83","type":"Feature","properties":{"DN":2,"Keterangan":"Sedang"},"geometry":{"type":"Polygon","coordinates":[[[109.697102,-7.399112],[109.697102,-7.399382],[109.696832,-7.399382],[109.696832,-7.399651],[109.696563,-7.399651],[109.696563,-7.399921],[109.696832,-7.399921],[109.696832,-7.40019],[109.697371,-7.40019],[109.697371,-7.40046],[109.698719,-7.40046],[109.698719,-7.40019],[109.698988,-7.40019],[109.698988,-7.399651],[109.698449,-7.399651],[109.698449,-7.399382],[109.697371,-7.399382],[109.697371,-7.399112],[109.697102,-7.399112]]]}},{"id":"84","type":"Feature","properties":{"DN":2,"Keterangan":"Sedang"},"geometry":{"type":"Polygon","coordinates":[[[109.776872,-7.40046],[109.776872,-7.400729],[109.777141,-7.400729],[109.777141,-7.40046],[109.776872,-7.40046]]]}},{"id":"85","type":"Feature","properties":{"DN":2,"Keterangan":"Sedang"},"geometry":{"type":"Polygon","coordinates":[[[109.704378,-7.395339],[109.704378,-7.395609],[109.704108,-7.395609],[109.704108,-7.395878],[109.703839,-7.395878],[109.703839,-7.396148],[109.703569,-7.396148],[109.703569,-7.396956],[109.7033,-7.396956],[109.7033,-7.398034],[109.70303,-7.398034],[109.70303,-7.398573],[109.702761,-7.398573],[109.702761,-7.398843],[109.702491,-7.398843],[109.702491,-7.399382],[109.701952,-7.399382],[109.701952,-7.399651],[109.701683,-7.399651],[109.701683,-7.400729],[109.701952,-7.400729],[109.701952,-7.400999],[109.702491,-7.400999],[109.702491,-7.400729],[109.70303,-7.400729],[109.70303,-7.40046],[109.7033,-7.40046],[109.7033,-7.40019],[109.703839,-7.40019],[109.703839,-7.399651],[109.704378,-7.399651],[109.704378,-7.399382],[109.704647,-7.399382],[109.704647,-7.399112],[109.705456,-7.399112],[109.705456,-7.398843],[109.707342,-7.398843],[109.707342,-7.398573],[109.707881,-7.398573],[109.707881,-7.398304],[109.708151,-7.398304],[109.708151,-7.397495],[109.70842,-7.397495],[109.70842,-7.397226],[109.708151,-7.397226],[109.708151,-7.396417],[109.707881,-7.396417],[109.707881,-7.395878],[109.706534,-7.395878],[109.706534,-7.395609],[109.705995,-7.395609],[109.705995,-7.395339],[109.704378,-7.395339]]]}},{"id":"86","type":"Feature","properties":{"DN":2,"Keterangan":"Sedang"},"geometry":{"type":"Polygon","coordinates":[[[109.598467,-7.398843],[109.598467,-7.399112],[109.597928,-7.399112],[109.597928,-7.399382],[109.597659,-7.399382],[109.597659,-7.399651],[109.59712,-7.399651],[109.59712,-7.399921],[109.59685,-7.399921],[109.59685,-7.40046],[109.596581,-7.40046],[109.596581,-7.400999],[109.59685,-7.400999],[109.59685,-7.401268],[109.597389,-7.401268],[109.597389,-7.401538],[109.598467,-7.401538],[109.598467,-7.401268],[109.598737,-7.401268],[109.598737,-7.400999],[109.599006,-7.400999],[109.599006,-7.400729],[109.599276,-7.400729],[109.599276,-7.40019],[109.599545,-7.40019],[109.599545,-7.399382],[109.599276,-7.399382],[109.599276,-7.398843],[109.598467,-7.398843]]]}},{"id":"87","type":"Feature","properties":{"DN":2,"Keterangan":"Sedang"},"geometry":{"type":"Polygon","coordinates":[[[109.682549,-7.400999],[109.682549,-7.401268],[109.682279,-7.401268],[109.682279,-7.402346],[109.683357,-7.402346],[109.683357,-7.402077],[109.683896,-7.402077],[109.683896,-7.401807],[109.685513,-7.401807],[109.685513,-7.401538],[109.685244,-7.401538],[109.685244,-7.401268],[109.683896,-7.401268],[109.683896,-7.400999],[109.682549,-7.400999]]]}},{"id":"88","type":"Feature","properties":{"DN":2,"Keterangan":"Sedang"},"geometry":{"type":"Polygon","coordinates":[[[109.693868,-7.399651],[109.693868,-7.399921],[109.69252,-7.399921],[109.69252,-7.40019],[109.691981,-7.40019],[109.691981,-7.40046],[109.691442,-7.40046],[109.691442,-7.400729],[109.691173,-7.400729],[109.691173,-7.400999],[109.690903,-7.400999],[109.690903,-7.401268],[109.690634,-7.401268],[109.690634,-7.401807],[109.690903,-7.401807],[109.690903,-7.402077],[109.691173,-7.402077],[109.691173,-7.402346],[109.691442,-7.402346],[109.691442,-7.402616],[109.69252,-7.402616],[109.69252,-7.402885],[109.693598,-7.402885],[109.693598,-7.402616],[109.694137,-7.402616],[109.694137,-7.402077],[109.694407,-7.402077],[109.694407,-7.400999],[109.694676,-7.400999],[109.694676,-7.399921],[109.694137,-7.399921],[109.694137,-7.399651],[109.693868,-7.399651]]]}},{"id":"89","type":"Feature","properties":{"DN":2,"Keterangan":"Sedang"},"geometry":{"type":"Polygon","coordinates":[[[109.670152,-7.400999],[109.670152,-7.401538],[109.670422,-7.401538],[109.670422,-7.401807],[109.670691,-7.401807],[109.670691,-7.402077],[109.672308,-7.402077],[109.672308,-7.401807],[109.674734,-7.401807],[109.674734,-7.402077],[109.675273,-7.402077],[109.675273,-7.402346],[109.675542,-7.402346],[109.675542,-7.402616],[109.676081,-7.402616],[109.676081,-7.402885],[109.676351,-7.402885],[109.676351,-7.403155],[109.67689,-7.403155],[109.67689,-7.403424],[109.678237,-7.403424],[109.678237,-7.402616],[109.677968,-7.402616],[109.677968,-7.402077],[109.677429,-7.402077],[109.677429,-7.401807],[109.677159,-7.401807],[109.677159,-7.401538],[109.67662,-7.401538],[109.67662,-7.401268],[109.675812,-7.401268],[109.675812,-7.400999],[109.673925,-7.400999],[109.673925,-7.401268],[109.672039,-7.401268],[109.672039,-7.400999],[109.670152,-7.400999]]]}},{"id":"90","type":"Feature","properties":{"DN":1,"Keterangan":"Rendah"},"geometry":{"type":"Polygon","coordinates":[[[109.721356,-7.362461],[109.721356,-7.363539],[109.720817,-7.363539],[109.720817,-7.363809],[109.720548,-7.363809],[109.720548,-7.364078],[109.71947,-7.364078],[109.71947,-7.364348],[109.718931,-7.364348],[109.718931,-7.364617],[109.718392,-7.364617],[109.718392,-7.364887],[109.718122,-7.364887],[109.718122,-7.365156],[109.717853,-7.365156],[109.717853,-7.365426],[109.716236,-7.365426],[109.716236,-7.365695],[109.715966,-7.365695],[109.715966,-7.365965],[109.715427,-7.365965],[109.715427,-7.366234],[109.713002,-7.366234],[109.713002,-7.366504],[109.712732,-7.366504],[109.712732,-7.366773],[109.712463,-7.366773],[109.712463,-7.367043],[109.711924,-7.367043],[109.711924,-7.367312],[109.709768,-7.367312],[109.709768,-7.367582],[109.709498,-7.367582],[109.709498,-7.367851],[109.70869,-7.367851],[109.70869,-7.368121],[109.707612,-7.368121],[109.707612,-7.36866],[109.707342,-7.36866],[109.707342,-7.368929],[109.707073,-7.368929],[109.707073,-7.369198],[109.706803,-7.369198],[109.706803,-7.369468],[109.706534,-7.369468],[109.706534,-7.369737],[109.705995,-7.369737],[109.705995,-7.370276],[109.705725,-7.370276],[109.705725,-7.371085],[109.705456,-7.371085],[109.705456,-7.371893],[109.705725,-7.371893],[109.705725,-7.372432],[109.705456,-7.372432],[109.705456,-7.372702],[109.705186,-7.372702],[109.705186,-7.372971],[109.704917,-7.372971],[109.704917,-7.373241],[109.704647,-7.373241],[109.704647,-7.37378],[109.704378,-7.37378],[109.704378,-7.374049],[109.704108,-7.374049],[109.704108,-7.374319],[109.703839,-7.374319],[109.703839,-7.374588],[109.7033,-7.374588],[109.7033,-7.376744],[109.70303,-7.376744],[109.70303,-7.376475],[109.702222,-7.376475],[109.702222,-7.376744],[109.700336,-7.376744],[109.700336,-7.377014],[109.700066,-7.377014],[109.700066,-7.377283],[109.699258,-7.377283],[109.699258,-7.377553],[109.698988,-7.377553],[109.698988,-7.377822],[109.698719,-7.377822],[109.698719,-7.378092],[109.698449,-7.378092],[109.698449,-7.378631],[109.69818,-7.378631],[109.69818,-7.3789],[109.69791,-7.3789],[109.69791,-7.379978],[109.697641,-7.379978],[109.697641,-7.380517],[109.697371,-7.380517],[109.697371,-7.381056],[109.697102,-7.381056],[109.697102,-7.38456],[109.697371,-7.38456],[109.697371,-7.385099],[109.695754,-7.385099],[109.695754,-7.386716],[109.695485,-7.386716],[109.695485,-7.387524],[109.69252,-7.387524],[109.69252,-7.388333],[109.690095,-7.388333],[109.690095,-7.389141],[109.688208,-7.389141],[109.688208,-7.388333],[109.682818,-7.388333],[109.682818,-7.389949],[109.683627,-7.389949],[109.683627,-7.38968],[109.683896,-7.38968],[109.683896,-7.38941],[109.684705,-7.38941],[109.684705,-7.389141],[109.685244,-7.389141],[109.685244,-7.38941],[109.685513,-7.38941],[109.685513,-7.389949],[109.685244,-7.389949],[109.685244,-7.390488],[109.684974,-7.390488],[109.684974,-7.390758],[109.684705,-7.390758],[109.684705,-7.391027],[109.684435,-7.391027],[109.684435,-7.391297],[109.684166,-7.391297],[109.684166,-7.391566],[109.683896,-7.391566],[109.683896,-7.392105],[109.683627,-7.392105],[109.683627,-7.392375],[109.683357,-7.392375],[109.683357,-7.392644],[109.683088,-7.392644],[109.683088,-7.393183],[109.682818,-7.393183],[109.682818,-7.393453],[109.682549,-7.393453],[109.682549,-7.393722],[109.682279,-7.393722],[109.682279,-7.393992],[109.68201,-7.393992],[109.68201,-7.394261],[109.681471,-7.394261],[109.681471,-7.394531],[109.681201,-7.394531],[109.681201,-7.39507],[109.680932,-7.39507],[109.680932,-7.393183],[109.680663,-7.393183],[109.680663,-7.393722],[109.680393,-7.393722],[109.680393,-7.393992],[109.679585,-7.393992],[109.679585,-7.3948],[109.678776,-7.3948],[109.678776,-7.395609],[109.680124,-7.395609],[109.680124,-7.39507],[109.680393,-7.39507],[109.680393,-7.395878],[109.680124,-7.395878],[109.680124,-7.396148],[109.679854,-7.396148],[109.679854,-7.396687],[109.679585,-7.396687],[109.679585,-7.396956],[109.679315,-7.396956],[109.679315,-7.397226],[109.678776,-7.397226],[109.678776,-7.397495],[109.677698,-7.397495],[109.677698,-7.397226],[109.67662,-7.397226],[109.67662,-7.396956],[109.676081,-7.396956],[109.676081,-7.396687],[109.675542,-7.396687],[109.675542,-7.396417],[109.675273,-7.396417],[109.675273,-7.396148],[109.675003,-7.396148],[109.675003,-7.395609],[109.674734,-7.395609],[109.674734,-7.395339],[109.674464,-7.395339],[109.674464,-7.3948],[109.674195,-7.3948],[109.674195,-7.394531],[109.672847,-7.394531],[109.672847,-7.3948],[109.672308,-7.3948],[109.672308,-7.39507],[109.671769,-7.39507],[109.671769,-7.395339],[109.67123,-7.395339],[109.67123,-7.395609],[109.670422,-7.395609],[109.670422,-7.395878],[109.670152,-7.395878],[109.670152,-7.396148],[109.670691,-7.396148],[109.670691,-7.395878],[109.6715,-7.395878],[109.6715,-7.395609],[109.672308,-7.395609],[109.672308,-7.395339],[109.673386,-7.395339],[109.673386,-7.39507],[109.673656,-7.39507],[109.673656,-7.3948],[109.673925,-7.3948],[109.673925,-7.396148],[109.674734,-7.396148],[109.674734,-7.396956],[109.675003,-7.396956],[109.675003,-7.397226],[109.676351,-7.397226],[109.676351,-7.397495],[109.677159,-7.397495],[109.677159,-7.397765],[109.677429,-7.397765],[109.677429,-7.398034],[109.679585,-7.398034],[109.679585,-7.397765],[109.679854,-7.397765],[109.679854,-7.397495],[109.680124,-7.397495],[109.680124,-7.397226],[109.680393,-7.397226],[109.680393,-7.396956],[109.680663,-7.396956],[109.680663,-7.396687],[109.680932,-7.396687],[109.680932,-7.396417],[109.681201,-7.396417],[109.681201,-7.396148],[109.68174,-7.396148],[109.68174,-7.395339],[109.682549,-7.395339],[109.682549,-7.394261],[109.682818,-7.394261],[109.682818,-7.393992],[109.683088,-7.393992],[109.683088,-7.393453],[109.683357,-7.393453],[109.683357,-7.392914],[109.683627,-7.392914],[109.683627,-7.392644],[109.683896,-7.392644],[109.683896,-7.392375],[109.684435,-7.392375],[109.684435,-7.392105],[109.684705,-7.392105],[109.684705,-7.391836],[109.685244,-7.391836],[109.685244,-7.391566],[109.685513,-7.391566],[109.685513,-7.391297],[109.685783,-7.391297],[109.685783,-7.390758],[109.686052,-7.390758],[109.686052,-7.391297],[109.6874,-7.391297],[109.6874,-7.38968],[109.687669,-7.38968],[109.687669,-7.391297],[109.689017,-7.391297],[109.689017,-7.390488],[109.690903,-7.390488],[109.690903,-7.391297],[109.693059,-7.391297],[109.693059,-7.390488],[109.693329,-7.390488],[109.693329,-7.390219],[109.693598,-7.390219],[109.693598,-7.389949],[109.693868,-7.389949],[109.693868,-7.38968],[109.694137,-7.38968],[109.694137,-7.38941],[109.694676,-7.38941],[109.694676,-7.38968],[109.694946,-7.38968],[109.694946,-7.389949],[109.69818,-7.389949],[109.69818,-7.38968],[109.698449,-7.38968],[109.698449,-7.38941],[109.698719,-7.38941],[109.698719,-7.389141],[109.698988,-7.389141],[109.698988,-7.388872],[109.699258,-7.388872],[109.699258,-7.387794],[109.699527,-7.387794],[109.699527,-7.388063],[109.699797,-7.388063],[109.699797,-7.388602],[109.70303,-7.388602],[109.70303,-7.388333],[109.703569,-7.388333],[109.703569,-7.388063],[109.704917,-7.388063],[109.704917,-7.387524],[109.705456,-7.387524],[109.705456,-7.386985],[109.705725,-7.386985],[109.705725,-7.386716],[109.706534,-7.386716],[109.706534,-7.386985],[109.709498,-7.386985],[109.709498,-7.387524],[109.710576,-7.387524],[109.710576,-7.387255],[109.711654,-7.387255],[109.711654,-7.386985],[109.711924,-7.386985],[109.711924,-7.386716],[109.712732,-7.386716],[109.712732,-7.386446],[109.714888,-7.386446],[109.714888,-7.388602],[109.714619,-7.388602],[109.714619,-7.388872],[109.714349,-7.388872],[109.714349,-7.389141],[109.71408,-7.389141],[109.71408,-7.390758],[109.714349,-7.390758],[109.714349,-7.391566],[109.714619,-7.391566],[109.714619,-7.391836],[109.715158,-7.391836],[109.715158,-7.392105],[109.714888,-7.392105],[109.714888,-7.392375],[109.714619,-7.392375],[109.714619,-7.393183],[109.717044,-7.393183],[109.717044,-7.393992],[109.717314,-7.393992],[109.717314,-7.394261],[109.717853,-7.394261],[109.717853,-7.394531],[109.718122,-7.394531],[109.718122,-7.39507],[109.718392,-7.39507],[109.718392,-7.395339],[109.718661,-7.395339],[109.718661,-7.395609],[109.718931,-7.395609],[109.718931,-7.397226],[109.7192,-7.397226],[109.7192,-7.397495],[109.721087,-7.397495],[109.721087,-7.397765],[109.721356,-7.397765],[109.721356,-7.398304],[109.721625,-7.398304],[109.721625,-7.40019],[109.721356,-7.40019],[109.721356,-7.401538],[109.721625,-7.401538],[109.721625,-7.402077],[109.721895,-7.402077],[109.721895,-7.402346],[109.723512,-7.402346],[109.723512,-7.402077],[109.723781,-7.402077],[109.723781,-7.403424],[109.724859,-7.403424],[109.724859,-7.403694],[109.726207,-7.403694],[109.726207,-7.402616],[109.725937,-7.402616],[109.725937,-7.402346],[109.725668,-7.402346],[109.725668,-7.402077],[109.725398,-7.402077],[109.725398,-7.401538],[109.725129,-7.401538],[109.725129,-7.40019],[109.723781,-7.40019],[109.723781,-7.400999],[109.723242,-7.400999],[109.723242,-7.400729],[109.722973,-7.400729],[109.722973,-7.40046],[109.723512,-7.40046],[109.723512,-7.399112],[109.723242,-7.399112],[109.723242,-7.398573],[109.722973,-7.398573],[109.722973,-7.398034],[109.723242,-7.398034],[109.723242,-7.396417],[109.722434,-7.396417],[109.722434,-7.396687],[109.722164,-7.396687],[109.722164,-7.396956],[109.721895,-7.396956],[109.721895,-7.396417],[109.721087,-7.396417],[109.721087,-7.395609],[109.720817,-7.395609],[109.720817,-7.395339],[109.720548,-7.395339],[109.720548,-7.393722],[109.720278,-7.393722],[109.720278,-7.393183],[109.721087,-7.393183],[109.721087,-7.392375],[109.720009,-7.392375],[109.720009,-7.392105],[109.71947,-7.392105],[109.71947,-7.391566],[109.718392,-7.391566],[109.718392,-7.391836],[109.717583,-7.391836],[109.717583,-7.391566],[109.716775,-7.391566],[109.716775,-7.391027],[109.716505,-7.391027],[109.716505,-7.390758],[109.716236,-7.390758],[109.716236,-7.390488],[109.715966,-7.390488],[109.715966,-7.38968],[109.715697,-7.38968],[109.715697,-7.38941],[109.715966,-7.38941],[109.715966,-7.389141],[109.716236,-7.389141],[109.716236,-7.388063],[109.715966,-7.388063],[109.715966,-7.387794],[109.715697,-7.387794],[109.715697,-7.386985],[109.716775,-7.386985],[109.716775,-7.386716],[109.7192,-7.386716],[109.7192,-7.386446],[109.721356,-7.386446],[109.721356,-7.386716],[109.721625,-7.386716],[109.721625,-7.387255],[109.721895,-7.387255],[109.721895,-7.387524],[109.722434,-7.387524],[109.722434,-7.388063],[109.722703,-7.388063],[109.722703,-7.388333],[109.725937,-7.388333],[109.725937,-7.388602],[109.726746,-7.388602],[109.726746,-7.388333],[109.727015,-7.388333],[109.727015,-7.387524],[109.727285,-7.387524],[109.727285,-7.387255],[109.729441,-7.387255],[109.729441,-7.386446],[109.728093,-7.386446],[109.728093,-7.386716],[109.727285,-7.386716],[109.727285,-7.386985],[109.726746,-7.386985],[109.726746,-7.387255],[109.725668,-7.387255],[109.725668,-7.387524],[109.725129,-7.387524],[109.725129,-7.387255],[109.723512,-7.387255],[109.723512,-7.386985],[109.722973,-7.386985],[109.722973,-7.386716],[109.722703,-7.386716],[109.722703,-7.386446],[109.722164,-7.386446],[109.722164,-7.386177],[109.721625,-7.386177],[109.721625,-7.385907],[109.721087,-7.385907],[109.721087,-7.385638],[109.714349,-7.385638],[109.714349,-7.385368],[109.716775,-7.385368],[109.716775,-7.385099],[109.717583,-7.385099],[109.717583,-7.384829],[109.718122,-7.384829],[109.718122,-7.38456],[109.718931,-7.38456],[109.718931,-7.38429],[109.721625,-7.38429],[109.721625,-7.38456],[109.721895,-7.38456],[109.721895,-7.384829],[109.722434,-7.384829],[109.722434,-7.385099],[109.722703,-7.385099],[109.722703,-7.385368],[109.722973,-7.385368],[109.722973,-7.385638],[109.723242,-7.385638],[109.723242,-7.385907],[109.723512,-7.385907],[109.723512,-7.386177],[109.724051,-7.386177],[109.724051,-7.386446],[109.72432,-7.386446],[109.72432,-7.386716],[109.725398,-7.386716],[109.725398,-7.386446],[109.725937,-7.386446],[109.725937,-7.386177],[109.726476,-7.386177],[109.726476,-7.385907],[109.727015,-7.385907],[109.727015,-7.385638],[109.727554,-7.385638],[109.727554,-7.385368],[109.727824,-7.385368],[109.727824,-7.385099],[109.728632,-7.385099],[109.728632,-7.384829],[109.729441,-7.384829],[109.729441,-7.385099],[109.72998,-7.385099],[109.72998,-7.385368],[109.730519,-7.385368],[109.730519,-7.385907],[109.731058,-7.385907],[109.731058,-7.386177],[109.731327,-7.386177],[109.731327,-7.386716],[109.730788,-7.386716],[109.730788,-7.386446],[109.72971,-7.386446],[109.72971,-7.387255],[109.72998,-7.387255],[109.72998,-7.387524],[109.730519,-7.387524],[109.730519,-7.387794],[109.731058,-7.387794],[109.731058,-7.388063],[109.731597,-7.388063],[109.731597,-7.388602],[109.733483,-7.388602],[109.733483,-7.388872],[109.734831,-7.388872],[109.734831,-7.389141],[109.736178,-7.389141],[109.736178,-7.38968],[109.737256,-7.38968],[109.737256,-7.389949],[109.738873,-7.389949],[109.738873,-7.38968],[109.739412,-7.38968],[109.739412,-7.38941],[109.739682,-7.38941],[109.739682,-7.389141],[109.739951,-7.389141],[109.739951,-7.388872],[109.740221,-7.388872],[109.740221,-7.388602],[109.74049,-7.388602],[109.74049,-7.388333],[109.74076,-7.388333],[109.74076,-7.388063],[109.741568,-7.388063],[109.741568,-7.388333],[109.741838,-7.388333],[109.741838,-7.388872],[109.742107,-7.388872],[109.742107,-7.389141],[109.743185,-7.389141],[109.743185,-7.38941],[109.743454,-7.38941],[109.743454,-7.38968],[109.744263,-7.38968],[109.744263,-7.391297],[109.750192,-7.391297],[109.750192,-7.391566],[109.750461,-7.391566],[109.750461,-7.391836],[109.751539,-7.391836],[109.751539,-7.391566],[109.752078,-7.391566],[109.752078,-7.391297],[109.753695,-7.391297],[109.753695,-7.390758],[109.754234,-7.390758],[109.754234,-7.390219],[109.754504,-7.390219],[109.754504,-7.389949],[109.757738,-7.389949],[109.757738,-7.391297],[109.759355,-7.391297],[109.759355,-7.392105],[109.760163,-7.392105],[109.760163,-7.392375],[109.760702,-7.392375],[109.760702,-7.392644],[109.760972,-7.392644],[109.760972,-7.392914],[109.76178,-7.392914],[109.76178,-7.393183],[109.762319,-7.393183],[109.762319,-7.393453],[109.762858,-7.393453],[109.762858,-7.393722],[109.766092,-7.393722],[109.766092,-7.393992],[109.767439,-7.393992],[109.767439,-7.396417],[109.769056,-7.396417],[109.769056,-7.396956],[109.770673,-7.396956],[109.770673,-7.397765],[109.771482,-7.397765],[109.771482,-7.399112],[109.77229,-7.399112],[109.77229,-7.398304],[109.772021,-7.398304],[109.772021,-7.397495],[109.771751,-7.397495],[109.771751,-7.396956],[109.771482,-7.396956],[109.771482,-7.396687],[109.771212,-7.396687],[109.771212,-7.396417],[109.770673,-7.396417],[109.770673,-7.396148],[109.769865,-7.396148],[109.769865,-7.395878],[109.769056,-7.395878],[109.769056,-7.395609],[109.768248,-7.395609],[109.768248,-7.395339],[109.767978,-7.395339],[109.767978,-7.393992],[109.768517,-7.393992],[109.768517,-7.393722],[109.768248,-7.393722],[109.768248,-7.393183],[109.767439,-7.393183],[109.767439,-7.392914],[109.764744,-7.392914],[109.764744,-7.393183],[109.763127,-7.393183],[109.763127,-7.392914],[109.762588,-7.392914],[109.762588,-7.392644],[109.76205,-7.392644],[109.76205,-7.392375],[109.761511,-7.392375],[109.761511,-7.392105],[109.760972,-7.392105],[109.760972,-7.391836],[109.760702,-7.391836],[109.760702,-7.391566],[109.760433,-7.391566],[109.760433,-7.391297],[109.760163,-7.391297],[109.760163,-7.390758],[109.759894,-7.390758],[109.759894,-7.390488],[109.759624,-7.390488],[109.759624,-7.390219],[109.759355,-7.390219],[109.759355,-7.38968],[109.759085,-7.38968],[109.759085,-7.38941],[109.758816,-7.38941],[109.758816,-7.389141],[109.758277,-7.389141],[109.758277,-7.388872],[109.754504,-7.388872],[109.754504,-7.38941],[109.754234,-7.38941],[109.754234,-7.38968],[109.753695,-7.38968],[109.753695,-7.389949],[109.753156,-7.389949],[109.753156,-7.390219],[109.752617,-7.390219],[109.752617,-7.390488],[109.752078,-7.390488],[109.752078,-7.390758],[109.750192,-7.390758],[109.750192,-7.390488],[109.749653,-7.390488],[109.749653,-7.38968],[109.749922,-7.38968],[109.749922,-7.389141],[109.750192,-7.389141],[109.750192,-7.388872],[109.750461,-7.388872],[109.750461,-7.388602],[109.750731,-7.388602],[109.750731,-7.388333],[109.75127,-7.388333],[109.75127,-7.388063],[109.751539,-7.388063],[109.751539,-7.388333],[109.751809,-7.388333],[109.751809,-7.388063],[109.752078,-7.388063],[109.752078,-7.387524],[109.752348,-7.387524],[109.752348,-7.387255],[109.752617,-7.387255],[109.752617,-7.386716],[109.752887,-7.386716],[109.752887,-7.386177],[109.753156,-7.386177],[109.753156,-7.38456],[109.753426,-7.38456],[109.753426,-7.38429],[109.752887,-7.38429],[109.752887,-7.385638],[109.752617,-7.385638],[109.752617,-7.385907],[109.752348,-7.385907],[109.752348,-7.386177],[109.752078,-7.386177],[109.752078,-7.387255],[109.751809,-7.387255],[109.751809,-7.387524],[109.75127,-7.387524],[109.75127,-7.387794],[109.751,-7.387794],[109.751,-7.388063],[109.749653,-7.388063],[109.749653,-7.388333],[109.749114,-7.388333],[109.749114,-7.389141],[109.747497,-7.389141],[109.747497,-7.388872],[109.746958,-7.388872],[109.746958,-7.388602],[109.746149,-7.388602],[109.746149,-7.388872],[109.745341,-7.388872],[109.745341,-7.388333],[109.743993,-7.388333],[109.743993,-7.387524],[109.743724,-7.387524],[109.743724,-7.386716],[109.743185,-7.386716],[109.743185,-7.385907],[109.742376,-7.385907],[109.742376,-7.385099],[109.741838,-7.385099],[109.741838,-7.384829],[109.742646,-7.384829],[109.742646,-7.383482],[109.742915,-7.383482],[109.742915,-7.382943],[109.743454,-7.382943],[109.743454,-7.382404],[109.744263,-7.382404],[109.744263,-7.382134],[109.744532,-7.382134],[109.744532,-7.381865],[109.747766,-7.381865],[109.747766,-7.381595],[109.748036,-7.381595],[109.748036,-7.380517],[109.748575,-7.380517],[109.748575,-7.379709],[109.748844,-7.379709],[109.748844,-7.3789],[109.749383,-7.3789],[109.749383,-7.376744],[109.748844,-7.376744],[109.748844,-7.376475],[109.748036,-7.376475],[109.748036,-7.378361],[109.747766,-7.378361],[109.747766,-7.378631],[109.747497,-7.378631],[109.747497,-7.379439],[109.747227,-7.379439],[109.747227,-7.379978],[109.746958,-7.379978],[109.746958,-7.380248],[109.746688,-7.380248],[109.746688,-7.380517],[109.743993,-7.380517],[109.743993,-7.380787],[109.743724,-7.380787],[109.743724,-7.381056],[109.743454,-7.381056],[109.743454,-7.381326],[109.742646,-7.381326],[109.742646,-7.381595],[109.742107,-7.381595],[109.742107,-7.381865],[109.741838,-7.381865],[109.741838,-7.382134],[109.741568,-7.382134],[109.741568,-7.383212],[109.741299,-7.383212],[109.741299,-7.383751],[109.74049,-7.383751],[109.74049,-7.384021],[109.740221,-7.384021],[109.740221,-7.38429],[109.739951,-7.38429],[109.739951,-7.385638],[109.740221,-7.385638],[109.740221,-7.386716],[109.739412,-7.386716],[109.739412,-7.387255],[109.739143,-7.387255],[109.739143,-7.387524],[109.736987,-7.387524],[109.736987,-7.388063],[109.736717,-7.388063],[109.736717,-7.387524],[109.735639,-7.387524],[109.735639,-7.387255],[109.7351,-7.387255],[109.7351,-7.386716],[109.732675,-7.386716],[109.732675,-7.385099],[109.731058,-7.385099],[109.731058,-7.38429],[109.730788,-7.38429],[109.730788,-7.384021],[109.72998,-7.384021],[109.72998,-7.383482],[109.72971,-7.383482],[109.72971,-7.383212],[109.729441,-7.383212],[109.729441,-7.382943],[109.729171,-7.382943],[109.729171,-7.382673],[109.728363,-7.382673],[109.728363,-7.383212],[109.728093,-7.383212],[109.728093,-7.38429],[109.726476,-7.38429],[109.726476,-7.385099],[109.724859,-7.385099],[109.724859,-7.385907],[109.72459,-7.385907],[109.72459,-7.385099],[109.723242,-7.385099],[109.723242,-7.38456],[109.722973,-7.38456],[109.722973,-7.38429],[109.722434,-7.38429],[109.722434,-7.384021],[109.721625,-7.384021],[109.721625,-7.383751],[109.721356,-7.383751],[109.721356,-7.383482],[109.71947,-7.383482],[109.71947,-7.383751],[109.7192,-7.383751],[109.7192,-7.384021],[109.717314,-7.384021],[109.717314,-7.38429],[109.711385,-7.38429],[109.711385,-7.384829],[109.711115,-7.384829],[109.711115,-7.385099],[109.709229,-7.385099],[109.709229,-7.38429],[109.707342,-7.38429],[109.707342,-7.384021],[109.707073,-7.384021],[109.707073,-7.383751],[109.706803,-7.383751],[109.706803,-7.382673],[109.706264,-7.382673],[109.706264,-7.382404],[109.704108,-7.382404],[109.704108,-7.382673],[109.70303,-7.382673],[109.70303,-7.382943],[109.702761,-7.382943],[109.702761,-7.383212],[109.702491,-7.383212],[109.702491,-7.383482],[109.702222,-7.383482],[109.702222,-7.383751],[109.701952,-7.383751],[109.701952,-7.38429],[109.702222,-7.38429],[109.702222,-7.384021],[109.702491,-7.384021],[109.702491,-7.383751],[109.702761,-7.383751],[109.702761,-7.383482],[109.7033,-7.383482],[109.7033,-7.383212],[109.704378,-7.383212],[109.704378,-7.382943],[109.704647,-7.382943],[109.704647,-7.383212],[109.705456,-7.383212],[109.705456,-7.383482],[109.705995,-7.383482],[109.705995,-7.383751],[109.706264,-7.383751],[109.706264,-7.384021],[109.706534,-7.384021],[109.706534,-7.38429],[109.706803,-7.38429],[109.706803,-7.38456],[109.707073,-7.38456],[109.707073,-7.384829],[109.707342,-7.384829],[109.707342,-7.385368],[109.707612,-7.385368],[109.707612,-7.385638],[109.707342,-7.385638],[109.707342,-7.385907],[109.707073,-7.385907],[109.707073,-7.386177],[109.706264,-7.386177],[109.706264,-7.386446],[109.705456,-7.386446],[109.705456,-7.386716],[109.704647,-7.386716],[109.704647,-7.386985],[109.704108,-7.386985],[109.704108,-7.387255],[109.70303,-7.387255],[109.70303,-7.387524],[109.700875,-7.387524],[109.700875,-7.387255],[109.700605,-7.387255],[109.700605,-7.386716],[109.700875,-7.386716],[109.700875,-7.386446],[109.701144,-7.386446],[109.701144,-7.385907],[109.700875,-7.385907],[109.700875,-7.386177],[109.700336,-7.386177],[109.700336,-7.386446],[109.699527,-7.386446],[109.699527,-7.385099],[109.698719,-7.385099],[109.698719,-7.38429],[109.698449,-7.38429],[109.698449,-7.384021],[109.69818,-7.384021],[109.69818,-7.381595],[109.699258,-7.381595],[109.699258,-7.381056],[109.699527,-7.381056],[109.699527,-7.380787],[109.699797,-7.380787],[109.699797,-7.380517],[109.700066,-7.380517],[109.700066,-7.379978],[109.700336,-7.379978],[109.700336,-7.379439],[109.700605,-7.379439],[109.700605,-7.37917],[109.700875,-7.37917],[109.700875,-7.3789],[109.701144,-7.3789],[109.701144,-7.378631],[109.701683,-7.378631],[109.701683,-7.378361],[109.703839,-7.378361],[109.703839,-7.377822],[109.706264,-7.377822],[109.706264,-7.377283],[109.706534,-7.377283],[109.706534,-7.377014],[109.707073,-7.377014],[109.707073,-7.376205],[109.706264,-7.376205],[109.706264,-7.375666],[109.705995,-7.375666],[109.705995,-7.375127],[109.705725,-7.375127],[109.705725,-7.374588],[109.705995,-7.374588],[109.705995,-7.374319],[109.706264,-7.374319],[109.706264,-7.374049],[109.706534,-7.374049],[109.706534,-7.37378],[109.706803,-7.37378],[109.706803,-7.372971],[109.707073,-7.372971],[109.707073,-7.372163],[109.706803,-7.372163],[109.706803,-7.371624],[109.707342,-7.371624],[109.707342,-7.371085],[109.707612,-7.371085],[109.707612,-7.370546],[109.707881,-7.370546],[109.707881,-7.369737],[109.708151,-7.369737],[109.708151,-7.369468],[109.70842,-7.369468],[109.70842,-7.369198],[109.709229,-7.369198],[109.709229,-7.368929],[109.709768,-7.368929],[109.709768,-7.36866],[109.710037,-7.36866],[109.710037,-7.36839],[109.710307,-7.36839],[109.710307,-7.368121],[109.710576,-7.368121],[109.710576,-7.36839],[109.711385,-7.36839],[109.711385,-7.368121],[109.712463,-7.368121],[109.712463,-7.367851],[109.713002,-7.367851],[109.713002,-7.367582],[109.713541,-7.367582],[109.713541,-7.367312],[109.714349,-7.367312],[109.714349,-7.367043],[109.716236,-7.367043],[109.716236,-7.366773],[109.716775,-7.366773],[109.716775,-7.366504],[109.717583,-7.366504],[109.717583,-7.366234],[109.71947,-7.366234],[109.71947,-7.365965],[109.719739,-7.365965],[109.719739,-7.365695],[109.720278,-7.365695],[109.720278,-7.365426],[109.720548,-7.365426],[109.720548,-7.365156],[109.721087,-7.365156],[109.721087,-7.364887],[109.721625,-7.364887],[109.721625,-7.364617],[109.721895,-7.364617],[109.721895,-7.364348],[109.722164,-7.364348],[109.722164,-7.363539],[109.722434,-7.363539],[109.722434,-7.362461],[109.721356,-7.362461]],[[109.7033,-7.376744],[109.703569,-7.376744],[109.703569,-7.377014],[109.7033,-7.377014],[109.7033,-7.376744]],[[109.697102,-7.386177],[109.698449,-7.386177],[109.698449,-7.386446],[109.698719,-7.386446],[109.698719,-7.386716],[109.698988,-7.386716],[109.698988,-7.386985],[109.699258,-7.386985],[109.699258,-7.387255],[109.698988,-7.387255],[109.698988,-7.387794],[109.698719,-7.387794],[109.698719,-7.388063],[109.69818,-7.388063],[109.69818,-7.388333],[109.697641,-7.388333],[109.697641,-7.388602],[109.696293,-7.388602],[109.696293,-7.387524],[109.696563,-7.387524],[109.696563,-7.386985],[109.696832,-7.386985],[109.696832,-7.386446],[109.697102,-7.386446],[109.697102,-7.386177]],[[109.741029,-7.386446],[109.741838,-7.386446],[109.741838,-7.386716],[109.742376,-7.386716],[109.742376,-7.387524],[109.742646,-7.387524],[109.742646,-7.387794],[109.741568,-7.387794],[109.741568,-7.387524],[109.741299,-7.387524],[109.741299,-7.387255],[109.74076,-7.387255],[109.74076,-7.386716],[109.741029,-7.386716],[109.741029,-7.386446]],[[109.695485,-7.387524],[109.695754,-7.387524],[109.695754,-7.387794],[109.695485,-7.387794],[109.695485,-7.387524]],[[109.692251,-7.388872],[109.69252,-7.388872],[109.69252,-7.389141],[109.69279,-7.389141],[109.69279,-7.38941],[109.69252,-7.38941],[109.69252,-7.38968],[109.691442,-7.38968],[109.691442,-7.38941],[109.691712,-7.38941],[109.691712,-7.389141],[109.692251,-7.389141],[109.692251,-7.388872]]]}},{"id":"91","type":"Feature","properties":{"DN":1,"Keterangan":"Rendah"},"geometry":{"type":"Polygon","coordinates":[[[109.542951,-7.403155],[109.542951,-7.403694],[109.543221,-7.403694],[109.543221,-7.403424],[109.54376,-7.403424],[109.54376,-7.403155],[109.542951,-7.403155]]]}},{"id":"92","type":"Feature","properties":{"DN":1,"Keterangan":"Rendah"},"geometry":{"type":"Polygon","coordinates":[[[109.553462,-7.391566],[109.553462,-7.392375],[109.552653,-7.392375],[109.552653,-7.393722],[109.552384,-7.393722],[109.552384,-7.393992],[109.551845,-7.393992],[109.551845,-7.3948],[109.551036,-7.3948],[109.551036,-7.395609],[109.550228,-7.395609],[109.550228,-7.397226],[109.54915,-7.397226],[109.54915,-7.397495],[109.54888,-7.397495],[109.54888,-7.398034],[109.54915,-7.398034],[109.54915,-7.398573],[109.54888,-7.398573],[109.54888,-7.399651],[109.54915,-7.399651],[109.54915,-7.401268],[109.54888,-7.401268],[109.54888,-7.402077],[109.548611,-7.402077],[109.548611,-7.403424],[109.548341,-7.403424],[109.548341,-7.403694],[109.548072,-7.403694],[109.548072,-7.403963],[109.547802,-7.403963],[109.547802,-7.404502],[109.548341,-7.404502],[109.548341,-7.404233],[109.54888,-7.404233],[109.54888,-7.403155],[109.549419,-7.403155],[109.549419,-7.402885],[109.549689,-7.402885],[109.549689,-7.402616],[109.549958,-7.402616],[109.549958,-7.401807],[109.550228,-7.401807],[109.550228,-7.40046],[109.549958,-7.40046],[109.549958,-7.40019],[109.550228,-7.40019],[109.550228,-7.399382],[109.551036,-7.399382],[109.551036,-7.399112],[109.552653,-7.399112],[109.552653,-7.396956],[109.552923,-7.396956],[109.552923,-7.396148],[109.553192,-7.396148],[109.553192,-7.395609],[109.553731,-7.395609],[109.553731,-7.395878],[109.55454,-7.395878],[109.55454,-7.395609],[109.555079,-7.395609],[109.555079,-7.395339],[109.555618,-7.395339],[109.555618,-7.394261],[109.555079,-7.394261],[109.555079,-7.394531],[109.55454,-7.394531],[109.55454,-7.3948],[109.553731,-7.3948],[109.553731,-7.39507],[109.552923,-7.39507],[109.552923,-7.394531],[109.552653,-7.394531],[109.552653,-7.393992],[109.552923,-7.393992],[109.552923,-7.393183],[109.553192,-7.393183],[109.553192,-7.392914],[109.553462,-7.392914],[109.553462,-7.392644],[109.553731,-7.392644],[109.553731,-7.392375],[109.55427,-7.392375],[109.55427,-7.392105],[109.554809,-7.392105],[109.554809,-7.391566],[109.553462,-7.391566]],[[109.550497,-7.397495],[109.551036,-7.397495],[109.551036,-7.398573],[109.550767,-7.398573],[109.550767,-7.398843],[109.550497,-7.398843],[109.550497,-7.399112],[109.550228,-7.399112],[109.550228,-7.399382],[109.549958,-7.399382],[109.549958,-7.399112],[109.549689,-7.399112],[109.549689,-7.398034],[109.549958,-7.398034],[109.549958,-7.397765],[109.550497,-7.397765],[109.550497,-7.397495]]]}},{"id":"93","type":"Feature","properties":{"DN":2,"Keterangan":"Sedang"},"geometry":{"type":"Polygon","coordinates":[[[109.546994,-7.402077],[109.546994,-7.402346],[109.546724,-7.402346],[109.546724,-7.402885],[109.546455,-7.402885],[109.546455,-7.405041],[109.546994,-7.405041],[109.546994,-7.404772],[109.547263,-7.404772],[109.547263,-7.404502],[109.547802,-7.404502],[109.547802,-7.403963],[109.548072,-7.403963],[109.548072,-7.403694],[109.548341,-7.403694],[109.548341,-7.403424],[109.548611,-7.403424],[109.548611,-7.402346],[109.548072,-7.402346],[109.548072,-7.402077],[109.546994,-7.402077]]]}},{"id":"94","type":"Feature","properties":{"DN":1,"Keterangan":"Rendah"},"geometry":{"type":"Polygon","coordinates":[[[109.547263,-7.404502],[109.547263,-7.404772],[109.546994,-7.404772],[109.546994,-7.405041],[109.544838,-7.405041],[109.544838,-7.40558],[109.547263,-7.40558],[109.547263,-7.405311],[109.547533,-7.405311],[109.547533,-7.405041],[109.547802,-7.405041],[109.547802,-7.404502],[109.547263,-7.404502]]]}},{"id":"95","type":"Feature","properties":{"DN":1,"Keterangan":"Rendah"},"geometry":{"type":"Polygon","coordinates":[[[109.704647,-7.393992],[109.704647,-7.394261],[109.704378,-7.394261],[109.704378,-7.3948],[109.704108,-7.3948],[109.704108,-7.39507],[109.703839,-7.39507],[109.703839,-7.395339],[109.703569,-7.395339],[109.703569,-7.395609],[109.7033,-7.395609],[109.7033,-7.395878],[109.70303,-7.395878],[109.70303,-7.396148],[109.702761,-7.396148],[109.702761,-7.397765],[109.702491,-7.397765],[109.702491,-7.398034],[109.702222,-7.398034],[109.702222,-7.398304],[109.701952,-7.398304],[109.701952,-7.398573],[109.701413,-7.398573],[109.701413,-7.398843],[109.701144,-7.398843],[109.701144,-7.399382],[109.700875,-7.399382],[109.700875,-7.399651],[109.700605,-7.399651],[109.700605,-7.398573],[109.700066,-7.398573],[109.700066,-7.398304],[109.69818,-7.398304],[109.69818,-7.398573],[109.697641,-7.398573],[109.697641,-7.398304],[109.696024,-7.398304],[109.696024,-7.398573],[109.695485,-7.398573],[109.695485,-7.398843],[109.693059,-7.398843],[109.693059,-7.399112],[109.69252,-7.399112],[109.69252,-7.399382],[109.690903,-7.399382],[109.690903,-7.399651],[109.690634,-7.399651],[109.690634,-7.399921],[109.690364,-7.399921],[109.690364,-7.40046],[109.688478,-7.40046],[109.688478,-7.40019],[109.683896,-7.40019],[109.683896,-7.399921],[109.680932,-7.399921],[109.680932,-7.401538],[109.681201,-7.401538],[109.681201,-7.402077],[109.680932,-7.402077],[109.680932,-7.402346],[109.680663,-7.402346],[109.680663,-7.402616],[109.680393,-7.402616],[109.680393,-7.403155],[109.679854,-7.403155],[109.679854,-7.402885],[109.679585,-7.402885],[109.679585,-7.402616],[109.679315,-7.402616],[109.679315,-7.402077],[109.679046,-7.402077],[109.679046,-7.400729],[109.677698,-7.400729],[109.677698,-7.40046],[109.677429,-7.40046],[109.677429,-7.40019],[109.676351,-7.40019],[109.676351,-7.399921],[109.67123,-7.399921],[109.67123,-7.399651],[109.669883,-7.399651],[109.669883,-7.398843],[109.669613,-7.398843],[109.669613,-7.398573],[109.669074,-7.398573],[109.669074,-7.398304],[109.668805,-7.398304],[109.668805,-7.397226],[109.669074,-7.397226],[109.669074,-7.396956],[109.669344,-7.396956],[109.669344,-7.396687],[109.668805,-7.396687],[109.668805,-7.396956],[109.668535,-7.396956],[109.668535,-7.397226],[109.667996,-7.397226],[109.667996,-7.399112],[109.668266,-7.399112],[109.668266,-7.40046],[109.668535,-7.40046],[109.668535,-7.400729],[109.668805,-7.400729],[109.668805,-7.400999],[109.669074,-7.400999],[109.669074,-7.401268],[109.669344,-7.401268],[109.669344,-7.401538],[109.669613,-7.401538],[109.669613,-7.402346],[109.669344,-7.402346],[109.669344,-7.403424],[109.67123,-7.403424],[109.67123,-7.403155],[109.672308,-7.403155],[109.672308,-7.402885],[109.673386,-7.402885],[109.673386,-7.402616],[109.673656,-7.402616],[109.673656,-7.402885],[109.674464,-7.402885],[109.674464,-7.402616],[109.675273,-7.402616],[109.675273,-7.402885],[109.675542,-7.402885],[109.675542,-7.403424],[109.676081,-7.403424],[109.676081,-7.403963],[109.67662,-7.403963],[109.67662,-7.404233],[109.677429,-7.404233],[109.677429,-7.403963],[109.677968,-7.403963],[109.677968,-7.404233],[109.678237,-7.404233],[109.678237,-7.404502],[109.678507,-7.404502],[109.678507,-7.404772],[109.678776,-7.404772],[109.678776,-7.405041],[109.679046,-7.405041],[109.679046,-7.405311],[109.680663,-7.405311],[109.680663,-7.40585],[109.682818,-7.40585],[109.682818,-7.405041],[109.68174,-7.405041],[109.68174,-7.404772],[109.68201,-7.404772],[109.68201,-7.404502],[109.682818,-7.404502],[109.682818,-7.404233],[109.683088,-7.404233],[109.683088,-7.402885],[109.682818,-7.402885],[109.682818,-7.402616],[109.683357,-7.402616],[109.683357,-7.402885],[109.6874,-7.402885],[109.6874,-7.402616],[109.687669,-7.402616],[109.687669,-7.402077],[109.688747,-7.402077],[109.688747,-7.401807],[109.689017,-7.401807],[109.689017,-7.402077],[109.689825,-7.402077],[109.689825,-7.402616],[109.690095,-7.402616],[109.690095,-7.402885],[109.690364,-7.402885],[109.690364,-7.403155],[109.691173,-7.403155],[109.691173,-7.402885],[109.691442,-7.402885],[109.691442,-7.403155],[109.691712,-7.403155],[109.691712,-7.403424],[109.693059,-7.403424],[109.693059,-7.403694],[109.693329,-7.403694],[109.693329,-7.404233],[109.69818,-7.404233],[109.69818,-7.402616],[109.696293,-7.402616],[109.696293,-7.402346],[109.696024,-7.402346],[109.696024,-7.401807],[109.695485,-7.401807],[109.695485,-7.401538],[109.694946,-7.401538],[109.694946,-7.400729],[109.695485,-7.400729],[109.695485,-7.40046],[109.697102,-7.40046],[109.697102,-7.400729],[109.697371,-7.400729],[109.697371,-7.400999],[109.697641,-7.400999],[109.697641,-7.401268],[109.69791,-7.401268],[109.69791,-7.401538],[109.69818,-7.401538],[109.69818,-7.401807],[109.698449,-7.401807],[109.698449,-7.402077],[109.699258,-7.402077],[109.699258,-7.401538],[109.699527,-7.401538],[109.699527,-7.401268],[109.701413,-7.401268],[109.701413,-7.401807],[109.701683,-7.401807],[109.701683,-7.402077],[109.701952,-7.402077],[109.701952,-7.402346],[109.7033,-7.402346],[109.7033,-7.401538],[109.703569,-7.401538],[109.703569,-7.401268],[109.703839,-7.401268],[109.703839,-7.401538],[109.704108,-7.401538],[109.704108,-7.402077],[109.704647,-7.402077],[109.704647,-7.402346],[109.705456,-7.402346],[109.705456,-7.402616],[109.706803,-7.402616],[109.706803,-7.401807],[109.706534,-7.401807],[109.706534,-7.401538],[109.705995,-7.401538],[109.705995,-7.40019],[109.706534,-7.40019],[109.706534,-7.399112],[109.707073,-7.399112],[109.707073,-7.399921],[109.70842,-7.399921],[109.70842,-7.40019],[109.710576,-7.40019],[109.710576,-7.399382],[109.709498,-7.399382],[109.709498,-7.399112],[109.709229,-7.399112],[109.709229,-7.398843],[109.708959,-7.398843],[109.708959,-7.396687],[109.709229,-7.396687],[109.709229,-7.3948],[109.708959,-7.3948],[109.708959,-7.394261],[109.708151,-7.394261],[109.708151,-7.394531],[109.707881,-7.394531],[109.707881,-7.3948],[109.707612,-7.3948],[109.707612,-7.394531],[109.706803,-7.394531],[109.706803,-7.394261],[109.705456,-7.394261],[109.705456,-7.393992],[109.704647,-7.393992]],[[109.704378,-7.395339],[109.705995,-7.395339],[109.705995,-7.395609],[109.706534,-7.395609],[109.706534,-7.395878],[109.707881,-7.395878],[109.707881,-7.396417],[109.708151,-7.396417],[109.708151,-7.397226],[109.70842,-7.397226],[109.70842,-7.397495],[109.708151,-7.397495],[109.708151,-7.398304],[109.707881,-7.398304],[109.707881,-7.398573],[109.707342,-7.398573],[109.707342,-7.398843],[109.705456,-7.398843],[109.705456,-7.399112],[109.704647,-7.399112],[109.704647,-7.399382],[109.704378,-7.399382],[109.704378,-7.399651],[109.703839,-7.399651],[109.703839,-7.40019],[109.7033,-7.40019],[109.7033,-7.40046],[109.70303,-7.40046],[109.70303,-7.400729],[109.702491,-7.400729],[109.702491,-7.400999],[109.701952,-7.400999],[109.701952,-7.400729],[109.701683,-7.400729],[109.701683,-7.399651],[109.701952,-7.399651],[109.701952,-7.399382],[109.702491,-7.399382],[109.702491,-7.398843],[109.702761,-7.398843],[109.702761,-7.398573],[109.70303,-7.398573],[109.70303,-7.398034],[109.7033,-7.398034],[109.7033,-7.396956],[109.703569,-7.396956],[109.703569,-7.396148],[109.703839,-7.396148],[109.703839,-7.395878],[109.704108,-7.395878],[109.704108,-7.395609],[109.704378,-7.395609],[109.704378,-7.395339]],[[109.697102,-7.399112],[109.697371,-7.399112],[109.697371,-7.399382],[109.698449,-7.399382],[109.698449,-7.399651],[109.698988,-7.399651],[109.698988,-7.40019],[109.698719,-7.40019],[109.698719,-7.40046],[109.697371,-7.40046],[109.697371,-7.40019],[109.696832,-7.40019],[109.696832,-7.399921],[109.696563,-7.399921],[109.696563,-7.399651],[109.696832,-7.399651],[109.696832,-7.399382],[109.697102,-7.399382],[109.697102,-7.399112]],[[109.693868,-7.399651],[109.694137,-7.399651],[109.694137,-7.399921],[109.694676,-7.399921],[109.694676,-7.400999],[109.694407,-7.400999],[109.694407,-7.402077],[109.694137,-7.402077],[109.694137,-7.402616],[109.693598,-7.402616],[109.693598,-7.402885],[109.69252,-7.402885],[109.69252,-7.402616],[109.691442,-7.402616],[109.691442,-7.402346],[109.691173,-7.402346],[109.691173,-7.402077],[109.690903,-7.402077],[109.690903,-7.401807],[109.690634,-7.401807],[109.690634,-7.401268],[109.690903,-7.401268],[109.690903,-7.400999],[109.691173,-7.400999],[109.691173,-7.400729],[109.691442,-7.400729],[109.691442,-7.40046],[109.691981,-7.40046],[109.691981,-7.40019],[109.69252,-7.40019],[109.69252,-7.399921],[109.693868,-7.399921],[109.693868,-7.399651]],[[109.670152,-7.400999],[109.672039,-7.400999],[109.672039,-7.401268],[109.673925,-7.401268],[109.673925,-7.400999],[109.675812,-7.400999],[109.675812,-7.401268],[109.67662,-7.401268],[109.67662,-7.401538],[109.677159,-7.401538],[109.677159,-7.401807],[109.677429,-7.401807],[109.677429,-7.402077],[109.677968,-7.402077],[109.677968,-7.402616],[109.678237,-7.402616],[109.678237,-7.403424],[109.67689,-7.403424],[109.67689,-7.403155],[109.676351,-7.403155],[109.676351,-7.402885],[109.676081,-7.402885],[109.676081,-7.402616],[109.675542,-7.402616],[109.675542,-7.402346],[109.675273,-7.402346],[109.675273,-7.402077],[109.674734,-7.402077],[109.674734,-7.401807],[109.672308,-7.401807],[109.672308,-7.402077],[109.670691,-7.402077],[109.670691,-7.401807],[109.670422,-7.401807],[109.670422,-7.401538],[109.670152,-7.401538],[109.670152,-7.400999]],[[109.682549,-7.400999],[109.683896,-7.400999],[109.683896,-7.401268],[109.685244,-7.401268],[109.685244,-7.401538],[109.685513,-7.401538],[109.685513,-7.401807],[109.683896,-7.401807],[109.683896,-7.402077],[109.683357,-7.402077],[109.683357,-7.402346],[109.682279,-7.402346],[109.682279,-7.401268],[109.682549,-7.401268],[109.682549,-7.400999]]]}},{"id":"96","type":"Feature","properties":{"DN":2,"Keterangan":"Sedang"},"geometry":{"type":"Polygon","coordinates":[[[109.779567,-7.403424],[109.779567,-7.405041],[109.779836,-7.405041],[109.779836,-7.40558],[109.780106,-7.40558],[109.780106,-7.40585],[109.780375,-7.40585],[109.780375,-7.404233],[109.780106,-7.404233],[109.780106,-7.403424],[109.779567,-7.403424]]]}},{"id":"97","type":"Feature","properties":{"DN":2,"Keterangan":"Sedang"},"geometry":{"type":"Polygon","coordinates":[[[109.617062,-7.403963],[109.617062,-7.404233],[109.616793,-7.404233],[109.616793,-7.404502],[109.615984,-7.404502],[109.615984,-7.404772],[109.615445,-7.404772],[109.615445,-7.405041],[109.615176,-7.405041],[109.615176,-7.40585],[109.615715,-7.40585],[109.615715,-7.40558],[109.616523,-7.40558],[109.616523,-7.405041],[109.617062,-7.405041],[109.617062,-7.404772],[109.617332,-7.404772],[109.617332,-7.404233],[109.617601,-7.404233],[109.617601,-7.403963],[109.617062,-7.403963]]]}},{"id":"98","type":"Feature","properties":{"DN":2,"Keterangan":"Sedang"},"geometry":{"type":"Polygon","coordinates":[[[109.54376,-7.403155],[109.54376,-7.403424],[109.543221,-7.403424],[109.543221,-7.403694],[109.542951,-7.403694],[109.542951,-7.405311],[109.542682,-7.405311],[109.542682,-7.40585],[109.542951,-7.40585],[109.542951,-7.40558],[109.543221,-7.40558],[109.543221,-7.405311],[109.54376,-7.405311],[109.54376,-7.405041],[109.545107,-7.405041],[109.545107,-7.404502],[109.544838,-7.404502],[109.544838,-7.404233],[109.544568,-7.404233],[109.544568,-7.403694],[109.544299,-7.403694],[109.544299,-7.403424],[109.544029,-7.403424],[109.544029,-7.403155],[109.54376,-7.403155]]]}},{"id":"99","type":"Feature","properties":{"DN":2,"Keterangan":"Sedang"},"geometry":{"type":"Polygon","coordinates":[[[109.780375,-7.40585],[109.780375,-7.406119],[109.780645,-7.406119],[109.780645,-7.40585],[109.780375,-7.40585]]]}},{"id":"100","type":"Feature","properties":{"DN":3,"Keterangan":"Tinggi"},"geometry":{"type":"Polygon","coordinates":[[[109.537831,-7.406119],[109.537831,-7.406389],[109.538101,-7.406389],[109.538101,-7.406119],[109.537831,-7.406119]]]}},{"id":"101","type":"Feature","properties":{"DN":2,"Keterangan":"Sedang"},"geometry":{"type":"Polygon","coordinates":[[[109.780914,-7.406119],[109.780914,-7.406389],[109.781184,-7.406389],[109.781184,-7.406119],[109.780914,-7.406119]]]}},{"id":"102","type":"Feature","properties":{"DN":2,"Keterangan":"Sedang"},"geometry":{"type":"Polygon","coordinates":[[[109.590921,-7.405311],[109.590921,-7.40558],[109.590652,-7.40558],[109.590652,-7.40585],[109.590382,-7.40585],[109.590382,-7.406389],[109.590652,-7.406389],[109.590652,-7.406658],[109.591191,-7.406658],[109.591191,-7.406389],[109.59146,-7.406389],[109.59146,-7.405311],[109.590921,-7.405311]]]}},{"id":"103","type":"Feature","properties":{"DN":2,"Keterangan":"Sedang"},"geometry":{"type":"Polygon","coordinates":[[[109.783609,-7.40558],[109.783609,-7.40585],[109.782531,-7.40585],[109.782531,-7.406119],[109.781723,-7.406119],[109.781723,-7.406658],[109.783878,-7.406658],[109.783878,-7.406389],[109.784417,-7.406389],[109.784417,-7.40558],[109.783609,-7.40558]]]}},{"id":"104","type":"Feature","properties":{"DN":2,"Keterangan":"Sedang"},"geometry":{"type":"Polygon","coordinates":[[[109.608708,-7.405311],[109.608708,-7.40558],[109.60763,-7.40558],[109.60763,-7.40585],[109.607091,-7.40585],[109.607091,-7.406119],[109.606821,-7.406119],[109.606821,-7.407197],[109.608169,-7.407197],[109.608169,-7.406928],[109.609247,-7.406928],[109.609247,-7.406658],[109.609786,-7.406658],[109.609786,-7.406389],[109.610055,-7.406389],[109.610055,-7.406119],[109.610325,-7.406119],[109.610325,-7.40558],[109.610055,-7.40558],[109.610055,-7.405311],[109.608708,-7.405311]]]}},{"id":"105","type":"Feature","properties":{"DN":1,"Keterangan":"Rendah"},"geometry":{"type":"Polygon","coordinates":[[[109.54376,-7.405041],[109.54376,-7.405311],[109.543221,-7.405311],[109.543221,-7.40558],[109.542951,-7.40558],[109.542951,-7.40585],[109.542682,-7.40585],[109.542682,-7.406658],[109.542412,-7.406658],[109.542412,-7.406928],[109.541065,-7.406928],[109.541065,-7.407197],[109.540256,-7.407197],[109.540256,-7.407467],[109.542682,-7.407467],[109.542682,-7.407197],[109.542951,-7.407197],[109.542951,-7.406928],[109.543221,-7.406928],[109.543221,-7.406119],[109.54349,-7.406119],[109.54349,-7.40585],[109.54376,-7.40585],[109.54376,-7.40558],[109.544029,-7.40558],[109.544029,-7.405311],[109.544299,-7.405311],[109.544299,-7.405041],[109.54376,-7.405041]]]}},{"id":"106","type":"Feature","properties":{"DN":2,"Keterangan":"Sedang"},"geometry":{"type":"Polygon","coordinates":[[[109.536753,-7.40585],[109.536753,-7.406658],[109.537023,-7.406658],[109.537023,-7.408006],[109.538101,-7.408006],[109.538101,-7.407736],[109.53864,-7.407736],[109.53864,-7.407467],[109.540256,-7.407467],[109.540256,-7.407197],[109.541065,-7.407197],[109.541065,-7.406928],[109.541334,-7.406928],[109.541334,-7.406658],[109.539717,-7.406658],[109.539717,-7.406389],[109.538909,-7.406389],[109.538909,-7.406119],[109.538101,-7.406119],[109.538101,-7.40585],[109.536753,-7.40585]],[[109.537831,-7.406119],[109.538101,-7.406119],[109.538101,-7.406389],[109.537831,-7.406389],[109.537831,-7.406119]]]}},{"id":"107","type":"Feature","properties":{"DN":2,"Keterangan":"Sedang"},"geometry":{"type":"Polygon","coordinates":[[[109.532711,-7.406658],[109.532711,-7.406928],[109.532441,-7.406928],[109.532441,-7.407736],[109.532711,-7.407736],[109.532711,-7.408006],[109.53325,-7.408006],[109.53325,-7.407736],[109.533789,-7.407736],[109.533789,-7.407467],[109.535136,-7.407467],[109.535136,-7.407736],[109.535406,-7.407736],[109.535406,-7.407197],[109.535136,-7.407197],[109.535136,-7.406928],[109.534328,-7.406928],[109.534328,-7.406658],[109.534058,-7.406658],[109.534058,-7.406928],[109.533519,-7.406928],[109.533519,-7.406658],[109.532711,-7.406658]]]}},{"id":"108","type":"Feature","properties":{"DN":1,"Keterangan":"Rendah"},"geometry":{"type":"Polygon","coordinates":[[[109.538909,-7.407467],[109.538909,-7.408006],[109.540256,-7.408006],[109.540256,-7.407467],[109.538909,-7.407467]]]}},{"id":"109","type":"Feature","properties":{"DN":1,"Keterangan":"Rendah"},"geometry":{"type":"Polygon","coordinates":[[[109.53325,-7.407736],[109.53325,-7.408006],[109.533789,-7.408006],[109.533789,-7.407736],[109.53325,-7.407736]]]}},{"id":"110","type":"Feature","properties":{"DN":1,"Keterangan":"Rendah"},"geometry":{"type":"Polygon","coordinates":[[[109.538101,-7.407736],[109.538101,-7.408006],[109.53837,-7.408006],[109.53837,-7.407736],[109.538101,-7.407736]]]}},{"id":"111","type":"Feature","properties":{"DN":1,"Keterangan":"Rendah"},"geometry":{"type":"Polygon","coordinates":[[[109.534058,-7.407467],[109.534058,-7.408006],[109.534867,-7.408006],[109.534867,-7.408814],[109.537023,-7.408814],[109.537023,-7.408275],[109.537831,-7.408275],[109.537831,-7.408006],[109.536484,-7.408006],[109.536484,-7.408275],[109.535945,-7.408275],[109.535945,-7.408006],[109.535675,-7.408006],[109.535675,-7.407736],[109.535136,-7.407736],[109.535136,-7.407467],[109.534058,-7.407467]]]}},{"id":"112","type":"Feature","properties":{"DN":2,"Keterangan":"Sedang"},"geometry":{"type":"Polygon","coordinates":[[[109.595772,-7.409353],[109.595772,-7.409623],[109.595503,-7.409623],[109.595503,-7.409892],[109.595233,-7.409892],[109.595233,-7.4107],[109.596042,-7.4107],[109.596042,-7.410431],[109.596311,-7.410431],[109.596311,-7.410161],[109.596581,-7.410161],[109.596581,-7.409892],[109.59685,-7.409892],[109.59685,-7.409623],[109.59712,-7.409623],[109.59712,-7.409353],[109.595772,-7.409353]]]}},{"id":"113","type":"Feature","properties":{"DN":2,"Keterangan":"Sedang"},"geometry":{"type":"Polygon","coordinates":[[[109.791155,-7.409353],[109.791155,-7.409623],[109.790885,-7.409623],[109.790885,-7.410161],[109.791155,-7.410161],[109.791155,-7.4107],[109.791424,-7.4107],[109.791424,-7.411239],[109.791694,-7.411239],[109.791694,-7.410161],[109.791424,-7.410161],[109.791424,-7.409353],[109.791155,-7.409353]]]}},{"id":"114","type":"Feature","properties":{"DN":2,"Keterangan":"Sedang"},"geometry":{"type":"Polygon","coordinates":[[[109.794389,-7.41097],[109.794389,-7.411239],[109.794658,-7.411239],[109.794658,-7.41097],[109.794389,-7.41097]]]}},{"id":"115","type":"Feature","properties":{"DN":2,"Keterangan":"Sedang"},"geometry":{"type":"Polygon","coordinates":[[[109.791694,-7.411239],[109.791694,-7.411509],[109.791963,-7.411509],[109.791963,-7.411778],[109.792233,-7.411778],[109.792233,-7.412048],[109.79385,-7.412048],[109.79385,-7.411778],[109.794119,-7.411778],[109.794119,-7.411509],[109.794389,-7.411509],[109.794389,-7.411239],[109.793311,-7.411239],[109.793311,-7.411509],[109.792233,-7.411509],[109.792233,-7.411239],[109.791694,-7.411239]]]}},{"id":"116","type":"Feature","properties":{"DN":2,"Keterangan":"Sedang"},"geometry":{"type":"Polygon","coordinates":[[[109.796814,-7.4107],[109.796814,-7.41097],[109.796545,-7.41097],[109.796545,-7.411239],[109.796814,-7.411239],[109.796814,-7.411509],[109.797353,-7.411509],[109.797353,-7.411778],[109.797892,-7.411778],[109.797892,-7.412048],[109.801126,-7.412048],[109.801126,-7.412317],[109.801665,-7.412317],[109.801665,-7.412587],[109.801935,-7.412587],[109.801935,-7.412856],[109.803282,-7.412856],[109.803282,-7.412587],[109.803551,-7.412587],[109.803551,-7.412317],[109.803821,-7.412317],[109.803821,-7.412048],[109.801935,-7.412048],[109.801935,-7.411778],[109.799779,-7.411778],[109.799779,-7.411509],[109.798162,-7.411509],[109.798162,-7.411239],[109.797353,-7.411239],[109.797353,-7.41097],[109.797084,-7.41097],[109.797084,-7.4107],[109.796814,-7.4107]]]}},{"id":"117","type":"Feature","properties":{"DN":2,"Keterangan":"Sedang"},"geometry":{"type":"Polygon","coordinates":[[[109.509534,-7.411239],[109.509534,-7.411509],[109.509265,-7.411509],[109.509265,-7.411778],[109.508995,-7.411778],[109.508995,-7.412048],[109.508726,-7.412048],[109.508726,-7.412317],[109.508995,-7.412317],[109.508995,-7.412587],[109.509265,-7.412587],[109.509265,-7.412856],[109.510073,-7.412856],[109.510073,-7.413126],[109.51196,-7.413126],[109.51196,-7.412856],[109.512229,-7.412856],[109.512229,-7.412587],[109.512499,-7.412587],[109.512499,-7.412048],[109.51196,-7.412048],[109.51196,-7.412317],[109.511421,-7.412317],[109.511421,-7.412587],[109.510612,-7.412587],[109.510612,-7.412048],[109.510343,-7.412048],[109.510343,-7.411509],[109.510073,-7.411509],[109.510073,-7.411239],[109.509534,-7.411239]]]}},{"id":"118","type":"Feature","properties":{"DN":1,"Keterangan":"Rendah"},"geometry":{"type":"Polygon","coordinates":[[[109.532441,-7.407736],[109.532441,-7.408275],[109.532172,-7.408275],[109.532172,-7.408545],[109.531902,-7.408545],[109.531902,-7.408814],[109.531094,-7.408814],[109.531094,-7.409084],[109.530285,-7.409084],[109.530285,-7.409353],[109.529477,-7.409353],[109.529477,-7.409623],[109.525973,-7.409623],[109.525973,-7.409892],[109.525434,-7.409892],[109.525434,-7.410161],[109.524895,-7.410161],[109.524895,-7.410431],[109.524356,-7.410431],[109.524356,-7.4107],[109.522739,-7.4107],[109.522739,-7.41097],[109.5222,-7.41097],[109.5222,-7.411239],[109.520853,-7.411239],[109.520853,-7.411509],[109.520044,-7.411509],[109.520044,-7.411778],[109.519236,-7.411778],[109.519236,-7.411509],[109.518158,-7.411509],[109.518158,-7.411778],[109.517889,-7.411778],[109.517889,-7.412048],[109.517619,-7.412048],[109.517619,-7.412317],[109.51735,-7.412317],[109.51735,-7.412587],[109.516002,-7.412587],[109.516002,-7.412317],[109.515463,-7.412317],[109.515463,-7.412048],[109.515194,-7.412048],[109.515194,-7.411509],[109.514924,-7.411509],[109.514924,-7.411239],[109.514655,-7.411239],[109.514655,-7.41097],[109.513307,-7.41097],[109.513307,-7.411509],[109.513038,-7.411509],[109.513038,-7.411778],[109.512768,-7.411778],[109.512768,-7.412048],[109.512499,-7.412048],[109.512499,-7.412587],[109.512229,-7.412587],[109.512229,-7.412856],[109.51196,-7.412856],[109.51196,-7.413126],[109.510073,-7.413126],[109.510073,-7.412856],[109.509265,-7.412856],[109.509265,-7.412587],[109.508995,-7.412587],[109.508995,-7.412317],[109.508726,-7.412317],[109.508726,-7.412048],[109.508187,-7.412048],[109.508187,-7.41097],[109.507917,-7.41097],[109.507917,-7.410431],[109.507648,-7.410431],[109.507648,-7.410161],[109.507378,-7.410161],[109.507378,-7.409892],[109.504414,-7.409892],[109.504414,-7.410161],[109.504144,-7.410161],[109.504144,-7.410431],[109.503875,-7.410431],[109.503875,-7.4107],[109.503605,-7.4107],[109.503605,-7.411239],[109.503336,-7.411239],[109.503336,-7.411778],[109.503605,-7.411778],[109.503605,-7.412048],[109.503875,-7.412048],[109.503875,-7.411509],[109.504414,-7.411509],[109.504414,-7.411239],[109.504683,-7.411239],[109.504683,-7.4107],[109.504953,-7.4107],[109.504953,-7.410431],[109.505492,-7.410431],[109.505492,-7.410161],[109.50657,-7.410161],[109.50657,-7.410431],[109.507109,-7.410431],[109.507109,-7.411509],[109.507378,-7.411509],[109.507378,-7.412048],[109.507917,-7.412048],[109.507917,-7.412587],[109.508187,-7.412587],[109.508187,-7.413665],[109.510612,-7.413665],[109.510612,-7.413934],[109.512499,-7.413934],[109.512499,-7.413665],[109.512768,-7.413665],[109.512768,-7.413395],[109.513038,-7.413395],[109.513038,-7.413126],[109.513307,-7.413126],[109.513307,-7.412856],[109.513577,-7.412856],[109.513577,-7.412587],[109.513846,-7.412587],[109.513846,-7.412856],[109.514655,-7.412856],[109.514655,-7.413126],[109.514924,-7.413126],[109.514924,-7.413395],[109.517889,-7.413395],[109.517889,-7.413126],[109.518428,-7.413126],[109.518428,-7.412856],[109.518697,-7.412856],[109.518697,-7.412587],[109.519236,-7.412587],[109.519236,-7.412317],[109.5222,-7.412317],[109.5222,-7.412048],[109.52247,-7.412048],[109.52247,-7.411239],[109.525704,-7.411239],[109.525704,-7.410431],[109.527321,-7.410431],[109.527321,-7.409892],[109.52759,-7.409892],[109.52759,-7.410431],[109.529746,-7.410431],[109.529746,-7.409623],[109.530555,-7.409623],[109.530555,-7.409353],[109.531902,-7.409353],[109.531902,-7.409084],[109.532172,-7.409084],[109.532172,-7.408814],[109.53298,-7.408814],[109.53298,-7.408275],[109.53325,-7.408275],[109.53325,-7.408006],[109.532711,-7.408006],[109.532711,-7.407736],[109.532441,-7.407736]]]}},{"id":"119","type":"Feature","properties":{"DN":1,"Keterangan":"Rendah"},"geometry":{"type":"Polygon","coordinates":[[[109.813253,-7.414473],[109.813253,-7.414743],[109.813523,-7.414743],[109.813523,-7.414473],[109.813253,-7.414473]]]}},{"id":"120","type":"Feature","properties":{"DN":2,"Keterangan":"Sedang"},"geometry":{"type":"Polygon","coordinates":[[[109.818374,-7.416899],[109.818374,-7.417168],[109.818643,-7.417168],[109.818643,-7.416899],[109.818374,-7.416899]]]}},{"id":"121","type":"Feature","properties":{"DN":2,"Keterangan":"Sedang"},"geometry":{"type":"Polygon","coordinates":[[[109.57556,-7.417168],[109.57556,-7.417438],[109.574752,-7.417438],[109.574752,-7.417707],[109.574213,-7.417707],[109.574213,-7.417977],[109.573943,-7.417977],[109.573943,-7.418516],[109.574213,-7.418516],[109.574213,-7.418785],[109.574482,-7.418785],[109.574482,-7.419055],[109.57556,-7.419055],[109.57556,-7.418785],[109.576099,-7.418785],[109.576099,-7.417977],[109.576369,-7.417977],[109.576369,-7.417438],[109.576099,-7.417438],[109.576099,-7.417168],[109.57556,-7.417168]]]}},{"id":"122","type":"Feature","properties":{"DN":2,"Keterangan":"Sedang"},"geometry":{"type":"Polygon","coordinates":[[[109.818643,-7.417168],[109.818643,-7.417707],[109.818913,-7.417707],[109.818913,-7.418246],[109.819182,-7.418246],[109.819182,-7.418516],[109.819452,-7.418516],[109.819452,-7.418785],[109.819721,-7.418785],[109.819721,-7.419055],[109.819991,-7.419055],[109.819991,-7.419324],[109.82026,-7.419324],[109.82026,-7.419594],[109.82053,-7.419594],[109.82053,-7.419863],[109.820799,-7.419863],[109.820799,-7.419324],[109.82053,-7.419324],[109.82053,-7.419055],[109.82026,-7.419055],[109.82026,-7.418785],[109.819991,-7.418785],[109.819991,-7.418516],[109.819721,-7.418516],[109.819721,-7.418246],[109.819452,-7.418246],[109.819452,-7.417707],[109.819182,-7.417707],[109.819182,-7.417438],[109.818913,-7.417438],[109.818913,-7.417168],[109.818643,-7.417168]]]}},{"id":"123","type":"Feature","properties":{"DN":1,"Keterangan":"Rendah"},"geometry":{"type":"Polygon","coordinates":[[[109.829153,-7.419594],[109.829153,-7.419863],[109.829423,-7.419863],[109.829423,-7.419594],[109.829153,-7.419594]]]}},{"id":"124","type":"Feature","properties":{"DN":2,"Keterangan":"Sedang"},"geometry":{"type":"Polygon","coordinates":[[[109.820799,-7.419863],[109.820799,-7.420133],[109.821069,-7.420133],[109.821069,-7.419863],[109.820799,-7.419863]]]}},{"id":"125","type":"Feature","properties":{"DN":1,"Keterangan":"Rendah"},"geometry":{"type":"Polygon","coordinates":[[[109.77229,-7.399112],[109.77229,-7.399921],[109.773368,-7.399921],[109.773368,-7.40019],[109.773638,-7.40019],[109.773638,-7.402616],[109.773368,-7.402616],[109.773368,-7.402885],[109.773099,-7.402885],[109.773099,-7.403155],[109.772829,-7.403155],[109.772829,-7.404502],[109.773099,-7.404502],[109.773099,-7.404772],[109.773368,-7.404772],[109.773368,-7.405311],[109.773907,-7.405311],[109.773907,-7.40558],[109.774177,-7.40558],[109.774177,-7.406119],[109.774446,-7.406119],[109.774446,-7.408814],[109.774716,-7.408814],[109.774716,-7.409623],[109.774985,-7.409623],[109.774985,-7.409892],[109.775524,-7.409892],[109.775524,-7.410161],[109.775794,-7.410161],[109.775794,-7.4107],[109.776063,-7.4107],[109.776063,-7.412317],[109.775794,-7.412317],[109.775794,-7.412587],[109.775524,-7.412587],[109.775524,-7.412856],[109.774716,-7.412856],[109.774716,-7.413126],[109.774446,-7.413126],[109.774446,-7.413665],[109.774177,-7.413665],[109.774177,-7.413395],[109.773368,-7.413395],[109.773368,-7.413934],[109.772829,-7.413934],[109.772829,-7.414204],[109.77256,-7.414204],[109.77256,-7.414473],[109.771482,-7.414473],[109.771482,-7.414743],[109.771212,-7.414743],[109.771212,-7.415551],[109.771482,-7.415551],[109.771482,-7.415821],[109.771751,-7.415821],[109.771751,-7.41609],[109.77256,-7.41609],[109.77256,-7.41636],[109.772829,-7.41636],[109.772829,-7.417707],[109.773099,-7.417707],[109.773099,-7.417977],[109.773368,-7.417977],[109.773368,-7.418516],[109.773638,-7.418516],[109.773638,-7.418785],[109.774446,-7.418785],[109.774446,-7.417977],[109.774177,-7.417977],[109.774177,-7.417438],[109.773907,-7.417438],[109.773907,-7.416629],[109.773638,-7.416629],[109.773638,-7.415821],[109.773368,-7.415821],[109.773368,-7.415012],[109.773638,-7.415012],[109.773638,-7.414743],[109.774716,-7.414743],[109.774716,-7.414473],[109.774985,-7.414473],[109.774985,-7.414204],[109.775255,-7.414204],[109.775255,-7.413934],[109.776333,-7.413934],[109.776333,-7.413126],[109.776602,-7.413126],[109.776602,-7.412856],[109.776872,-7.412856],[109.776872,-7.410161],[109.776602,-7.410161],[109.776602,-7.409353],[109.776333,-7.409353],[109.776333,-7.409084],[109.776063,-7.409084],[109.776063,-7.408814],[109.775794,-7.408814],[109.775794,-7.408006],[109.775524,-7.408006],[109.775524,-7.407736],[109.775255,-7.407736],[109.775255,-7.406658],[109.775524,-7.406658],[109.775524,-7.404772],[109.775255,-7.404772],[109.775255,-7.404233],[109.774985,-7.404233],[109.774985,-7.403963],[109.774446,-7.403963],[109.774446,-7.403694],[109.774177,-7.403694],[109.774177,-7.403155],[109.774446,-7.403155],[109.774446,-7.402616],[109.774716,-7.402616],[109.774716,-7.401268],[109.774446,-7.401268],[109.774446,-7.400999],[109.775524,-7.400999],[109.775524,-7.401268],[109.775794,-7.401268],[109.775794,-7.401538],[109.776063,-7.401538],[109.776063,-7.401807],[109.776333,-7.401807],[109.776333,-7.402346],[109.77768,-7.402346],[109.77768,-7.402616],[109.77795,-7.402616],[109.77795,-7.403155],[109.778758,-7.403155],[109.778758,-7.406389],[109.780375,-7.406389],[109.780375,-7.407197],[109.784148,-7.407197],[109.784148,-7.406658],[109.784417,-7.406658],[109.784417,-7.407197],[109.785765,-7.407197],[109.785765,-7.407467],[109.786843,-7.407467],[109.786843,-7.408006],[109.787651,-7.408006],[109.787651,-7.408814],[109.788729,-7.408814],[109.788729,-7.409084],[109.789268,-7.409084],[109.789268,-7.409623],[109.789807,-7.409623],[109.789807,-7.409892],[109.790077,-7.409892],[109.790077,-7.410431],[109.790616,-7.410431],[109.790616,-7.411509],[109.790885,-7.411509],[109.790885,-7.412048],[109.791155,-7.412048],[109.791155,-7.412317],[109.791424,-7.412317],[109.791424,-7.412587],[109.791963,-7.412587],[109.791963,-7.412856],[109.793041,-7.412856],[109.793041,-7.412587],[109.794389,-7.412587],[109.794389,-7.412317],[109.794928,-7.412317],[109.794928,-7.412048],[109.795467,-7.412048],[109.795467,-7.411778],[109.795736,-7.411778],[109.795736,-7.412048],[109.796545,-7.412048],[109.796545,-7.412317],[109.797623,-7.412317],[109.797623,-7.412587],[109.797892,-7.412587],[109.797892,-7.415551],[109.797623,-7.415551],[109.797623,-7.415821],[109.796814,-7.415821],[109.796814,-7.41636],[109.796545,-7.41636],[109.796545,-7.417168],[109.796814,-7.417168],[109.796814,-7.417707],[109.797084,-7.417707],[109.797084,-7.418246],[109.796814,-7.418246],[109.796814,-7.418785],[109.796545,-7.418785],[109.796545,-7.419594],[109.796006,-7.419594],[109.796006,-7.420402],[109.796545,-7.420402],[109.796545,-7.420672],[109.797353,-7.420672],[109.797353,-7.420402],[109.797623,-7.420402],[109.797623,-7.419324],[109.797892,-7.419324],[109.797892,-7.418785],[109.798431,-7.418785],[109.798431,-7.41609],[109.798701,-7.41609],[109.798701,-7.415551],[109.79897,-7.415551],[109.79897,-7.414743],[109.79924,-7.414743],[109.79924,-7.413126],[109.79897,-7.413126],[109.79897,-7.412587],[109.798701,-7.412587],[109.798701,-7.412317],[109.801126,-7.412317],[109.801126,-7.412048],[109.797892,-7.412048],[109.797892,-7.411778],[109.797353,-7.411778],[109.797353,-7.411509],[109.796814,-7.411509],[109.796814,-7.411239],[109.796545,-7.411239],[109.796545,-7.41097],[109.796814,-7.41097],[109.796814,-7.410431],[109.794928,-7.410431],[109.794928,-7.4107],[109.794658,-7.4107],[109.794658,-7.411239],[109.794389,-7.411239],[109.794389,-7.411509],[109.794119,-7.411509],[109.794119,-7.411778],[109.79385,-7.411778],[109.79385,-7.412048],[109.792233,-7.412048],[109.792233,-7.411778],[109.791963,-7.411778],[109.791963,-7.411509],[109.791694,-7.411509],[109.791694,-7.411239],[109.791424,-7.411239],[109.791424,-7.4107],[109.791155,-7.4107],[109.791155,-7.410161],[109.790885,-7.410161],[109.790885,-7.409623],[109.791155,-7.409623],[109.791155,-7.408814],[109.790885,-7.408814],[109.790885,-7.408545],[109.790346,-7.408545],[109.790346,-7.408275],[109.789807,-7.408275],[109.789807,-7.408006],[109.789268,-7.408006],[109.789268,-7.407736],[109.788729,-7.407736],[109.788729,-7.407467],[109.787921,-7.407467],[109.787921,-7.407197],[109.787382,-7.407197],[109.787382,-7.406928],[109.787112,-7.406928],[109.787112,-7.406658],[109.786843,-7.406658],[109.786843,-7.406389],[109.786573,-7.406389],[109.786573,-7.406119],[109.786034,-7.406119],[109.786034,-7.40585],[109.785226,-7.40585],[109.785226,-7.40558],[109.784417,-7.40558],[109.784417,-7.406389],[109.783878,-7.406389],[109.783878,-7.406658],[109.781723,-7.406658],[109.781723,-7.406389],[109.780914,-7.406389],[109.780914,-7.406119],[109.780375,-7.406119],[109.780375,-7.40585],[109.780106,-7.40585],[109.780106,-7.40558],[109.779836,-7.40558],[109.779836,-7.405041],[109.779567,-7.405041],[109.779567,-7.403424],[109.780106,-7.403424],[109.780106,-7.403155],[109.779836,-7.403155],[109.779836,-7.402885],[109.779567,-7.402885],[109.779567,-7.402346],[109.779297,-7.402346],[109.779297,-7.402077],[109.779028,-7.402077],[109.779028,-7.401807],[109.778489,-7.401807],[109.778489,-7.401538],[109.778219,-7.401538],[109.778219,-7.401268],[109.77795,-7.401268],[109.77795,-7.400999],[109.777411,-7.400999],[109.777411,-7.400729],[109.776872,-7.400729],[109.776872,-7.40046],[109.776602,-7.40046],[109.776602,-7.40019],[109.776333,-7.40019],[109.776333,-7.399921],[109.775524,-7.399921],[109.775524,-7.399651],[109.774177,-7.399651],[109.774177,-7.399382],[109.773368,-7.399382],[109.773368,-7.399112],[109.77229,-7.399112]]]}},{"id":"126","type":"Feature","properties":{"DN":2,"Keterangan":"Sedang"},"geometry":{"type":"Polygon","coordinates":[[[109.828884,-7.419594],[109.828884,-7.419863],[109.828075,-7.419863],[109.828075,-7.420941],[109.828345,-7.420941],[109.828345,-7.421211],[109.828614,-7.421211],[109.828614,-7.420672],[109.829153,-7.420672],[109.829153,-7.420402],[109.829423,-7.420402],[109.829423,-7.420133],[109.829692,-7.420133],[109.829692,-7.419863],[109.829153,-7.419863],[109.829153,-7.419594],[109.828884,-7.419594]]]}},{"id":"127","type":"Feature","properties":{"DN":2,"Keterangan":"Sedang"},"geometry":{"type":"Polygon","coordinates":[[[109.83077,-7.42148],[109.83077,-7.42175],[109.829423,-7.42175],[109.829423,-7.422019],[109.829692,-7.422019],[109.829692,-7.422289],[109.830231,-7.422289],[109.830231,-7.422019],[109.831309,-7.422019],[109.831309,-7.42175],[109.831579,-7.42175],[109.831579,-7.42148],[109.83077,-7.42148]]]}},{"id":"128","type":"Feature","properties":{"DN":2,"Keterangan":"Sedang"},"geometry":{"type":"Polygon","coordinates":[[[109.569901,-7.420672],[109.569901,-7.420941],[109.569631,-7.420941],[109.569631,-7.421211],[109.569092,-7.421211],[109.569092,-7.42148],[109.568284,-7.42148],[109.568284,-7.42175],[109.568014,-7.42175],[109.568014,-7.422019],[109.568284,-7.422019],[109.568284,-7.422558],[109.569901,-7.422558],[109.569901,-7.422289],[109.57044,-7.422289],[109.57044,-7.42175],[109.570709,-7.42175],[109.570709,-7.420941],[109.57044,-7.420941],[109.57044,-7.420672],[109.569901,-7.420672]]]}},{"id":"129","type":"Feature","properties":{"DN":1,"Keterangan":"Rendah"},"geometry":{"type":"Polygon","coordinates":[[[109.813523,-7.414743],[109.813523,-7.415012],[109.813792,-7.415012],[109.813792,-7.415282],[109.814601,-7.415282],[109.814601,-7.41609],[109.816218,-7.41609],[109.816218,-7.416899],[109.816757,-7.416899],[109.816757,-7.417168],[109.817296,-7.417168],[109.817296,-7.417438],[109.817835,-7.417438],[109.817835,-7.418516],[109.818374,-7.418516],[109.818374,-7.418785],[109.818643,-7.418785],[109.818643,-7.419055],[109.818913,-7.419055],[109.818913,-7.419324],[109.819452,-7.419324],[109.819452,-7.419594],[109.819721,-7.419594],[109.819721,-7.419863],[109.82026,-7.419863],[109.82026,-7.420941],[109.820799,-7.420941],[109.820799,-7.421211],[109.821069,-7.421211],[109.821069,-7.42175],[109.821338,-7.42175],[109.821338,-7.422828],[109.821608,-7.422828],[109.821608,-7.423097],[109.821877,-7.423097],[109.821877,-7.423367],[109.822147,-7.423367],[109.822147,-7.423636],[109.822416,-7.423636],[109.822416,-7.423906],[109.822686,-7.423906],[109.822686,-7.424175],[109.822955,-7.424175],[109.822955,-7.424445],[109.823494,-7.424445],[109.823494,-7.424714],[109.824033,-7.424714],[109.824033,-7.424984],[109.824302,-7.424984],[109.824302,-7.425253],[109.825111,-7.425253],[109.825111,-7.425523],[109.825919,-7.425523],[109.825919,-7.424175],[109.82565,-7.424175],[109.82565,-7.423906],[109.82538,-7.423906],[109.82538,-7.423636],[109.824572,-7.423636],[109.824572,-7.423367],[109.823224,-7.423367],[109.823224,-7.422558],[109.824033,-7.422558],[109.824033,-7.42175],[109.824572,-7.42175],[109.824572,-7.42148],[109.824841,-7.42148],[109.824841,-7.421211],[109.825111,-7.421211],[109.825111,-7.420941],[109.826458,-7.420941],[109.826458,-7.420672],[109.827536,-7.420672],[109.827536,-7.422558],[109.828345,-7.422558],[109.828345,-7.423367],[109.829692,-7.423367],[109.829692,-7.422558],[109.832118,-7.422558],[109.832118,-7.423097],[109.832387,-7.423097],[109.832387,-7.423367],[109.832657,-7.423367],[109.832657,-7.423097],[109.832926,-7.423097],[109.832926,-7.422289],[109.832657,-7.422289],[109.832657,-7.422019],[109.831848,-7.422019],[109.831848,-7.42175],[109.831309,-7.42175],[109.831309,-7.422019],[109.830231,-7.422019],[109.830231,-7.422289],[109.829692,-7.422289],[109.829692,-7.422019],[109.829423,-7.422019],[109.829423,-7.42175],[109.828884,-7.42175],[109.828884,-7.42148],[109.828614,-7.42148],[109.828614,-7.421211],[109.828345,-7.421211],[109.828345,-7.420941],[109.828075,-7.420941],[109.828075,-7.419863],[109.828884,-7.419863],[109.828884,-7.419594],[109.826728,-7.419594],[109.826728,-7.419863],[109.826189,-7.419863],[109.826189,-7.420133],[109.82538,-7.420133],[109.82538,-7.420402],[109.824572,-7.420402],[109.824572,-7.420672],[109.824033,-7.420672],[109.824033,-7.420941],[109.823494,-7.420941],[109.823494,-7.421211],[109.822147,-7.421211],[109.822147,-7.420941],[109.821608,-7.420941],[109.821608,-7.420672],[109.821338,-7.420672],[109.821338,-7.420402],[109.821069,-7.420402],[109.821069,-7.420133],[109.820799,-7.420133],[109.820799,-7.419863],[109.82053,-7.419863],[109.82053,-7.419594],[109.82026,-7.419594],[109.82026,-7.419324],[109.819991,-7.419324],[109.819991,-7.419055],[109.819721,-7.419055],[109.819721,-7.418785],[109.819452,-7.418785],[109.819452,-7.418516],[109.819182,-7.418516],[109.819182,-7.418246],[109.818913,-7.418246],[109.818913,-7.417707],[109.818643,-7.417707],[109.818643,-7.417168],[109.818374,-7.417168],[109.818374,-7.41636],[109.818104,-7.41636],[109.818104,-7.41609],[109.817835,-7.41609],[109.817835,-7.415821],[109.817296,-7.415821],[109.817296,-7.415551],[109.816757,-7.415551],[109.816757,-7.415282],[109.815679,-7.415282],[109.815679,-7.415012],[109.814601,-7.415012],[109.814601,-7.414743],[109.813523,-7.414743]],[[109.822147,-7.42148],[109.822686,-7.42148],[109.822686,-7.422289],[109.822147,-7.422289],[109.822147,-7.42148]]]}},{"id":"130","type":"Feature","properties":{"DN":1,"Keterangan":"Rendah"},"geometry":{"type":"Polygon","coordinates":[[[109.803821,-7.412048],[109.803821,-7.412317],[109.803551,-7.412317],[109.803551,-7.412587],[109.803282,-7.412587],[109.803282,-7.412856],[109.801935,-7.412856],[109.801935,-7.412587],[109.801665,-7.412587],[109.801665,-7.412317],[109.801126,-7.412317],[109.801126,-7.413665],[109.801396,-7.413665],[109.801396,-7.413934],[109.801665,-7.413934],[109.801665,-7.414204],[109.801935,-7.414204],[109.801935,-7.414473],[109.803012,-7.414473],[109.803012,-7.414743],[109.803282,-7.414743],[109.803282,-7.415012],[109.803551,-7.415012],[109.803551,-7.415282],[109.80409,-7.415282],[109.80409,-7.415551],[109.80436,-7.415551],[109.80436,-7.415821],[109.804629,-7.415821],[109.804629,-7.41609],[109.805168,-7.41609],[109.805168,-7.416899],[109.805438,-7.416899],[109.805438,-7.417168],[109.805707,-7.417168],[109.805707,-7.417438],[109.805977,-7.417438],[109.805977,-7.417977],[109.806246,-7.417977],[109.806246,-7.418246],[109.805977,-7.418246],[109.805977,-7.419594],[109.806516,-7.419594],[109.806516,-7.421211],[109.807055,-7.421211],[109.807055,-7.424714],[109.806785,-7.424714],[109.806785,-7.424984],[109.806516,-7.424984],[109.806516,-7.425253],[109.806246,-7.425253],[109.806246,-7.426601],[109.805707,-7.426601],[109.805707,-7.428757],[109.806516,-7.428757],[109.806516,-7.427948],[109.806785,-7.427948],[109.806785,-7.427679],[109.807055,-7.427679],[109.807055,-7.427409],[109.807324,-7.427409],[109.807324,-7.42687],[109.807594,-7.42687],[109.807594,-7.426062],[109.807863,-7.426062],[109.807863,-7.422289],[109.808133,-7.422289],[109.808133,-7.42175],[109.808402,-7.42175],[109.808402,-7.420133],[109.808133,-7.420133],[109.808133,-7.419594],[109.807594,-7.419594],[109.807594,-7.419324],[109.807324,-7.419324],[109.807324,-7.419055],[109.807055,-7.419055],[109.807055,-7.417977],[109.807324,-7.417977],[109.807324,-7.41636],[109.807055,-7.41636],[109.807055,-7.415821],[109.806785,-7.415821],[109.806785,-7.414743],[109.805977,-7.414743],[109.805977,-7.414473],[109.805707,-7.414473],[109.805707,-7.414204],[109.803821,-7.414204],[109.803821,-7.413665],[109.803551,-7.413665],[109.803551,-7.413395],[109.802204,-7.413395],[109.802204,-7.413126],[109.803551,-7.413126],[109.803551,-7.412856],[109.803821,-7.412856],[109.803821,-7.413126],[109.805438,-7.413126],[109.805438,-7.413665],[109.806246,-7.413665],[109.806246,-7.414473],[109.807324,-7.414473],[109.807324,-7.414743],[109.808672,-7.414743],[109.808672,-7.415012],[109.810289,-7.415012],[109.810289,-7.414743],[109.812445,-7.414743],[109.812445,-7.414473],[109.812714,-7.414473],[109.812714,-7.414204],[109.811906,-7.414204],[109.811906,-7.413934],[109.810828,-7.413934],[109.810828,-7.413665],[109.809211,-7.413665],[109.809211,-7.413934],[109.807863,-7.413934],[109.807863,-7.413665],[109.807324,-7.413665],[109.807324,-7.413395],[109.807055,-7.413395],[109.807055,-7.413126],[109.806516,-7.413126],[109.806516,-7.412856],[109.805707,-7.412856],[109.805707,-7.412587],[109.805168,-7.412587],[109.805168,-7.412317],[109.80436,-7.412317],[109.80436,-7.412048],[109.803821,-7.412048]]]}},{"id":"131","type":"Feature","properties":{"DN":2,"Keterangan":"Sedang"},"geometry":{"type":"Polygon","coordinates":[[[109.628111,-7.429296],[109.628111,-7.429835],[109.629459,-7.429835],[109.629459,-7.429565],[109.629189,-7.429565],[109.629189,-7.429296],[109.628111,-7.429296]]]}},{"id":"132","type":"Feature","properties":{"DN":2,"Keterangan":"Sedang"},"geometry":{"type":"Polygon","coordinates":[[[109.558852,-7.427409],[109.558852,-7.427679],[109.555618,-7.427679],[109.555618,-7.427948],[109.554809,-7.427948],[109.554809,-7.428218],[109.552653,-7.428218],[109.552653,-7.427948],[109.552384,-7.427948],[109.552384,-7.428218],[109.551575,-7.428218],[109.551575,-7.428487],[109.551306,-7.428487],[109.551306,-7.428757],[109.550767,-7.428757],[109.550767,-7.429026],[109.550497,-7.429026],[109.550497,-7.429296],[109.550228,-7.429296],[109.550228,-7.429565],[109.549958,-7.429565],[109.549958,-7.430373],[109.550497,-7.430373],[109.550497,-7.430643],[109.551036,-7.430643],[109.551036,-7.430373],[109.555887,-7.430373],[109.555887,-7.430643],[109.556696,-7.430643],[109.556696,-7.430373],[109.557504,-7.430373],[109.557504,-7.430104],[109.557774,-7.430104],[109.557774,-7.429835],[109.558043,-7.429835],[109.558043,-7.429565],[109.558313,-7.429565],[109.558313,-7.429296],[109.558582,-7.429296],[109.558582,-7.428757],[109.558852,-7.428757],[109.558852,-7.428487],[109.559121,-7.428487],[109.559121,-7.428218],[109.55966,-7.428218],[109.55966,-7.427948],[109.559929,-7.427948],[109.559929,-7.427409],[109.558852,-7.427409]]]}},{"id":"133","type":"Feature","properties":{"DN":2,"Keterangan":"Sedang"},"geometry":{"type":"Polygon","coordinates":[[[109.611942,-7.429026],[109.611942,-7.429296],[109.611133,-7.429296],[109.611133,-7.429565],[109.610594,-7.429565],[109.610594,-7.430104],[109.610864,-7.430104],[109.610864,-7.430373],[109.611133,-7.430373],[109.611133,-7.430643],[109.613559,-7.430643],[109.613559,-7.430104],[109.613828,-7.430104],[109.613828,-7.429565],[109.613559,-7.429565],[109.613559,-7.429296],[109.612481,-7.429296],[109.612481,-7.429026],[109.611942,-7.429026]]]}},{"id":"134","type":"Feature","properties":{"DN":2,"Keterangan":"Sedang"},"geometry":{"type":"Polygon","coordinates":[[[109.603857,-7.429835],[109.603857,-7.430104],[109.603318,-7.430104],[109.603318,-7.430912],[109.604396,-7.430912],[109.604396,-7.430104],[109.604126,-7.430104],[109.604126,-7.429835],[109.603857,-7.429835]]]}},{"id":"135","type":"Feature","properties":{"DN":2,"Keterangan":"Sedang"},"geometry":{"type":"Polygon","coordinates":[[[109.589304,-7.436572],[109.589304,-7.436841],[109.587687,-7.436841],[109.587687,-7.437111],[109.587418,-7.437111],[109.587418,-7.43738],[109.588496,-7.43738],[109.588496,-7.437111],[109.590921,-7.437111],[109.590921,-7.436841],[109.590113,-7.436841],[109.590113,-7.436572],[109.589304,-7.436572]]]}},{"id":"136","type":"Feature","properties":{"DN":2,"Keterangan":"Sedang"},"geometry":{"type":"Polygon","coordinates":[[[109.535406,-7.437111],[109.535406,-7.43738],[109.535136,-7.43738],[109.535136,-7.437919],[109.535406,-7.437919],[109.535406,-7.438189],[109.536214,-7.438189],[109.536214,-7.438458],[109.536484,-7.438458],[109.536484,-7.438728],[109.536753,-7.438728],[109.536753,-7.438997],[109.537023,-7.438997],[109.537023,-7.439536],[109.537562,-7.439536],[109.537562,-7.439267],[109.537831,-7.439267],[109.537831,-7.438458],[109.537562,-7.438458],[109.537562,-7.438189],[109.536753,-7.438189],[109.536753,-7.437919],[109.536484,-7.437919],[109.536484,-7.43765],[109.535945,-7.43765],[109.535945,-7.43738],[109.535675,-7.43738],[109.535675,-7.437111],[109.535406,-7.437111]]]}},{"id":"137","type":"Feature","properties":{"DN":2,"Keterangan":"Sedang"},"geometry":{"type":"Polygon","coordinates":[[[109.581219,-7.439267],[109.581219,-7.439536],[109.58068,-7.439536],[109.58068,-7.439806],[109.580411,-7.439806],[109.580411,-7.440075],[109.579872,-7.440075],[109.579872,-7.440345],[109.579603,-7.440345],[109.579603,-7.440614],[109.579333,-7.440614],[109.579333,-7.441153],[109.579603,-7.441153],[109.579603,-7.441423],[109.579872,-7.441423],[109.579872,-7.441692],[109.58095,-7.441692],[109.58095,-7.441423],[109.581219,-7.441423],[109.581219,-7.441153],[109.581758,-7.441153],[109.581758,-7.440884],[109.582028,-7.440884],[109.582028,-7.440614],[109.582567,-7.440614],[109.582567,-7.440345],[109.582836,-7.440345],[109.582836,-7.440075],[109.583106,-7.440075],[109.583106,-7.439536],[109.583375,-7.439536],[109.583375,-7.439267],[109.581219,-7.439267]]]}},{"id":"138","type":"Feature","properties":{"DN":2,"Keterangan":"Sedang"},"geometry":{"type":"Polygon","coordinates":[[[109.527321,-7.440884],[109.527321,-7.441153],[109.526512,-7.441153],[109.526512,-7.441423],[109.526243,-7.441423],[109.526243,-7.441692],[109.525973,-7.441692],[109.525973,-7.441962],[109.526243,-7.441962],[109.526243,-7.442231],[109.527051,-7.442231],[109.527051,-7.441962],[109.52786,-7.441962],[109.52786,-7.441692],[109.528399,-7.441692],[109.528399,-7.441423],[109.528668,-7.441423],[109.528668,-7.441153],[109.529207,-7.441153],[109.529207,-7.440884],[109.527321,-7.440884]]]}},{"id":"139","type":"Feature","properties":{"DN":1,"Keterangan":"Rendah"},"geometry":{"type":"Polygon","coordinates":[[[109.487436,-7.442231],[109.487436,-7.442501],[109.487705,-7.442501],[109.487705,-7.442231],[109.487436,-7.442231]]]}},{"id":"140","type":"Feature","properties":{"DN":2,"Keterangan":"Sedang"},"geometry":{"type":"Polygon","coordinates":[[[109.481507,-7.441962],[109.481507,-7.442231],[109.480698,-7.442231],[109.480698,-7.442501],[109.480429,-7.442501],[109.480429,-7.44277],[109.480968,-7.44277],[109.480968,-7.44304],[109.481237,-7.44304],[109.481237,-7.443309],[109.481776,-7.443309],[109.481776,-7.443579],[109.482315,-7.443579],[109.482315,-7.443309],[109.482585,-7.443309],[109.482585,-7.44304],[109.483124,-7.44304],[109.483124,-7.44277],[109.483393,-7.44277],[109.483393,-7.442501],[109.482854,-7.442501],[109.482854,-7.442231],[109.482315,-7.442231],[109.482315,-7.441962],[109.481507,-7.441962]]]}},{"id":"141","type":"Feature","properties":{"DN":1,"Keterangan":"Rendah"},"geometry":{"type":"Polygon","coordinates":[[[109.472883,-7.441692],[109.472883,-7.441962],[109.472344,-7.441962],[109.472344,-7.442231],[109.472075,-7.442231],[109.472075,-7.44304],[109.471805,-7.44304],[109.471805,-7.444118],[109.472075,-7.444118],[109.472075,-7.444657],[109.472344,-7.444657],[109.472344,-7.443848],[109.472614,-7.443848],[109.472614,-7.443309],[109.472883,-7.443309],[109.472883,-7.44277],[109.473153,-7.44277],[109.473153,-7.442501],[109.473692,-7.442501],[109.473692,-7.442231],[109.475039,-7.442231],[109.475039,-7.441962],[109.47477,-7.441962],[109.47477,-7.441692],[109.472883,-7.441692]]]}},{"id":"142","type":"Feature","properties":{"DN":1,"Keterangan":"Rendah"},"geometry":{"type":"Polygon","coordinates":[[[109.484471,-7.444657],[109.484471,-7.444926],[109.484741,-7.444926],[109.484741,-7.444657],[109.484471,-7.444657]]]}},{"id":"143","type":"Feature","properties":{"DN":1,"Keterangan":"Rendah"},"geometry":{"type":"Polygon","coordinates":[[[109.484741,-7.444926],[109.484741,-7.445196],[109.48501,-7.445196],[109.48501,-7.444926],[109.484741,-7.444926]]]}},{"id":"144","type":"Feature","properties":{"DN":2,"Keterangan":"Sedang"},"geometry":{"type":"Polygon","coordinates":[[[109.487705,-7.442231],[109.487705,-7.442501],[109.487436,-7.442501],[109.487436,-7.444118],[109.487166,-7.444118],[109.487166,-7.444387],[109.486897,-7.444387],[109.486897,-7.444657],[109.486627,-7.444657],[109.486627,-7.444926],[109.486358,-7.444926],[109.486358,-7.445196],[109.486627,-7.445196],[109.486627,-7.445465],[109.486897,-7.445465],[109.486897,-7.445196],[109.487975,-7.445196],[109.487975,-7.444926],[109.488783,-7.444926],[109.488783,-7.444657],[109.489861,-7.444657],[109.489861,-7.444926],[109.4904,-7.444926],[109.4904,-7.444118],[109.490131,-7.444118],[109.490131,-7.443309],[109.489861,-7.443309],[109.489861,-7.44304],[109.489592,-7.44304],[109.489592,-7.44277],[109.489322,-7.44277],[109.489322,-7.442501],[109.489053,-7.442501],[109.489053,-7.442231],[109.487705,-7.442231]]]}},{"id":"145","type":"Feature","properties":{"DN":1,"Keterangan":"Rendah"},"geometry":{"type":"Polygon","coordinates":[[[109.48501,-7.445196],[109.48501,-7.445465],[109.48528,-7.445465],[109.48528,-7.445196],[109.48501,-7.445196]]]}},{"id":"146","type":"Feature","properties":{"DN":2,"Keterangan":"Sedang"},"geometry":{"type":"Polygon","coordinates":[[[109.476926,-7.445465],[109.476926,-7.445735],[109.477195,-7.445735],[109.477195,-7.445465],[109.476926,-7.445465]]]}},{"id":"147","type":"Feature","properties":{"DN":2,"Keterangan":"Sedang"},"geometry":{"type":"Polygon","coordinates":[[[109.47962,-7.445465],[109.47962,-7.445735],[109.480159,-7.445735],[109.480159,-7.445465],[109.47962,-7.445465]]]}},{"id":"148","type":"Feature","properties":{"DN":2,"Keterangan":"Sedang"},"geometry":{"type":"Polygon","coordinates":[[[109.478273,-7.445735],[109.478273,-7.446004],[109.478812,-7.446004],[109.478812,-7.445735],[109.478273,-7.445735]]]}},{"id":"149","type":"Feature","properties":{"DN":1,"Keterangan":"Rendah"},"geometry":{"type":"Polygon","coordinates":[[[109.488783,-7.444657],[109.488783,-7.444926],[109.489322,-7.444926],[109.489322,-7.445196],[109.489592,-7.445196],[109.489592,-7.445465],[109.490131,-7.445465],[109.490131,-7.445735],[109.4904,-7.445735],[109.4904,-7.446004],[109.49067,-7.446004],[109.49067,-7.446274],[109.490939,-7.446274],[109.490939,-7.445735],[109.49067,-7.445735],[109.49067,-7.444926],[109.489861,-7.444926],[109.489861,-7.444657],[109.488783,-7.444657]]]}},{"id":"150","type":"Feature","properties":{"DN":1,"Keterangan":"Rendah"},"geometry":{"type":"Polygon","coordinates":[[[109.487975,-7.444926],[109.487975,-7.445196],[109.486897,-7.445196],[109.486897,-7.445465],[109.486627,-7.445465],[109.486627,-7.445196],[109.485819,-7.445196],[109.485819,-7.445465],[109.48528,-7.445465],[109.48528,-7.445735],[109.485819,-7.445735],[109.485819,-7.446004],[109.486358,-7.446004],[109.486358,-7.446274],[109.487705,-7.446274],[109.487705,-7.446004],[109.487975,-7.446004],[109.487975,-7.445735],[109.488514,-7.445735],[109.488514,-7.445465],[109.488783,-7.445465],[109.488783,-7.444926],[109.487975,-7.444926]]]}},{"id":"151","type":"Feature","properties":{"DN":1,"Keterangan":"Rendah"},"geometry":{"type":"Polygon","coordinates":[[[109.480429,-7.441423],[109.480429,-7.441962],[109.480159,-7.441962],[109.480159,-7.442501],[109.480698,-7.442501],[109.480698,-7.442231],[109.481507,-7.442231],[109.481507,-7.441962],[109.482315,-7.441962],[109.482315,-7.442231],[109.482854,-7.442231],[109.482854,-7.442501],[109.483393,-7.442501],[109.483393,-7.44277],[109.483124,-7.44277],[109.483124,-7.44304],[109.482585,-7.44304],[109.482585,-7.443309],[109.482315,-7.443309],[109.482315,-7.443579],[109.482046,-7.443579],[109.482046,-7.444118],[109.481776,-7.444118],[109.481776,-7.444387],[109.481507,-7.444387],[109.481507,-7.444657],[109.481237,-7.444657],[109.481237,-7.444926],[109.480698,-7.444926],[109.480698,-7.445196],[109.480429,-7.445196],[109.480429,-7.445465],[109.480159,-7.445465],[109.480159,-7.445735],[109.478812,-7.445735],[109.478812,-7.446004],[109.478273,-7.446004],[109.478273,-7.445735],[109.476926,-7.445735],[109.476926,-7.445465],[109.476387,-7.445465],[109.476387,-7.445196],[109.476117,-7.445196],[109.476117,-7.444926],[109.475848,-7.444926],[109.475848,-7.444657],[109.4745,-7.444657],[109.4745,-7.444926],[109.475039,-7.444926],[109.475039,-7.445196],[109.475309,-7.445196],[109.475309,-7.445465],[109.475578,-7.445465],[109.475578,-7.446274],[109.476387,-7.446274],[109.476387,-7.446543],[109.478542,-7.446543],[109.478542,-7.446274],[109.481507,-7.446274],[109.481507,-7.444926],[109.481776,-7.444926],[109.481776,-7.444657],[109.482315,-7.444657],[109.482315,-7.444118],[109.482854,-7.444118],[109.482854,-7.443848],[109.483124,-7.443848],[109.483124,-7.443579],[109.483393,-7.443579],[109.483393,-7.443848],[109.483932,-7.443848],[109.483932,-7.444118],[109.484202,-7.444118],[109.484202,-7.444657],[109.484471,-7.444657],[109.484471,-7.443848],[109.484202,-7.443848],[109.484202,-7.443309],[109.483932,-7.443309],[109.483932,-7.44277],[109.483663,-7.44277],[109.483663,-7.442231],[109.483393,-7.442231],[109.483393,-7.441962],[109.483124,-7.441962],[109.483124,-7.441692],[109.482854,-7.441692],[109.482854,-7.441423],[109.480429,-7.441423]]]}},{"id":"152","type":"Feature","properties":{"DN":1,"Keterangan":"Rendah"},"geometry":{"type":"Polygon","coordinates":[[[109.464259,-7.446004],[109.464259,-7.446274],[109.46372,-7.446274],[109.46372,-7.446543],[109.465068,-7.446543],[109.465068,-7.446274],[109.465337,-7.446274],[109.465337,-7.446004],[109.464259,-7.446004]]]}},{"id":"153","type":"Feature","properties":{"DN":1,"Keterangan":"Rendah"},"geometry":{"type":"Polygon","coordinates":[[[109.449707,-7.446543],[109.449707,-7.446813],[109.450515,-7.446813],[109.450515,-7.446543],[109.449707,-7.446543]]]}},{"id":"154","type":"Feature","properties":{"DN":1,"Keterangan":"Rendah"},"geometry":{"type":"Polygon","coordinates":[[[109.462912,-7.446543],[109.462912,-7.446813],[109.463451,-7.446813],[109.463451,-7.446543],[109.462912,-7.446543]]]}},{"id":"155","type":"Feature","properties":{"DN":1,"Keterangan":"Rendah"},"geometry":{"type":"Polygon","coordinates":[[[109.490939,-7.446274],[109.490939,-7.447082],[109.491478,-7.447082],[109.491478,-7.446813],[109.491209,-7.446813],[109.491209,-7.446274],[109.490939,-7.446274]]]}},{"id":"156","type":"Feature","properties":{"DN":1,"Keterangan":"Rendah"},"geometry":{"type":"Polygon","coordinates":[[[109.462373,-7.446813],[109.462373,-7.447082],[109.462642,-7.447082],[109.462642,-7.446813],[109.462373,-7.446813]]]}},{"id":"157","type":"Feature","properties":{"DN":2,"Keterangan":"Sedang"},"geometry":{"type":"Polygon","coordinates":[[[109.473692,-7.442231],[109.473692,-7.442501],[109.473153,-7.442501],[109.473153,-7.44277],[109.472883,-7.44277],[109.472883,-7.443309],[109.472614,-7.443309],[109.472614,-7.443848],[109.472344,-7.443848],[109.472344,-7.444657],[109.472075,-7.444657],[109.472075,-7.444926],[109.472344,-7.444926],[109.472344,-7.445465],[109.472614,-7.445465],[109.472614,-7.446004],[109.472883,-7.446004],[109.472883,-7.446543],[109.473153,-7.446543],[109.473153,-7.447352],[109.473422,-7.447352],[109.473422,-7.447082],[109.473692,-7.447082],[109.473692,-7.446004],[109.473961,-7.446004],[109.473961,-7.445196],[109.474231,-7.445196],[109.474231,-7.444926],[109.4745,-7.444926],[109.4745,-7.444657],[109.475578,-7.444657],[109.475578,-7.444118],[109.475309,-7.444118],[109.475309,-7.44304],[109.475039,-7.44304],[109.475039,-7.442231],[109.473692,-7.442231]]]}},{"id":"158","type":"Feature","properties":{"DN":1,"Keterangan":"Rendah"},"geometry":{"type":"Polygon","coordinates":[[[109.491478,-7.447082],[109.491478,-7.447352],[109.491748,-7.447352],[109.491748,-7.447082],[109.491478,-7.447082]]]}},{"id":"159","type":"Feature","properties":{"DN":2,"Keterangan":"Sedang"},"geometry":{"type":"Polygon","coordinates":[[[109.56505,-7.445196],[109.56505,-7.445465],[109.564511,-7.445465],[109.564511,-7.445735],[109.564241,-7.445735],[109.564241,-7.447352],[109.564511,-7.447352],[109.564511,-7.447621],[109.565319,-7.447621],[109.565319,-7.447352],[109.566128,-7.447352],[109.566128,-7.447082],[109.566667,-7.447082],[109.566667,-7.446813],[109.566936,-7.446813],[109.566936,-7.446274],[109.567206,-7.446274],[109.567206,-7.445735],[109.566397,-7.445735],[109.566397,-7.445465],[109.565319,-7.445465],[109.565319,-7.445196],[109.56505,-7.445196]]]}},{"id":"160","type":"Feature","properties":{"DN":1,"Keterangan":"Rendah"},"geometry":{"type":"Polygon","coordinates":[[[109.465607,-7.446813],[109.465607,-7.447082],[109.464798,-7.447082],[109.464798,-7.447621],[109.466685,-7.447621],[109.466685,-7.447352],[109.466415,-7.447352],[109.466415,-7.447082],[109.466146,-7.447082],[109.466146,-7.446813],[109.465607,-7.446813]]]}},{"id":"161","type":"Feature","properties":{"DN":1,"Keterangan":"Rendah"},"geometry":{"type":"Polygon","coordinates":[[[109.461564,-7.447352],[109.461564,-7.447621],[109.461834,-7.447621],[109.461834,-7.447352],[109.461564,-7.447352]]]}},{"id":"162","type":"Feature","properties":{"DN":1,"Keterangan":"Rendah"},"geometry":{"type":"Polygon","coordinates":[[[109.466685,-7.447621],[109.466685,-7.447891],[109.467224,-7.447891],[109.467224,-7.447621],[109.466685,-7.447621]]]}},{"id":"163","type":"Feature","properties":{"DN":1,"Keterangan":"Rendah"},"geometry":{"type":"Polygon","coordinates":[[[109.473961,-7.445196],[109.473961,-7.446004],[109.473692,-7.446004],[109.473692,-7.447082],[109.473422,-7.447082],[109.473422,-7.447352],[109.473153,-7.447352],[109.473153,-7.44816],[109.473692,-7.44816],[109.473692,-7.447891],[109.473961,-7.447891],[109.473961,-7.447352],[109.474231,-7.447352],[109.474231,-7.445196],[109.473961,-7.445196]]]}},{"id":"164","type":"Feature","properties":{"DN":1,"Keterangan":"Rendah"},"geometry":{"type":"Polygon","coordinates":[[[109.472883,-7.44816],[109.472883,-7.44843],[109.473153,-7.44843],[109.473153,-7.44816],[109.472883,-7.44816]]]}},{"id":"165","type":"Feature","properties":{"DN":1,"Keterangan":"Rendah"},"geometry":{"type":"Polygon","coordinates":[[[109.439196,-7.44843],[109.439196,-7.448699],[109.440274,-7.448699],[109.440274,-7.44843],[109.439196,-7.44843]]]}},{"id":"166","type":"Feature","properties":{"DN":1,"Keterangan":"Rendah"},"geometry":{"type":"Polygon","coordinates":[[[109.51196,-7.44843],[109.51196,-7.448699],[109.512229,-7.448699],[109.512229,-7.44843],[109.51196,-7.44843]]]}},{"id":"167","type":"Feature","properties":{"DN":1,"Keterangan":"Rendah"},"geometry":{"type":"Polygon","coordinates":[[[109.467493,-7.447891],[109.467493,-7.44816],[109.467763,-7.44816],[109.467763,-7.448699],[109.468302,-7.448699],[109.468302,-7.448969],[109.469649,-7.448969],[109.469649,-7.448699],[109.46911,-7.448699],[109.46911,-7.44843],[109.468571,-7.44843],[109.468571,-7.44816],[109.468032,-7.44816],[109.468032,-7.447891],[109.467493,-7.447891]]]}},{"id":"168","type":"Feature","properties":{"DN":1,"Keterangan":"Rendah"},"geometry":{"type":"Polygon","coordinates":[[[109.447281,-7.448969],[109.447281,-7.449238],[109.447551,-7.449238],[109.447551,-7.448969],[109.447281,-7.448969]]]}},{"id":"169","type":"Feature","properties":{"DN":2,"Keterangan":"Sedang"},"geometry":{"type":"Polygon","coordinates":[[[109.500102,-7.448969],[109.500102,-7.449238],[109.50091,-7.449238],[109.50091,-7.448969],[109.500102,-7.448969]]]}},{"id":"170","type":"Feature","properties":{"DN":1,"Keterangan":"Rendah"},"geometry":{"type":"Polygon","coordinates":[[[109.491748,-7.447352],[109.491748,-7.447891],[109.492017,-7.447891],[109.492017,-7.448699],[109.492556,-7.448699],[109.492556,-7.448969],[109.492826,-7.448969],[109.492826,-7.449508],[109.493634,-7.449508],[109.493634,-7.449238],[109.493365,-7.449238],[109.493365,-7.448969],[109.493095,-7.448969],[109.493095,-7.448699],[109.492826,-7.448699],[109.492826,-7.44843],[109.492556,-7.44843],[109.492556,-7.447891],[109.492287,-7.447891],[109.492287,-7.447621],[109.492017,-7.447621],[109.492017,-7.447352],[109.491748,-7.447352]]]}},{"id":"171","type":"Feature","properties":{"DN":1,"Keterangan":"Rendah"},"geometry":{"type":"Polygon","coordinates":[[[109.472344,-7.44843],[109.472344,-7.448699],[109.471536,-7.448699],[109.471536,-7.448969],[109.469649,-7.448969],[109.469649,-7.449238],[109.469919,-7.449238],[109.469919,-7.449508],[109.472614,-7.449508],[109.472614,-7.448969],[109.472883,-7.448969],[109.472883,-7.44843],[109.472344,-7.44843]]]}},{"id":"172","type":"Feature","properties":{"DN":2,"Keterangan":"Sedang"},"geometry":{"type":"Polygon","coordinates":[[[109.519236,-7.447621],[109.519236,-7.447891],[109.518966,-7.447891],[109.518966,-7.44816],[109.518158,-7.44816],[109.518158,-7.448699],[109.517619,-7.448699],[109.517619,-7.448969],[109.51735,-7.448969],[109.51735,-7.449238],[109.517619,-7.449238],[109.517619,-7.449508],[109.518697,-7.449508],[109.518697,-7.449238],[109.518966,-7.449238],[109.518966,-7.448969],[109.519505,-7.448969],[109.519505,-7.44843],[109.519775,-7.44843],[109.519775,-7.447891],[109.519505,-7.447891],[109.519505,-7.447621],[109.519236,-7.447621]]]}},{"id":"173","type":"Feature","properties":{"DN":1,"Keterangan":"Rendah"},"geometry":{"type":"Polygon","coordinates":[[[109.452671,-7.450047],[109.452671,-7.450585],[109.45321,-7.450585],[109.45321,-7.450316],[109.452941,-7.450316],[109.452941,-7.450047],[109.452671,-7.450047]]]}},{"id":"174","type":"Feature","properties":{"DN":2,"Keterangan":"Sedang"},"geometry":{"type":"Polygon","coordinates":[[[109.514116,-7.447082],[109.514116,-7.447352],[109.513577,-7.447352],[109.513577,-7.447621],[109.513307,-7.447621],[109.513307,-7.447891],[109.512768,-7.447891],[109.512768,-7.44816],[109.512499,-7.44816],[109.512499,-7.44843],[109.512229,-7.44843],[109.512229,-7.448699],[109.51196,-7.448699],[109.51196,-7.448969],[109.51169,-7.448969],[109.51169,-7.449238],[109.511421,-7.449238],[109.511421,-7.450047],[109.51169,-7.450047],[109.51169,-7.450316],[109.512229,-7.450316],[109.512229,-7.450585],[109.512768,-7.450585],[109.512768,-7.450855],[109.513577,-7.450855],[109.513577,-7.450585],[109.514116,-7.450585],[109.514116,-7.450316],[109.514385,-7.450316],[109.514385,-7.450047],[109.514655,-7.450047],[109.514655,-7.449777],[109.514924,-7.449777],[109.514924,-7.449508],[109.515463,-7.449508],[109.515463,-7.449238],[109.516002,-7.449238],[109.516002,-7.448969],[109.516272,-7.448969],[109.516272,-7.44816],[109.515733,-7.44816],[109.515733,-7.447891],[109.515463,-7.447891],[109.515463,-7.447621],[109.515194,-7.447621],[109.515194,-7.447352],[109.514655,-7.447352],[109.514655,-7.447082],[109.514116,-7.447082]]]}},{"id":"175","type":"Feature","properties":{"DN":2,"Keterangan":"Sedang"},"geometry":{"type":"Polygon","coordinates":[[[109.465068,-7.446274],[109.465068,-7.446543],[109.463451,-7.446543],[109.463451,-7.446813],[109.462642,-7.446813],[109.462642,-7.447082],[109.462103,-7.447082],[109.462103,-7.447352],[109.461834,-7.447352],[109.461834,-7.447621],[109.461564,-7.447621],[109.461564,-7.449777],[109.461295,-7.449777],[109.461295,-7.450855],[109.461564,-7.450855],[109.461564,-7.450585],[109.461834,-7.450585],[109.461834,-7.450316],[109.462103,-7.450316],[109.462103,-7.450047],[109.462373,-7.450047],[109.462373,-7.449777],[109.462642,-7.449777],[109.462642,-7.449508],[109.462912,-7.449508],[109.462912,-7.449238],[109.463181,-7.449238],[109.463181,-7.448969],[109.463451,-7.448969],[109.463451,-7.448699],[109.46372,-7.448699],[109.46372,-7.44843],[109.46399,-7.44843],[109.46399,-7.447891],[109.464259,-7.447891],[109.464259,-7.447621],[109.464798,-7.447621],[109.464798,-7.447082],[109.465607,-7.447082],[109.465607,-7.446813],[109.465876,-7.446813],[109.465876,-7.446543],[109.465607,-7.446543],[109.465607,-7.446274],[109.465068,-7.446274]]]}},{"id":"176","type":"Feature","properties":{"DN":1,"Keterangan":"Rendah"},"geometry":{"type":"Polygon","coordinates":[[[109.606552,-7.38968],[109.606552,-7.391836],[109.606013,-7.391836],[109.606013,-7.392105],[109.605743,-7.392105],[109.605743,-7.392375],[109.605474,-7.392375],[109.605474,-7.392914],[109.605204,-7.392914],[109.605204,-7.393453],[109.604935,-7.393453],[109.604935,-7.393722],[109.604665,-7.393722],[109.604665,-7.393992],[109.604126,-7.393992],[109.604126,-7.394261],[109.603587,-7.394261],[109.603587,-7.394531],[109.601162,-7.394531],[109.601162,-7.3948],[109.600892,-7.3948],[109.600892,-7.39507],[109.600623,-7.39507],[109.600623,-7.395339],[109.600353,-7.395339],[109.600353,-7.395609],[109.600084,-7.395609],[109.600084,-7.396956],[109.599815,-7.396956],[109.599815,-7.397226],[109.599545,-7.397226],[109.599545,-7.397495],[109.599276,-7.397495],[109.599276,-7.398034],[109.598737,-7.398034],[109.598737,-7.398304],[109.598198,-7.398304],[109.598198,-7.398573],[109.597928,-7.398573],[109.597928,-7.398843],[109.597659,-7.398843],[109.597659,-7.399112],[109.59712,-7.399112],[109.59712,-7.399382],[109.596311,-7.399382],[109.596311,-7.399651],[109.595503,-7.399651],[109.595503,-7.399921],[109.594964,-7.399921],[109.594964,-7.40019],[109.594694,-7.40019],[109.594694,-7.40046],[109.594425,-7.40046],[109.594425,-7.400729],[109.594155,-7.400729],[109.594155,-7.400999],[109.593886,-7.400999],[109.593886,-7.401268],[109.593616,-7.401268],[109.593616,-7.401807],[109.593347,-7.401807],[109.593347,-7.402346],[109.593077,-7.402346],[109.593077,-7.402616],[109.592808,-7.402616],[109.592808,-7.402885],[109.592538,-7.402885],[109.592538,-7.403155],[109.592269,-7.403155],[109.592269,-7.403424],[109.59173,-7.403424],[109.59173,-7.403694],[109.59146,-7.403694],[109.59146,-7.404233],[109.591191,-7.404233],[109.591191,-7.404502],[109.590921,-7.404502],[109.590921,-7.404772],[109.590113,-7.404772],[109.590113,-7.405311],[109.589843,-7.405311],[109.589843,-7.40558],[109.589574,-7.40558],[109.589574,-7.40585],[109.589304,-7.40585],[109.589304,-7.406119],[109.589035,-7.406119],[109.589035,-7.406389],[109.588765,-7.406389],[109.588765,-7.406658],[109.588496,-7.406658],[109.588496,-7.406928],[109.588226,-7.406928],[109.588226,-7.407197],[109.587957,-7.407197],[109.587957,-7.407467],[109.587687,-7.407467],[109.587687,-7.407736],[109.587418,-7.407736],[109.587418,-7.409353],[109.587148,-7.409353],[109.587148,-7.409623],[109.58607,-7.409623],[109.58607,-7.409892],[109.585801,-7.409892],[109.585801,-7.411509],[109.585531,-7.411509],[109.585531,-7.412048],[109.585262,-7.412048],[109.585262,-7.412317],[109.584992,-7.412317],[109.584992,-7.412856],[109.584723,-7.412856],[109.584723,-7.413126],[109.584184,-7.413126],[109.584184,-7.413395],[109.583645,-7.413395],[109.583645,-7.413665],[109.581219,-7.413665],[109.581219,-7.413934],[109.58095,-7.413934],[109.58095,-7.414204],[109.58068,-7.414204],[109.58068,-7.414473],[109.579872,-7.414473],[109.579872,-7.414743],[109.578525,-7.414743],[109.578525,-7.415012],[109.578255,-7.415012],[109.578255,-7.415282],[109.577716,-7.415282],[109.577716,-7.415551],[109.576369,-7.415551],[109.576369,-7.41609],[109.576099,-7.41609],[109.576099,-7.41636],[109.575291,-7.41636],[109.575291,-7.416629],[109.575021,-7.416629],[109.575021,-7.416899],[109.574482,-7.416899],[109.574482,-7.417168],[109.574213,-7.417168],[109.574213,-7.416899],[109.573135,-7.416899],[109.573135,-7.417168],[109.572326,-7.417168],[109.572326,-7.417438],[109.571518,-7.417438],[109.571518,-7.417707],[109.570979,-7.417707],[109.570979,-7.417977],[109.570709,-7.417977],[109.570709,-7.418516],[109.57044,-7.418516],[109.57044,-7.419324],[109.57017,-7.419324],[109.57017,-7.419863],[109.569901,-7.419863],[109.569901,-7.420133],[109.569631,-7.420133],[109.569631,-7.420402],[109.569362,-7.420402],[109.569362,-7.420672],[109.569092,-7.420672],[109.569092,-7.420941],[109.568284,-7.420941],[109.568284,-7.420672],[109.566667,-7.420672],[109.566667,-7.420402],[109.566128,-7.420402],[109.566128,-7.420133],[109.56505,-7.420133],[109.56505,-7.419863],[109.564241,-7.419863],[109.564241,-7.420133],[109.563163,-7.420133],[109.563163,-7.420402],[109.562894,-7.420402],[109.562894,-7.420941],[109.562624,-7.420941],[109.562624,-7.421211],[109.562355,-7.421211],[109.562355,-7.423636],[109.562624,-7.423636],[109.562624,-7.425792],[109.562355,-7.425792],[109.562355,-7.426331],[109.562085,-7.426331],[109.562085,-7.42687],[109.561277,-7.42687],[109.561277,-7.426601],[109.561007,-7.426601],[109.561007,-7.426331],[109.560738,-7.426331],[109.560738,-7.426062],[109.559121,-7.426062],[109.559121,-7.426331],[109.558313,-7.426331],[109.558313,-7.426601],[109.558043,-7.426601],[109.558043,-7.42687],[109.555348,-7.42687],[109.555348,-7.42714],[109.555079,-7.42714],[109.555079,-7.427409],[109.55427,-7.427409],[109.55427,-7.427679],[109.553731,-7.427679],[109.553731,-7.427409],[109.553192,-7.427409],[109.553192,-7.42714],[109.552923,-7.42714],[109.552923,-7.42687],[109.552114,-7.42687],[109.552114,-7.42714],[109.551306,-7.42714],[109.551306,-7.427409],[109.550767,-7.427409],[109.550767,-7.427679],[109.550497,-7.427679],[109.550497,-7.428218],[109.550228,-7.428218],[109.550228,-7.428757],[109.549958,-7.428757],[109.549958,-7.429026],[109.54888,-7.429026],[109.54888,-7.429296],[109.548341,-7.429296],[109.548341,-7.429565],[109.548072,-7.429565],[109.548072,-7.429835],[109.547263,-7.429835],[109.547263,-7.430104],[109.546724,-7.430104],[109.546724,-7.430373],[109.544838,-7.430373],[109.544838,-7.430643],[109.544568,-7.430643],[109.544568,-7.430912],[109.544299,-7.430912],[109.544299,-7.431182],[109.544029,-7.431182],[109.544029,-7.43226],[109.54376,-7.43226],[109.54376,-7.432799],[109.54349,-7.432799],[109.54349,-7.433338],[109.543221,-7.433338],[109.543221,-7.433607],[109.542951,-7.433607],[109.542951,-7.433877],[109.542682,-7.433877],[109.542682,-7.434146],[109.542412,-7.434146],[109.542412,-7.434416],[109.542143,-7.434416],[109.542143,-7.434685],[109.541604,-7.434685],[109.541604,-7.434955],[109.541334,-7.434955],[109.541334,-7.436033],[109.541065,-7.436033],[109.541065,-7.436302],[109.540795,-7.436302],[109.540795,-7.436572],[109.539717,-7.436572],[109.539717,-7.436841],[109.539178,-7.436841],[109.539178,-7.437111],[109.538909,-7.437111],[109.538909,-7.43738],[109.538101,-7.43738],[109.538101,-7.437919],[109.537562,-7.437919],[109.537562,-7.438458],[109.537831,-7.438458],[109.537831,-7.439267],[109.537562,-7.439267],[109.537562,-7.439536],[109.537023,-7.439536],[109.537023,-7.438997],[109.536753,-7.438997],[109.536753,-7.438728],[109.536484,-7.438728],[109.536484,-7.438458],[109.536214,-7.438458],[109.536214,-7.438189],[109.535406,-7.438189],[109.535406,-7.437919],[109.535136,-7.437919],[109.535136,-7.43738],[109.535406,-7.43738],[109.535406,-7.437111],[109.535675,-7.437111],[109.535675,-7.43738],[109.535945,-7.43738],[109.535945,-7.43765],[109.536484,-7.43765],[109.536484,-7.437919],[109.536753,-7.437919],[109.536753,-7.438189],[109.537292,-7.438189],[109.537292,-7.436572],[109.537023,-7.436572],[109.537023,-7.436302],[109.536753,-7.436302],[109.536753,-7.436033],[109.535675,-7.436033],[109.535675,-7.436302],[109.534867,-7.436302],[109.534867,-7.436572],[109.534597,-7.436572],[109.534597,-7.436841],[109.533519,-7.436841],[109.533519,-7.437111],[109.53298,-7.437111],[109.53298,-7.43738],[109.532172,-7.43738],[109.532172,-7.43765],[109.531633,-7.43765],[109.531633,-7.437919],[109.530824,-7.437919],[109.530824,-7.438458],[109.530555,-7.438458],[109.530555,-7.438728],[109.530016,-7.438728],[109.530016,-7.438997],[109.529477,-7.438997],[109.529477,-7.439267],[109.529207,-7.439267],[109.529207,-7.439536],[109.528938,-7.439536],[109.528938,-7.439806],[109.528668,-7.439806],[109.528668,-7.440075],[109.528399,-7.440075],[109.528399,-7.440345],[109.526243,-7.440345],[109.526243,-7.440614],[109.525434,-7.440614],[109.525434,-7.440884],[109.525165,-7.440884],[109.525165,-7.441153],[109.524626,-7.441153],[109.524626,-7.441962],[109.524895,-7.441962],[109.524895,-7.444926],[109.524626,-7.444926],[109.524626,-7.445196],[109.523548,-7.445196],[109.523548,-7.445465],[109.52247,-7.445465],[109.52247,-7.445196],[109.521392,-7.445196],[109.521392,-7.445465],[109.521122,-7.445465],[109.521122,-7.445735],[109.520583,-7.445735],[109.520583,-7.446004],[109.520044,-7.446004],[109.520044,-7.446274],[109.519775,-7.446274],[109.519775,-7.446543],[109.519236,-7.446543],[109.519236,-7.446813],[109.518697,-7.446813],[109.518697,-7.447082],[109.517889,-7.447082],[109.517889,-7.44843],[109.51735,-7.44843],[109.51735,-7.44816],[109.51708,-7.44816],[109.51708,-7.447891],[109.516811,-7.447891],[109.516811,-7.447621],[109.516541,-7.447621],[109.516541,-7.447352],[109.516272,-7.447352],[109.516272,-7.447082],[109.515733,-7.447082],[109.515733,-7.446813],[109.515463,-7.446813],[109.515463,-7.446543],[109.514924,-7.446543],[109.514924,-7.446274],[109.513307,-7.446274],[109.513307,-7.446813],[109.513038,-7.446813],[109.513038,-7.447352],[109.512768,-7.447352],[109.512768,-7.447621],[109.512499,-7.447621],[109.512499,-7.447891],[109.512229,-7.447891],[109.512229,-7.44843],[109.512499,-7.44843],[109.512499,-7.44816],[109.512768,-7.44816],[109.512768,-7.447891],[109.513307,-7.447891],[109.513307,-7.447621],[109.513577,-7.447621],[109.513577,-7.447352],[109.514116,-7.447352],[109.514116,-7.447082],[109.514655,-7.447082],[109.514655,-7.447352],[109.515194,-7.447352],[109.515194,-7.447621],[109.515463,-7.447621],[109.515463,-7.447891],[109.515733,-7.447891],[109.515733,-7.44816],[109.516272,-7.44816],[109.516272,-7.448969],[109.516002,-7.448969],[109.516002,-7.449238],[109.515463,-7.449238],[109.515463,-7.449508],[109.514924,-7.449508],[109.514924,-7.449777],[109.514655,-7.449777],[109.514655,-7.450047],[109.514385,-7.450047],[109.514385,-7.450316],[109.514116,-7.450316],[109.514116,-7.450585],[109.513577,-7.450585],[109.513577,-7.450855],[109.512768,-7.450855],[109.512768,-7.450585],[109.512229,-7.450585],[109.512229,-7.450316],[109.51169,-7.450316],[109.51169,-7.450047],[109.511421,-7.450047],[109.511421,-7.449238],[109.51169,-7.449238],[109.51169,-7.448969],[109.51196,-7.448969],[109.51196,-7.448699],[109.511421,-7.448699],[109.511421,-7.44843],[109.510882,-7.44843],[109.510882,-7.44816],[109.510343,-7.44816],[109.510343,-7.447891],[109.510073,-7.447891],[109.510073,-7.447621],[109.509804,-7.447621],[109.509804,-7.447352],[109.509534,-7.447352],[109.509534,-7.447082],[109.508995,-7.447082],[109.508995,-7.446813],[109.507917,-7.446813],[109.507917,-7.447082],[109.507648,-7.447082],[109.507648,-7.447891],[109.507109,-7.447891],[109.507109,-7.447621],[109.5063,-7.447621],[109.5063,-7.447891],[109.506031,-7.447891],[109.506031,-7.448699],[109.5063,-7.448699],[109.5063,-7.448969],[109.506031,-7.448969],[109.506031,-7.449508],[109.505761,-7.449508],[109.505761,-7.449777],[109.505492,-7.449777],[109.505492,-7.450047],[109.504683,-7.450047],[109.504683,-7.449777],[109.504414,-7.449777],[109.504414,-7.449238],[109.504144,-7.449238],[109.504144,-7.448969],[109.503875,-7.448969],[109.503875,-7.448699],[109.503605,-7.448699],[109.503605,-7.44843],[109.503336,-7.44843],[109.503336,-7.44816],[109.501719,-7.44816],[109.501719,-7.44843],[109.50091,-7.44843],[109.50091,-7.448699],[109.500371,-7.448699],[109.500371,-7.448969],[109.50091,-7.448969],[109.50091,-7.449238],[109.499563,-7.449238],[109.499563,-7.449508],[109.499024,-7.449508],[109.499024,-7.449238],[109.498754,-7.449238],[109.498754,-7.448699],[109.498485,-7.448699],[109.498485,-7.447891],[109.498216,-7.447891],[109.498216,-7.447621],[109.497946,-7.447621],[109.497946,-7.447352],[109.497677,-7.447352],[109.497677,-7.447082],[109.497407,-7.447082],[109.497407,-7.446813],[109.49606,-7.446813],[109.49606,-7.447082],[109.49579,-7.447082],[109.49579,-7.447621],[109.495521,-7.447621],[109.495521,-7.44816],[109.495251,-7.44816],[109.495251,-7.44843],[109.494982,-7.44843],[109.494982,-7.448699],[109.494712,-7.448699],[109.494712,-7.448969],[109.494443,-7.448969],[109.494443,-7.449238],[109.494173,-7.449238],[109.494173,-7.449508],[109.495521,-7.449508],[109.495521,-7.448969],[109.49579,-7.448969],[109.49579,-7.448699],[109.496329,-7.448699],[109.496329,-7.44843],[109.496599,-7.44843],[109.496599,-7.44816],[109.497138,-7.44816],[109.497138,-7.44843],[109.497407,-7.44843],[109.497407,-7.448699],[109.497677,-7.448699],[109.497677,-7.448969],[109.498216,-7.448969],[109.498216,-7.449508],[109.498485,-7.449508],[109.498485,-7.449777],[109.498754,-7.449777],[109.498754,-7.450047],[109.499024,-7.450047],[109.499024,-7.450316],[109.499293,-7.450316],[109.499293,-7.450855],[109.499563,-7.450855],[109.499563,-7.451124],[109.500371,-7.451124],[109.500371,-7.450855],[109.500641,-7.450855],[109.500641,-7.450585],[109.50091,-7.450585],[109.50091,-7.450316],[109.50118,-7.450316],[109.50118,-7.450047],[109.501449,-7.450047],[109.501449,-7.449777],[109.501719,-7.449777],[109.501719,-7.449508],[109.501988,-7.449508],[109.501988,-7.449238],[109.502258,-7.449238],[109.502258,-7.448969],[109.503336,-7.448969],[109.503336,-7.449508],[109.503605,-7.449508],[109.503605,-7.450047],[109.503875,-7.450047],[109.503875,-7.450316],[109.506031,-7.450316],[109.506031,-7.450047],[109.5063,-7.450047],[109.5063,-7.449508],[109.50657,-7.449508],[109.50657,-7.449238],[109.506839,-7.449238],[109.506839,-7.448969],[109.507109,-7.448969],[109.507109,-7.448699],[109.508726,-7.448699],[109.508726,-7.448969],[109.509265,-7.448969],[109.509265,-7.449238],[109.509534,-7.449238],[109.509534,-7.449508],[109.510073,-7.449508],[109.510073,-7.449777],[109.510612,-7.449777],[109.510612,-7.450316],[109.510882,-7.450316],[109.510882,-7.450585],[109.51196,-7.450585],[109.51196,-7.450855],[109.512229,-7.450855],[109.512229,-7.451124],[109.514924,-7.451124],[109.514924,-7.450855],[109.515194,-7.450855],[109.515194,-7.450047],[109.515463,-7.450047],[109.515463,-7.449777],[109.515733,-7.449777],[109.515733,-7.449508],[109.516272,-7.449508],[109.516272,-7.450316],[109.51735,-7.450316],[109.51735,-7.450585],[109.518697,-7.450585],[109.518697,-7.450316],[109.518966,-7.450316],[109.518966,-7.450047],[109.519775,-7.450047],[109.519775,-7.449508],[109.520314,-7.449508],[109.520314,-7.44843],[109.520583,-7.44843],[109.520583,-7.44816],[109.520853,-7.44816],[109.520853,-7.447891],[109.521122,-7.447891],[109.521122,-7.447621],[109.521392,-7.447621],[109.521392,-7.447352],[109.523009,-7.447352],[109.523009,-7.447082],[109.524087,-7.447082],[109.524087,-7.446813],[109.524626,-7.446813],[109.524626,-7.446274],[109.524895,-7.446274],[109.524895,-7.446004],[109.525434,-7.446004],[109.525434,-7.445465],[109.525704,-7.445465],[109.525704,-7.44304],[109.526512,-7.44304],[109.526512,-7.44277],[109.52786,-7.44277],[109.52786,-7.442501],[109.528668,-7.442501],[109.528668,-7.442231],[109.529477,-7.442231],[109.529477,-7.441962],[109.529746,-7.441962],[109.529746,-7.441692],[109.530285,-7.441692],[109.530285,-7.441153],[109.530555,-7.441153],[109.530555,-7.440614],[109.530824,-7.440614],[109.530824,-7.440345],[109.531094,-7.440345],[109.531094,-7.440075],[109.531363,-7.440075],[109.531363,-7.439806],[109.531633,-7.439806],[109.531633,-7.439536],[109.531902,-7.439536],[109.531902,-7.439267],[109.533519,-7.439267],[109.533519,-7.438997],[109.534058,-7.438997],[109.534058,-7.438728],[109.535136,-7.438728],[109.535136,-7.438458],[109.535675,-7.438458],[109.535675,-7.438997],[109.535945,-7.438997],[109.535945,-7.439806],[109.536214,-7.439806],[109.536214,-7.440075],[109.536484,-7.440075],[109.536484,-7.440614],[109.53837,-7.440614],[109.53837,-7.440075],[109.53864,-7.440075],[109.53864,-7.439806],[109.539178,-7.439806],[109.539178,-7.439267],[109.539448,-7.439267],[109.539448,-7.438997],[109.539987,-7.438997],[109.539987,-7.438189],[109.540795,-7.438189],[109.540795,-7.43738],[109.541334,-7.43738],[109.541334,-7.437111],[109.541604,-7.437111],[109.541604,-7.436841],[109.541873,-7.436841],[109.541873,-7.436572],[109.542143,-7.436572],[109.542143,-7.436302],[109.542412,-7.436302],[109.542412,-7.436033],[109.542682,-7.436033],[109.542682,-7.435763],[109.54349,-7.435763],[109.54349,-7.435494],[109.54376,-7.435494],[109.54376,-7.435224],[109.544299,-7.435224],[109.544299,-7.434955],[109.544838,-7.434955],[109.544838,-7.434416],[109.545107,-7.434416],[109.545107,-7.433877],[109.545377,-7.433877],[109.545377,-7.43199],[109.546185,-7.43199],[109.546185,-7.431721],[109.547802,-7.431721],[109.547802,-7.431451],[109.548072,-7.431451],[109.548072,-7.431182],[109.54888,-7.431182],[109.54888,-7.430912],[109.549689,-7.430912],[109.549689,-7.431182],[109.549958,-7.431182],[109.549958,-7.431451],[109.551306,-7.431451],[109.551306,-7.431182],[109.551575,-7.431182],[109.551575,-7.430912],[109.553731,-7.430912],[109.553731,-7.430643],[109.555618,-7.430643],[109.555618,-7.430912],[109.557774,-7.430912],[109.557774,-7.430373],[109.558043,-7.430373],[109.558043,-7.430104],[109.558582,-7.430104],[109.558582,-7.429835],[109.558852,-7.429835],[109.558852,-7.429296],[109.559121,-7.429296],[109.559121,-7.428487],[109.559929,-7.428487],[109.559929,-7.428757],[109.560199,-7.428757],[109.560199,-7.429026],[109.560738,-7.429026],[109.560738,-7.429296],[109.563433,-7.429296],[109.563433,-7.428757],[109.563702,-7.428757],[109.563702,-7.428487],[109.563972,-7.428487],[109.563972,-7.428218],[109.564241,-7.428218],[109.564241,-7.423367],[109.563972,-7.423367],[109.563972,-7.422828],[109.563702,-7.422828],[109.563702,-7.421211],[109.564241,-7.421211],[109.564241,-7.42148],[109.56478,-7.42148],[109.56478,-7.42175],[109.56505,-7.42175],[109.56505,-7.422019],[109.565319,-7.422019],[109.565319,-7.422289],[109.566667,-7.422289],[109.566667,-7.422558],[109.567206,-7.422558],[109.567206,-7.422828],[109.567475,-7.422828],[109.567475,-7.423097],[109.569362,-7.423097],[109.569362,-7.423367],[109.570709,-7.423367],[109.570709,-7.423097],[109.570979,-7.423097],[109.570979,-7.422828],[109.571248,-7.422828],[109.571248,-7.422558],[109.571518,-7.422558],[109.571518,-7.42175],[109.571787,-7.42175],[109.571787,-7.419863],[109.572057,-7.419863],[109.572057,-7.419594],[109.572326,-7.419594],[109.572326,-7.419055],[109.572865,-7.419055],[109.572865,-7.418785],[109.573135,-7.418785],[109.573135,-7.419055],[109.573404,-7.419055],[109.573404,-7.419324],[109.574213,-7.419324],[109.574213,-7.420133],[109.57583,-7.420133],[109.57583,-7.419863],[109.576369,-7.419863],[109.576369,-7.419324],[109.576638,-7.419324],[109.576638,-7.419055],[109.576908,-7.419055],[109.576908,-7.418785],[109.577177,-7.418785],[109.577177,-7.417707],[109.577447,-7.417707],[109.577447,-7.417438],[109.577986,-7.417438],[109.577986,-7.417168],[109.579064,-7.417168],[109.579064,-7.416899],[109.579603,-7.416899],[109.579603,-7.416629],[109.580411,-7.416629],[109.580411,-7.416899],[109.581219,-7.416899],[109.581219,-7.416629],[109.581758,-7.416629],[109.581758,-7.41636],[109.582028,-7.41636],[109.582028,-7.41609],[109.582297,-7.41609],[109.582297,-7.415821],[109.582836,-7.415821],[109.582836,-7.415551],[109.583375,-7.415551],[109.583375,-7.415282],[109.583914,-7.415282],[109.583914,-7.415012],[109.584184,-7.415012],[109.584184,-7.414473],[109.58607,-7.414473],[109.58607,-7.413395],[109.586609,-7.413395],[109.586609,-7.413126],[109.586879,-7.413126],[109.586879,-7.412317],[109.587148,-7.412317],[109.587148,-7.411509],[109.587418,-7.411509],[109.587418,-7.410431],[109.587687,-7.410431],[109.587687,-7.410161],[109.587957,-7.410161],[109.587957,-7.409892],[109.588226,-7.409892],[109.588226,-7.408275],[109.588496,-7.408275],[109.588496,-7.408006],[109.589304,-7.408006],[109.589304,-7.407467],[109.589574,-7.407467],[109.589574,-7.407197],[109.589843,-7.407197],[109.589843,-7.406928],[109.59146,-7.406928],[109.59146,-7.407736],[109.591191,-7.407736],[109.591191,-7.408006],[109.590921,-7.408006],[109.590921,-7.408814],[109.591191,-7.408814],[109.591191,-7.409084],[109.59173,-7.409084],[109.59173,-7.409623],[109.592269,-7.409623],[109.592269,-7.409892],[109.592538,-7.409892],[109.592538,-7.410161],[109.592808,-7.410161],[109.592808,-7.41097],[109.593077,-7.41097],[109.593077,-7.411509],[109.593347,-7.411509],[109.593347,-7.411778],[109.593886,-7.411778],[109.593886,-7.412048],[109.594425,-7.412048],[109.594425,-7.412317],[109.594694,-7.412317],[109.594694,-7.412587],[109.596042,-7.412587],[109.596042,-7.412317],[109.596581,-7.412317],[109.596581,-7.412048],[109.59685,-7.412048],[109.59685,-7.411778],[109.59712,-7.411778],[109.59712,-7.41097],[109.597389,-7.41097],[109.597389,-7.410431],[109.597659,-7.410431],[109.597659,-7.410161],[109.597928,-7.410161],[109.597928,-7.410431],[109.598467,-7.410431],[109.598467,-7.412317],[109.599815,-7.412317],[109.599815,-7.412048],[109.600084,-7.412048],[109.600084,-7.411509],[109.600353,-7.411509],[109.600353,-7.410431],[109.600892,-7.410431],[109.600892,-7.411509],[109.601431,-7.411509],[109.601431,-7.411778],[109.602779,-7.411778],[109.602779,-7.411509],[109.603318,-7.411509],[109.603318,-7.4107],[109.603587,-7.4107],[109.603587,-7.410431],[109.603857,-7.410431],[109.603857,-7.410161],[109.604935,-7.410161],[109.604935,-7.409892],[109.605743,-7.409892],[109.605743,-7.409084],[109.606013,-7.409084],[109.606013,-7.408006],[109.60736,-7.408006],[109.60736,-7.407736],[109.608977,-7.407736],[109.608977,-7.407467],[109.609247,-7.407467],[109.609247,-7.407197],[109.609516,-7.407197],[109.609516,-7.406928],[109.610594,-7.406928],[109.610594,-7.406658],[109.610864,-7.406658],[109.610864,-7.406389],[109.611133,-7.406389],[109.611133,-7.406119],[109.611403,-7.406119],[109.611403,-7.40585],[109.612481,-7.40585],[109.612481,-7.40558],[109.61302,-7.40558],[109.61302,-7.40585],[109.613828,-7.40585],[109.613828,-7.406119],[109.614098,-7.406119],[109.614098,-7.406389],[109.614367,-7.406389],[109.614367,-7.406658],[109.616793,-7.406658],[109.616793,-7.406389],[109.617062,-7.406389],[109.617062,-7.406119],[109.617601,-7.406119],[109.617601,-7.40585],[109.617871,-7.40585],[109.617871,-7.40558],[109.61814,-7.40558],[109.61814,-7.405311],[109.618679,-7.405311],[109.618679,-7.405041],[109.619218,-7.405041],[109.619218,-7.404233],[109.618949,-7.404233],[109.618949,-7.403424],[109.620296,-7.403424],[109.620296,-7.403694],[109.621104,-7.403694],[109.621104,-7.403963],[109.622182,-7.403963],[109.622182,-7.403694],[109.62326,-7.403694],[109.62326,-7.403963],[109.62353,-7.403963],[109.62353,-7.404233],[109.625686,-7.404233],[109.625686,-7.404502],[109.626225,-7.404502],[109.626225,-7.404772],[109.627033,-7.404772],[109.627033,-7.404502],[109.627303,-7.404502],[109.627303,-7.403963],[109.627572,-7.403963],[109.627572,-7.403694],[109.628111,-7.403694],[109.628111,-7.403424],[109.628381,-7.403424],[109.628381,-7.402616],[109.628111,-7.402616],[109.628111,-7.402346],[109.627842,-7.402346],[109.627842,-7.402077],[109.627303,-7.402077],[109.627303,-7.401807],[109.627033,-7.401807],[109.627033,-7.401538],[109.626225,-7.401538],[109.626225,-7.401807],[109.625955,-7.401807],[109.625955,-7.402346],[109.624877,-7.402346],[109.624877,-7.402077],[109.624608,-7.402077],[109.624608,-7.401807],[109.623799,-7.401807],[109.623799,-7.401538],[109.622182,-7.401538],[109.622182,-7.401807],[109.621643,-7.401807],[109.621643,-7.402077],[109.620835,-7.402077],[109.620835,-7.401807],[109.620027,-7.401807],[109.620027,-7.401538],[109.618679,-7.401538],[109.618679,-7.401807],[109.61814,-7.401807],[109.61814,-7.402077],[109.617871,-7.402077],[109.617871,-7.402346],[109.616523,-7.402346],[109.616523,-7.402616],[109.614906,-7.402616],[109.614906,-7.403694],[109.613559,-7.403694],[109.613559,-7.403963],[109.610055,-7.403963],[109.610055,-7.404233],[109.608438,-7.404233],[109.608438,-7.404502],[109.60763,-7.404502],[109.60763,-7.404772],[109.606013,-7.404772],[109.606013,-7.405041],[109.605743,-7.405041],[109.605743,-7.40558],[109.605474,-7.40558],[109.605474,-7.40585],[109.605204,-7.40585],[109.605204,-7.406658],[109.604935,-7.406658],[109.604935,-7.407467],[109.603587,-7.407467],[109.603587,-7.407736],[109.603318,-7.407736],[109.603318,-7.408006],[109.603048,-7.408006],[109.603048,-7.408275],[109.602509,-7.408275],[109.602509,-7.408545],[109.60224,-7.408545],[109.60224,-7.408814],[109.60197,-7.408814],[109.60197,-7.409084],[109.601701,-7.409084],[109.601701,-7.408814],[109.599545,-7.408814],[109.599545,-7.408545],[109.599276,-7.408545],[109.599276,-7.408275],[109.599006,-7.408275],[109.599006,-7.408006],[109.598737,-7.408006],[109.598737,-7.407736],[109.598467,-7.407736],[109.598467,-7.407467],[109.598198,-7.407467],[109.598198,-7.406658],[109.59712,-7.406658],[109.59712,-7.406928],[109.59685,-7.406928],[109.59685,-7.407197],[109.596581,-7.407197],[109.596581,-7.407467],[109.595772,-7.407467],[109.595772,-7.407736],[109.595233,-7.407736],[109.595233,-7.408275],[109.594964,-7.408275],[109.594964,-7.410161],[109.595233,-7.410161],[109.595233,-7.409892],[109.595503,-7.409892],[109.595503,-7.409623],[109.595772,-7.409623],[109.595772,-7.409353],[109.59712,-7.409353],[109.59712,-7.409623],[109.59685,-7.409623],[109.59685,-7.409892],[109.596581,-7.409892],[109.596581,-7.410161],[109.596311,-7.410161],[109.596311,-7.410431],[109.596042,-7.410431],[109.596042,-7.4107],[109.594694,-7.4107],[109.594694,-7.410431],[109.594425,-7.410431],[109.594425,-7.409892],[109.594155,-7.409892],[109.594155,-7.409623],[109.593886,-7.409623],[109.593886,-7.409353],[109.593616,-7.409353],[109.593616,-7.409084],[109.593347,-7.409084],[109.593347,-7.408814],[109.592808,-7.408814],[109.592808,-7.408545],[109.592269,-7.408545],[109.592269,-7.406658],[109.592538,-7.406658],[109.592538,-7.405311],[109.592808,-7.405311],[109.592808,-7.404502],[109.593616,-7.404502],[109.593616,-7.404233],[109.594155,-7.404233],[109.594155,-7.403694],[109.594425,-7.403694],[109.594425,-7.403424],[109.594694,-7.403424],[109.594694,-7.403155],[109.594964,-7.403155],[109.594964,-7.402346],[109.595233,-7.402346],[109.595233,-7.401268],[109.59685,-7.401268],[109.59685,-7.401538],[109.59712,-7.401538],[109.59712,-7.401807],[109.597389,-7.401807],[109.597389,-7.402077],[109.598737,-7.402077],[109.598737,-7.401807],[109.599006,-7.401807],[109.599006,-7.401538],[109.599276,-7.401538],[109.599276,-7.401268],[109.599545,-7.401268],[109.599545,-7.400999],[109.599815,-7.400999],[109.599815,-7.40019],[109.600084,-7.40019],[109.600084,-7.399382],[109.599815,-7.399382],[109.599815,-7.399112],[109.600353,-7.399112],[109.600353,-7.398573],[109.600623,-7.398573],[109.600623,-7.398304],[109.600892,-7.398304],[109.600892,-7.398034],[109.601162,-7.398034],[109.601162,-7.397765],[109.601431,-7.397765],[109.601431,-7.397495],[109.601701,-7.397495],[109.601701,-7.397226],[109.60197,-7.397226],[109.60197,-7.396956],[109.60224,-7.396956],[109.60224,-7.396417],[109.602779,-7.396417],[109.602779,-7.396148],[109.603048,-7.396148],[109.603048,-7.395878],[109.603318,-7.395878],[109.603318,-7.395609],[109.605204,-7.395609],[109.605204,-7.3948],[109.605474,-7.3948],[109.605474,-7.394261],[109.605743,-7.394261],[109.605743,-7.393992],[109.606013,-7.393992],[109.606013,-7.393453],[109.606282,-7.393453],[109.606282,-7.393183],[109.606552,-7.393183],[109.606552,-7.392914],[109.607091,-7.392914],[109.607091,-7.392375],[109.60736,-7.392375],[109.60736,-7.391836],[109.60763,-7.391836],[109.60763,-7.391566],[109.607899,-7.391566],[109.607899,-7.391297],[109.60763,-7.391297],[109.60763,-7.390758],[109.60736,-7.390758],[109.60736,-7.390488],[109.607091,-7.390488],[109.607091,-7.389949],[109.606821,-7.389949],[109.606821,-7.38968],[109.606552,-7.38968]],[[109.598467,-7.398843],[109.599276,-7.398843],[109.599276,-7.399382],[109.599545,-7.399382],[109.599545,-7.40019],[109.599276,-7.40019],[109.599276,-7.400729],[109.599006,-7.400729],[109.599006,-7.400999],[109.598737,-7.400999],[109.598737,-7.401268],[109.598467,-7.401268],[109.598467,-7.401538],[109.597389,-7.401538],[109.597389,-7.401268],[109.59685,-7.401268],[109.59685,-7.400999],[109.596581,-7.400999],[109.596581,-7.40046],[109.59685,-7.40046],[109.59685,-7.399921],[109.59712,-7.399921],[109.59712,-7.399651],[109.597659,-7.399651],[109.597659,-7.399382],[109.597928,-7.399382],[109.597928,-7.399112],[109.598467,-7.399112],[109.598467,-7.398843]],[[109.615176,-7.403694],[109.615715,-7.403694],[109.615715,-7.403963],[109.615176,-7.403963],[109.615176,-7.403694]],[[109.617062,-7.403963],[109.617601,-7.403963],[109.617601,-7.404233],[109.617332,-7.404233],[109.617332,-7.404772],[109.617062,-7.404772],[109.617062,-7.405041],[109.616523,-7.405041],[109.616523,-7.40558],[109.615715,-7.40558],[109.615715,-7.40585],[109.615176,-7.40585],[109.615176,-7.405041],[109.615445,-7.405041],[109.615445,-7.404772],[109.615984,-7.404772],[109.615984,-7.404502],[109.616793,-7.404502],[109.616793,-7.404233],[109.617062,-7.404233],[109.617062,-7.403963]],[[109.590921,-7.405311],[109.59146,-7.405311],[109.59146,-7.406389],[109.591191,-7.406389],[109.591191,-7.406658],[109.590652,-7.406658],[109.590652,-7.406389],[109.590382,-7.406389],[109.590382,-7.40585],[109.590652,-7.40585],[109.590652,-7.40558],[109.590921,-7.40558],[109.590921,-7.405311]],[[109.608708,-7.405311],[109.610055,-7.405311],[109.610055,-7.40558],[109.610325,-7.40558],[109.610325,-7.406119],[109.610055,-7.406119],[109.610055,-7.406389],[109.609786,-7.406389],[109.609786,-7.406658],[109.609247,-7.406658],[109.609247,-7.406928],[109.608169,-7.406928],[109.608169,-7.407197],[109.606821,-7.407197],[109.606821,-7.406119],[109.607091,-7.406119],[109.607091,-7.40585],[109.60763,-7.40585],[109.60763,-7.40558],[109.608708,-7.40558],[109.608708,-7.405311]],[[109.57556,-7.417168],[109.576099,-7.417168],[109.576099,-7.417438],[109.576369,-7.417438],[109.576369,-7.417977],[109.576099,-7.417977],[109.576099,-7.418785],[109.57556,-7.418785],[109.57556,-7.419055],[109.574482,-7.419055],[109.574482,-7.418785],[109.574213,-7.418785],[109.574213,-7.418516],[109.573943,-7.418516],[109.573943,-7.417977],[109.574213,-7.417977],[109.574213,-7.417707],[109.574752,-7.417707],[109.574752,-7.417438],[109.57556,-7.417438],[109.57556,-7.417168]],[[109.569901,-7.420672],[109.57044,-7.420672],[109.57044,-7.420941],[109.570709,-7.420941],[109.570709,-7.42175],[109.57044,-7.42175],[109.57044,-7.422289],[109.569901,-7.422289],[109.569901,-7.422558],[109.568284,-7.422558],[109.568284,-7.422019],[109.568014,-7.422019],[109.568014,-7.42175],[109.568284,-7.42175],[109.568284,-7.42148],[109.569092,-7.42148],[109.569092,-7.421211],[109.569631,-7.421211],[109.569631,-7.420941],[109.569901,-7.420941],[109.569901,-7.420672]],[[109.558852,-7.427409],[109.559929,-7.427409],[109.559929,-7.427948],[109.55966,-7.427948],[109.55966,-7.428218],[109.559121,-7.428218],[109.559121,-7.428487],[109.558852,-7.428487],[109.558852,-7.428757],[109.558582,-7.428757],[109.558582,-7.429296],[109.558313,-7.429296],[109.558313,-7.429565],[109.558043,-7.429565],[109.558043,-7.429835],[109.557774,-7.429835],[109.557774,-7.430104],[109.557504,-7.430104],[109.557504,-7.430373],[109.556696,-7.430373],[109.556696,-7.430643],[109.555887,-7.430643],[109.555887,-7.430373],[109.551036,-7.430373],[109.551036,-7.430643],[109.550497,-7.430643],[109.550497,-7.430373],[109.549958,-7.430373],[109.549958,-7.429565],[109.550228,-7.429565],[109.550228,-7.429296],[109.550497,-7.429296],[109.550497,-7.429026],[109.550767,-7.429026],[109.550767,-7.428757],[109.551306,-7.428757],[109.551306,-7.428487],[109.551575,-7.428487],[109.551575,-7.428218],[109.552384,-7.428218],[109.552384,-7.427948],[109.552653,-7.427948],[109.552653,-7.428218],[109.554809,-7.428218],[109.554809,-7.427948],[109.555618,-7.427948],[109.555618,-7.427679],[109.558852,-7.427679],[109.558852,-7.427409]],[[109.527321,-7.440884],[109.529207,-7.440884],[109.529207,-7.441153],[109.528668,-7.441153],[109.528668,-7.441423],[109.528399,-7.441423],[109.528399,-7.441692],[109.52786,-7.441692],[109.52786,-7.441962],[109.527051,-7.441962],[109.527051,-7.442231],[109.526243,-7.442231],[109.526243,-7.441962],[109.525973,-7.441962],[109.525973,-7.441692],[109.526243,-7.441692],[109.526243,-7.441423],[109.526512,-7.441423],[109.526512,-7.441153],[109.527321,-7.441153],[109.527321,-7.440884]],[[109.519236,-7.447621],[109.519505,-7.447621],[109.519505,-7.447891],[109.519775,-7.447891],[109.519775,-7.44843],[109.519505,-7.44843],[109.519505,-7.448969],[109.518966,-7.448969],[109.518966,-7.449238],[109.518697,-7.449238],[109.518697,-7.449508],[109.517619,-7.449508],[109.517619,-7.449238],[109.51735,-7.449238],[109.51735,-7.448969],[109.517619,-7.448969],[109.517619,-7.448699],[109.518158,-7.448699],[109.518158,-7.44816],[109.518966,-7.44816],[109.518966,-7.447891],[109.519236,-7.447891],[109.519236,-7.447621]]]}},{"id":"177","type":"Feature","properties":{"DN":3,"Keterangan":"Tinggi"},"geometry":{"type":"Polygon","coordinates":[[[109.438927,-7.450316],[109.438927,-7.450585],[109.438388,-7.450585],[109.438388,-7.451124],[109.439466,-7.451124],[109.439466,-7.450855],[109.440005,-7.450855],[109.440005,-7.450585],[109.439466,-7.450585],[109.439466,-7.450316],[109.438927,-7.450316]]]}},{"id":"178","type":"Feature","properties":{"DN":1,"Keterangan":"Rendah"},"geometry":{"type":"Polygon","coordinates":[[[109.446742,-7.449777],[109.446742,-7.451394],[109.447012,-7.451394],[109.447012,-7.449777],[109.446742,-7.449777]]]}},{"id":"179","type":"Feature","properties":{"DN":1,"Keterangan":"Rendah"},"geometry":{"type":"Polygon","coordinates":[[[109.436502,-7.450047],[109.436502,-7.450316],[109.436232,-7.450316],[109.436232,-7.450855],[109.435963,-7.450855],[109.435963,-7.451663],[109.436232,-7.451663],[109.436232,-7.451933],[109.436502,-7.451933],[109.436502,-7.450585],[109.436771,-7.450585],[109.436771,-7.450047],[109.436502,-7.450047]]]}},{"id":"180","type":"Feature","properties":{"DN":1,"Keterangan":"Rendah"},"geometry":{"type":"Polygon","coordinates":[[[109.464259,-7.447621],[109.464259,-7.447891],[109.46399,-7.447891],[109.46399,-7.44843],[109.46372,-7.44843],[109.46372,-7.448699],[109.463451,-7.448699],[109.463451,-7.448969],[109.463181,-7.448969],[109.463181,-7.449238],[109.462912,-7.449238],[109.462912,-7.449508],[109.462642,-7.449508],[109.462642,-7.449777],[109.462373,-7.449777],[109.462373,-7.450047],[109.462103,-7.450047],[109.462103,-7.450316],[109.461834,-7.450316],[109.461834,-7.450585],[109.461564,-7.450585],[109.461564,-7.450855],[109.461025,-7.450855],[109.461025,-7.451394],[109.460756,-7.451394],[109.460756,-7.451663],[109.460486,-7.451663],[109.460486,-7.451933],[109.460217,-7.451933],[109.460217,-7.452202],[109.459947,-7.452202],[109.459947,-7.452472],[109.459139,-7.452472],[109.459139,-7.452741],[109.461295,-7.452741],[109.461295,-7.451663],[109.461564,-7.451663],[109.461564,-7.451394],[109.461834,-7.451394],[109.461834,-7.451124],[109.462103,-7.451124],[109.462103,-7.450585],[109.462373,-7.450585],[109.462373,-7.450316],[109.462912,-7.450316],[109.462912,-7.449777],[109.463181,-7.449777],[109.463181,-7.449508],[109.46372,-7.449508],[109.46372,-7.449238],[109.46399,-7.449238],[109.46399,-7.448969],[109.464529,-7.448969],[109.464529,-7.44816],[109.464798,-7.44816],[109.464798,-7.447621],[109.464259,-7.447621]]]}},{"id":"181","type":"Feature","properties":{"DN":1,"Keterangan":"Rendah"},"geometry":{"type":"Polygon","coordinates":[[[109.45321,-7.450585],[109.45321,-7.452202],[109.45348,-7.452202],[109.45348,-7.452741],[109.454288,-7.452741],[109.454288,-7.453011],[109.458869,-7.453011],[109.458869,-7.452741],[109.455905,-7.452741],[109.455905,-7.452472],[109.455097,-7.452472],[109.455097,-7.452202],[109.454558,-7.452202],[109.454558,-7.451933],[109.454288,-7.451933],[109.454288,-7.451663],[109.454019,-7.451663],[109.454019,-7.451394],[109.453749,-7.451394],[109.453749,-7.451124],[109.45348,-7.451124],[109.45348,-7.450585],[109.45321,-7.450585]]]}},{"id":"182","type":"Feature","properties":{"DN":2,"Keterangan":"Sedang"},"geometry":{"type":"Polygon","coordinates":[[[109.450515,-7.446543],[109.450515,-7.446813],[109.449437,-7.446813],[109.449437,-7.447082],[109.449168,-7.447082],[109.449168,-7.447352],[109.448898,-7.447352],[109.448898,-7.447621],[109.448629,-7.447621],[109.448629,-7.44816],[109.448359,-7.44816],[109.448359,-7.44843],[109.44809,-7.44843],[109.44809,-7.448699],[109.44782,-7.448699],[109.44782,-7.448969],[109.447551,-7.448969],[109.447551,-7.449238],[109.447281,-7.449238],[109.447281,-7.449508],[109.447012,-7.449508],[109.447012,-7.451663],[109.447281,-7.451663],[109.447281,-7.451933],[109.447551,-7.451933],[109.447551,-7.452202],[109.44782,-7.452202],[109.44782,-7.452472],[109.44809,-7.452472],[109.44809,-7.452741],[109.448359,-7.452741],[109.448359,-7.453011],[109.448629,-7.453011],[109.448629,-7.45328],[109.448898,-7.45328],[109.448898,-7.452202],[109.449168,-7.452202],[109.449168,-7.450047],[109.449437,-7.450047],[109.449437,-7.449777],[109.449707,-7.449777],[109.449707,-7.449508],[109.450246,-7.449508],[109.450246,-7.449238],[109.451324,-7.449238],[109.451324,-7.449508],[109.452132,-7.449508],[109.452132,-7.449777],[109.452671,-7.449777],[109.452671,-7.450047],[109.452941,-7.450047],[109.452941,-7.450316],[109.45321,-7.450316],[109.45321,-7.450585],[109.45348,-7.450585],[109.45348,-7.449238],[109.45321,-7.449238],[109.45321,-7.447891],[109.452941,-7.447891],[109.452941,-7.447082],[109.452671,-7.447082],[109.452671,-7.446813],[109.451863,-7.446813],[109.451863,-7.446543],[109.450515,-7.446543]]]}},{"id":"183","type":"Feature","properties":{"DN":1,"Keterangan":"Rendah"},"geometry":{"type":"Polygon","coordinates":[[[109.438927,-7.453011],[109.438927,-7.45328],[109.439196,-7.45328],[109.439196,-7.453011],[109.438927,-7.453011]]]}},{"id":"184","type":"Feature","properties":{"DN":2,"Keterangan":"Sedang"},"geometry":{"type":"Polygon","coordinates":[[[109.438657,-7.448699],[109.438657,-7.448969],[109.438118,-7.448969],[109.438118,-7.449238],[109.43758,-7.449238],[109.43758,-7.449508],[109.43731,-7.449508],[109.43731,-7.449777],[109.436771,-7.449777],[109.436771,-7.450585],[109.436502,-7.450585],[109.436502,-7.451933],[109.436771,-7.451933],[109.436771,-7.452202],[109.43731,-7.452202],[109.43731,-7.452472],[109.43758,-7.452472],[109.43758,-7.452741],[109.437849,-7.452741],[109.437849,-7.45355],[109.438388,-7.45355],[109.438388,-7.45328],[109.438927,-7.45328],[109.438927,-7.453011],[109.440274,-7.453011],[109.440274,-7.448699],[109.438657,-7.448699]],[[109.438927,-7.450316],[109.439466,-7.450316],[109.439466,-7.450585],[109.440005,-7.450585],[109.440005,-7.450855],[109.439466,-7.450855],[109.439466,-7.451124],[109.438388,-7.451124],[109.438388,-7.450585],[109.438927,-7.450585],[109.438927,-7.450316]]]}},{"id":"185","type":"Feature","properties":{"DN":2,"Keterangan":"Sedang"},"geometry":{"type":"Polygon","coordinates":[[[109.43758,-7.45355],[109.43758,-7.453819],[109.437849,-7.453819],[109.437849,-7.45355],[109.43758,-7.45355]]]}},{"id":"186","type":"Feature","properties":{"DN":2,"Keterangan":"Sedang"},"geometry":{"type":"Polygon","coordinates":[[[109.558043,-7.453819],[109.558043,-7.454358],[109.558582,-7.454358],[109.558582,-7.454089],[109.558852,-7.454089],[109.558852,-7.453819],[109.558043,-7.453819]]]}},{"id":"187","type":"Feature","properties":{"DN":1,"Keterangan":"Rendah"},"geometry":{"type":"Polygon","coordinates":[[[109.427069,-7.454628],[109.427069,-7.454897],[109.42653,-7.454897],[109.42653,-7.455167],[109.425991,-7.455167],[109.425991,-7.455436],[109.425722,-7.455436],[109.425722,-7.455975],[109.425991,-7.455975],[109.425991,-7.455706],[109.426261,-7.455706],[109.426261,-7.455436],[109.4268,-7.455436],[109.4268,-7.455167],[109.428147,-7.455167],[109.428147,-7.454897],[109.427339,-7.454897],[109.427339,-7.454628],[109.427069,-7.454628]]]}},{"id":"188","type":"Feature","properties":{"DN":1,"Keterangan":"Rendah"},"geometry":{"type":"Polygon","coordinates":[[[109.443778,-7.455706],[109.443778,-7.455975],[109.444047,-7.455975],[109.444047,-7.455706],[109.443778,-7.455706]]]}},{"id":"189","type":"Feature","properties":{"DN":1,"Keterangan":"Rendah"},"geometry":{"type":"Polygon","coordinates":[[[109.450246,-7.449238],[109.450246,-7.449508],[109.449707,-7.449508],[109.449707,-7.449777],[109.449437,-7.449777],[109.449437,-7.450047],[109.449168,-7.450047],[109.449168,-7.452202],[109.448898,-7.452202],[109.448898,-7.45328],[109.448629,-7.45328],[109.448629,-7.454089],[109.448359,-7.454089],[109.448359,-7.454358],[109.44809,-7.454358],[109.44809,-7.454628],[109.44782,-7.454628],[109.44782,-7.455167],[109.447551,-7.455167],[109.447551,-7.455436],[109.447281,-7.455436],[109.447281,-7.455706],[109.445934,-7.455706],[109.445934,-7.455436],[109.444317,-7.455436],[109.444317,-7.455706],[109.444586,-7.455706],[109.444586,-7.455975],[109.444856,-7.455975],[109.444856,-7.456245],[109.447281,-7.456245],[109.447281,-7.455975],[109.44782,-7.455975],[109.44782,-7.455436],[109.44809,-7.455436],[109.44809,-7.455167],[109.448359,-7.455167],[109.448359,-7.454897],[109.448629,-7.454897],[109.448629,-7.454628],[109.448898,-7.454628],[109.448898,-7.454358],[109.449168,-7.454358],[109.449168,-7.453819],[109.449437,-7.453819],[109.449437,-7.452472],[109.449707,-7.452472],[109.449707,-7.452202],[109.449976,-7.452202],[109.449976,-7.451394],[109.450246,-7.451394],[109.450246,-7.450047],[109.450515,-7.450047],[109.450515,-7.449777],[109.451324,-7.449777],[109.451324,-7.450047],[109.452671,-7.450047],[109.452671,-7.449777],[109.452132,-7.449777],[109.452132,-7.449508],[109.451324,-7.449508],[109.451324,-7.449238],[109.450246,-7.449238]]]}},{"id":"190","type":"Feature","properties":{"DN":2,"Keterangan":"Sedang"},"geometry":{"type":"Polygon","coordinates":[[[109.440813,-7.454089],[109.440813,-7.455706],[109.441083,-7.455706],[109.441083,-7.455975],[109.441352,-7.455975],[109.441352,-7.456514],[109.4427,-7.456514],[109.4427,-7.456245],[109.443239,-7.456245],[109.443239,-7.455975],[109.443778,-7.455975],[109.443778,-7.455706],[109.444317,-7.455706],[109.444317,-7.455436],[109.445395,-7.455436],[109.445395,-7.455167],[109.444856,-7.455167],[109.444856,-7.454897],[109.444317,-7.454897],[109.444317,-7.454628],[109.444047,-7.454628],[109.444047,-7.454358],[109.443508,-7.454358],[109.443508,-7.454089],[109.440813,-7.454089]]]}},{"id":"191","type":"Feature","properties":{"DN":1,"Keterangan":"Rendah"},"geometry":{"type":"Polygon","coordinates":[[[109.440005,-7.453011],[109.440005,-7.45355],[109.440274,-7.45355],[109.440274,-7.456784],[109.440544,-7.456784],[109.440544,-7.457323],[109.440813,-7.457323],[109.440813,-7.457592],[109.442969,-7.457592],[109.442969,-7.457323],[109.443239,-7.457323],[109.443239,-7.456784],[109.443508,-7.456784],[109.443508,-7.456514],[109.443778,-7.456514],[109.443778,-7.455975],[109.443239,-7.455975],[109.443239,-7.456245],[109.4427,-7.456245],[109.4427,-7.456514],[109.441352,-7.456514],[109.441352,-7.455975],[109.441083,-7.455975],[109.441083,-7.455706],[109.440813,-7.455706],[109.440813,-7.453819],[109.440544,-7.453819],[109.440544,-7.45328],[109.440274,-7.45328],[109.440274,-7.453011],[109.440005,-7.453011]]]}},{"id":"192","type":"Feature","properties":{"DN":2,"Keterangan":"Sedang"},"geometry":{"type":"Polygon","coordinates":[[[109.432729,-7.457862],[109.432729,-7.458131],[109.433268,-7.458131],[109.433268,-7.457862],[109.432729,-7.457862]]]}},{"id":"193","type":"Feature","properties":{"DN":2,"Keterangan":"Sedang"},"geometry":{"type":"Polygon","coordinates":[[[109.4268,-7.455167],[109.4268,-7.455436],[109.426261,-7.455436],[109.426261,-7.455706],[109.425991,-7.455706],[109.425991,-7.455975],[109.425722,-7.455975],[109.425722,-7.456514],[109.425991,-7.456514],[109.425991,-7.456784],[109.426261,-7.456784],[109.426261,-7.457053],[109.4268,-7.457053],[109.4268,-7.457323],[109.427069,-7.457323],[109.427069,-7.457592],[109.427608,-7.457592],[109.427608,-7.458401],[109.429225,-7.458401],[109.429225,-7.457862],[109.428956,-7.457862],[109.428956,-7.457323],[109.428686,-7.457323],[109.428686,-7.456245],[109.428417,-7.456245],[109.428417,-7.455167],[109.4268,-7.455167]]]}},{"id":"194","type":"Feature","properties":{"DN":2,"Keterangan":"Sedang"},"geometry":{"type":"Polygon","coordinates":[[[109.432459,-7.458131],[109.432459,-7.458401],[109.432729,-7.458401],[109.432729,-7.458131],[109.432459,-7.458131]]]}},{"id":"195","type":"Feature","properties":{"DN":2,"Keterangan":"Sedang"},"geometry":{"type":"Polygon","coordinates":[[[109.43192,-7.458401],[109.43192,-7.45867],[109.431651,-7.45867],[109.431651,-7.45894],[109.43219,-7.45894],[109.43219,-7.45867],[109.432459,-7.45867],[109.432459,-7.458401],[109.43192,-7.458401]]]}},{"id":"196","type":"Feature","properties":{"DN":1,"Keterangan":"Rendah"},"geometry":{"type":"Polygon","coordinates":[[[109.428686,-7.458401],[109.428686,-7.45867],[109.428956,-7.45867],[109.428956,-7.459209],[109.429495,-7.459209],[109.429495,-7.459479],[109.430034,-7.459479],[109.430034,-7.459209],[109.429764,-7.459209],[109.429764,-7.45894],[109.429495,-7.45894],[109.429495,-7.45867],[109.429225,-7.45867],[109.429225,-7.458401],[109.428686,-7.458401]]]}},{"id":"197","type":"Feature","properties":{"DN":1,"Keterangan":"Rendah"},"geometry":{"type":"Polygon","coordinates":[[[109.427608,-7.458401],[109.427608,-7.45867],[109.427339,-7.45867],[109.427339,-7.45894],[109.427069,-7.45894],[109.427069,-7.459209],[109.425722,-7.459209],[109.425722,-7.459479],[109.425452,-7.459479],[109.425452,-7.459748],[109.4268,-7.459748],[109.4268,-7.459479],[109.427339,-7.459479],[109.427339,-7.459209],[109.427608,-7.459209],[109.427608,-7.45894],[109.427878,-7.45894],[109.427878,-7.45867],[109.428417,-7.45867],[109.428417,-7.458401],[109.427608,-7.458401]]]}},{"id":"198","type":"Feature","properties":{"DN":1,"Keterangan":"Rendah"},"geometry":{"type":"Polygon","coordinates":[[[109.438388,-7.45328],[109.438388,-7.45355],[109.437849,-7.45355],[109.437849,-7.453819],[109.43758,-7.453819],[109.43758,-7.454089],[109.43731,-7.454089],[109.43731,-7.454628],[109.437041,-7.454628],[109.437041,-7.455167],[109.436771,-7.455167],[109.436771,-7.455436],[109.436502,-7.455436],[109.436502,-7.455706],[109.436232,-7.455706],[109.436232,-7.455975],[109.435963,-7.455975],[109.435963,-7.456245],[109.435693,-7.456245],[109.435693,-7.456514],[109.435424,-7.456514],[109.435424,-7.456784],[109.434885,-7.456784],[109.434885,-7.457053],[109.434615,-7.457053],[109.434615,-7.457323],[109.434076,-7.457323],[109.434076,-7.457592],[109.433537,-7.457592],[109.433537,-7.457862],[109.433268,-7.457862],[109.433268,-7.458131],[109.432729,-7.458131],[109.432729,-7.458401],[109.432459,-7.458401],[109.432459,-7.45867],[109.43219,-7.45867],[109.43219,-7.45894],[109.431112,-7.45894],[109.431112,-7.459209],[109.430842,-7.459209],[109.430842,-7.459479],[109.430573,-7.459479],[109.430573,-7.459748],[109.432459,-7.459748],[109.432459,-7.459479],[109.432998,-7.459479],[109.432998,-7.459209],[109.433807,-7.459209],[109.433807,-7.45894],[109.434076,-7.45894],[109.434076,-7.45867],[109.434346,-7.45867],[109.434346,-7.458401],[109.434615,-7.458401],[109.434615,-7.458131],[109.435424,-7.458131],[109.435424,-7.457862],[109.435693,-7.457862],[109.435693,-7.457592],[109.435963,-7.457592],[109.435963,-7.457323],[109.436232,-7.457323],[109.436232,-7.457053],[109.436502,-7.457053],[109.436502,-7.456784],[109.436771,-7.456784],[109.436771,-7.456245],[109.437041,-7.456245],[109.437041,-7.455975],[109.43731,-7.455975],[109.43731,-7.455436],[109.43758,-7.455436],[109.43758,-7.455167],[109.437849,-7.455167],[109.437849,-7.454897],[109.438118,-7.454897],[109.438118,-7.454628],[109.438388,-7.454628],[109.438388,-7.454089],[109.438657,-7.454089],[109.438657,-7.45355],[109.438927,-7.45355],[109.438927,-7.45328],[109.438388,-7.45328]]]}},{"id":"199","type":"Feature","properties":{"DN":2,"Keterangan":"Sedang"},"geometry":{"type":"Polygon","coordinates":[[[109.554001,-7.460287],[109.554001,-7.460557],[109.55427,-7.460557],[109.55427,-7.460287],[109.554001,-7.460287]]]}},{"id":"200","type":"Feature","properties":{"DN":2,"Keterangan":"Sedang"},"geometry":{"type":"Polygon","coordinates":[[[109.423566,-7.45867],[109.423566,-7.45894],[109.423027,-7.45894],[109.423027,-7.459209],[109.422757,-7.459209],[109.422757,-7.459748],[109.423027,-7.459748],[109.423027,-7.460018],[109.423296,-7.460018],[109.423296,-7.460287],[109.423566,-7.460287],[109.423566,-7.460557],[109.423835,-7.460557],[109.423835,-7.461096],[109.424105,-7.461096],[109.424105,-7.460826],[109.424374,-7.460826],[109.424374,-7.460557],[109.424644,-7.460557],[109.424644,-7.460287],[109.424913,-7.460287],[109.424913,-7.459748],[109.425452,-7.459748],[109.425452,-7.459479],[109.425722,-7.459479],[109.425722,-7.459209],[109.425183,-7.459209],[109.425183,-7.45894],[109.424105,-7.45894],[109.424105,-7.45867],[109.423566,-7.45867]]]}},{"id":"201","type":"Feature","properties":{"DN":2,"Keterangan":"Sedang"},"geometry":{"type":"Polygon","coordinates":[[[109.424374,-7.465408],[109.424374,-7.465677],[109.424644,-7.465677],[109.424644,-7.465408],[109.424374,-7.465408]]]}},{"id":"202","type":"Feature","properties":{"DN":2,"Keterangan":"Sedang"},"geometry":{"type":"Polygon","coordinates":[[[109.424644,-7.465677],[109.424644,-7.467294],[109.424913,-7.467294],[109.424913,-7.465677],[109.424644,-7.465677]]]}},{"id":"203","type":"Feature","properties":{"DN":1,"Keterangan":"Rendah"},"geometry":{"type":"Polygon","coordinates":[[[109.418445,-7.471606],[109.418445,-7.472145],[109.418176,-7.472145],[109.418176,-7.472953],[109.418445,-7.472953],[109.418445,-7.473223],[109.418715,-7.473223],[109.418715,-7.471606],[109.418445,-7.471606]]]}},{"id":"204","type":"Feature","properties":{"DN":1,"Keterangan":"Rendah"},"geometry":{"type":"Polygon","coordinates":[[[109.732136,-7.446543],[109.732136,-7.447891],[109.731866,-7.447891],[109.731866,-7.44816],[109.731597,-7.44816],[109.731597,-7.448699],[109.731327,-7.448699],[109.731327,-7.450316],[109.731058,-7.450316],[109.731058,-7.451124],[109.731327,-7.451124],[109.731327,-7.451663],[109.731597,-7.451663],[109.731597,-7.455167],[109.731327,-7.455167],[109.731327,-7.457323],[109.731597,-7.457323],[109.731597,-7.457592],[109.731327,-7.457592],[109.731327,-7.462174],[109.731597,-7.462174],[109.731597,-7.463521],[109.731327,-7.463521],[109.731327,-7.463791],[109.731058,-7.463791],[109.731058,-7.46406],[109.730788,-7.46406],[109.730788,-7.465677],[109.731327,-7.465677],[109.731327,-7.465947],[109.731597,-7.465947],[109.731597,-7.466216],[109.732136,-7.466216],[109.732136,-7.466755],[109.732405,-7.466755],[109.732405,-7.467294],[109.732675,-7.467294],[109.732675,-7.467564],[109.732944,-7.467564],[109.732944,-7.468911],[109.732405,-7.468911],[109.732405,-7.46972],[109.732136,-7.46972],[109.732136,-7.472145],[109.732944,-7.472145],[109.732944,-7.472414],[109.733214,-7.472414],[109.733214,-7.472953],[109.733483,-7.472953],[109.733483,-7.473223],[109.733753,-7.473223],[109.733753,-7.473762],[109.734022,-7.473762],[109.734022,-7.474031],[109.734292,-7.474031],[109.734292,-7.474301],[109.734561,-7.474301],[109.734561,-7.473223],[109.734292,-7.473223],[109.734292,-7.472684],[109.734022,-7.472684],[109.734022,-7.472414],[109.733753,-7.472414],[109.733753,-7.472145],[109.733214,-7.472145],[109.733214,-7.471875],[109.732944,-7.471875],[109.732944,-7.471606],[109.732675,-7.471606],[109.732675,-7.471336],[109.732405,-7.471336],[109.732405,-7.469989],[109.732675,-7.469989],[109.732675,-7.46972],[109.732944,-7.46972],[109.732944,-7.46945],[109.733214,-7.46945],[109.733214,-7.468642],[109.733483,-7.468642],[109.733483,-7.467564],[109.733214,-7.467564],[109.733214,-7.467294],[109.732944,-7.467294],[109.732944,-7.467025],[109.732675,-7.467025],[109.732675,-7.466216],[109.732405,-7.466216],[109.732405,-7.465677],[109.732136,-7.465677],[109.732136,-7.465408],[109.731866,-7.465408],[109.731866,-7.465138],[109.732136,-7.465138],[109.732136,-7.463521],[109.732405,-7.463521],[109.732405,-7.462443],[109.732136,-7.462443],[109.732136,-7.462174],[109.731866,-7.462174],[109.731866,-7.461904],[109.731597,-7.461904],[109.731597,-7.461096],[109.731866,-7.461096],[109.731866,-7.460826],[109.732136,-7.460826],[109.732136,-7.459748],[109.732405,-7.459748],[109.732405,-7.45894],[109.732136,-7.45894],[109.732136,-7.457862],[109.732405,-7.457862],[109.732405,-7.457592],[109.732675,-7.457592],[109.732675,-7.456514],[109.732405,-7.456514],[109.732405,-7.455167],[109.732675,-7.455167],[109.732675,-7.45355],[109.732405,-7.45355],[109.732405,-7.453011],[109.732675,-7.453011],[109.732675,-7.451933],[109.732944,-7.451933],[109.732944,-7.451124],[109.732675,-7.451124],[109.732675,-7.450855],[109.732405,-7.450855],[109.732405,-7.450316],[109.732136,-7.450316],[109.732136,-7.449238],[109.732405,-7.449238],[109.732405,-7.448969],[109.732675,-7.448969],[109.732675,-7.448699],[109.732944,-7.448699],[109.732944,-7.44816],[109.733214,-7.44816],[109.733214,-7.447082],[109.732944,-7.447082],[109.732944,-7.446543],[109.732136,-7.446543]]]}},{"id":"205","type":"Feature","properties":{"DN":1,"Keterangan":"Rendah"},"geometry":{"type":"Polygon","coordinates":[[[109.445934,-7.473762],[109.445934,-7.47457],[109.446203,-7.47457],[109.446203,-7.473762],[109.445934,-7.473762]]]}},{"id":"206","type":"Feature","properties":{"DN":2,"Keterangan":"Sedang"},"geometry":{"type":"Polygon","coordinates":[[[109.403354,-7.475109],[109.403354,-7.475379],[109.403623,-7.475379],[109.403623,-7.475109],[109.403354,-7.475109]]]}},{"id":"207","type":"Feature","properties":{"DN":2,"Keterangan":"Sedang"},"geometry":{"type":"Polygon","coordinates":[[[109.539448,-7.473223],[109.539448,-7.473492],[109.539178,-7.473492],[109.539178,-7.474031],[109.53864,-7.474031],[109.53864,-7.474301],[109.538909,-7.474301],[109.538909,-7.47457],[109.539717,-7.47457],[109.539717,-7.47484],[109.540256,-7.47484],[109.540256,-7.475109],[109.541065,-7.475109],[109.541065,-7.475379],[109.541873,-7.475379],[109.541873,-7.475648],[109.542143,-7.475648],[109.542143,-7.475379],[109.542412,-7.475379],[109.542412,-7.475109],[109.542951,-7.475109],[109.542951,-7.474301],[109.54349,-7.474301],[109.54349,-7.474031],[109.541604,-7.474031],[109.541604,-7.473762],[109.541065,-7.473762],[109.541065,-7.473492],[109.540795,-7.473492],[109.540795,-7.473223],[109.539448,-7.473223]]]}},{"id":"208","type":"Feature","properties":{"DN":2,"Keterangan":"Sedang"},"geometry":{"type":"Polygon","coordinates":[[[109.400928,-7.467294],[109.400928,-7.467564],[109.400659,-7.467564],[109.400659,-7.468372],[109.400928,-7.468372],[109.400928,-7.468911],[109.401198,-7.468911],[109.401198,-7.469181],[109.401467,-7.469181],[109.401467,-7.46945],[109.401737,-7.46945],[109.401737,-7.46972],[109.402006,-7.46972],[109.402006,-7.470259],[109.402276,-7.470259],[109.402276,-7.470528],[109.402545,-7.470528],[109.402545,-7.470797],[109.402815,-7.470797],[109.402815,-7.471336],[109.403084,-7.471336],[109.403084,-7.471875],[109.403354,-7.471875],[109.403354,-7.472684],[109.403623,-7.472684],[109.403623,-7.473762],[109.403893,-7.473762],[109.403893,-7.474301],[109.403623,-7.474301],[109.403623,-7.475109],[109.403893,-7.475109],[109.403893,-7.47484],[109.404162,-7.47484],[109.404162,-7.47457],[109.404432,-7.47457],[109.404432,-7.474031],[109.404701,-7.474031],[109.404701,-7.472145],[109.404971,-7.472145],[109.404971,-7.471067],[109.40524,-7.471067],[109.40524,-7.470797],[109.406318,-7.470797],[109.406318,-7.471067],[109.407127,-7.471067],[109.407127,-7.471336],[109.407666,-7.471336],[109.407666,-7.471606],[109.408205,-7.471606],[109.408205,-7.471875],[109.409013,-7.471875],[109.409013,-7.472145],[109.409822,-7.472145],[109.409822,-7.472414],[109.41063,-7.472414],[109.41063,-7.472684],[109.4109,-7.472684],[109.4109,-7.472953],[109.411169,-7.472953],[109.411169,-7.473223],[109.411439,-7.473223],[109.411439,-7.474031],[109.411708,-7.474031],[109.411708,-7.475918],[109.411978,-7.475918],[109.411978,-7.475109],[109.412247,-7.475109],[109.412247,-7.474301],[109.412517,-7.474301],[109.412517,-7.473492],[109.412786,-7.473492],[109.412786,-7.472684],[109.413056,-7.472684],[109.413056,-7.471875],[109.413325,-7.471875],[109.413325,-7.471067],[109.413056,-7.471067],[109.413056,-7.470797],[109.412786,-7.470797],[109.412786,-7.470528],[109.411169,-7.470528],[109.411169,-7.470797],[109.41063,-7.470797],[109.41063,-7.471067],[109.410091,-7.471067],[109.410091,-7.471336],[109.409552,-7.471336],[109.409552,-7.471606],[109.409013,-7.471606],[109.409013,-7.471336],[109.407935,-7.471336],[109.407935,-7.471067],[109.407666,-7.471067],[109.407666,-7.470797],[109.407127,-7.470797],[109.407127,-7.470528],[109.406857,-7.470528],[109.406857,-7.470259],[109.406588,-7.470259],[109.406588,-7.469989],[109.406318,-7.469989],[109.406318,-7.46972],[109.405779,-7.46972],[109.405779,-7.46945],[109.40551,-7.46945],[109.40551,-7.469181],[109.40524,-7.469181],[109.40524,-7.468911],[109.404971,-7.468911],[109.404971,-7.468642],[109.404701,-7.468642],[109.404701,-7.468372],[109.404162,-7.468372],[109.404162,-7.468103],[109.403893,-7.468103],[109.403893,-7.467833],[109.403623,-7.467833],[109.403623,-7.467564],[109.403354,-7.467564],[109.403354,-7.467294],[109.400928,-7.467294]]]}},{"id":"209","type":"Feature","properties":{"DN":2,"Keterangan":"Sedang"},"geometry":{"type":"Polygon","coordinates":[[[109.550767,-7.470259],[109.550767,-7.471336],[109.551036,-7.471336],[109.551036,-7.472145],[109.551306,-7.472145],[109.551306,-7.472684],[109.551575,-7.472684],[109.551575,-7.472953],[109.552114,-7.472953],[109.552114,-7.473223],[109.553731,-7.473223],[109.553731,-7.473492],[109.55454,-7.473492],[109.55454,-7.473762],[109.554809,-7.473762],[109.554809,-7.47457],[109.555079,-7.47457],[109.555079,-7.475109],[109.555348,-7.475109],[109.555348,-7.475648],[109.555618,-7.475648],[109.555618,-7.475918],[109.555887,-7.475918],[109.555887,-7.476187],[109.556157,-7.476187],[109.556157,-7.476457],[109.556696,-7.476457],[109.556696,-7.476726],[109.557774,-7.476726],[109.557774,-7.476457],[109.558043,-7.476457],[109.558043,-7.475648],[109.557774,-7.475648],[109.557774,-7.475379],[109.557504,-7.475379],[109.557504,-7.475109],[109.557235,-7.475109],[109.557235,-7.47484],[109.556696,-7.47484],[109.556696,-7.47457],[109.556426,-7.47457],[109.556426,-7.474301],[109.555887,-7.474301],[109.555887,-7.474031],[109.555618,-7.474031],[109.555618,-7.473762],[109.555079,-7.473762],[109.555079,-7.473223],[109.554809,-7.473223],[109.554809,-7.472953],[109.55454,-7.472953],[109.55454,-7.472145],[109.55427,-7.472145],[109.55427,-7.471606],[109.554001,-7.471606],[109.554001,-7.471336],[109.553462,-7.471336],[109.553462,-7.471067],[109.552923,-7.471067],[109.552923,-7.470797],[109.551845,-7.470797],[109.551845,-7.470528],[109.551036,-7.470528],[109.551036,-7.470259],[109.550767,-7.470259]]]}},{"id":"210","type":"Feature","properties":{"DN":2,"Keterangan":"Sedang"},"geometry":{"type":"Polygon","coordinates":[[[109.421949,-7.46972],[109.421949,-7.469989],[109.42141,-7.469989],[109.42141,-7.470259],[109.420871,-7.470259],[109.420871,-7.470528],[109.420062,-7.470528],[109.420062,-7.470797],[109.419523,-7.470797],[109.419523,-7.471067],[109.418984,-7.471067],[109.418984,-7.471336],[109.418715,-7.471336],[109.418715,-7.473492],[109.418984,-7.473492],[109.418984,-7.473762],[109.419254,-7.473762],[109.419254,-7.474031],[109.419523,-7.474031],[109.419523,-7.47457],[109.419793,-7.47457],[109.419793,-7.47484],[109.420062,-7.47484],[109.420062,-7.476187],[109.419793,-7.476187],[109.419793,-7.477535],[109.420062,-7.477535],[109.420062,-7.477265],[109.420332,-7.477265],[109.420332,-7.476726],[109.420601,-7.476726],[109.420601,-7.476457],[109.42114,-7.476457],[109.42114,-7.476187],[109.42141,-7.476187],[109.42141,-7.475918],[109.422218,-7.475918],[109.422218,-7.475648],[109.421949,-7.475648],[109.421949,-7.47484],[109.421679,-7.47484],[109.421679,-7.47457],[109.42114,-7.47457],[109.42114,-7.474301],[109.420871,-7.474301],[109.420871,-7.474031],[109.420601,-7.474031],[109.420601,-7.473762],[109.420332,-7.473762],[109.420332,-7.473492],[109.420062,-7.473492],[109.420062,-7.472145],[109.420332,-7.472145],[109.420332,-7.471875],[109.420601,-7.471875],[109.420601,-7.471606],[109.420871,-7.471606],[109.420871,-7.471336],[109.42114,-7.471336],[109.42114,-7.471067],[109.42141,-7.471067],[109.42141,-7.470797],[109.421679,-7.470797],[109.421679,-7.470259],[109.422218,-7.470259],[109.422218,-7.46972],[109.421949,-7.46972]]]}},{"id":"211","type":"Feature","properties":{"DN":1,"Keterangan":"Rendah"},"geometry":{"type":"Polygon","coordinates":[[[109.666918,-7.420133],[109.666918,-7.420402],[109.66611,-7.420402],[109.66611,-7.420672],[109.665571,-7.420672],[109.665571,-7.420941],[109.665032,-7.420941],[109.665032,-7.42148],[109.664762,-7.42148],[109.664762,-7.42175],[109.664223,-7.42175],[109.664223,-7.422019],[109.663684,-7.422019],[109.663684,-7.422289],[109.663415,-7.422289],[109.663415,-7.422558],[109.662606,-7.422558],[109.662606,-7.422828],[109.662067,-7.422828],[109.662067,-7.423097],[109.661798,-7.423097],[109.661798,-7.423636],[109.661528,-7.423636],[109.661528,-7.423906],[109.661259,-7.423906],[109.661259,-7.424175],[109.660989,-7.424175],[109.660989,-7.424445],[109.660451,-7.424445],[109.660451,-7.424714],[109.660181,-7.424714],[109.660181,-7.424984],[109.659642,-7.424984],[109.659642,-7.425792],[109.659373,-7.425792],[109.659373,-7.427409],[109.659103,-7.427409],[109.659103,-7.427679],[109.658834,-7.427679],[109.658834,-7.427948],[109.657486,-7.427948],[109.657486,-7.427679],[109.656947,-7.427679],[109.656947,-7.427409],[109.656678,-7.427409],[109.656678,-7.42714],[109.656408,-7.42714],[109.656408,-7.42687],[109.656139,-7.42687],[109.656139,-7.426601],[109.655869,-7.426601],[109.655869,-7.426331],[109.6556,-7.426331],[109.6556,-7.426062],[109.655061,-7.426062],[109.655061,-7.425792],[109.652635,-7.425792],[109.652635,-7.426062],[109.652366,-7.426062],[109.652366,-7.42687],[109.651827,-7.42687],[109.651827,-7.426601],[109.650479,-7.426601],[109.650479,-7.426062],[109.65021,-7.426062],[109.65021,-7.425792],[109.64994,-7.425792],[109.64994,-7.425253],[109.649671,-7.425253],[109.649671,-7.424984],[109.649132,-7.424984],[109.649132,-7.424714],[109.648862,-7.424714],[109.648862,-7.423906],[109.648323,-7.423906],[109.648323,-7.423636],[109.646437,-7.423636],[109.646437,-7.423906],[109.645628,-7.423906],[109.645628,-7.424175],[109.645089,-7.424175],[109.645089,-7.424445],[109.644281,-7.424445],[109.644281,-7.425523],[109.644011,-7.425523],[109.644011,-7.425792],[109.643472,-7.425792],[109.643472,-7.426062],[109.643203,-7.426062],[109.643203,-7.426331],[109.642933,-7.426331],[109.642933,-7.426601],[109.642394,-7.426601],[109.642394,-7.42687],[109.641855,-7.42687],[109.641855,-7.427679],[109.641586,-7.427679],[109.641586,-7.427948],[109.641316,-7.427948],[109.641316,-7.427679],[109.639969,-7.427679],[109.639969,-7.427948],[109.6397,-7.427948],[109.6397,-7.428218],[109.639161,-7.428218],[109.639161,-7.428487],[109.638083,-7.428487],[109.638083,-7.428757],[109.636735,-7.428757],[109.636735,-7.429296],[109.635927,-7.429296],[109.635927,-7.429565],[109.634579,-7.429565],[109.634579,-7.429296],[109.63431,-7.429296],[109.63431,-7.429026],[109.631884,-7.429026],[109.631884,-7.428757],[109.629998,-7.428757],[109.629998,-7.428218],[109.629728,-7.428218],[109.629728,-7.427948],[109.629459,-7.427948],[109.629459,-7.427679],[109.628381,-7.427679],[109.628381,-7.428218],[109.627842,-7.428218],[109.627842,-7.427948],[109.627033,-7.427948],[109.627033,-7.428218],[109.626764,-7.428218],[109.626764,-7.428487],[109.626225,-7.428487],[109.626225,-7.429565],[109.625955,-7.429565],[109.625955,-7.430104],[109.625686,-7.430104],[109.625686,-7.431182],[109.624608,-7.431182],[109.624608,-7.430912],[109.624338,-7.430912],[109.624338,-7.430643],[109.62353,-7.430643],[109.62353,-7.430373],[109.622721,-7.430373],[109.622721,-7.430104],[109.621374,-7.430104],[109.621374,-7.430373],[109.621104,-7.430373],[109.621104,-7.431182],[109.620027,-7.431182],[109.620027,-7.430104],[109.619757,-7.430104],[109.619757,-7.429565],[109.618679,-7.429565],[109.618679,-7.429835],[109.61814,-7.429835],[109.61814,-7.430373],[109.617871,-7.430373],[109.617871,-7.430643],[109.617601,-7.430643],[109.617601,-7.430912],[109.616793,-7.430912],[109.616793,-7.430104],[109.615445,-7.430104],[109.615445,-7.429835],[109.614906,-7.429835],[109.614906,-7.429565],[109.614098,-7.429565],[109.614098,-7.429026],[109.613828,-7.429026],[109.613828,-7.428757],[109.614906,-7.428757],[109.614906,-7.428487],[109.615445,-7.428487],[109.615445,-7.427679],[109.614906,-7.427679],[109.614906,-7.427409],[109.613289,-7.427409],[109.613289,-7.427679],[109.61302,-7.427679],[109.61302,-7.428218],[109.612211,-7.428218],[109.612211,-7.428487],[109.611942,-7.428487],[109.611942,-7.428218],[109.611133,-7.428218],[109.611133,-7.427948],[109.610864,-7.427948],[109.610864,-7.42687],[109.609786,-7.42687],[109.609786,-7.428757],[109.609516,-7.428757],[109.609516,-7.429296],[109.606552,-7.429296],[109.606552,-7.429835],[109.605743,-7.429835],[109.605743,-7.429565],[109.605474,-7.429565],[109.605474,-7.429296],[109.605204,-7.429296],[109.605204,-7.429026],[109.604665,-7.429026],[109.604665,-7.428757],[109.604396,-7.428757],[109.604396,-7.428487],[109.603857,-7.428487],[109.603857,-7.428218],[109.602509,-7.428218],[109.602509,-7.428757],[109.60224,-7.428757],[109.60224,-7.429565],[109.60197,-7.429565],[109.60197,-7.430912],[109.60224,-7.430912],[109.60224,-7.43199],[109.60197,-7.43199],[109.60197,-7.43226],[109.600892,-7.43226],[109.600892,-7.43199],[109.599815,-7.43199],[109.599815,-7.43226],[109.599545,-7.43226],[109.599545,-7.432529],[109.599276,-7.432529],[109.599276,-7.43226],[109.59712,-7.43226],[109.59712,-7.43199],[109.596311,-7.43199],[109.596311,-7.43226],[109.595772,-7.43226],[109.595772,-7.432529],[109.595503,-7.432529],[109.595503,-7.433068],[109.594694,-7.433068],[109.594694,-7.432799],[109.594425,-7.432799],[109.594425,-7.432529],[109.594155,-7.432529],[109.594155,-7.43226],[109.593886,-7.43226],[109.593886,-7.43199],[109.592538,-7.43199],[109.592538,-7.43226],[109.592269,-7.43226],[109.592269,-7.433607],[109.592538,-7.433607],[109.592538,-7.434416],[109.592808,-7.434416],[109.592808,-7.434685],[109.592269,-7.434685],[109.592269,-7.434955],[109.590652,-7.434955],[109.590652,-7.434685],[109.589304,-7.434685],[109.589304,-7.434955],[109.587687,-7.434955],[109.587687,-7.436302],[109.587148,-7.436302],[109.587148,-7.436033],[109.58634,-7.436033],[109.58634,-7.436302],[109.58607,-7.436302],[109.58607,-7.436572],[109.584992,-7.436572],[109.584992,-7.437111],[109.584723,-7.437111],[109.584723,-7.43738],[109.584453,-7.43738],[109.584453,-7.43765],[109.584184,-7.43765],[109.584184,-7.437919],[109.583645,-7.437919],[109.583645,-7.438189],[109.582836,-7.438189],[109.582836,-7.438458],[109.582297,-7.438458],[109.582297,-7.438189],[109.582028,-7.438189],[109.582028,-7.437919],[109.581219,-7.437919],[109.581219,-7.438189],[109.58068,-7.438189],[109.58068,-7.438458],[109.580411,-7.438458],[109.580411,-7.438728],[109.580141,-7.438728],[109.580141,-7.438997],[109.579872,-7.438997],[109.579872,-7.439536],[109.579333,-7.439536],[109.579333,-7.439806],[109.579064,-7.439806],[109.579064,-7.439536],[109.578525,-7.439536],[109.578525,-7.439267],[109.576369,-7.439267],[109.576369,-7.439536],[109.57583,-7.439536],[109.57583,-7.439806],[109.574482,-7.439806],[109.574482,-7.440075],[109.573943,-7.440075],[109.573943,-7.440614],[109.573674,-7.440614],[109.573674,-7.441423],[109.573404,-7.441423],[109.573404,-7.441962],[109.573135,-7.441962],[109.573135,-7.442501],[109.572865,-7.442501],[109.572865,-7.44277],[109.572326,-7.44277],[109.572326,-7.44304],[109.571787,-7.44304],[109.571787,-7.44277],[109.569631,-7.44277],[109.569631,-7.44304],[109.569362,-7.44304],[109.569362,-7.443848],[109.569092,-7.443848],[109.569092,-7.444387],[109.568823,-7.444387],[109.568823,-7.444657],[109.568284,-7.444657],[109.568284,-7.444926],[109.567475,-7.444926],[109.567475,-7.444657],[109.566397,-7.444657],[109.566397,-7.444926],[109.565858,-7.444926],[109.565858,-7.444657],[109.565319,-7.444657],[109.565319,-7.444387],[109.56505,-7.444387],[109.56505,-7.444118],[109.564511,-7.444118],[109.564511,-7.443848],[109.564241,-7.443848],[109.564241,-7.44277],[109.563433,-7.44277],[109.563433,-7.444118],[109.563163,-7.444118],[109.563163,-7.444387],[109.562894,-7.444387],[109.562894,-7.444657],[109.562624,-7.444657],[109.562624,-7.445465],[109.563163,-7.445465],[109.563163,-7.445735],[109.563433,-7.445735],[109.563433,-7.446274],[109.563702,-7.446274],[109.563702,-7.447082],[109.563433,-7.447082],[109.563433,-7.447352],[109.562624,-7.447352],[109.562624,-7.447621],[109.561816,-7.447621],[109.561816,-7.44843],[109.561546,-7.44843],[109.561546,-7.448699],[109.561277,-7.448699],[109.561277,-7.448969],[109.561007,-7.448969],[109.561007,-7.449238],[109.560738,-7.449238],[109.560738,-7.451124],[109.560468,-7.451124],[109.560468,-7.451394],[109.560199,-7.451394],[109.560199,-7.451663],[109.559929,-7.451663],[109.559929,-7.451933],[109.55966,-7.451933],[109.55966,-7.452202],[109.558852,-7.452202],[109.558852,-7.452472],[109.558043,-7.452472],[109.558043,-7.452202],[109.556965,-7.452202],[109.556965,-7.452472],[109.556696,-7.452472],[109.556696,-7.452741],[109.556426,-7.452741],[109.556426,-7.454089],[109.556696,-7.454089],[109.556696,-7.454628],[109.556965,-7.454628],[109.556965,-7.456514],[109.556696,-7.456514],[109.556696,-7.457323],[109.556426,-7.457323],[109.556426,-7.457592],[109.556157,-7.457592],[109.556157,-7.457862],[109.555618,-7.457862],[109.555618,-7.458131],[109.554809,-7.458131],[109.554809,-7.458401],[109.553462,-7.458401],[109.553462,-7.45867],[109.553192,-7.45867],[109.553192,-7.45894],[109.552923,-7.45894],[109.552923,-7.459209],[109.552653,-7.459209],[109.552653,-7.461635],[109.552384,-7.461635],[109.552384,-7.462174],[109.551575,-7.462174],[109.551575,-7.462443],[109.551306,-7.462443],[109.551306,-7.462713],[109.551036,-7.462713],[109.551036,-7.462982],[109.550497,-7.462982],[109.550497,-7.463252],[109.550228,-7.463252],[109.550228,-7.465947],[109.549958,-7.465947],[109.549958,-7.466216],[109.549689,-7.466216],[109.549689,-7.466486],[109.549419,-7.466486],[109.549419,-7.466755],[109.54915,-7.466755],[109.54915,-7.466486],[109.547802,-7.466486],[109.547802,-7.467294],[109.548611,-7.467294],[109.548611,-7.468103],[109.54888,-7.468103],[109.54888,-7.468911],[109.54915,-7.468911],[109.54915,-7.470528],[109.549419,-7.470528],[109.549419,-7.471336],[109.549958,-7.471336],[109.549958,-7.471606],[109.550497,-7.471606],[109.550497,-7.471875],[109.550767,-7.471875],[109.550767,-7.472684],[109.549958,-7.472684],[109.549958,-7.472953],[109.549419,-7.472953],[109.549419,-7.472684],[109.54888,-7.472684],[109.54888,-7.472414],[109.547263,-7.472414],[109.547263,-7.472684],[109.546994,-7.472684],[109.546994,-7.472953],[109.546724,-7.472953],[109.546724,-7.473492],[109.545916,-7.473492],[109.545916,-7.473223],[109.545646,-7.473223],[109.545646,-7.472953],[109.544838,-7.472953],[109.544838,-7.472684],[109.542951,-7.472684],[109.542951,-7.472953],[109.542143,-7.472953],[109.542143,-7.474031],[109.54349,-7.474031],[109.54349,-7.474301],[109.542951,-7.474301],[109.542951,-7.475109],[109.542412,-7.475109],[109.542412,-7.475379],[109.542143,-7.475379],[109.542143,-7.475648],[109.541873,-7.475648],[109.541873,-7.475379],[109.541065,-7.475379],[109.541065,-7.475109],[109.540256,-7.475109],[109.540256,-7.475379],[109.540526,-7.475379],[109.540526,-7.476187],[109.541334,-7.476187],[109.541334,-7.476457],[109.542143,-7.476457],[109.542143,-7.476726],[109.542951,-7.476726],[109.542951,-7.476457],[109.543221,-7.476457],[109.543221,-7.476187],[109.54349,-7.476187],[109.54349,-7.475379],[109.54376,-7.475379],[109.54376,-7.475109],[109.544029,-7.475109],[109.544029,-7.47484],[109.544299,-7.47484],[109.544299,-7.475109],[109.544568,-7.475109],[109.544568,-7.475379],[109.545107,-7.475379],[109.545107,-7.475648],[109.545377,-7.475648],[109.545377,-7.475918],[109.546455,-7.475918],[109.546455,-7.475648],[109.547263,-7.475648],[109.547263,-7.475379],[109.548341,-7.475379],[109.548341,-7.47484],[109.548611,-7.47484],[109.548611,-7.47457],[109.54888,-7.47457],[109.54888,-7.474031],[109.549419,-7.474031],[109.549419,-7.473762],[109.553731,-7.473762],[109.553731,-7.474031],[109.55427,-7.474031],[109.55427,-7.475379],[109.55454,-7.475379],[109.55454,-7.476187],[109.554809,-7.476187],[109.554809,-7.476457],[109.555348,-7.476457],[109.555348,-7.476726],[109.555618,-7.476726],[109.555618,-7.476996],[109.556157,-7.476996],[109.556157,-7.477535],[109.556426,-7.477535],[109.556426,-7.477804],[109.557774,-7.477804],[109.557774,-7.477265],[109.558313,-7.477265],[109.558313,-7.476996],[109.560468,-7.476996],[109.560468,-7.476187],[109.560199,-7.476187],[109.560199,-7.475918],[109.55966,-7.475918],[109.55966,-7.475379],[109.558852,-7.475379],[109.558852,-7.475109],[109.558582,-7.475109],[109.558582,-7.47457],[109.556965,-7.47457],[109.556965,-7.474301],[109.556426,-7.474301],[109.556426,-7.473762],[109.556157,-7.473762],[109.556157,-7.472145],[109.554809,-7.472145],[109.554809,-7.471875],[109.55454,-7.471875],[109.55454,-7.471606],[109.555079,-7.471606],[109.555079,-7.471336],[109.555618,-7.471336],[109.555618,-7.470528],[109.55427,-7.470528],[109.55427,-7.470259],[109.553462,-7.470259],[109.553462,-7.470528],[109.552384,-7.470528],[109.552384,-7.470259],[109.551845,-7.470259],[109.551845,-7.469989],[109.551575,-7.469989],[109.551575,-7.46972],[109.551306,-7.46972],[109.551306,-7.467294],[109.551575,-7.467294],[109.551575,-7.465408],[109.551845,-7.465408],[109.551845,-7.465138],[109.552114,-7.465138],[109.552114,-7.464869],[109.552384,-7.464869],[109.552384,-7.46433],[109.552653,-7.46433],[109.552653,-7.46406],[109.553192,-7.46406],[109.553192,-7.46433],[109.553462,-7.46433],[109.553462,-7.464869],[109.554809,-7.464869],[109.554809,-7.464599],[109.555079,-7.464599],[109.555079,-7.46433],[109.555348,-7.46433],[109.555348,-7.462443],[109.554809,-7.462443],[109.554809,-7.462174],[109.55454,-7.462174],[109.55454,-7.461904],[109.554809,-7.461904],[109.554809,-7.460557],[109.555079,-7.460557],[109.555079,-7.460287],[109.556965,-7.460287],[109.556965,-7.459209],[109.557504,-7.459209],[109.557504,-7.45894],[109.557774,-7.45894],[109.557774,-7.45867],[109.558043,-7.45867],[109.558043,-7.458401],[109.558313,-7.458401],[109.558313,-7.457592],[109.558852,-7.457592],[109.558852,-7.456514],[109.559121,-7.456514],[109.559121,-7.455975],[109.559391,-7.455975],[109.559391,-7.455167],[109.559121,-7.455167],[109.559121,-7.454897],[109.558852,-7.454897],[109.558852,-7.454628],[109.559121,-7.454628],[109.559121,-7.454358],[109.563163,-7.454358],[109.563163,-7.45355],[109.561546,-7.45355],[109.561546,-7.45328],[109.561277,-7.45328],[109.561277,-7.453011],[109.561007,-7.453011],[109.561007,-7.452741],[109.560738,-7.452741],[109.560738,-7.452202],[109.561007,-7.452202],[109.561007,-7.451933],[109.561277,-7.451933],[109.561277,-7.451663],[109.561546,-7.451663],[109.561546,-7.451394],[109.562894,-7.451394],[109.562894,-7.451124],[109.563433,-7.451124],[109.563433,-7.450316],[109.563163,-7.450316],[109.563163,-7.450047],[109.562894,-7.450047],[109.562894,-7.449777],[109.563702,-7.449777],[109.563702,-7.449508],[109.564241,-7.449508],[109.564241,-7.448969],[109.564511,-7.448969],[109.564511,-7.448699],[109.56478,-7.448699],[109.56478,-7.44843],[109.565319,-7.44843],[109.565319,-7.44816],[109.565858,-7.44816],[109.565858,-7.447891],[109.566936,-7.447891],[109.566936,-7.447621],[109.567206,-7.447621],[109.567206,-7.447352],[109.567745,-7.447352],[109.567745,-7.447082],[109.568284,-7.447082],[109.568284,-7.446813],[109.568823,-7.446813],[109.568823,-7.446543],[109.569901,-7.446543],[109.569901,-7.446274],[109.570709,-7.446274],[109.570709,-7.445465],[109.570979,-7.445465],[109.570979,-7.445196],[109.571518,-7.445196],[109.571518,-7.444926],[109.572057,-7.444926],[109.572057,-7.444657],[109.573943,-7.444657],[109.573943,-7.444118],[109.574213,-7.444118],[109.574213,-7.443848],[109.574752,-7.443848],[109.574752,-7.44304],[109.575021,-7.44304],[109.575021,-7.442501],[109.575291,-7.442501],[109.575291,-7.442231],[109.57556,-7.442231],[109.57556,-7.441962],[109.57583,-7.441962],[109.57583,-7.441692],[109.576099,-7.441692],[109.576099,-7.441423],[109.576638,-7.441423],[109.576638,-7.441153],[109.577447,-7.441153],[109.577447,-7.440884],[109.578255,-7.440884],[109.578255,-7.441423],[109.578525,-7.441423],[109.578525,-7.441692],[109.578794,-7.441692],[109.578794,-7.442231],[109.579064,-7.442231],[109.579064,-7.44277],[109.579333,-7.44277],[109.579333,-7.44304],[109.580411,-7.44304],[109.580411,-7.44277],[109.58095,-7.44277],[109.58095,-7.442501],[109.581489,-7.442501],[109.581489,-7.442231],[109.581758,-7.442231],[109.581758,-7.441692],[109.582297,-7.441692],[109.582297,-7.441423],[109.583106,-7.441423],[109.583106,-7.441153],[109.584184,-7.441153],[109.584184,-7.440345],[109.584453,-7.440345],[109.584453,-7.439806],[109.584723,-7.439806],[109.584723,-7.439536],[109.585262,-7.439536],[109.585262,-7.439267],[109.585531,-7.439267],[109.585531,-7.438997],[109.587957,-7.438997],[109.587957,-7.438728],[109.588226,-7.438728],[109.588226,-7.438458],[109.589304,-7.438458],[109.589304,-7.438189],[109.590113,-7.438189],[109.590113,-7.438458],[109.59173,-7.438458],[109.59173,-7.438189],[109.592538,-7.438189],[109.592538,-7.43765],[109.593077,-7.43765],[109.593077,-7.43738],[109.593347,-7.43738],[109.593347,-7.436572],[109.593616,-7.436572],[109.593616,-7.436302],[109.593886,-7.436302],[109.593886,-7.436033],[109.594155,-7.436033],[109.594155,-7.435224],[109.594425,-7.435224],[109.594425,-7.434685],[109.594964,-7.434685],[109.594964,-7.434955],[109.596042,-7.434955],[109.596042,-7.434685],[109.596311,-7.434685],[109.596311,-7.434416],[109.596581,-7.434416],[109.596581,-7.434146],[109.59685,-7.434146],[109.59685,-7.433877],[109.597928,-7.433877],[109.597928,-7.434416],[109.598198,-7.434416],[109.598198,-7.435224],[109.598467,-7.435224],[109.598467,-7.436572],[109.600623,-7.436572],[109.600623,-7.434955],[109.600353,-7.434955],[109.600353,-7.434146],[109.600084,-7.434146],[109.600084,-7.433877],[109.600353,-7.433877],[109.600353,-7.433338],[109.602779,-7.433338],[109.602779,-7.433068],[109.603048,-7.433068],[109.603048,-7.432799],[109.603318,-7.432799],[109.603318,-7.432529],[109.603587,-7.432529],[109.603587,-7.43226],[109.603857,-7.43226],[109.603857,-7.431721],[109.604126,-7.431721],[109.604126,-7.431451],[109.604396,-7.431451],[109.604396,-7.431182],[109.604935,-7.431182],[109.604935,-7.431451],[109.605743,-7.431451],[109.605743,-7.431182],[109.607091,-7.431182],[109.607091,-7.430912],[109.60736,-7.430912],[109.60736,-7.430643],[109.608708,-7.430643],[109.608708,-7.430912],[109.609247,-7.430912],[109.609247,-7.431182],[109.611133,-7.431182],[109.611133,-7.430912],[109.611403,-7.430912],[109.611403,-7.431182],[109.61302,-7.431182],[109.61302,-7.431451],[109.615984,-7.431451],[109.615984,-7.43199],[109.616254,-7.43199],[109.616254,-7.43226],[109.616523,-7.43226],[109.616523,-7.432529],[109.61814,-7.432529],[109.61814,-7.43226],[109.61841,-7.43226],[109.61841,-7.43199],[109.618679,-7.43199],[109.618679,-7.431721],[109.618949,-7.431721],[109.618949,-7.431451],[109.619218,-7.431451],[109.619218,-7.431721],[109.619488,-7.431721],[109.619488,-7.43199],[109.619757,-7.43199],[109.619757,-7.43226],[109.620296,-7.43226],[109.620296,-7.432529],[109.621643,-7.432529],[109.621643,-7.43226],[109.621913,-7.43226],[109.621913,-7.43199],[109.622182,-7.43199],[109.622182,-7.431721],[109.622452,-7.431721],[109.622452,-7.431451],[109.622721,-7.431451],[109.622721,-7.43199],[109.622991,-7.43199],[109.622991,-7.43226],[109.624069,-7.43226],[109.624069,-7.432529],[109.625416,-7.432529],[109.625416,-7.43226],[109.626494,-7.43226],[109.626494,-7.431721],[109.627033,-7.431721],[109.627033,-7.431182],[109.627303,-7.431182],[109.627303,-7.430643],[109.627842,-7.430643],[109.627842,-7.430373],[109.628381,-7.430373],[109.628381,-7.430643],[109.62865,-7.430643],[109.62865,-7.430912],[109.630537,-7.430912],[109.630537,-7.430643],[109.631615,-7.430643],[109.631615,-7.430912],[109.631884,-7.430912],[109.631884,-7.431182],[109.633501,-7.431182],[109.633501,-7.430643],[109.63404,-7.430643],[109.63404,-7.430912],[109.634579,-7.430912],[109.634579,-7.431182],[109.634849,-7.431182],[109.634849,-7.431451],[109.635118,-7.431451],[109.635118,-7.43199],[109.635927,-7.43199],[109.635927,-7.430912],[109.636196,-7.430912],[109.636196,-7.430643],[109.636735,-7.430643],[109.636735,-7.430373],[109.637274,-7.430373],[109.637274,-7.430643],[109.638083,-7.430643],[109.638083,-7.430912],[109.638352,-7.430912],[109.638352,-7.431182],[109.639969,-7.431182],[109.639969,-7.430373],[109.640239,-7.430373],[109.640239,-7.429835],[109.640777,-7.429835],[109.640777,-7.429565],[109.641586,-7.429565],[109.641586,-7.429026],[109.642125,-7.429026],[109.642125,-7.428757],[109.643203,-7.428757],[109.643203,-7.428487],[109.643472,-7.428487],[109.643472,-7.428218],[109.643742,-7.428218],[109.643742,-7.427948],[109.644011,-7.427948],[109.644011,-7.427679],[109.645359,-7.427679],[109.645359,-7.427409],[109.645628,-7.427409],[109.645628,-7.42687],[109.646167,-7.42687],[109.646167,-7.426062],[109.646976,-7.426062],[109.646976,-7.426331],[109.647784,-7.426331],[109.647784,-7.426601],[109.648323,-7.426601],[109.648323,-7.42687],[109.648862,-7.42687],[109.648862,-7.427948],[109.649132,-7.427948],[109.649132,-7.428487],[109.649401,-7.428487],[109.649401,-7.428757],[109.650479,-7.428757],[109.650479,-7.428487],[109.650749,-7.428487],[109.650749,-7.428757],[109.651018,-7.428757],[109.651018,-7.429026],[109.652366,-7.429026],[109.652366,-7.428487],[109.652635,-7.428487],[109.652635,-7.427948],[109.652905,-7.427948],[109.652905,-7.427679],[109.653444,-7.427679],[109.653444,-7.427948],[109.653713,-7.427948],[109.653713,-7.428218],[109.653983,-7.428218],[109.653983,-7.428487],[109.655061,-7.428487],[109.655061,-7.428757],[109.656139,-7.428757],[109.656139,-7.429026],[109.657217,-7.429026],[109.657217,-7.429296],[109.658025,-7.429296],[109.658025,-7.429026],[109.659373,-7.429026],[109.659373,-7.428757],[109.659912,-7.428757],[109.659912,-7.428487],[109.661798,-7.428487],[109.661798,-7.427679],[109.661259,-7.427679],[109.661259,-7.427409],[109.660989,-7.427409],[109.660989,-7.42714],[109.661259,-7.42714],[109.661259,-7.426331],[109.661528,-7.426331],[109.661528,-7.426062],[109.661798,-7.426062],[109.661798,-7.425792],[109.662067,-7.425792],[109.662067,-7.425523],[109.662337,-7.425523],[109.662337,-7.425253],[109.662876,-7.425253],[109.662876,-7.424984],[109.663415,-7.424984],[109.663415,-7.424714],[109.664223,-7.424714],[109.664223,-7.424445],[109.665032,-7.424445],[109.665032,-7.424175],[109.665301,-7.424175],[109.665301,-7.423906],[109.665571,-7.423906],[109.665571,-7.423636],[109.66584,-7.423636],[109.66584,-7.423367],[109.66611,-7.423367],[109.66611,-7.423097],[109.666649,-7.423097],[109.666649,-7.422828],[109.666918,-7.422828],[109.666918,-7.422019],[109.667457,-7.422019],[109.667457,-7.42175],[109.667727,-7.42175],[109.667727,-7.42148],[109.668805,-7.42148],[109.668805,-7.42175],[109.669074,-7.42175],[109.669074,-7.422019],[109.669344,-7.422019],[109.669344,-7.422289],[109.670691,-7.422289],[109.670691,-7.422558],[109.67123,-7.422558],[109.67123,-7.422828],[109.672578,-7.422828],[109.672578,-7.422558],[109.673656,-7.422558],[109.673656,-7.422828],[109.674195,-7.422828],[109.674195,-7.423097],[109.675003,-7.423097],[109.675003,-7.422019],[109.675273,-7.422019],[109.675273,-7.421211],[109.675003,-7.421211],[109.675003,-7.420941],[109.674195,-7.420941],[109.674195,-7.420672],[109.673925,-7.420672],[109.673925,-7.420402],[109.670152,-7.420402],[109.670152,-7.420133],[109.669344,-7.420133],[109.669344,-7.420402],[109.669074,-7.420402],[109.669074,-7.420133],[109.666918,-7.420133]],[[109.611942,-7.429026],[109.612481,-7.429026],[109.612481,-7.429296],[109.613559,-7.429296],[109.613559,-7.429565],[109.613828,-7.429565],[109.613828,-7.430104],[109.613559,-7.430104],[109.613559,-7.430643],[109.611133,-7.430643],[109.611133,-7.430373],[109.610864,-7.430373],[109.610864,-7.430104],[109.610594,-7.430104],[109.610594,-7.429565],[109.611133,-7.429565],[109.611133,-7.429296],[109.611942,-7.429296],[109.611942,-7.429026]],[[109.628111,-7.429296],[109.629189,-7.429296],[109.629189,-7.429565],[109.629459,-7.429565],[109.629459,-7.429835],[109.628111,-7.429835],[109.628111,-7.429296]],[[109.603857,-7.429835],[109.604126,-7.429835],[109.604126,-7.430104],[109.604396,-7.430104],[109.604396,-7.430912],[109.603318,-7.430912],[109.603318,-7.430104],[109.603857,-7.430104],[109.603857,-7.429835]],[[109.589304,-7.436572],[109.590113,-7.436572],[109.590113,-7.436841],[109.590921,-7.436841],[109.590921,-7.437111],[109.588496,-7.437111],[109.588496,-7.43738],[109.587418,-7.43738],[109.587418,-7.437111],[109.587687,-7.437111],[109.587687,-7.436841],[109.589304,-7.436841],[109.589304,-7.436572]],[[109.581219,-7.439267],[109.583375,-7.439267],[109.583375,-7.439536],[109.583106,-7.439536],[109.583106,-7.440075],[109.582836,-7.440075],[109.582836,-7.440345],[109.582567,-7.440345],[109.582567,-7.440614],[109.582028,-7.440614],[109.582028,-7.440884],[109.581758,-7.440884],[109.581758,-7.441153],[109.581219,-7.441153],[109.581219,-7.441423],[109.58095,-7.441423],[109.58095,-7.441692],[109.579872,-7.441692],[109.579872,-7.441423],[109.579603,-7.441423],[109.579603,-7.441153],[109.579333,-7.441153],[109.579333,-7.440614],[109.579603,-7.440614],[109.579603,-7.440345],[109.579872,-7.440345],[109.579872,-7.440075],[109.580411,-7.440075],[109.580411,-7.439806],[109.58068,-7.439806],[109.58068,-7.439536],[109.581219,-7.439536],[109.581219,-7.439267]],[[109.56505,-7.445196],[109.565319,-7.445196],[109.565319,-7.445465],[109.566397,-7.445465],[109.566397,-7.445735],[109.567206,-7.445735],[109.567206,-7.446274],[109.566936,-7.446274],[109.566936,-7.446813],[109.566667,-7.446813],[109.566667,-7.447082],[109.566128,-7.447082],[109.566128,-7.447352],[109.565319,-7.447352],[109.565319,-7.447621],[109.564511,-7.447621],[109.564511,-7.447352],[109.564241,-7.447352],[109.564241,-7.445735],[109.564511,-7.445735],[109.564511,-7.445465],[109.56505,-7.445465],[109.56505,-7.445196]],[[109.558043,-7.453819],[109.558852,-7.453819],[109.558852,-7.454089],[109.558582,-7.454089],[109.558582,-7.454358],[109.558043,-7.454358],[109.558043,-7.453819]],[[109.554001,-7.460287],[109.55427,-7.460287],[109.55427,-7.460557],[109.554001,-7.460557],[109.554001,-7.460287]],[[109.550767,-7.470259],[109.551036,-7.470259],[109.551036,-7.470528],[109.551845,-7.470528],[109.551845,-7.470797],[109.552923,-7.470797],[109.552923,-7.471067],[109.553462,-7.471067],[109.553462,-7.471336],[109.554001,-7.471336],[109.554001,-7.471606],[109.55427,-7.471606],[109.55427,-7.472145],[109.55454,-7.472145],[109.55454,-7.472953],[109.554809,-7.472953],[109.554809,-7.473223],[109.555079,-7.473223],[109.555079,-7.473762],[109.555618,-7.473762],[109.555618,-7.474031],[109.555887,-7.474031],[109.555887,-7.474301],[109.556426,-7.474301],[109.556426,-7.47457],[109.556696,-7.47457],[109.556696,-7.47484],[109.557235,-7.47484],[109.557235,-7.475109],[109.557504,-7.475109],[109.557504,-7.475379],[109.557774,-7.475379],[109.557774,-7.475648],[109.558043,-7.475648],[109.558043,-7.476457],[109.557774,-7.476457],[109.557774,-7.476726],[109.556696,-7.476726],[109.556696,-7.476457],[109.556157,-7.476457],[109.556157,-7.476187],[109.555887,-7.476187],[109.555887,-7.475918],[109.555618,-7.475918],[109.555618,-7.475648],[109.555348,-7.475648],[109.555348,-7.475109],[109.555079,-7.475109],[109.555079,-7.47457],[109.554809,-7.47457],[109.554809,-7.473762],[109.55454,-7.473762],[109.55454,-7.473492],[109.553731,-7.473492],[109.553731,-7.473223],[109.552114,-7.473223],[109.552114,-7.472953],[109.551575,-7.472953],[109.551575,-7.472684],[109.551306,-7.472684],[109.551306,-7.472145],[109.551036,-7.472145],[109.551036,-7.471336],[109.550767,-7.471336],[109.550767,-7.470259]]]}},{"id":"212","type":"Feature","properties":{"DN":1,"Keterangan":"Rendah"},"geometry":{"type":"Polygon","coordinates":[[[109.446473,-7.475379],[109.446473,-7.476187],[109.446742,-7.476187],[109.446742,-7.476726],[109.446473,-7.476726],[109.446473,-7.476996],[109.446203,-7.476996],[109.446203,-7.476726],[109.445395,-7.476726],[109.445395,-7.477804],[109.445934,-7.477804],[109.445934,-7.478074],[109.446742,-7.478074],[109.446742,-7.477265],[109.447012,-7.477265],[109.447012,-7.476187],[109.447281,-7.476187],[109.447281,-7.475379],[109.446473,-7.475379]]]}},{"id":"213","type":"Feature","properties":{"DN":2,"Keterangan":"Sedang"},"geometry":{"type":"Polygon","coordinates":[[[109.419523,-7.477535],[109.419523,-7.478074],[109.419793,-7.478074],[109.419793,-7.477535],[109.419523,-7.477535]]]}},{"id":"214","type":"Feature","properties":{"DN":1,"Keterangan":"Rendah"},"geometry":{"type":"Polygon","coordinates":[[[109.734831,-7.47457],[109.734831,-7.475109],[109.734561,-7.475109],[109.734561,-7.475379],[109.733753,-7.475379],[109.733753,-7.476187],[109.733214,-7.476187],[109.733214,-7.476726],[109.732944,-7.476726],[109.732944,-7.476996],[109.732675,-7.476996],[109.732675,-7.478343],[109.733214,-7.478343],[109.733214,-7.478074],[109.733483,-7.478074],[109.733483,-7.476726],[109.733753,-7.476726],[109.733753,-7.476457],[109.734292,-7.476457],[109.734292,-7.476187],[109.734831,-7.476187],[109.734831,-7.475918],[109.7351,-7.475918],[109.7351,-7.475648],[109.73537,-7.475648],[109.73537,-7.475379],[109.735639,-7.475379],[109.735639,-7.475109],[109.735909,-7.475109],[109.735909,-7.47457],[109.734831,-7.47457]]]}},{"id":"215","type":"Feature","properties":{"DN":2,"Keterangan":"Sedang"},"geometry":{"type":"Polygon","coordinates":[[[109.419254,-7.478074],[109.419254,-7.478613],[109.419523,-7.478613],[109.419523,-7.478074],[109.419254,-7.478074]]]}},{"id":"216","type":"Feature","properties":{"DN":2,"Keterangan":"Sedang"},"geometry":{"type":"Polygon","coordinates":[[[109.418984,-7.478613],[109.418984,-7.478882],[109.419254,-7.478882],[109.419254,-7.478613],[109.418984,-7.478613]]]}},{"id":"217","type":"Feature","properties":{"DN":2,"Keterangan":"Sedang"},"geometry":{"type":"Polygon","coordinates":[[[109.423835,-7.477265],[109.423835,-7.477804],[109.424105,-7.477804],[109.424105,-7.478343],[109.424374,-7.478343],[109.424374,-7.478613],[109.424913,-7.478613],[109.424913,-7.478882],[109.425183,-7.478882],[109.425183,-7.479152],[109.427339,-7.479152],[109.427339,-7.478613],[109.427608,-7.478613],[109.427608,-7.478074],[109.427339,-7.478074],[109.427339,-7.477804],[109.427069,-7.477804],[109.427069,-7.477535],[109.4268,-7.477535],[109.4268,-7.477265],[109.423835,-7.477265]]]}},{"id":"218","type":"Feature","properties":{"DN":2,"Keterangan":"Sedang"},"geometry":{"type":"Polygon","coordinates":[[[109.412247,-7.478074],[109.412247,-7.478343],[109.412517,-7.478343],[109.412517,-7.478613],[109.413056,-7.478613],[109.413056,-7.478882],[109.413595,-7.478882],[109.413595,-7.479152],[109.415481,-7.479152],[109.415481,-7.478882],[109.414403,-7.478882],[109.414403,-7.478613],[109.413595,-7.478613],[109.413595,-7.478343],[109.412786,-7.478343],[109.412786,-7.478074],[109.412247,-7.478074]]]}},{"id":"219","type":"Feature","properties":{"DN":2,"Keterangan":"Sedang"},"geometry":{"type":"Polygon","coordinates":[[[109.418445,-7.478882],[109.418445,-7.479152],[109.418984,-7.479152],[109.418984,-7.478882],[109.418445,-7.478882]]]}},{"id":"220","type":"Feature","properties":{"DN":2,"Keterangan":"Sedang"},"geometry":{"type":"Polygon","coordinates":[[[109.528668,-7.476187],[109.528668,-7.476457],[109.528129,-7.476457],[109.528129,-7.477535],[109.528399,-7.477535],[109.528399,-7.477804],[109.528668,-7.477804],[109.528668,-7.478074],[109.528938,-7.478074],[109.528938,-7.478343],[109.529207,-7.478343],[109.529207,-7.478613],[109.529477,-7.478613],[109.529477,-7.478882],[109.529746,-7.478882],[109.529746,-7.479152],[109.530285,-7.479152],[109.530285,-7.479421],[109.531633,-7.479421],[109.531633,-7.478613],[109.531363,-7.478613],[109.531363,-7.478074],[109.531094,-7.478074],[109.531094,-7.476457],[109.530824,-7.476457],[109.530824,-7.476187],[109.528668,-7.476187]]]}},{"id":"221","type":"Feature","properties":{"DN":2,"Keterangan":"Sedang"},"geometry":{"type":"Polygon","coordinates":[[[109.53325,-7.479691],[109.53325,-7.47996],[109.533789,-7.47996],[109.533789,-7.480499],[109.534058,-7.480499],[109.534058,-7.479691],[109.53325,-7.479691]]]}},{"id":"222","type":"Feature","properties":{"DN":1,"Keterangan":"Rendah"},"geometry":{"type":"Polygon","coordinates":[[[109.376674,-7.481308],[109.376674,-7.481577],[109.376944,-7.481577],[109.376944,-7.481308],[109.376674,-7.481308]]]}},{"id":"223","type":"Feature","properties":{"DN":1,"Keterangan":"Rendah"},"geometry":{"type":"Polygon","coordinates":[[[109.376944,-7.481577],[109.376944,-7.481847],[109.377213,-7.481847],[109.377213,-7.481577],[109.376944,-7.481577]]]}},{"id":"224","type":"Feature","properties":{"DN":1,"Keterangan":"Rendah"},"geometry":{"type":"Polygon","coordinates":[[[109.377213,-7.481847],[109.377213,-7.482386],[109.378021,-7.482386],[109.378021,-7.482116],[109.377752,-7.482116],[109.377752,-7.481847],[109.377213,-7.481847]]]}},{"id":"225","type":"Feature","properties":{"DN":1,"Keterangan":"Rendah"},"geometry":{"type":"Polygon","coordinates":[[[109.378291,-7.482386],[109.378291,-7.482655],[109.37856,-7.482655],[109.37856,-7.482386],[109.378291,-7.482386]]]}},{"id":"226","type":"Feature","properties":{"DN":1,"Keterangan":"Rendah"},"geometry":{"type":"Polygon","coordinates":[[[109.37856,-7.482655],[109.37856,-7.482925],[109.37883,-7.482925],[109.37883,-7.483194],[109.379369,-7.483194],[109.379369,-7.482925],[109.379099,-7.482925],[109.379099,-7.482655],[109.37856,-7.482655]]]}},{"id":"227","type":"Feature","properties":{"DN":2,"Keterangan":"Sedang"},"geometry":{"type":"Polygon","coordinates":[[[109.439466,-7.471067],[109.439466,-7.471336],[109.438388,-7.471336],[109.438388,-7.471606],[109.437849,-7.471606],[109.437849,-7.471875],[109.43758,-7.471875],[109.43758,-7.472145],[109.43731,-7.472145],[109.43731,-7.472414],[109.437041,-7.472414],[109.437041,-7.472684],[109.436771,-7.472684],[109.436771,-7.472953],[109.436502,-7.472953],[109.436502,-7.473223],[109.435963,-7.473223],[109.435963,-7.47457],[109.436232,-7.47457],[109.436232,-7.475379],[109.436502,-7.475379],[109.436502,-7.476187],[109.436771,-7.476187],[109.436771,-7.476996],[109.436502,-7.476996],[109.436502,-7.477265],[109.436232,-7.477265],[109.436232,-7.477535],[109.435963,-7.477535],[109.435963,-7.477804],[109.435424,-7.477804],[109.435424,-7.478074],[109.434076,-7.478074],[109.434076,-7.478343],[109.433807,-7.478343],[109.433807,-7.478613],[109.433268,-7.478613],[109.433268,-7.478882],[109.432998,-7.478882],[109.432998,-7.479152],[109.433268,-7.479152],[109.433268,-7.479421],[109.433807,-7.479421],[109.433807,-7.479691],[109.434615,-7.479691],[109.434615,-7.47996],[109.435424,-7.47996],[109.435424,-7.48023],[109.435963,-7.48023],[109.435963,-7.480499],[109.436502,-7.480499],[109.436502,-7.480769],[109.43758,-7.480769],[109.43758,-7.480499],[109.439196,-7.480499],[109.439196,-7.481038],[109.439466,-7.481038],[109.439466,-7.481308],[109.439735,-7.481308],[109.439735,-7.481577],[109.440005,-7.481577],[109.440005,-7.482116],[109.440274,-7.482116],[109.440274,-7.482655],[109.440544,-7.482655],[109.440544,-7.482925],[109.440813,-7.482925],[109.440813,-7.483194],[109.441083,-7.483194],[109.441083,-7.483464],[109.4427,-7.483464],[109.4427,-7.483194],[109.442969,-7.483194],[109.442969,-7.482925],[109.4427,-7.482925],[109.4427,-7.482655],[109.44243,-7.482655],[109.44243,-7.482116],[109.442161,-7.482116],[109.442161,-7.481847],[109.441891,-7.481847],[109.441891,-7.478613],[109.441622,-7.478613],[109.441622,-7.478074],[109.441083,-7.478074],[109.441083,-7.477804],[109.440544,-7.477804],[109.440544,-7.477535],[109.439466,-7.477535],[109.439466,-7.477265],[109.438388,-7.477265],[109.438388,-7.476996],[109.437849,-7.476996],[109.437849,-7.476726],[109.43758,-7.476726],[109.43758,-7.476457],[109.437849,-7.476457],[109.437849,-7.475918],[109.438657,-7.475918],[109.438657,-7.475648],[109.439466,-7.475648],[109.439466,-7.475379],[109.440005,-7.475379],[109.440005,-7.475109],[109.440813,-7.475109],[109.440813,-7.47484],[109.442161,-7.47484],[109.442161,-7.475109],[109.443239,-7.475109],[109.443239,-7.475379],[109.443778,-7.475379],[109.443778,-7.475648],[109.444317,-7.475648],[109.444317,-7.475918],[109.444586,-7.475918],[109.444586,-7.476187],[109.445125,-7.476187],[109.445125,-7.476457],[109.445395,-7.476457],[109.445395,-7.476726],[109.446203,-7.476726],[109.446203,-7.476996],[109.446473,-7.476996],[109.446473,-7.476726],[109.446742,-7.476726],[109.446742,-7.476187],[109.446473,-7.476187],[109.446473,-7.475379],[109.446203,-7.475379],[109.446203,-7.475109],[109.445934,-7.475109],[109.445934,-7.473762],[109.446203,-7.473762],[109.446203,-7.473223],[109.445934,-7.473223],[109.445934,-7.472684],[109.445664,-7.472684],[109.445664,-7.472414],[109.445395,-7.472414],[109.445395,-7.472145],[109.445125,-7.472145],[109.445125,-7.471875],[109.444586,-7.471875],[109.444586,-7.471606],[109.44243,-7.471606],[109.44243,-7.471336],[109.441083,-7.471336],[109.441083,-7.471067],[109.439466,-7.471067]],[[109.443778,-7.474031],[109.444586,-7.474031],[109.444586,-7.474301],[109.444856,-7.474301],[109.444856,-7.47484],[109.444047,-7.47484],[109.444047,-7.474301],[109.443778,-7.474301],[109.443778,-7.474031]]]}},{"id":"228","type":"Feature","properties":{"DN":1,"Keterangan":"Rendah"},"geometry":{"type":"Polygon","coordinates":[[[109.379638,-7.483194],[109.379638,-7.483464],[109.379908,-7.483464],[109.379908,-7.483194],[109.379638,-7.483194]]]}},{"id":"229","type":"Feature","properties":{"DN":2,"Keterangan":"Sedang"},"geometry":{"type":"Polygon","coordinates":[[[109.419793,-7.48023],[109.419793,-7.481577],[109.420332,-7.481577],[109.420332,-7.481847],[109.420871,-7.481847],[109.420871,-7.482116],[109.42114,-7.482116],[109.42114,-7.482386],[109.421949,-7.482386],[109.421949,-7.482655],[109.422218,-7.482655],[109.422218,-7.482925],[109.422757,-7.482925],[109.422757,-7.483464],[109.423027,-7.483464],[109.423027,-7.484272],[109.423296,-7.484272],[109.423296,-7.484811],[109.423566,-7.484811],[109.423566,-7.485081],[109.423835,-7.485081],[109.423835,-7.484811],[109.424105,-7.484811],[109.424105,-7.484542],[109.423835,-7.484542],[109.423835,-7.484003],[109.423566,-7.484003],[109.423566,-7.483733],[109.423296,-7.483733],[109.423296,-7.482925],[109.423027,-7.482925],[109.423027,-7.482655],[109.422757,-7.482655],[109.422757,-7.482116],[109.422488,-7.482116],[109.422488,-7.481847],[109.422218,-7.481847],[109.422218,-7.481308],[109.421949,-7.481308],[109.421949,-7.481038],[109.421679,-7.481038],[109.421679,-7.480769],[109.42141,-7.480769],[109.42141,-7.480499],[109.420601,-7.480499],[109.420601,-7.48023],[109.419793,-7.48023]]]}},{"id":"230","type":"Feature","properties":{"DN":2,"Keterangan":"Sedang"},"geometry":{"type":"Polygon","coordinates":[[[109.371015,-7.485081],[109.371015,-7.48535],[109.371554,-7.48535],[109.371554,-7.485081],[109.371015,-7.485081]]]}},{"id":"231","type":"Feature","properties":{"DN":1,"Keterangan":"Rendah"},"geometry":{"type":"Polygon","coordinates":[[[109.440813,-7.47484],[109.440813,-7.475109],[109.440005,-7.475109],[109.440005,-7.475379],[109.439466,-7.475379],[109.439466,-7.475648],[109.438657,-7.475648],[109.438657,-7.475918],[109.438118,-7.475918],[109.438118,-7.476187],[109.438388,-7.476187],[109.438388,-7.476457],[109.43758,-7.476457],[109.43758,-7.476726],[109.437849,-7.476726],[109.437849,-7.476996],[109.438388,-7.476996],[109.438388,-7.477265],[109.439466,-7.477265],[109.439466,-7.477535],[109.440544,-7.477535],[109.440544,-7.477804],[109.441083,-7.477804],[109.441083,-7.478074],[109.441622,-7.478074],[109.441622,-7.478613],[109.441891,-7.478613],[109.441891,-7.481847],[109.442161,-7.481847],[109.442161,-7.482116],[109.44243,-7.482116],[109.44243,-7.482655],[109.4427,-7.482655],[109.4427,-7.482925],[109.442969,-7.482925],[109.442969,-7.483194],[109.4427,-7.483194],[109.4427,-7.483464],[109.441083,-7.483464],[109.441083,-7.483194],[109.440813,-7.483194],[109.440813,-7.482925],[109.440544,-7.482925],[109.440544,-7.482655],[109.440274,-7.482655],[109.440274,-7.482116],[109.440005,-7.482116],[109.440005,-7.481577],[109.439735,-7.481577],[109.439735,-7.481308],[109.439466,-7.481308],[109.439466,-7.481038],[109.439196,-7.481038],[109.439196,-7.481847],[109.439466,-7.481847],[109.439466,-7.482925],[109.439735,-7.482925],[109.439735,-7.483194],[109.440005,-7.483194],[109.440005,-7.483733],[109.440274,-7.483733],[109.440274,-7.484003],[109.440544,-7.484003],[109.440544,-7.484272],[109.440813,-7.484272],[109.440813,-7.485081],[109.441891,-7.485081],[109.441891,-7.484811],[109.442161,-7.484811],[109.442161,-7.484542],[109.442969,-7.484542],[109.442969,-7.484272],[109.443778,-7.484272],[109.443778,-7.484542],[109.444047,-7.484542],[109.444047,-7.484811],[109.444586,-7.484811],[109.444586,-7.485081],[109.444856,-7.485081],[109.444856,-7.48535],[109.445125,-7.48535],[109.445125,-7.48562],[109.445934,-7.48562],[109.445934,-7.48535],[109.446203,-7.48535],[109.446203,-7.485081],[109.446473,-7.485081],[109.446473,-7.484811],[109.446742,-7.484811],[109.446742,-7.484542],[109.446203,-7.484542],[109.446203,-7.484272],[109.445664,-7.484272],[109.445664,-7.484003],[109.445395,-7.484003],[109.445395,-7.483464],[109.445664,-7.483464],[109.445664,-7.482925],[109.445934,-7.482925],[109.445934,-7.482655],[109.446203,-7.482655],[109.446203,-7.482386],[109.446473,-7.482386],[109.446473,-7.482116],[109.447012,-7.482116],[109.447012,-7.481847],[109.448629,-7.481847],[109.448629,-7.482116],[109.449168,-7.482116],[109.449168,-7.482386],[109.449437,-7.482386],[109.449437,-7.481038],[109.449168,-7.481038],[109.449168,-7.480769],[109.448898,-7.480769],[109.448898,-7.480499],[109.447551,-7.480499],[109.447551,-7.480769],[109.447281,-7.480769],[109.447281,-7.481308],[109.446742,-7.481308],[109.446742,-7.480499],[109.445664,-7.480499],[109.445664,-7.480769],[109.445395,-7.480769],[109.445395,-7.481038],[109.445125,-7.481038],[109.445125,-7.482655],[109.444586,-7.482655],[109.444586,-7.482386],[109.444317,-7.482386],[109.444317,-7.482116],[109.442969,-7.482116],[109.442969,-7.481847],[109.4427,-7.481847],[109.4427,-7.481577],[109.44243,-7.481577],[109.44243,-7.481308],[109.442161,-7.481308],[109.442161,-7.480769],[109.44243,-7.480769],[109.44243,-7.47996],[109.4427,-7.47996],[109.4427,-7.479691],[109.442969,-7.479691],[109.442969,-7.478074],[109.443508,-7.478074],[109.443508,-7.477804],[109.443778,-7.477804],[109.443778,-7.476726],[109.445395,-7.476726],[109.445395,-7.476457],[109.445125,-7.476457],[109.445125,-7.476187],[109.444586,-7.476187],[109.444586,-7.475918],[109.444317,-7.475918],[109.444317,-7.475648],[109.443778,-7.475648],[109.443778,-7.475379],[109.443239,-7.475379],[109.443239,-7.475109],[109.442161,-7.475109],[109.442161,-7.47484],[109.440813,-7.47484]],[[109.440544,-7.475648],[109.44243,-7.475648],[109.44243,-7.475918],[109.442969,-7.475918],[109.442969,-7.476457],[109.441622,-7.476457],[109.441622,-7.476726],[109.441352,-7.476726],[109.441352,-7.476996],[109.440544,-7.476996],[109.440544,-7.476726],[109.439735,-7.476726],[109.439735,-7.476457],[109.440005,-7.476457],[109.440005,-7.476187],[109.440274,-7.476187],[109.440274,-7.475918],[109.440544,-7.475918],[109.440544,-7.475648]]]}},{"id":"232","type":"Feature","properties":{"DN":2,"Keterangan":"Sedang"},"geometry":{"type":"Polygon","coordinates":[[[109.370206,-7.48535],[109.370206,-7.48562],[109.370476,-7.48562],[109.370476,-7.48535],[109.370206,-7.48535]]]}},{"id":"233","type":"Feature","properties":{"DN":1,"Keterangan":"Rendah"},"geometry":{"type":"Polygon","coordinates":[[[109.374518,-7.47996],[109.374518,-7.480769],[109.374249,-7.480769],[109.374249,-7.482386],[109.373979,-7.482386],[109.373979,-7.483464],[109.37371,-7.483464],[109.37371,-7.484003],[109.37344,-7.484003],[109.37344,-7.484272],[109.373171,-7.484272],[109.373171,-7.484542],[109.372901,-7.484542],[109.372901,-7.484811],[109.372362,-7.484811],[109.372362,-7.485081],[109.371554,-7.485081],[109.371554,-7.48535],[109.370476,-7.48535],[109.370476,-7.48562],[109.372093,-7.48562],[109.372093,-7.48535],[109.372901,-7.48535],[109.372901,-7.485081],[109.37344,-7.485081],[109.37344,-7.484811],[109.37371,-7.484811],[109.37371,-7.484542],[109.373979,-7.484542],[109.373979,-7.484272],[109.374249,-7.484272],[109.374249,-7.483194],[109.374518,-7.483194],[109.374518,-7.482655],[109.374788,-7.482655],[109.374788,-7.481038],[109.376135,-7.481038],[109.376135,-7.481308],[109.376674,-7.481308],[109.376674,-7.481038],[109.376405,-7.481038],[109.376405,-7.480769],[109.376135,-7.480769],[109.376135,-7.480499],[109.375866,-7.480499],[109.375866,-7.48023],[109.375596,-7.48023],[109.375596,-7.47996],[109.374518,-7.47996]]]}},{"id":"234","type":"Feature","properties":{"DN":1,"Keterangan":"Rendah"},"geometry":{"type":"Polygon","coordinates":[[[109.369667,-7.48562],[109.369667,-7.485889],[109.369937,-7.485889],[109.369937,-7.48562],[109.369667,-7.48562]]]}},{"id":"235","type":"Feature","properties":{"DN":1,"Keterangan":"Rendah"},"geometry":{"type":"Polygon","coordinates":[[[109.497407,-7.48562],[109.497407,-7.485889],[109.497946,-7.485889],[109.497946,-7.48562],[109.497407,-7.48562]]]}},{"id":"236","type":"Feature","properties":{"DN":1,"Keterangan":"Rendah"},"geometry":{"type":"Polygon","coordinates":[[[109.498216,-7.48562],[109.498216,-7.485889],[109.498485,-7.485889],[109.498485,-7.48562],[109.498216,-7.48562]]]}},{"id":"237","type":"Feature","properties":{"DN":1,"Keterangan":"Rendah"},"geometry":{"type":"Polygon","coordinates":[[[109.497138,-7.485889],[109.497138,-7.486159],[109.497407,-7.486159],[109.497407,-7.485889],[109.497138,-7.485889]]]}},{"id":"238","type":"Feature","properties":{"DN":1,"Keterangan":"Rendah"},"geometry":{"type":"Polygon","coordinates":[[[109.369128,-7.485889],[109.369128,-7.486159],[109.368589,-7.486159],[109.368589,-7.486428],[109.36805,-7.486428],[109.36805,-7.486698],[109.368859,-7.486698],[109.368859,-7.486428],[109.369398,-7.486428],[109.369398,-7.486159],[109.369667,-7.486159],[109.369667,-7.485889],[109.369128,-7.485889]]]}},{"id":"239","type":"Feature","properties":{"DN":1,"Keterangan":"Rendah"},"geometry":{"type":"Polygon","coordinates":[[[109.496599,-7.486428],[109.496599,-7.486698],[109.496868,-7.486698],[109.496868,-7.486428],[109.496599,-7.486428]]]}},{"id":"240","type":"Feature","properties":{"DN":1,"Keterangan":"Rendah"},"geometry":{"type":"Polygon","coordinates":[[[109.447012,-7.484811],[109.447012,-7.48535],[109.447281,-7.48535],[109.447281,-7.48562],[109.447551,-7.48562],[109.447551,-7.485889],[109.44782,-7.485889],[109.44782,-7.486428],[109.44809,-7.486428],[109.44809,-7.486698],[109.448359,-7.486698],[109.448359,-7.486967],[109.450246,-7.486967],[109.450246,-7.486698],[109.449976,-7.486698],[109.449976,-7.486428],[109.449437,-7.486428],[109.449437,-7.486159],[109.449168,-7.486159],[109.449168,-7.485889],[109.448629,-7.485889],[109.448629,-7.48562],[109.448359,-7.48562],[109.448359,-7.48535],[109.44809,-7.48535],[109.44809,-7.485081],[109.447551,-7.485081],[109.447551,-7.484811],[109.447012,-7.484811]]]}},{"id":"241","type":"Feature","properties":{"DN":1,"Keterangan":"Rendah"},"geometry":{"type":"Polygon","coordinates":[[[109.367242,-7.486698],[109.367242,-7.486967],[109.367781,-7.486967],[109.367781,-7.486698],[109.367242,-7.486698]]]}},{"id":"242","type":"Feature","properties":{"DN":1,"Keterangan":"Rendah"},"geometry":{"type":"Polygon","coordinates":[[[109.455905,-7.486967],[109.455905,-7.487237],[109.456175,-7.487237],[109.456175,-7.486967],[109.455905,-7.486967]]]}},{"id":"243","type":"Feature","properties":{"DN":3,"Keterangan":"Tinggi"},"geometry":{"type":"Polygon","coordinates":[[[109.361582,-7.48535],[109.361582,-7.485889],[109.361313,-7.485889],[109.361313,-7.486698],[109.361582,-7.486698],[109.361582,-7.486967],[109.362121,-7.486967],[109.362121,-7.487237],[109.362391,-7.487237],[109.362391,-7.487506],[109.36266,-7.487506],[109.36266,-7.487776],[109.363199,-7.487776],[109.363199,-7.488045],[109.363469,-7.488045],[109.363469,-7.487776],[109.363738,-7.487776],[109.363738,-7.487506],[109.364277,-7.487506],[109.364277,-7.487237],[109.363738,-7.487237],[109.363738,-7.486967],[109.363469,-7.486967],[109.363469,-7.486698],[109.363199,-7.486698],[109.363199,-7.486428],[109.36293,-7.486428],[109.36293,-7.486159],[109.36266,-7.486159],[109.36266,-7.485889],[109.362391,-7.485889],[109.362391,-7.48562],[109.361852,-7.48562],[109.361852,-7.48535],[109.361582,-7.48535]]]}},{"id":"244","type":"Feature","properties":{"DN":2,"Keterangan":"Sedang"},"geometry":{"type":"Polygon","coordinates":[[[109.394191,-7.474301],[109.394191,-7.47457],[109.393652,-7.47457],[109.393652,-7.47484],[109.393383,-7.47484],[109.393383,-7.475109],[109.393113,-7.475109],[109.393113,-7.475379],[109.392844,-7.475379],[109.392844,-7.475648],[109.392305,-7.475648],[109.392305,-7.475918],[109.391766,-7.475918],[109.391766,-7.476187],[109.390688,-7.476187],[109.390688,-7.476457],[109.389879,-7.476457],[109.389879,-7.476726],[109.388801,-7.476726],[109.388801,-7.476996],[109.387723,-7.476996],[109.387723,-7.477265],[109.386915,-7.477265],[109.386915,-7.477535],[109.386106,-7.477535],[109.386106,-7.477804],[109.385837,-7.477804],[109.385837,-7.478074],[109.385567,-7.478074],[109.385567,-7.478343],[109.385298,-7.478343],[109.385298,-7.478613],[109.385028,-7.478613],[109.385028,-7.478882],[109.384489,-7.478882],[109.384489,-7.479152],[109.38395,-7.479152],[109.38395,-7.479421],[109.383411,-7.479421],[109.383411,-7.479691],[109.382872,-7.479691],[109.382872,-7.47996],[109.382603,-7.47996],[109.382603,-7.48023],[109.382333,-7.48023],[109.382333,-7.480499],[109.382064,-7.480499],[109.382064,-7.480769],[109.381794,-7.480769],[109.381794,-7.481038],[109.381525,-7.481038],[109.381525,-7.482116],[109.381255,-7.482116],[109.381255,-7.482655],[109.380986,-7.482655],[109.380986,-7.482925],[109.380716,-7.482925],[109.380716,-7.482655],[109.380177,-7.482655],[109.380177,-7.482386],[109.379638,-7.482386],[109.379638,-7.482116],[109.379099,-7.482116],[109.379099,-7.481847],[109.37883,-7.481847],[109.37883,-7.481577],[109.378291,-7.481577],[109.378291,-7.481308],[109.378021,-7.481308],[109.378021,-7.481038],[109.377752,-7.481038],[109.377752,-7.480769],[109.377482,-7.480769],[109.377482,-7.480499],[109.377213,-7.480499],[109.377213,-7.48023],[109.376944,-7.48023],[109.376944,-7.47996],[109.376674,-7.47996],[109.376674,-7.479421],[109.376405,-7.479421],[109.376405,-7.478882],[109.375866,-7.478882],[109.375866,-7.478613],[109.375596,-7.478613],[109.375596,-7.478343],[109.375057,-7.478343],[109.375057,-7.478074],[109.374788,-7.478074],[109.374788,-7.477804],[109.373171,-7.477804],[109.373171,-7.478074],[109.372901,-7.478074],[109.372901,-7.478613],[109.372632,-7.478613],[109.372632,-7.47996],[109.372901,-7.47996],[109.372901,-7.481847],[109.373171,-7.481847],[109.373171,-7.482116],[109.372901,-7.482116],[109.372901,-7.483194],[109.372632,-7.483194],[109.372632,-7.483733],[109.372362,-7.483733],[109.372362,-7.484272],[109.372093,-7.484272],[109.372093,-7.484542],[109.371823,-7.484542],[109.371823,-7.484811],[109.371554,-7.484811],[109.371554,-7.485081],[109.372362,-7.485081],[109.372362,-7.484811],[109.372901,-7.484811],[109.372901,-7.484542],[109.373171,-7.484542],[109.373171,-7.484272],[109.37344,-7.484272],[109.37344,-7.484003],[109.37371,-7.484003],[109.37371,-7.483464],[109.373979,-7.483464],[109.373979,-7.482386],[109.374249,-7.482386],[109.374249,-7.480769],[109.374518,-7.480769],[109.374518,-7.47996],[109.375596,-7.47996],[109.375596,-7.48023],[109.375866,-7.48023],[109.375866,-7.480499],[109.376135,-7.480499],[109.376135,-7.480769],[109.376405,-7.480769],[109.376405,-7.481038],[109.376674,-7.481038],[109.376674,-7.481308],[109.376944,-7.481308],[109.376944,-7.481577],[109.377213,-7.481577],[109.377213,-7.481847],[109.377752,-7.481847],[109.377752,-7.482116],[109.378021,-7.482116],[109.378021,-7.482386],[109.37856,-7.482386],[109.37856,-7.482655],[109.379099,-7.482655],[109.379099,-7.482925],[109.379369,-7.482925],[109.379369,-7.483194],[109.379908,-7.483194],[109.379908,-7.483464],[109.380986,-7.483464],[109.380986,-7.483733],[109.382872,-7.483733],[109.382872,-7.484003],[109.383681,-7.484003],[109.383681,-7.484272],[109.38395,-7.484272],[109.38395,-7.484542],[109.384489,-7.484542],[109.384489,-7.484811],[109.387723,-7.484811],[109.387723,-7.484542],[109.387993,-7.484542],[109.387993,-7.484272],[109.388532,-7.484272],[109.388532,-7.484003],[109.390149,-7.484003],[109.390149,-7.484272],[109.390418,-7.484272],[109.390418,-7.484542],[109.390688,-7.484542],[109.390688,-7.484811],[109.391227,-7.484811],[109.391227,-7.48535],[109.391496,-7.48535],[109.391496,-7.487776],[109.391766,-7.487776],[109.391766,-7.488045],[109.392035,-7.488045],[109.392035,-7.488315],[109.392305,-7.488315],[109.392305,-7.488584],[109.393652,-7.488584],[109.393652,-7.488315],[109.394461,-7.488315],[109.394461,-7.488045],[109.39473,-7.488045],[109.39473,-7.486967],[109.394461,-7.486967],[109.394461,-7.486698],[109.394191,-7.486698],[109.394191,-7.486159],[109.393652,-7.486159],[109.393652,-7.485889],[109.393383,-7.485889],[109.393383,-7.48562],[109.393113,-7.48562],[109.393113,-7.48535],[109.392844,-7.48535],[109.392844,-7.485081],[109.392574,-7.485081],[109.392574,-7.484542],[109.392305,-7.484542],[109.392305,-7.483733],[109.392035,-7.483733],[109.392035,-7.483464],[109.391766,-7.483464],[109.391766,-7.483194],[109.391496,-7.483194],[109.391496,-7.482925],[109.385298,-7.482925],[109.385298,-7.483194],[109.384759,-7.483194],[109.384759,-7.482925],[109.383681,-7.482925],[109.383681,-7.482655],[109.383411,-7.482655],[109.383411,-7.481038],[109.383681,-7.481038],[109.383681,-7.480499],[109.38395,-7.480499],[109.38395,-7.47996],[109.38422,-7.47996],[109.38422,-7.479691],[109.384489,-7.479691],[109.384489,-7.479421],[109.385028,-7.479421],[109.385028,-7.479152],[109.385567,-7.479152],[109.385567,-7.478882],[109.386106,-7.478882],[109.386106,-7.478613],[109.386915,-7.478613],[109.386915,-7.478343],[109.387723,-7.478343],[109.387723,-7.478074],[109.388801,-7.478074],[109.388801,-7.477804],[109.389879,-7.477804],[109.389879,-7.477535],[109.390688,-7.477535],[109.390688,-7.477265],[109.390957,-7.477265],[109.390957,-7.476996],[109.391496,-7.476996],[109.391496,-7.476726],[109.391766,-7.476726],[109.391766,-7.476457],[109.392035,-7.476457],[109.392035,-7.476187],[109.392574,-7.476187],[109.392574,-7.475918],[109.39473,-7.475918],[109.39473,-7.475648],[109.395539,-7.475648],[109.395539,-7.475379],[109.396347,-7.475379],[109.396347,-7.475109],[109.397156,-7.475109],[109.397156,-7.47484],[109.397964,-7.47484],[109.397964,-7.47457],[109.397694,-7.47457],[109.397694,-7.474301],[109.394191,-7.474301]]]}},{"id":"245","type":"Feature","properties":{"DN":1,"Keterangan":"Rendah"},"geometry":{"type":"Polygon","coordinates":[[[109.49606,-7.486698],[109.49606,-7.486967],[109.49579,-7.486967],[109.49579,-7.487237],[109.495251,-7.487237],[109.495251,-7.487506],[109.494982,-7.487506],[109.494982,-7.487776],[109.494173,-7.487776],[109.494173,-7.488315],[109.493904,-7.488315],[109.493904,-7.488584],[109.494443,-7.488584],[109.494443,-7.488315],[109.496329,-7.488315],[109.496329,-7.487237],[109.496599,-7.487237],[109.496599,-7.486698],[109.49606,-7.486698]]]}},{"id":"246","type":"Feature","properties":{"DN":1,"Keterangan":"Rendah"},"geometry":{"type":"Polygon","coordinates":[[[109.493634,-7.488584],[109.493634,-7.488854],[109.493904,-7.488854],[109.493904,-7.488584],[109.493634,-7.488584]]]}},{"id":"247","type":"Feature","properties":{"DN":1,"Keterangan":"Rendah"},"geometry":{"type":"Polygon","coordinates":[[[109.507109,-7.489123],[109.507109,-7.489393],[109.508187,-7.489393],[109.508187,-7.489123],[109.507109,-7.489123]]]}},{"id":"248","type":"Feature","properties":{"DN":1,"Keterangan":"Rendah"},"geometry":{"type":"Polygon","coordinates":[[[109.450246,-7.486967],[109.450246,-7.489123],[109.450515,-7.489123],[109.450515,-7.489662],[109.452132,-7.489662],[109.452132,-7.489393],[109.45321,-7.489393],[109.45321,-7.488854],[109.45348,-7.488854],[109.45348,-7.488584],[109.453749,-7.488584],[109.453749,-7.488315],[109.455097,-7.488315],[109.455097,-7.487237],[109.455366,-7.487237],[109.455366,-7.486967],[109.454558,-7.486967],[109.454558,-7.487237],[109.454019,-7.487237],[109.454019,-7.487506],[109.45348,-7.487506],[109.45348,-7.487776],[109.452941,-7.487776],[109.452941,-7.488045],[109.452402,-7.488045],[109.452402,-7.488315],[109.451863,-7.488315],[109.451863,-7.488045],[109.451324,-7.488045],[109.451324,-7.487776],[109.451054,-7.487776],[109.451054,-7.487506],[109.450785,-7.487506],[109.450785,-7.486967],[109.450246,-7.486967]]]}},{"id":"249","type":"Feature","properties":{"DN":2,"Keterangan":"Sedang"},"geometry":{"type":"Polygon","coordinates":[[[109.447012,-7.481847],[109.447012,-7.482116],[109.446473,-7.482116],[109.446473,-7.482386],[109.446203,-7.482386],[109.446203,-7.482655],[109.445934,-7.482655],[109.445934,-7.482925],[109.445664,-7.482925],[109.445664,-7.483464],[109.445395,-7.483464],[109.445395,-7.484003],[109.445664,-7.484003],[109.445664,-7.484272],[109.446203,-7.484272],[109.446203,-7.484542],[109.446742,-7.484542],[109.446742,-7.484811],[109.447551,-7.484811],[109.447551,-7.485081],[109.44809,-7.485081],[109.44809,-7.48535],[109.448359,-7.48535],[109.448359,-7.48562],[109.448629,-7.48562],[109.448629,-7.485889],[109.449168,-7.485889],[109.449168,-7.486159],[109.449437,-7.486159],[109.449437,-7.486428],[109.449976,-7.486428],[109.449976,-7.486698],[109.450246,-7.486698],[109.450246,-7.486967],[109.450785,-7.486967],[109.450785,-7.487506],[109.451054,-7.487506],[109.451054,-7.487776],[109.451324,-7.487776],[109.451324,-7.488045],[109.451863,-7.488045],[109.451863,-7.488315],[109.452402,-7.488315],[109.452402,-7.488045],[109.452941,-7.488045],[109.452941,-7.487776],[109.45348,-7.487776],[109.45348,-7.487506],[109.454019,-7.487506],[109.454019,-7.487237],[109.454558,-7.487237],[109.454558,-7.486967],[109.456175,-7.486967],[109.456175,-7.487237],[109.456714,-7.487237],[109.456714,-7.487506],[109.457253,-7.487506],[109.457253,-7.487776],[109.457522,-7.487776],[109.457522,-7.488045],[109.458061,-7.488045],[109.458061,-7.488315],[109.458869,-7.488315],[109.458869,-7.488584],[109.459678,-7.488584],[109.459678,-7.488854],[109.460486,-7.488854],[109.460486,-7.489123],[109.461025,-7.489123],[109.461025,-7.489662],[109.461564,-7.489662],[109.461564,-7.489932],[109.462103,-7.489932],[109.462103,-7.489393],[109.461564,-7.489393],[109.461564,-7.489123],[109.461295,-7.489123],[109.461295,-7.488584],[109.461025,-7.488584],[109.461025,-7.488315],[109.460756,-7.488315],[109.460756,-7.487506],[109.460486,-7.487506],[109.460486,-7.486967],[109.460217,-7.486967],[109.460217,-7.486698],[109.459678,-7.486698],[109.459678,-7.486428],[109.459408,-7.486428],[109.459408,-7.486159],[109.4586,-7.486159],[109.4586,-7.485889],[109.458061,-7.485889],[109.458061,-7.48562],[109.457522,-7.48562],[109.457522,-7.48535],[109.456983,-7.48535],[109.456983,-7.485081],[109.456175,-7.485081],[109.456175,-7.484811],[109.455636,-7.484811],[109.455636,-7.484542],[109.454827,-7.484542],[109.454827,-7.484272],[109.454288,-7.484272],[109.454288,-7.484003],[109.45348,-7.484003],[109.45348,-7.483733],[109.452671,-7.483733],[109.452671,-7.483464],[109.451863,-7.483464],[109.451863,-7.483194],[109.450785,-7.483194],[109.450785,-7.482925],[109.449976,-7.482925],[109.449976,-7.482655],[109.449437,-7.482655],[109.449437,-7.482386],[109.449168,-7.482386],[109.449168,-7.482116],[109.448629,-7.482116],[109.448629,-7.481847],[109.447012,-7.481847]]]}},{"id":"250","type":"Feature","properties":{"DN":2,"Keterangan":"Sedang"},"geometry":{"type":"Polygon","coordinates":[[[109.368859,-7.48562],[109.368859,-7.485889],[109.366972,-7.485889],[109.366972,-7.486159],[109.366433,-7.486159],[109.366433,-7.486428],[109.365894,-7.486428],[109.365894,-7.486698],[109.365355,-7.486698],[109.365355,-7.486967],[109.364816,-7.486967],[109.364816,-7.487237],[109.364277,-7.487237],[109.364277,-7.487506],[109.363738,-7.487506],[109.363738,-7.487776],[109.363469,-7.487776],[109.363469,-7.488045],[109.363199,-7.488045],[109.363199,-7.487776],[109.36266,-7.487776],[109.36266,-7.487506],[109.362391,-7.487506],[109.362391,-7.487237],[109.362121,-7.487237],[109.362121,-7.486967],[109.361582,-7.486967],[109.361582,-7.487776],[109.361852,-7.487776],[109.361852,-7.488854],[109.362121,-7.488854],[109.362121,-7.488584],[109.363199,-7.488584],[109.363199,-7.489662],[109.363469,-7.489662],[109.363469,-7.489932],[109.363738,-7.489932],[109.363738,-7.489662],[109.364008,-7.489662],[109.364008,-7.489393],[109.364277,-7.489393],[109.364277,-7.489123],[109.364547,-7.489123],[109.364547,-7.488584],[109.364816,-7.488584],[109.364816,-7.488315],[109.365086,-7.488315],[109.365086,-7.488045],[109.365355,-7.488045],[109.365355,-7.487776],[109.365625,-7.487776],[109.365625,-7.487506],[109.366164,-7.487506],[109.366164,-7.487237],[109.366433,-7.487237],[109.366433,-7.486967],[109.367242,-7.486967],[109.367242,-7.486698],[109.36805,-7.486698],[109.36805,-7.486428],[109.368589,-7.486428],[109.368589,-7.486159],[109.369128,-7.486159],[109.369128,-7.485889],[109.369667,-7.485889],[109.369667,-7.48562],[109.368859,-7.48562]]]}},{"id":"251","type":"Feature","properties":{"DN":2,"Keterangan":"Sedang"},"geometry":{"type":"Polygon","coordinates":[[[109.475039,-7.484811],[109.475039,-7.485081],[109.4745,-7.485081],[109.4745,-7.48535],[109.474231,-7.48535],[109.474231,-7.48562],[109.473692,-7.48562],[109.473692,-7.485889],[109.473153,-7.485889],[109.473153,-7.486159],[109.472614,-7.486159],[109.472614,-7.486428],[109.472075,-7.486428],[109.472075,-7.486698],[109.470458,-7.486698],[109.470458,-7.486428],[109.46938,-7.486428],[109.46938,-7.486698],[109.468302,-7.486698],[109.468302,-7.486967],[109.467763,-7.486967],[109.467763,-7.487237],[109.467224,-7.487237],[109.467224,-7.487506],[109.466954,-7.487506],[109.466954,-7.488045],[109.466685,-7.488045],[109.466685,-7.488584],[109.466415,-7.488584],[109.466415,-7.489393],[109.466146,-7.489393],[109.466146,-7.489662],[109.467493,-7.489662],[109.467493,-7.489393],[109.467763,-7.489393],[109.467763,-7.489123],[109.468841,-7.489123],[109.468841,-7.488854],[109.46911,-7.488854],[109.46911,-7.489123],[109.470458,-7.489123],[109.470458,-7.489393],[109.471805,-7.489393],[109.471805,-7.489123],[109.473961,-7.489123],[109.473961,-7.489393],[109.475309,-7.489393],[109.475309,-7.489662],[109.476656,-7.489662],[109.476656,-7.489932],[109.478004,-7.489932],[109.478004,-7.489123],[109.477734,-7.489123],[109.477734,-7.488315],[109.477465,-7.488315],[109.477465,-7.48535],[109.477195,-7.48535],[109.477195,-7.485081],[109.476656,-7.485081],[109.476656,-7.484811],[109.475039,-7.484811]]]}},{"id":"252","type":"Feature","properties":{"DN":2,"Keterangan":"Sedang"},"geometry":{"type":"Polygon","coordinates":[[[109.401198,-7.490201],[109.401198,-7.490471],[109.402006,-7.490471],[109.402006,-7.49074],[109.402815,-7.49074],[109.402815,-7.490471],[109.403084,-7.490471],[109.403084,-7.490201],[109.401198,-7.490201]]]}},{"id":"253","type":"Feature","properties":{"DN":2,"Keterangan":"Sedang"},"geometry":{"type":"Polygon","coordinates":[[[109.49606,-7.484003],[109.49606,-7.484272],[109.495251,-7.484272],[109.495251,-7.484542],[109.494443,-7.484542],[109.494443,-7.484811],[109.493904,-7.484811],[109.493904,-7.485081],[109.493634,-7.485081],[109.493634,-7.48535],[109.493365,-7.48535],[109.493365,-7.48562],[109.493095,-7.48562],[109.493095,-7.485889],[109.492556,-7.485889],[109.492556,-7.486159],[109.492017,-7.486159],[109.492017,-7.486428],[109.491478,-7.486428],[109.491478,-7.486698],[109.491209,-7.486698],[109.491209,-7.486967],[109.490939,-7.486967],[109.490939,-7.487506],[109.49067,-7.487506],[109.49067,-7.489393],[109.490939,-7.489393],[109.490939,-7.490201],[109.491209,-7.490201],[109.491209,-7.491009],[109.491478,-7.491009],[109.491478,-7.491279],[109.492826,-7.491279],[109.492826,-7.491009],[109.493095,-7.491009],[109.493095,-7.49074],[109.493365,-7.49074],[109.493365,-7.489932],[109.493634,-7.489932],[109.493634,-7.488584],[109.493904,-7.488584],[109.493904,-7.488315],[109.494173,-7.488315],[109.494173,-7.487776],[109.494982,-7.487776],[109.494982,-7.487506],[109.495251,-7.487506],[109.495251,-7.487237],[109.49579,-7.487237],[109.49579,-7.486967],[109.49606,-7.486967],[109.49606,-7.486698],[109.496599,-7.486698],[109.496599,-7.486428],[109.496868,-7.486428],[109.496868,-7.486159],[109.497138,-7.486159],[109.497138,-7.485889],[109.497407,-7.485889],[109.497407,-7.48562],[109.498485,-7.48562],[109.498485,-7.485889],[109.499024,-7.485889],[109.499024,-7.486159],[109.499563,-7.486159],[109.499563,-7.486428],[109.499832,-7.486428],[109.499832,-7.487237],[109.500371,-7.487237],[109.500371,-7.486967],[109.500102,-7.486967],[109.500102,-7.485889],[109.499832,-7.485889],[109.499832,-7.48535],[109.499563,-7.48535],[109.499563,-7.484542],[109.499024,-7.484542],[109.499024,-7.484272],[109.498485,-7.484272],[109.498485,-7.484003],[109.49606,-7.484003]]]}},{"id":"254","type":"Feature","properties":{"DN":1,"Keterangan":"Rendah"},"geometry":{"type":"Polygon","coordinates":[[[109.491209,-7.491009],[109.491209,-7.491279],[109.491478,-7.491279],[109.491478,-7.491009],[109.491209,-7.491009]]]}},{"id":"255","type":"Feature","properties":{"DN":2,"Keterangan":"Sedang"},"geometry":{"type":"Polygon","coordinates":[[[109.485819,-7.491818],[109.485819,-7.492087],[109.486358,-7.492087],[109.486358,-7.491818],[109.485819,-7.491818]]]}},{"id":"256","type":"Feature","properties":{"DN":2,"Keterangan":"Sedang"},"geometry":{"type":"Polygon","coordinates":[[[109.515194,-7.481847],[109.515194,-7.482116],[109.514924,-7.482116],[109.514924,-7.482925],[109.514655,-7.482925],[109.514655,-7.483194],[109.514385,-7.483194],[109.514385,-7.484003],[109.514116,-7.484003],[109.514116,-7.484542],[109.513846,-7.484542],[109.513846,-7.484811],[109.513577,-7.484811],[109.513577,-7.485081],[109.513307,-7.485081],[109.513307,-7.48535],[109.513038,-7.48535],[109.513038,-7.48562],[109.512499,-7.48562],[109.512499,-7.485889],[109.512229,-7.485889],[109.512229,-7.486159],[109.51169,-7.486159],[109.51169,-7.486428],[109.511421,-7.486428],[109.511421,-7.486698],[109.511151,-7.486698],[109.511151,-7.486967],[109.510882,-7.486967],[109.510882,-7.487237],[109.510612,-7.487237],[109.510612,-7.487506],[109.510343,-7.487506],[109.510343,-7.488045],[109.510073,-7.488045],[109.510073,-7.488315],[109.509804,-7.488315],[109.509804,-7.488584],[109.509265,-7.488584],[109.509265,-7.488854],[109.508995,-7.488854],[109.508995,-7.489123],[109.508187,-7.489123],[109.508187,-7.489393],[109.507109,-7.489393],[109.507109,-7.489123],[109.50657,-7.489123],[109.50657,-7.488854],[109.5063,-7.488854],[109.5063,-7.488584],[109.506031,-7.488584],[109.506031,-7.488045],[109.505761,-7.488045],[109.505761,-7.487506],[109.505492,-7.487506],[109.505492,-7.487237],[109.505222,-7.487237],[109.505222,-7.486967],[109.504414,-7.486967],[109.504414,-7.486698],[109.504144,-7.486698],[109.504144,-7.486967],[109.503605,-7.486967],[109.503605,-7.488584],[109.503875,-7.488584],[109.503875,-7.489662],[109.504144,-7.489662],[109.504144,-7.490471],[109.504414,-7.490471],[109.504414,-7.49074],[109.504683,-7.49074],[109.504683,-7.491279],[109.505222,-7.491279],[109.505222,-7.491548],[109.505761,-7.491548],[109.505761,-7.491818],[109.5063,-7.491818],[109.5063,-7.492087],[109.50657,-7.492087],[109.50657,-7.492357],[109.507109,-7.492357],[109.507109,-7.492626],[109.507648,-7.492626],[109.507648,-7.492896],[109.508456,-7.492896],[109.508456,-7.492626],[109.508995,-7.492626],[109.508995,-7.492357],[109.509265,-7.492357],[109.509265,-7.492087],[109.509534,-7.492087],[109.509534,-7.491818],[109.509804,-7.491818],[109.509804,-7.491548],[109.510073,-7.491548],[109.510073,-7.491279],[109.510343,-7.491279],[109.510343,-7.491009],[109.510612,-7.491009],[109.510612,-7.49074],[109.510882,-7.49074],[109.510882,-7.490471],[109.511421,-7.490471],[109.511421,-7.490201],[109.512229,-7.490201],[109.512229,-7.489932],[109.513307,-7.489932],[109.513307,-7.489662],[109.513846,-7.489662],[109.513846,-7.489393],[109.514385,-7.489393],[109.514385,-7.489123],[109.514655,-7.489123],[109.514655,-7.488854],[109.514924,-7.488854],[109.514924,-7.488584],[109.515194,-7.488584],[109.515194,-7.488315],[109.515463,-7.488315],[109.515463,-7.488045],[109.515733,-7.488045],[109.515733,-7.487776],[109.516002,-7.487776],[109.516002,-7.486428],[109.516272,-7.486428],[109.516272,-7.48562],[109.516002,-7.48562],[109.516002,-7.484811],[109.515733,-7.484811],[109.515733,-7.484003],[109.515463,-7.484003],[109.515463,-7.483464],[109.515733,-7.483464],[109.515733,-7.482925],[109.516002,-7.482925],[109.516002,-7.482655],[109.516272,-7.482655],[109.516272,-7.482386],[109.516541,-7.482386],[109.516541,-7.482116],[109.516002,-7.482116],[109.516002,-7.481847],[109.515194,-7.481847]]]}},{"id":"257","type":"Feature","properties":{"DN":2,"Keterangan":"Sedang"},"geometry":{"type":"Polygon","coordinates":[[[109.482585,-7.489123],[109.482585,-7.489393],[109.482315,-7.489393],[109.482315,-7.489662],[109.482046,-7.489662],[109.482046,-7.489932],[109.481776,-7.489932],[109.481776,-7.490471],[109.481507,-7.490471],[109.481507,-7.49074],[109.480968,-7.49074],[109.480968,-7.491009],[109.480429,-7.491009],[109.480429,-7.491279],[109.479351,-7.491279],[109.479351,-7.491548],[109.479081,-7.491548],[109.479081,-7.491818],[109.478812,-7.491818],[109.478812,-7.492087],[109.479081,-7.492087],[109.479081,-7.492357],[109.479351,-7.492357],[109.479351,-7.492896],[109.480159,-7.492896],[109.480159,-7.493165],[109.481237,-7.493165],[109.481237,-7.492896],[109.481776,-7.492896],[109.481776,-7.492626],[109.482046,-7.492626],[109.482046,-7.492357],[109.482315,-7.492357],[109.482315,-7.492087],[109.482585,-7.492087],[109.482585,-7.491818],[109.482854,-7.491818],[109.482854,-7.490201],[109.483124,-7.490201],[109.483124,-7.490471],[109.483663,-7.490471],[109.483663,-7.49074],[109.483932,-7.49074],[109.483932,-7.491009],[109.484471,-7.491009],[109.484471,-7.49074],[109.484741,-7.49074],[109.484741,-7.490201],[109.484471,-7.490201],[109.484471,-7.489393],[109.483932,-7.489393],[109.483932,-7.489123],[109.482585,-7.489123]]]}},{"id":"258","type":"Feature","properties":{"DN":1,"Keterangan":"Rendah"},"geometry":{"type":"Polygon","coordinates":[[[109.482585,-7.491818],[109.482585,-7.492087],[109.482315,-7.492087],[109.482315,-7.492357],[109.482046,-7.492357],[109.482046,-7.492626],[109.481776,-7.492626],[109.481776,-7.492896],[109.481237,-7.492896],[109.481237,-7.493165],[109.482046,-7.493165],[109.482046,-7.492896],[109.482315,-7.492896],[109.482315,-7.492626],[109.482585,-7.492626],[109.482585,-7.492357],[109.482854,-7.492357],[109.482854,-7.491818],[109.482585,-7.491818]]]}},{"id":"259","type":"Feature","properties":{"DN":2,"Keterangan":"Sedang"},"geometry":{"type":"Polygon","coordinates":[[[109.421949,-7.489393],[109.421949,-7.489662],[109.42141,-7.489662],[109.42141,-7.489932],[109.42114,-7.489932],[109.42114,-7.490471],[109.420871,-7.490471],[109.420871,-7.491009],[109.420601,-7.491009],[109.420601,-7.491548],[109.420871,-7.491548],[109.420871,-7.492087],[109.42141,-7.492087],[109.42141,-7.492357],[109.421949,-7.492357],[109.421949,-7.492626],[109.422488,-7.492626],[109.422488,-7.492896],[109.423296,-7.492896],[109.423296,-7.493165],[109.423835,-7.493165],[109.423835,-7.493435],[109.424913,-7.493435],[109.424913,-7.493165],[109.425183,-7.493165],[109.425183,-7.492357],[109.424913,-7.492357],[109.424913,-7.491818],[109.424374,-7.491818],[109.424374,-7.491548],[109.424105,-7.491548],[109.424105,-7.491279],[109.423835,-7.491279],[109.423835,-7.491009],[109.423566,-7.491009],[109.423566,-7.49074],[109.423296,-7.49074],[109.423296,-7.490201],[109.423027,-7.490201],[109.423027,-7.489662],[109.422488,-7.489662],[109.422488,-7.489393],[109.421949,-7.489393]]]}},{"id":"260","type":"Feature","properties":{"DN":1,"Keterangan":"Rendah"},"geometry":{"type":"Polygon","coordinates":[[[109.363738,-7.493435],[109.363738,-7.493704],[109.363469,-7.493704],[109.363469,-7.493974],[109.363199,-7.493974],[109.363199,-7.494513],[109.36293,-7.494513],[109.36293,-7.494782],[109.363199,-7.494782],[109.363199,-7.495052],[109.363469,-7.495052],[109.363469,-7.494782],[109.363738,-7.494782],[109.363738,-7.494243],[109.364008,-7.494243],[109.364008,-7.493435],[109.363738,-7.493435]]]}},{"id":"261","type":"Feature","properties":{"DN":3,"Keterangan":"Tinggi"},"geometry":{"type":"Polygon","coordinates":[[[109.379908,-7.491818],[109.379908,-7.492087],[109.376405,-7.492087],[109.376405,-7.492357],[109.375327,-7.492357],[109.375327,-7.492626],[109.37344,-7.492626],[109.37344,-7.492896],[109.372632,-7.492896],[109.372632,-7.493165],[109.370745,-7.493165],[109.370745,-7.493435],[109.369937,-7.493435],[109.369937,-7.493165],[109.367781,-7.493165],[109.367781,-7.493435],[109.367242,-7.493435],[109.367242,-7.493704],[109.367511,-7.493704],[109.367511,-7.494243],[109.367781,-7.494243],[109.367781,-7.494513],[109.36805,-7.494513],[109.36805,-7.494782],[109.36832,-7.494782],[109.36832,-7.495052],[109.368589,-7.495052],[109.368589,-7.495321],[109.368859,-7.495321],[109.368859,-7.495591],[109.373979,-7.495591],[109.373979,-7.495321],[109.374788,-7.495321],[109.374788,-7.495052],[109.375327,-7.495052],[109.375327,-7.494782],[109.378021,-7.494782],[109.378021,-7.494513],[109.37856,-7.494513],[109.37856,-7.494243],[109.37883,-7.494243],[109.37883,-7.493974],[109.379099,-7.493974],[109.379099,-7.493704],[109.379638,-7.493704],[109.379638,-7.493435],[109.379908,-7.493435],[109.379908,-7.493165],[109.380177,-7.493165],[109.380177,-7.492896],[109.380716,-7.492896],[109.380716,-7.492087],[109.380986,-7.492087],[109.380986,-7.491818],[109.379908,-7.491818]]]}},{"id":"262","type":"Feature","properties":{"DN":1,"Keterangan":"Rendah"},"geometry":{"type":"Polygon","coordinates":[[[109.670152,-7.451394],[109.670152,-7.451933],[109.669883,-7.451933],[109.669883,-7.452472],[109.669613,-7.452472],[109.669613,-7.452741],[109.669344,-7.452741],[109.669344,-7.45328],[109.669074,-7.45328],[109.669074,-7.45355],[109.668805,-7.45355],[109.668805,-7.453819],[109.667996,-7.453819],[109.667996,-7.454089],[109.667727,-7.454089],[109.667727,-7.454358],[109.667457,-7.454358],[109.667457,-7.455167],[109.667188,-7.455167],[109.667188,-7.456245],[109.666918,-7.456245],[109.666918,-7.457323],[109.666649,-7.457323],[109.666649,-7.458131],[109.66611,-7.458131],[109.66611,-7.458401],[109.665571,-7.458401],[109.665571,-7.45867],[109.665301,-7.45867],[109.665301,-7.45894],[109.664762,-7.45894],[109.664762,-7.459209],[109.664223,-7.459209],[109.664223,-7.459479],[109.663954,-7.459479],[109.663954,-7.461365],[109.663415,-7.461365],[109.663415,-7.461635],[109.663145,-7.461635],[109.663145,-7.465138],[109.663415,-7.465138],[109.663415,-7.465408],[109.663684,-7.465408],[109.663684,-7.465677],[109.663954,-7.465677],[109.663954,-7.466216],[109.664223,-7.466216],[109.664223,-7.466486],[109.664493,-7.466486],[109.664493,-7.466755],[109.664762,-7.466755],[109.664762,-7.467025],[109.664223,-7.467025],[109.664223,-7.467294],[109.663954,-7.467294],[109.663954,-7.468103],[109.664223,-7.468103],[109.664223,-7.469989],[109.664493,-7.469989],[109.664493,-7.470259],[109.664762,-7.470259],[109.664762,-7.470528],[109.665032,-7.470528],[109.665032,-7.472953],[109.665571,-7.472953],[109.665571,-7.473223],[109.666918,-7.473223],[109.666918,-7.473492],[109.667457,-7.473492],[109.667457,-7.473762],[109.667996,-7.473762],[109.667996,-7.475648],[109.667727,-7.475648],[109.667727,-7.475918],[109.667457,-7.475918],[109.667457,-7.476187],[109.667188,-7.476187],[109.667188,-7.477265],[109.666918,-7.477265],[109.666918,-7.477535],[109.666379,-7.477535],[109.666379,-7.477804],[109.66611,-7.477804],[109.66611,-7.478074],[109.66584,-7.478074],[109.66584,-7.478343],[109.665301,-7.478343],[109.665301,-7.478613],[109.665032,-7.478613],[109.665032,-7.478882],[109.664762,-7.478882],[109.664762,-7.479152],[109.664493,-7.479152],[109.664493,-7.479421],[109.663954,-7.479421],[109.663954,-7.479691],[109.663145,-7.479691],[109.663145,-7.47996],[109.662876,-7.47996],[109.662876,-7.48023],[109.660989,-7.48023],[109.660989,-7.481038],[109.66072,-7.481038],[109.66072,-7.481308],[109.660181,-7.481308],[109.660181,-7.481577],[109.659912,-7.481577],[109.659912,-7.482116],[109.659103,-7.482116],[109.659103,-7.482386],[109.658834,-7.482386],[109.658834,-7.482655],[109.658564,-7.482655],[109.658564,-7.483194],[109.658295,-7.483194],[109.658295,-7.482925],[109.658025,-7.482925],[109.658025,-7.482655],[109.657217,-7.482655],[109.657217,-7.482925],[109.656947,-7.482925],[109.656947,-7.483194],[109.656408,-7.483194],[109.656408,-7.483464],[109.655869,-7.483464],[109.655869,-7.483733],[109.6556,-7.483733],[109.6556,-7.484272],[109.65533,-7.484272],[109.65533,-7.486428],[109.6556,-7.486428],[109.6556,-7.487776],[109.656408,-7.487776],[109.656408,-7.488045],[109.656678,-7.488045],[109.656678,-7.488315],[109.657217,-7.488315],[109.657217,-7.489662],[109.656139,-7.489662],[109.656139,-7.489932],[109.65533,-7.489932],[109.65533,-7.490471],[109.654791,-7.490471],[109.654791,-7.49074],[109.654522,-7.49074],[109.654522,-7.491279],[109.654252,-7.491279],[109.654252,-7.491548],[109.653983,-7.491548],[109.653983,-7.492896],[109.651288,-7.492896],[109.651288,-7.493165],[109.650479,-7.493165],[109.650479,-7.493435],[109.65021,-7.493435],[109.65021,-7.49586],[109.651827,-7.49586],[109.651827,-7.49613],[109.653174,-7.49613],[109.653174,-7.49586],[109.652905,-7.49586],[109.652905,-7.495591],[109.652635,-7.495591],[109.652635,-7.495321],[109.652366,-7.495321],[109.652366,-7.495052],[109.651827,-7.495052],[109.651827,-7.494243],[109.652635,-7.494243],[109.652635,-7.493974],[109.655061,-7.493974],[109.655061,-7.492896],[109.6556,-7.492896],[109.6556,-7.492087],[109.655869,-7.492087],[109.655869,-7.491818],[109.656408,-7.491818],[109.656408,-7.491548],[109.656678,-7.491548],[109.656678,-7.491009],[109.656947,-7.491009],[109.656947,-7.49074],[109.657756,-7.49074],[109.657756,-7.490471],[109.658564,-7.490471],[109.658564,-7.490201],[109.658834,-7.490201],[109.658834,-7.489932],[109.659103,-7.489932],[109.659103,-7.488584],[109.658834,-7.488584],[109.658834,-7.488315],[109.658295,-7.488315],[109.658295,-7.488045],[109.658025,-7.488045],[109.658025,-7.486698],[109.657756,-7.486698],[109.657756,-7.486428],[109.657486,-7.486428],[109.657486,-7.485081],[109.657756,-7.485081],[109.657756,-7.484542],[109.658564,-7.484542],[109.658564,-7.484272],[109.658834,-7.484272],[109.658834,-7.484003],[109.659103,-7.484003],[109.659103,-7.483733],[109.659373,-7.483733],[109.659373,-7.483464],[109.659642,-7.483464],[109.659642,-7.482925],[109.660451,-7.482925],[109.660451,-7.482655],[109.66072,-7.482655],[109.66072,-7.482116],[109.661259,-7.482116],[109.661259,-7.481847],[109.662876,-7.481847],[109.662876,-7.481577],[109.663145,-7.481577],[109.663145,-7.481308],[109.663415,-7.481308],[109.663415,-7.481038],[109.663684,-7.481038],[109.663684,-7.480499],[109.664493,-7.480499],[109.664493,-7.48023],[109.665032,-7.48023],[109.665032,-7.47996],[109.665301,-7.47996],[109.665301,-7.479691],[109.665571,-7.479691],[109.665571,-7.479421],[109.666379,-7.479421],[109.666379,-7.479152],[109.666649,-7.479152],[109.666649,-7.478613],[109.667457,-7.478613],[109.667457,-7.478074],[109.667996,-7.478074],[109.667996,-7.477804],[109.668535,-7.477804],[109.668535,-7.476726],[109.668266,-7.476726],[109.668266,-7.476457],[109.668535,-7.476457],[109.668535,-7.476187],[109.668805,-7.476187],[109.668805,-7.473223],[109.668535,-7.473223],[109.668535,-7.472684],[109.667457,-7.472684],[109.667457,-7.472145],[109.666649,-7.472145],[109.666649,-7.471875],[109.666379,-7.471875],[109.666379,-7.470259],[109.66611,-7.470259],[109.66611,-7.469989],[109.66584,-7.469989],[109.66584,-7.468911],[109.665571,-7.468911],[109.665571,-7.466216],[109.665301,-7.466216],[109.665301,-7.465947],[109.665032,-7.465947],[109.665032,-7.465138],[109.664493,-7.465138],[109.664493,-7.464869],[109.664223,-7.464869],[109.664223,-7.464599],[109.663954,-7.464599],[109.663954,-7.463521],[109.664223,-7.463521],[109.664223,-7.462713],[109.664493,-7.462713],[109.664493,-7.461904],[109.664762,-7.461904],[109.664762,-7.461096],[109.665032,-7.461096],[109.665032,-7.460018],[109.665301,-7.460018],[109.665301,-7.459748],[109.66584,-7.459748],[109.66584,-7.459479],[109.66611,-7.459479],[109.66611,-7.459209],[109.666649,-7.459209],[109.666649,-7.45894],[109.667188,-7.45894],[109.667188,-7.45867],[109.667457,-7.45867],[109.667457,-7.458401],[109.667727,-7.458401],[109.667727,-7.456784],[109.667996,-7.456784],[109.667996,-7.455706],[109.668266,-7.455706],[109.668266,-7.454897],[109.669074,-7.454897],[109.669074,-7.454628],[109.669344,-7.454628],[109.669344,-7.454358],[109.669613,-7.454358],[109.669613,-7.454089],[109.670691,-7.454089],[109.670691,-7.45355],[109.670961,-7.45355],[109.670961,-7.453011],[109.67123,-7.453011],[109.67123,-7.452741],[109.6715,-7.452741],[109.6715,-7.451933],[109.67123,-7.451933],[109.67123,-7.451394],[109.670152,-7.451394]]]}},{"id":"263","type":"Feature","properties":{"DN":1,"Keterangan":"Rendah"},"geometry":{"type":"Polygon","coordinates":[[[109.365086,-7.49586],[109.365086,-7.49613],[109.365355,-7.49613],[109.365355,-7.496399],[109.366164,-7.496399],[109.366164,-7.49613],[109.365894,-7.49613],[109.365894,-7.49586],[109.365086,-7.49586]]]}},{"id":"264","type":"Feature","properties":{"DN":2,"Keterangan":"Sedang"},"geometry":{"type":"Polygon","coordinates":[[[109.380177,-7.490201],[109.380177,-7.490471],[109.377752,-7.490471],[109.377752,-7.49074],[109.373171,-7.49074],[109.373171,-7.491009],[109.372362,-7.491009],[109.372362,-7.491279],[109.371554,-7.491279],[109.371554,-7.491548],[109.367781,-7.491548],[109.367781,-7.491279],[109.366164,-7.491279],[109.366164,-7.491548],[109.365086,-7.491548],[109.365086,-7.491818],[109.364816,-7.491818],[109.364816,-7.492357],[109.364547,-7.492357],[109.364547,-7.492896],[109.364277,-7.492896],[109.364277,-7.493435],[109.364008,-7.493435],[109.364008,-7.494243],[109.363738,-7.494243],[109.363738,-7.494782],[109.364816,-7.494782],[109.364816,-7.495591],[109.364547,-7.495591],[109.364547,-7.49586],[109.365894,-7.49586],[109.365894,-7.49613],[109.366703,-7.49613],[109.366703,-7.496669],[109.366972,-7.496669],[109.366972,-7.496938],[109.367242,-7.496938],[109.367242,-7.497208],[109.367781,-7.497208],[109.367781,-7.497477],[109.369398,-7.497477],[109.369398,-7.497208],[109.371554,-7.497208],[109.371554,-7.497477],[109.372362,-7.497477],[109.372362,-7.497747],[109.372901,-7.497747],[109.372901,-7.498016],[109.373979,-7.498016],[109.373979,-7.497747],[109.374249,-7.497747],[109.374249,-7.497477],[109.374788,-7.497477],[109.374788,-7.497208],[109.375057,-7.497208],[109.375057,-7.496938],[109.375596,-7.496938],[109.375596,-7.496669],[109.377482,-7.496669],[109.377482,-7.496938],[109.37856,-7.496938],[109.37856,-7.496669],[109.37883,-7.496669],[109.37883,-7.496399],[109.379099,-7.496399],[109.379099,-7.49613],[109.379369,-7.49613],[109.379369,-7.49586],[109.379638,-7.49586],[109.379638,-7.495591],[109.379908,-7.495591],[109.379908,-7.495321],[109.380447,-7.495321],[109.380447,-7.495052],[109.380986,-7.495052],[109.380986,-7.494782],[109.381525,-7.494782],[109.381525,-7.494513],[109.382333,-7.494513],[109.382333,-7.494243],[109.382872,-7.494243],[109.382872,-7.493974],[109.383142,-7.493974],[109.383142,-7.493435],[109.383411,-7.493435],[109.383411,-7.492896],[109.383681,-7.492896],[109.383681,-7.492087],[109.38395,-7.492087],[109.38395,-7.491818],[109.383681,-7.491818],[109.383681,-7.491279],[109.383411,-7.491279],[109.383411,-7.491009],[109.383142,-7.491009],[109.383142,-7.49074],[109.382872,-7.49074],[109.382872,-7.490471],[109.382333,-7.490471],[109.382333,-7.490201],[109.380177,-7.490201]],[[109.379908,-7.491818],[109.380986,-7.491818],[109.380986,-7.492087],[109.380716,-7.492087],[109.380716,-7.492896],[109.380177,-7.492896],[109.380177,-7.493165],[109.379908,-7.493165],[109.379908,-7.493435],[109.379638,-7.493435],[109.379638,-7.493704],[109.379099,-7.493704],[109.379099,-7.493974],[109.37883,-7.493974],[109.37883,-7.494243],[109.37856,-7.494243],[109.37856,-7.494513],[109.378021,-7.494513],[109.378021,-7.494782],[109.375327,-7.494782],[109.375327,-7.495052],[109.374788,-7.495052],[109.374788,-7.495321],[109.373979,-7.495321],[109.373979,-7.495591],[109.368859,-7.495591],[109.368859,-7.495321],[109.368589,-7.495321],[109.368589,-7.495052],[109.36832,-7.495052],[109.36832,-7.494782],[109.36805,-7.494782],[109.36805,-7.494513],[109.367781,-7.494513],[109.367781,-7.494243],[109.367511,-7.494243],[109.367511,-7.493704],[109.367242,-7.493704],[109.367242,-7.493435],[109.367781,-7.493435],[109.367781,-7.493165],[109.369937,-7.493165],[109.369937,-7.493435],[109.370745,-7.493435],[109.370745,-7.493165],[109.372632,-7.493165],[109.372632,-7.492896],[109.37344,-7.492896],[109.37344,-7.492626],[109.375327,-7.492626],[109.375327,-7.492357],[109.376405,-7.492357],[109.376405,-7.492087],[109.379908,-7.492087],[109.379908,-7.491818]]]}},{"id":"265","type":"Feature","properties":{"DN":1,"Keterangan":"Rendah"},"geometry":{"type":"Polygon","coordinates":[[[109.539987,-7.471875],[109.539987,-7.472145],[109.539448,-7.472145],[109.539448,-7.472414],[109.539178,-7.472414],[109.539178,-7.472684],[109.538909,-7.472684],[109.538909,-7.473223],[109.53864,-7.473223],[109.53864,-7.473492],[109.537562,-7.473492],[109.537562,-7.473762],[109.535945,-7.473762],[109.535945,-7.474301],[109.535675,-7.474301],[109.535675,-7.47457],[109.535136,-7.47457],[109.535136,-7.475648],[109.534328,-7.475648],[109.534328,-7.475379],[109.533519,-7.475379],[109.533519,-7.475109],[109.530824,-7.475109],[109.530824,-7.475379],[109.530285,-7.475379],[109.530285,-7.475648],[109.52786,-7.475648],[109.52786,-7.475379],[109.526243,-7.475379],[109.526243,-7.475648],[109.525973,-7.475648],[109.525973,-7.475918],[109.525434,-7.475918],[109.525434,-7.476187],[109.524895,-7.476187],[109.524895,-7.476457],[109.524626,-7.476457],[109.524626,-7.476726],[109.524356,-7.476726],[109.524356,-7.476996],[109.524087,-7.476996],[109.524087,-7.477804],[109.523817,-7.477804],[109.523817,-7.478613],[109.523548,-7.478613],[109.523548,-7.479152],[109.523278,-7.479152],[109.523278,-7.479421],[109.523009,-7.479421],[109.523009,-7.479691],[109.522739,-7.479691],[109.522739,-7.480769],[109.523009,-7.480769],[109.523009,-7.481038],[109.522739,-7.481038],[109.522739,-7.481308],[109.52247,-7.481308],[109.52247,-7.481577],[109.5222,-7.481577],[109.5222,-7.481847],[109.521931,-7.481847],[109.521931,-7.482116],[109.520314,-7.482116],[109.520314,-7.481577],[109.520044,-7.481577],[109.520044,-7.481308],[109.518966,-7.481308],[109.518966,-7.481038],[109.516541,-7.481038],[109.516541,-7.480769],[109.514385,-7.480769],[109.514385,-7.481038],[109.514116,-7.481038],[109.514116,-7.481308],[109.513846,-7.481308],[109.513846,-7.482655],[109.513577,-7.482655],[109.513577,-7.483464],[109.513307,-7.483464],[109.513307,-7.484811],[109.512768,-7.484811],[109.512768,-7.485081],[109.510882,-7.485081],[109.510882,-7.48535],[109.510612,-7.48535],[109.510612,-7.48562],[109.510343,-7.48562],[109.510343,-7.486159],[109.510073,-7.486159],[109.510073,-7.486698],[109.509804,-7.486698],[109.509804,-7.487776],[109.509534,-7.487776],[109.509534,-7.488045],[109.509265,-7.488045],[109.509265,-7.488315],[109.508995,-7.488315],[109.508995,-7.488584],[109.508456,-7.488584],[109.508456,-7.488854],[109.508187,-7.488854],[109.508187,-7.489123],[109.508995,-7.489123],[109.508995,-7.488854],[109.509265,-7.488854],[109.509265,-7.488584],[109.509804,-7.488584],[109.509804,-7.488315],[109.510073,-7.488315],[109.510073,-7.488045],[109.510343,-7.488045],[109.510343,-7.487506],[109.510612,-7.487506],[109.510612,-7.487237],[109.510882,-7.487237],[109.510882,-7.486967],[109.511151,-7.486967],[109.511151,-7.486698],[109.511421,-7.486698],[109.511421,-7.486428],[109.51169,-7.486428],[109.51169,-7.486159],[109.512229,-7.486159],[109.512229,-7.485889],[109.512499,-7.485889],[109.512499,-7.48562],[109.513038,-7.48562],[109.513038,-7.48535],[109.513307,-7.48535],[109.513307,-7.485081],[109.513577,-7.485081],[109.513577,-7.484811],[109.513846,-7.484811],[109.513846,-7.484542],[109.514116,-7.484542],[109.514116,-7.484003],[109.514385,-7.484003],[109.514385,-7.483194],[109.514655,-7.483194],[109.514655,-7.482925],[109.514924,-7.482925],[109.514924,-7.482116],[109.515194,-7.482116],[109.515194,-7.481847],[109.516002,-7.481847],[109.516002,-7.482116],[109.516541,-7.482116],[109.516541,-7.482386],[109.516272,-7.482386],[109.516272,-7.482655],[109.516002,-7.482655],[109.516002,-7.482925],[109.515733,-7.482925],[109.515733,-7.483464],[109.515463,-7.483464],[109.515463,-7.484003],[109.515733,-7.484003],[109.515733,-7.484811],[109.516002,-7.484811],[109.516002,-7.48562],[109.516272,-7.48562],[109.516272,-7.486428],[109.516002,-7.486428],[109.516002,-7.487776],[109.515733,-7.487776],[109.515733,-7.488045],[109.515463,-7.488045],[109.515463,-7.488315],[109.515194,-7.488315],[109.515194,-7.488584],[109.514924,-7.488584],[109.514924,-7.488854],[109.514655,-7.488854],[109.514655,-7.489123],[109.514385,-7.489123],[109.514385,-7.489393],[109.513846,-7.489393],[109.513846,-7.489662],[109.513307,-7.489662],[109.513307,-7.489932],[109.512229,-7.489932],[109.512229,-7.490201],[109.511421,-7.490201],[109.511421,-7.490471],[109.510882,-7.490471],[109.510882,-7.49074],[109.510612,-7.49074],[109.510612,-7.491009],[109.510343,-7.491009],[109.510343,-7.491279],[109.510073,-7.491279],[109.510073,-7.491548],[109.509804,-7.491548],[109.509804,-7.491818],[109.509534,-7.491818],[109.509534,-7.492087],[109.509265,-7.492087],[109.509265,-7.492357],[109.508995,-7.492357],[109.508995,-7.492626],[109.508456,-7.492626],[109.508456,-7.492896],[109.507648,-7.492896],[109.507648,-7.492626],[109.507109,-7.492626],[109.507109,-7.492357],[109.50657,-7.492357],[109.50657,-7.492087],[109.5063,-7.492087],[109.5063,-7.491818],[109.505761,-7.491818],[109.505761,-7.491548],[109.505222,-7.491548],[109.505222,-7.491279],[109.504683,-7.491279],[109.504683,-7.49074],[109.504414,-7.49074],[109.504414,-7.490471],[109.504144,-7.490471],[109.504144,-7.489662],[109.503875,-7.489662],[109.503875,-7.488584],[109.503605,-7.488584],[109.503605,-7.486967],[109.504144,-7.486967],[109.504144,-7.486698],[109.504414,-7.486698],[109.504414,-7.486967],[109.505222,-7.486967],[109.505222,-7.487237],[109.505492,-7.487237],[109.505492,-7.487506],[109.505761,-7.487506],[109.505761,-7.488045],[109.506031,-7.488045],[109.506031,-7.488584],[109.5063,-7.488584],[109.5063,-7.488854],[109.50657,-7.488854],[109.50657,-7.489123],[109.506839,-7.489123],[109.506839,-7.488315],[109.50657,-7.488315],[109.50657,-7.488045],[109.5063,-7.488045],[109.5063,-7.487776],[109.506031,-7.487776],[109.506031,-7.486428],[109.505492,-7.486428],[109.505492,-7.486159],[109.505222,-7.486159],[109.505222,-7.485889],[109.504953,-7.485889],[109.504953,-7.48562],[109.502797,-7.48562],[109.502797,-7.485889],[109.502258,-7.485889],[109.502258,-7.486159],[109.501449,-7.486159],[109.501449,-7.486428],[109.50091,-7.486428],[109.50091,-7.486159],[109.500641,-7.486159],[109.500641,-7.485889],[109.500371,-7.485889],[109.500371,-7.484003],[109.500102,-7.484003],[109.500102,-7.483464],[109.499563,-7.483464],[109.499563,-7.483194],[109.49606,-7.483194],[109.49606,-7.483464],[109.494173,-7.483464],[109.494173,-7.483733],[109.493634,-7.483733],[109.493634,-7.484003],[109.493095,-7.484003],[109.493095,-7.484272],[109.492826,-7.484272],[109.492826,-7.48535],[109.492017,-7.48535],[109.492017,-7.485081],[109.491209,-7.485081],[109.491209,-7.48535],[109.490939,-7.48535],[109.490939,-7.48562],[109.4904,-7.48562],[109.4904,-7.486159],[109.490131,-7.486159],[109.490131,-7.489662],[109.4904,-7.489662],[109.4904,-7.490201],[109.489861,-7.490201],[109.489861,-7.489932],[109.487975,-7.489932],[109.487975,-7.490201],[109.487705,-7.490201],[109.487705,-7.490471],[109.487166,-7.490471],[109.487166,-7.49074],[109.486897,-7.49074],[109.486897,-7.491009],[109.485819,-7.491009],[109.485819,-7.489393],[109.485549,-7.489393],[109.485549,-7.488584],[109.484202,-7.488584],[109.484202,-7.488315],[109.483663,-7.488315],[109.483663,-7.488045],[109.483393,-7.488045],[109.483393,-7.487776],[109.483124,-7.487776],[109.483124,-7.487237],[109.482046,-7.487237],[109.482046,-7.487506],[109.481776,-7.487506],[109.481776,-7.487776],[109.481507,-7.487776],[109.481507,-7.488315],[109.481237,-7.488315],[109.481237,-7.489662],[109.480968,-7.489662],[109.480968,-7.489932],[109.479351,-7.489932],[109.479351,-7.490201],[109.479081,-7.490201],[109.479081,-7.489932],[109.478812,-7.489932],[109.478812,-7.488854],[109.478542,-7.488854],[109.478542,-7.488584],[109.478273,-7.488584],[109.478273,-7.488045],[109.478004,-7.488045],[109.478004,-7.487776],[109.477734,-7.487776],[109.477734,-7.48562],[109.478004,-7.48562],[109.478004,-7.48535],[109.478542,-7.48535],[109.478542,-7.48562],[109.478812,-7.48562],[109.478812,-7.485889],[109.479081,-7.485889],[109.479081,-7.486159],[109.480159,-7.486159],[109.480159,-7.486428],[109.480698,-7.486428],[109.480698,-7.486698],[109.482315,-7.486698],[109.482315,-7.486428],[109.482585,-7.486428],[109.482585,-7.486159],[109.482854,-7.486159],[109.482854,-7.485889],[109.483124,-7.485889],[109.483124,-7.484811],[109.482315,-7.484811],[109.482315,-7.484542],[109.481507,-7.484542],[109.481507,-7.484811],[109.479351,-7.484811],[109.479351,-7.484272],[109.479081,-7.484272],[109.479081,-7.484003],[109.478542,-7.484003],[109.478542,-7.483733],[109.478273,-7.483733],[109.478273,-7.483464],[109.477465,-7.483464],[109.477465,-7.483733],[109.477195,-7.483733],[109.477195,-7.484003],[109.476926,-7.484003],[109.476926,-7.483733],[109.476387,-7.483733],[109.476387,-7.483464],[109.47477,-7.483464],[109.47477,-7.483194],[109.473692,-7.483194],[109.473692,-7.483464],[109.473422,-7.483464],[109.473422,-7.484272],[109.473692,-7.484272],[109.473692,-7.484811],[109.473153,-7.484811],[109.473153,-7.485081],[109.472883,-7.485081],[109.472883,-7.48535],[109.472075,-7.48535],[109.472075,-7.48562],[109.471805,-7.48562],[109.471805,-7.48535],[109.471266,-7.48535],[109.471266,-7.485081],[109.470188,-7.485081],[109.470188,-7.48535],[109.469649,-7.48535],[109.469649,-7.48562],[109.46938,-7.48562],[109.46938,-7.48535],[109.468571,-7.48535],[109.468571,-7.48562],[109.468032,-7.48562],[109.468032,-7.486159],[109.466954,-7.486159],[109.466954,-7.486428],[109.466146,-7.486428],[109.466146,-7.486698],[109.465876,-7.486698],[109.465876,-7.488315],[109.465607,-7.488315],[109.465607,-7.489393],[109.464259,-7.489393],[109.464259,-7.489123],[109.463181,-7.489123],[109.463181,-7.488854],[109.462373,-7.488854],[109.462373,-7.488584],[109.461834,-7.488584],[109.461834,-7.488315],[109.461564,-7.488315],[109.461564,-7.487776],[109.461295,-7.487776],[109.461295,-7.487237],[109.461564,-7.487237],[109.461564,-7.485889],[109.461025,-7.485889],[109.461025,-7.48562],[109.459408,-7.48562],[109.459408,-7.48535],[109.4586,-7.48535],[109.4586,-7.485081],[109.45833,-7.485081],[109.45833,-7.484811],[109.457522,-7.484811],[109.457522,-7.484542],[109.457253,-7.484542],[109.457253,-7.484272],[109.456983,-7.484272],[109.456983,-7.484003],[109.455636,-7.484003],[109.455636,-7.483733],[109.455097,-7.483733],[109.455097,-7.483464],[109.454558,-7.483464],[109.454558,-7.483194],[109.454019,-7.483194],[109.454019,-7.482925],[109.452132,-7.482925],[109.452132,-7.481847],[109.450515,-7.481847],[109.450515,-7.482116],[109.449976,-7.482116],[109.449976,-7.482386],[109.449437,-7.482386],[109.449437,-7.482655],[109.449976,-7.482655],[109.449976,-7.482925],[109.450785,-7.482925],[109.450785,-7.483194],[109.451863,-7.483194],[109.451863,-7.483464],[109.452671,-7.483464],[109.452671,-7.483733],[109.45348,-7.483733],[109.45348,-7.484003],[109.454288,-7.484003],[109.454288,-7.484272],[109.454827,-7.484272],[109.454827,-7.484542],[109.455636,-7.484542],[109.455636,-7.484811],[109.456175,-7.484811],[109.456175,-7.485081],[109.456983,-7.485081],[109.456983,-7.48535],[109.457522,-7.48535],[109.457522,-7.48562],[109.458061,-7.48562],[109.458061,-7.485889],[109.4586,-7.485889],[109.4586,-7.486159],[109.459408,-7.486159],[109.459408,-7.486428],[109.459678,-7.486428],[109.459678,-7.486698],[109.460217,-7.486698],[109.460217,-7.486967],[109.460486,-7.486967],[109.460486,-7.487506],[109.460756,-7.487506],[109.460756,-7.488315],[109.461025,-7.488315],[109.461025,-7.488584],[109.461295,-7.488584],[109.461295,-7.489123],[109.461564,-7.489123],[109.461564,-7.489393],[109.462103,-7.489393],[109.462103,-7.489932],[109.461564,-7.489932],[109.461564,-7.489662],[109.461025,-7.489662],[109.461025,-7.489123],[109.460486,-7.489123],[109.460486,-7.488854],[109.459678,-7.488854],[109.459678,-7.488584],[109.458869,-7.488584],[109.458869,-7.488315],[109.458061,-7.488315],[109.458061,-7.488045],[109.457522,-7.488045],[109.457522,-7.487776],[109.457253,-7.487776],[109.457253,-7.487506],[109.456714,-7.487506],[109.456714,-7.487237],[109.456175,-7.487237],[109.456175,-7.488315],[109.456714,-7.488315],[109.456714,-7.488584],[109.457253,-7.488584],[109.457253,-7.488854],[109.457522,-7.488854],[109.457522,-7.489123],[109.457792,-7.489123],[109.457792,-7.489393],[109.459408,-7.489393],[109.459408,-7.489662],[109.459678,-7.489662],[109.459678,-7.489932],[109.459947,-7.489932],[109.459947,-7.490201],[109.460217,-7.490201],[109.460217,-7.490471],[109.460486,-7.490471],[109.460486,-7.49074],[109.460756,-7.49074],[109.460756,-7.491009],[109.461025,-7.491009],[109.461025,-7.491279],[109.461295,-7.491279],[109.461295,-7.492357],[109.462103,-7.492357],[109.462103,-7.492087],[109.462373,-7.492087],[109.462373,-7.491818],[109.462642,-7.491818],[109.462642,-7.491548],[109.463181,-7.491548],[109.463181,-7.491279],[109.46372,-7.491279],[109.46372,-7.491009],[109.466685,-7.491009],[109.466685,-7.492087],[109.466954,-7.492087],[109.466954,-7.492357],[109.467763,-7.492357],[109.467763,-7.491818],[109.468032,-7.491818],[109.468032,-7.489662],[109.468302,-7.489662],[109.468302,-7.489393],[109.468841,-7.489393],[109.468841,-7.489662],[109.46911,-7.489662],[109.46911,-7.489932],[109.46938,-7.489932],[109.46938,-7.490201],[109.472075,-7.490201],[109.472075,-7.489932],[109.473692,-7.489932],[109.473692,-7.490201],[109.473961,-7.490201],[109.473961,-7.490471],[109.474231,-7.490471],[109.474231,-7.49074],[109.47477,-7.49074],[109.47477,-7.491009],[109.475039,-7.491009],[109.475039,-7.491279],[109.476926,-7.491279],[109.476926,-7.491548],[109.477195,-7.491548],[109.477195,-7.491818],[109.478542,-7.491818],[109.478542,-7.492626],[109.478812,-7.492626],[109.478812,-7.492896],[109.479351,-7.492896],[109.479351,-7.492357],[109.479081,-7.492357],[109.479081,-7.492087],[109.478812,-7.492087],[109.478812,-7.491818],[109.479081,-7.491818],[109.479081,-7.491548],[109.479351,-7.491548],[109.479351,-7.491279],[109.480429,-7.491279],[109.480429,-7.491009],[109.480968,-7.491009],[109.480968,-7.49074],[109.481507,-7.49074],[109.481507,-7.490471],[109.481776,-7.490471],[109.481776,-7.489932],[109.482046,-7.489932],[109.482046,-7.489662],[109.482315,-7.489662],[109.482315,-7.489393],[109.482585,-7.489393],[109.482585,-7.489123],[109.483932,-7.489123],[109.483932,-7.489393],[109.484471,-7.489393],[109.484471,-7.490201],[109.484741,-7.490201],[109.484741,-7.49074],[109.484471,-7.49074],[109.484471,-7.491009],[109.483932,-7.491009],[109.483932,-7.492087],[109.484202,-7.492087],[109.484202,-7.492357],[109.484741,-7.492357],[109.484741,-7.492626],[109.48501,-7.492626],[109.48501,-7.494243],[109.48528,-7.494243],[109.48528,-7.49586],[109.48501,-7.49586],[109.48501,-7.49613],[109.484741,-7.49613],[109.484741,-7.496399],[109.484471,-7.496399],[109.484471,-7.496938],[109.484202,-7.496938],[109.484202,-7.497208],[109.483932,-7.497208],[109.483932,-7.498016],[109.484202,-7.498016],[109.484202,-7.498286],[109.485549,-7.498286],[109.485549,-7.498016],[109.485819,-7.498016],[109.485819,-7.497477],[109.486627,-7.497477],[109.486627,-7.497208],[109.486897,-7.497208],[109.486897,-7.496669],[109.487166,-7.496669],[109.487166,-7.494782],[109.486897,-7.494782],[109.486897,-7.494513],[109.486627,-7.494513],[109.486627,-7.493704],[109.486897,-7.493704],[109.486897,-7.493435],[109.487166,-7.493435],[109.487166,-7.492896],[109.487436,-7.492896],[109.487436,-7.492626],[109.488514,-7.492626],[109.488514,-7.492357],[109.489053,-7.492357],[109.489053,-7.493165],[109.489861,-7.493165],[109.489861,-7.493435],[109.490939,-7.493435],[109.490939,-7.493704],[109.491209,-7.493704],[109.491209,-7.493974],[109.491478,-7.493974],[109.491478,-7.494243],[109.492556,-7.494243],[109.492556,-7.493974],[109.492826,-7.493974],[109.492826,-7.492087],[109.493095,-7.492087],[109.493095,-7.491818],[109.493634,-7.491818],[109.493634,-7.491548],[109.493904,-7.491548],[109.493904,-7.491279],[109.494173,-7.491279],[109.494173,-7.491009],[109.494443,-7.491009],[109.494443,-7.49074],[109.494982,-7.49074],[109.494982,-7.489932],[109.494443,-7.489932],[109.494443,-7.489662],[109.493904,-7.489662],[109.493904,-7.489393],[109.493634,-7.489393],[109.493634,-7.489932],[109.493365,-7.489932],[109.493365,-7.49074],[109.493095,-7.49074],[109.493095,-7.491009],[109.492826,-7.491009],[109.492826,-7.491279],[109.491478,-7.491279],[109.491478,-7.491548],[109.490939,-7.491548],[109.490939,-7.491009],[109.491209,-7.491009],[109.491209,-7.490201],[109.490939,-7.490201],[109.490939,-7.489393],[109.49067,-7.489393],[109.49067,-7.487506],[109.490939,-7.487506],[109.490939,-7.486967],[109.491209,-7.486967],[109.491209,-7.486698],[109.491478,-7.486698],[109.491478,-7.486428],[109.492017,-7.486428],[109.492017,-7.486159],[109.492556,-7.486159],[109.492556,-7.485889],[109.493095,-7.485889],[109.493095,-7.48562],[109.493365,-7.48562],[109.493365,-7.48535],[109.493634,-7.48535],[109.493634,-7.485081],[109.493904,-7.485081],[109.493904,-7.484811],[109.494443,-7.484811],[109.494443,-7.484542],[109.495251,-7.484542],[109.495251,-7.484272],[109.49606,-7.484272],[109.49606,-7.484003],[109.498485,-7.484003],[109.498485,-7.484272],[109.499024,-7.484272],[109.499024,-7.484542],[109.499563,-7.484542],[109.499563,-7.48535],[109.499832,-7.48535],[109.499832,-7.485889],[109.500102,-7.485889],[109.500102,-7.486967],[109.500371,-7.486967],[109.500371,-7.487237],[109.499832,-7.487237],[109.499832,-7.486428],[109.499563,-7.486428],[109.499563,-7.486159],[109.499024,-7.486159],[109.499024,-7.485889],[109.498485,-7.485889],[109.498485,-7.486967],[109.498754,-7.486967],[109.498754,-7.488315],[109.499024,-7.488315],[109.499024,-7.488584],[109.499563,-7.488584],[109.499563,-7.488854],[109.50091,-7.488854],[109.50091,-7.488584],[109.501449,-7.488584],[109.501449,-7.488315],[109.503066,-7.488315],[109.503066,-7.489932],[109.503336,-7.489932],[109.503336,-7.491279],[109.503605,-7.491279],[109.503605,-7.492357],[109.503875,-7.492357],[109.503875,-7.492626],[109.505222,-7.492626],[109.505222,-7.492357],[109.505761,-7.492357],[109.505761,-7.492626],[109.506031,-7.492626],[109.506031,-7.493704],[109.5063,-7.493704],[109.5063,-7.493974],[109.50657,-7.493974],[109.50657,-7.494243],[109.509265,-7.494243],[109.509265,-7.493974],[109.509804,-7.493974],[109.509804,-7.493704],[109.510073,-7.493704],[109.510073,-7.493165],[109.510343,-7.493165],[109.510343,-7.491818],[109.510882,-7.491818],[109.510882,-7.491279],[109.511421,-7.491279],[109.511421,-7.491009],[109.51196,-7.491009],[109.51196,-7.49074],[109.514116,-7.49074],[109.514116,-7.490471],[109.514385,-7.490471],[109.514385,-7.490201],[109.514655,-7.490201],[109.514655,-7.489932],[109.514924,-7.489932],[109.514924,-7.489393],[109.515194,-7.489393],[109.515194,-7.489123],[109.515733,-7.489123],[109.515733,-7.489393],[109.51735,-7.489393],[109.51735,-7.489123],[109.517889,-7.489123],[109.517889,-7.488045],[109.516811,-7.488045],[109.516811,-7.487776],[109.516541,-7.487776],[109.516541,-7.487237],[109.516811,-7.487237],[109.516811,-7.486159],[109.51708,-7.486159],[109.51708,-7.485889],[109.51735,-7.485889],[109.51735,-7.485081],[109.51708,-7.485081],[109.51708,-7.484542],[109.516811,-7.484542],[109.516811,-7.483733],[109.516541,-7.483733],[109.516541,-7.483464],[109.51735,-7.483464],[109.51735,-7.483194],[109.517889,-7.483194],[109.517889,-7.482925],[109.518966,-7.482925],[109.518966,-7.482655],[109.519775,-7.482655],[109.519775,-7.483194],[109.520314,-7.483194],[109.520314,-7.483464],[109.522739,-7.483464],[109.522739,-7.482925],[109.523278,-7.482925],[109.523278,-7.482655],[109.523548,-7.482655],[109.523548,-7.482116],[109.524087,-7.482116],[109.524087,-7.481847],[109.524356,-7.481847],[109.524356,-7.481577],[109.524626,-7.481577],[109.524626,-7.481308],[109.524895,-7.481308],[109.524895,-7.480769],[109.525165,-7.480769],[109.525165,-7.48023],[109.525434,-7.48023],[109.525434,-7.478074],[109.525704,-7.478074],[109.525704,-7.477804],[109.526243,-7.477804],[109.526243,-7.477265],[109.527321,-7.477265],[109.527321,-7.477535],[109.52759,-7.477535],[109.52759,-7.478343],[109.52786,-7.478343],[109.52786,-7.478882],[109.528938,-7.478882],[109.528938,-7.479421],[109.529207,-7.479421],[109.529207,-7.47996],[109.529477,-7.47996],[109.529477,-7.48023],[109.530285,-7.48023],[109.530285,-7.480499],[109.531902,-7.480499],[109.531902,-7.48023],[109.532441,-7.48023],[109.532441,-7.480499],[109.53298,-7.480499],[109.53298,-7.480769],[109.53325,-7.480769],[109.53325,-7.481577],[109.532711,-7.481577],[109.532711,-7.482116],[109.532441,-7.482116],[109.532441,-7.483733],[109.533519,-7.483733],[109.533519,-7.483464],[109.533789,-7.483464],[109.533789,-7.482925],[109.534058,-7.482925],[109.534058,-7.482655],[109.535136,-7.482655],[109.535136,-7.482116],[109.535406,-7.482116],[109.535406,-7.481847],[109.535945,-7.481847],[109.535945,-7.479421],[109.535675,-7.479421],[109.535675,-7.478882],[109.535406,-7.478882],[109.535406,-7.478613],[109.534867,-7.478613],[109.534867,-7.478343],[109.531363,-7.478343],[109.531363,-7.478613],[109.531633,-7.478613],[109.531633,-7.479421],[109.530285,-7.479421],[109.530285,-7.479152],[109.529746,-7.479152],[109.529746,-7.478882],[109.529477,-7.478882],[109.529477,-7.478613],[109.529207,-7.478613],[109.529207,-7.478343],[109.528938,-7.478343],[109.528938,-7.478074],[109.528668,-7.478074],[109.528668,-7.477804],[109.528399,-7.477804],[109.528399,-7.477535],[109.528129,-7.477535],[109.528129,-7.476457],[109.528668,-7.476457],[109.528668,-7.476187],[109.530824,-7.476187],[109.530824,-7.476457],[109.531094,-7.476457],[109.531094,-7.477535],[109.531363,-7.477535],[109.531363,-7.476996],[109.53298,-7.476996],[109.53298,-7.477265],[109.536214,-7.477265],[109.536214,-7.476996],[109.536753,-7.476996],[109.536753,-7.476457],[109.537023,-7.476457],[109.537023,-7.475918],[109.537292,-7.475918],[109.537292,-7.475648],[109.539178,-7.475648],[109.539178,-7.475379],[109.539987,-7.475379],[109.539987,-7.475109],[109.540256,-7.475109],[109.540256,-7.47484],[109.539717,-7.47484],[109.539717,-7.47457],[109.538909,-7.47457],[109.538909,-7.474301],[109.53864,-7.474301],[109.53864,-7.474031],[109.539178,-7.474031],[109.539178,-7.473492],[109.539448,-7.473492],[109.539448,-7.473223],[109.540795,-7.473223],[109.540795,-7.473492],[109.541065,-7.473492],[109.541065,-7.473762],[109.541604,-7.473762],[109.541604,-7.474031],[109.541873,-7.474031],[109.541873,-7.473492],[109.541604,-7.473492],[109.541604,-7.472145],[109.541065,-7.472145],[109.541065,-7.471875],[109.539987,-7.471875]],[[109.53325,-7.479691],[109.534058,-7.479691],[109.534058,-7.480499],[109.533789,-7.480499],[109.533789,-7.47996],[109.53325,-7.47996],[109.53325,-7.479691]],[[109.475039,-7.484811],[109.476656,-7.484811],[109.476656,-7.485081],[109.477195,-7.485081],[109.477195,-7.48535],[109.477465,-7.48535],[109.477465,-7.488315],[109.477734,-7.488315],[109.477734,-7.489123],[109.478004,-7.489123],[109.478004,-7.489932],[109.476656,-7.489932],[109.476656,-7.489662],[109.475309,-7.489662],[109.475309,-7.489393],[109.473961,-7.489393],[109.473961,-7.489123],[109.471805,-7.489123],[109.471805,-7.489393],[109.470458,-7.489393],[109.470458,-7.489123],[109.46911,-7.489123],[109.46911,-7.488854],[109.468841,-7.488854],[109.468841,-7.489123],[109.467763,-7.489123],[109.467763,-7.489393],[109.467493,-7.489393],[109.467493,-7.489662],[109.466146,-7.489662],[109.466146,-7.489393],[109.466415,-7.489393],[109.466415,-7.488584],[109.466685,-7.488584],[109.466685,-7.488045],[109.466954,-7.488045],[109.466954,-7.487506],[109.467224,-7.487506],[109.467224,-7.487237],[109.467763,-7.487237],[109.467763,-7.486967],[109.468302,-7.486967],[109.468302,-7.486698],[109.46938,-7.486698],[109.46938,-7.486428],[109.470458,-7.486428],[109.470458,-7.486698],[109.472075,-7.486698],[109.472075,-7.486428],[109.472614,-7.486428],[109.472614,-7.486159],[109.473153,-7.486159],[109.473153,-7.485889],[109.473692,-7.485889],[109.473692,-7.48562],[109.474231,-7.48562],[109.474231,-7.48535],[109.4745,-7.48535],[109.4745,-7.485081],[109.475039,-7.485081],[109.475039,-7.484811]],[[109.485819,-7.491818],[109.486358,-7.491818],[109.486358,-7.492087],[109.485819,-7.492087],[109.485819,-7.491818]]]}},{"id":"266","type":"Feature","properties":{"DN":1,"Keterangan":"Rendah"},"geometry":{"type":"Polygon","coordinates":[[[109.365625,-7.487506],[109.365625,-7.487776],[109.365355,-7.487776],[109.365355,-7.488045],[109.365086,-7.488045],[109.365086,-7.488315],[109.364816,-7.488315],[109.364816,-7.488584],[109.364547,-7.488584],[109.364547,-7.489123],[109.364277,-7.489123],[109.364277,-7.489393],[109.364008,-7.489393],[109.364008,-7.489662],[109.363738,-7.489662],[109.363738,-7.490471],[109.363469,-7.490471],[109.363469,-7.491009],[109.363738,-7.491009],[109.363738,-7.491279],[109.364008,-7.491279],[109.364008,-7.493435],[109.364277,-7.493435],[109.364277,-7.492896],[109.364547,-7.492896],[109.364547,-7.492357],[109.364816,-7.492357],[109.364816,-7.491818],[109.365086,-7.491818],[109.365086,-7.491548],[109.366164,-7.491548],[109.366164,-7.491279],[109.367781,-7.491279],[109.367781,-7.491548],[109.371554,-7.491548],[109.371554,-7.491279],[109.372362,-7.491279],[109.372362,-7.491009],[109.373171,-7.491009],[109.373171,-7.49074],[109.377752,-7.49074],[109.377752,-7.490471],[109.380177,-7.490471],[109.380177,-7.490201],[109.382333,-7.490201],[109.382333,-7.490471],[109.382872,-7.490471],[109.382872,-7.49074],[109.383142,-7.49074],[109.383142,-7.491009],[109.383411,-7.491009],[109.383411,-7.491279],[109.383681,-7.491279],[109.383681,-7.491818],[109.38395,-7.491818],[109.38395,-7.492087],[109.383681,-7.492087],[109.383681,-7.492896],[109.383411,-7.492896],[109.383411,-7.493435],[109.383142,-7.493435],[109.383142,-7.493974],[109.382872,-7.493974],[109.382872,-7.494243],[109.382333,-7.494243],[109.382333,-7.494513],[109.381525,-7.494513],[109.381525,-7.494782],[109.380986,-7.494782],[109.380986,-7.495052],[109.380447,-7.495052],[109.380447,-7.495321],[109.379908,-7.495321],[109.379908,-7.495591],[109.379638,-7.495591],[109.379638,-7.49586],[109.379369,-7.49586],[109.379369,-7.49613],[109.379099,-7.49613],[109.379099,-7.496399],[109.37883,-7.496399],[109.37883,-7.496669],[109.37856,-7.496669],[109.37856,-7.496938],[109.377482,-7.496938],[109.377482,-7.496669],[109.375596,-7.496669],[109.375596,-7.496938],[109.375057,-7.496938],[109.375057,-7.497208],[109.374788,-7.497208],[109.374788,-7.497477],[109.374249,-7.497477],[109.374249,-7.497747],[109.373979,-7.497747],[109.373979,-7.498016],[109.372901,-7.498016],[109.372901,-7.497747],[109.372362,-7.497747],[109.372362,-7.497477],[109.371554,-7.497477],[109.371554,-7.497208],[109.369398,-7.497208],[109.369398,-7.497477],[109.367781,-7.497477],[109.367781,-7.497208],[109.367242,-7.497208],[109.367242,-7.499633],[109.366972,-7.499633],[109.366972,-7.499903],[109.366703,-7.499903],[109.366703,-7.500172],[109.366433,-7.500172],[109.366433,-7.502328],[109.366164,-7.502328],[109.366164,-7.502598],[109.365894,-7.502598],[109.365894,-7.502867],[109.365625,-7.502867],[109.365625,-7.503137],[109.365355,-7.503137],[109.365355,-7.503676],[109.365086,-7.503676],[109.365086,-7.505293],[109.365355,-7.505293],[109.365355,-7.505832],[109.365086,-7.505832],[109.365086,-7.506101],[109.364816,-7.506101],[109.364816,-7.507179],[109.365086,-7.507179],[109.365086,-7.508257],[109.364816,-7.508257],[109.364816,-7.509066],[109.365086,-7.509066],[109.365086,-7.508527],[109.365355,-7.508527],[109.365355,-7.507988],[109.365625,-7.507988],[109.365625,-7.507179],[109.365894,-7.507179],[109.365894,-7.50691],[109.366164,-7.50691],[109.366164,-7.50664],[109.366433,-7.50664],[109.366433,-7.506371],[109.366703,-7.506371],[109.366703,-7.505293],[109.366433,-7.505293],[109.366433,-7.503945],[109.366972,-7.503945],[109.366972,-7.503137],[109.367511,-7.503137],[109.367511,-7.502059],[109.367781,-7.502059],[109.367781,-7.500981],[109.36805,-7.500981],[109.36805,-7.500711],[109.368589,-7.500711],[109.368589,-7.498286],[109.369667,-7.498286],[109.369667,-7.498016],[109.370476,-7.498016],[109.370476,-7.498286],[109.370745,-7.498286],[109.370745,-7.498555],[109.371015,-7.498555],[109.371015,-7.499094],[109.371823,-7.499094],[109.371823,-7.499633],[109.372093,-7.499633],[109.372093,-7.499903],[109.37344,-7.499903],[109.37344,-7.499633],[109.373979,-7.499633],[109.373979,-7.499364],[109.374518,-7.499364],[109.374518,-7.499094],[109.374788,-7.499094],[109.374788,-7.498825],[109.375327,-7.498825],[109.375327,-7.498555],[109.375596,-7.498555],[109.375596,-7.498016],[109.375866,-7.498016],[109.375866,-7.497747],[109.376135,-7.497747],[109.376135,-7.497477],[109.376405,-7.497477],[109.376405,-7.497208],[109.376944,-7.497208],[109.376944,-7.497477],[109.377482,-7.497477],[109.377482,-7.497747],[109.377213,-7.497747],[109.377213,-7.499633],[109.377482,-7.499633],[109.377482,-7.499903],[109.378291,-7.499903],[109.378291,-7.499633],[109.37856,-7.499633],[109.37856,-7.499094],[109.379099,-7.499094],[109.379099,-7.498825],[109.379369,-7.498825],[109.379369,-7.497747],[109.379638,-7.497747],[109.379638,-7.496669],[109.380177,-7.496669],[109.380177,-7.496399],[109.380986,-7.496399],[109.380986,-7.49613],[109.381255,-7.49613],[109.381255,-7.496399],[109.382064,-7.496399],[109.382064,-7.49613],[109.382333,-7.49613],[109.382333,-7.49586],[109.383411,-7.49586],[109.383411,-7.495591],[109.38395,-7.495591],[109.38395,-7.495052],[109.38422,-7.495052],[109.38422,-7.494513],[109.384489,-7.494513],[109.384489,-7.494782],[109.385567,-7.494782],[109.385567,-7.493704],[109.385837,-7.493704],[109.385837,-7.493435],[109.386376,-7.493435],[109.386376,-7.493165],[109.388532,-7.493165],[109.388532,-7.492357],[109.387723,-7.492357],[109.387723,-7.492087],[109.387184,-7.492087],[109.387184,-7.491818],[109.386645,-7.491818],[109.386645,-7.491548],[109.386376,-7.491548],[109.386376,-7.49074],[109.385837,-7.49074],[109.385837,-7.490471],[109.38422,-7.490471],[109.38422,-7.490201],[109.38395,-7.490201],[109.38395,-7.489662],[109.382872,-7.489662],[109.382872,-7.489932],[109.382603,-7.489932],[109.382603,-7.489662],[109.380177,-7.489662],[109.380177,-7.489932],[109.379369,-7.489932],[109.379369,-7.490201],[109.374518,-7.490201],[109.374518,-7.489662],[109.372632,-7.489662],[109.372632,-7.490201],[109.372362,-7.490201],[109.372362,-7.490471],[109.369667,-7.490471],[109.369667,-7.489932],[109.369937,-7.489932],[109.369937,-7.489662],[109.370206,-7.489662],[109.370206,-7.488854],[109.369398,-7.488854],[109.369398,-7.489123],[109.368589,-7.489123],[109.368589,-7.489662],[109.36832,-7.489662],[109.36832,-7.491009],[109.36805,-7.491009],[109.36805,-7.49074],[109.367781,-7.49074],[109.367781,-7.490471],[109.367242,-7.490471],[109.367242,-7.490201],[109.366972,-7.490201],[109.366972,-7.489932],[109.366703,-7.489932],[109.366703,-7.489662],[109.365894,-7.489662],[109.365894,-7.489932],[109.365086,-7.489932],[109.365086,-7.489393],[109.364816,-7.489393],[109.364816,-7.488854],[109.365086,-7.488854],[109.365086,-7.488584],[109.365625,-7.488584],[109.365625,-7.488315],[109.366164,-7.488315],[109.366164,-7.487506],[109.365625,-7.487506]]]}},{"id":"267","type":"Feature","properties":{"DN":1,"Keterangan":"Rendah"},"geometry":{"type":"Polygon","coordinates":[[[109.363469,-7.510683],[109.363469,-7.511221],[109.363738,-7.511221],[109.363738,-7.510952],[109.364277,-7.510952],[109.364277,-7.510683],[109.363469,-7.510683]]]}},{"id":"268","type":"Feature","properties":{"DN":1,"Keterangan":"Rendah"},"geometry":{"type":"Polygon","coordinates":[[[109.424644,-7.460287],[109.424644,-7.460557],[109.424374,-7.460557],[109.424374,-7.460826],[109.424105,-7.460826],[109.424105,-7.461096],[109.423835,-7.461096],[109.423835,-7.463521],[109.424105,-7.463521],[109.424105,-7.46406],[109.424374,-7.46406],[109.424374,-7.465408],[109.424644,-7.465408],[109.424644,-7.465677],[109.424913,-7.465677],[109.424913,-7.467294],[109.424644,-7.467294],[109.424644,-7.467833],[109.424374,-7.467833],[109.424374,-7.468103],[109.424105,-7.468103],[109.424105,-7.468372],[109.423835,-7.468372],[109.423835,-7.468911],[109.423296,-7.468911],[109.423296,-7.469181],[109.423027,-7.469181],[109.423027,-7.46945],[109.422488,-7.46945],[109.422488,-7.46972],[109.422218,-7.46972],[109.422218,-7.470259],[109.421679,-7.470259],[109.421679,-7.470797],[109.42141,-7.470797],[109.42141,-7.471067],[109.42114,-7.471067],[109.42114,-7.471336],[109.420871,-7.471336],[109.420871,-7.471606],[109.420601,-7.471606],[109.420601,-7.471875],[109.420332,-7.471875],[109.420332,-7.472145],[109.420062,-7.472145],[109.420062,-7.473492],[109.420332,-7.473492],[109.420332,-7.473762],[109.420601,-7.473762],[109.420601,-7.474031],[109.420871,-7.474031],[109.420871,-7.474301],[109.42114,-7.474301],[109.42114,-7.47457],[109.421679,-7.47457],[109.421679,-7.47484],[109.421949,-7.47484],[109.421949,-7.475648],[109.422218,-7.475648],[109.422218,-7.475918],[109.42141,-7.475918],[109.42141,-7.476187],[109.42114,-7.476187],[109.42114,-7.476457],[109.420601,-7.476457],[109.420601,-7.476726],[109.420332,-7.476726],[109.420332,-7.477265],[109.420062,-7.477265],[109.420062,-7.477535],[109.419793,-7.477535],[109.419793,-7.478074],[109.419523,-7.478074],[109.419523,-7.478613],[109.419254,-7.478613],[109.419254,-7.478882],[109.418984,-7.478882],[109.418984,-7.479152],[109.417368,-7.479152],[109.417368,-7.478882],[109.415481,-7.478882],[109.415481,-7.479152],[109.413595,-7.479152],[109.413595,-7.478882],[109.413056,-7.478882],[109.413056,-7.478613],[109.412517,-7.478613],[109.412517,-7.478343],[109.412247,-7.478343],[109.412247,-7.477804],[109.411708,-7.477804],[109.411708,-7.477265],[109.411439,-7.477265],[109.411439,-7.476457],[109.411708,-7.476457],[109.411708,-7.474031],[109.411439,-7.474031],[109.411439,-7.473223],[109.411169,-7.473223],[109.411169,-7.472953],[109.4109,-7.472953],[109.4109,-7.472684],[109.41063,-7.472684],[109.41063,-7.472414],[109.409822,-7.472414],[109.409822,-7.472145],[109.409013,-7.472145],[109.409013,-7.471875],[109.408205,-7.471875],[109.408205,-7.471606],[109.407666,-7.471606],[109.407666,-7.471336],[109.407127,-7.471336],[109.407127,-7.471067],[109.406318,-7.471067],[109.406318,-7.470797],[109.40524,-7.470797],[109.40524,-7.471067],[109.404971,-7.471067],[109.404971,-7.472145],[109.404701,-7.472145],[109.404701,-7.474031],[109.404432,-7.474031],[109.404432,-7.47457],[109.404162,-7.47457],[109.404162,-7.47484],[109.403893,-7.47484],[109.403893,-7.475109],[109.403623,-7.475109],[109.403623,-7.475379],[109.403084,-7.475379],[109.403084,-7.475648],[109.402815,-7.475648],[109.402815,-7.475918],[109.401467,-7.475918],[109.401467,-7.475648],[109.400659,-7.475648],[109.400659,-7.475379],[109.39985,-7.475379],[109.39985,-7.475109],[109.399311,-7.475109],[109.399311,-7.47484],[109.398772,-7.47484],[109.398772,-7.47457],[109.397964,-7.47457],[109.397964,-7.47484],[109.397156,-7.47484],[109.397156,-7.475109],[109.396347,-7.475109],[109.396347,-7.475379],[109.395539,-7.475379],[109.395539,-7.475648],[109.39473,-7.475648],[109.39473,-7.475918],[109.392574,-7.475918],[109.392574,-7.476187],[109.392035,-7.476187],[109.392035,-7.476457],[109.391766,-7.476457],[109.391766,-7.476726],[109.391496,-7.476726],[109.391496,-7.476996],[109.390957,-7.476996],[109.390957,-7.477265],[109.390688,-7.477265],[109.390688,-7.477535],[109.389879,-7.477535],[109.389879,-7.477804],[109.388801,-7.477804],[109.388801,-7.478074],[109.387723,-7.478074],[109.387723,-7.478343],[109.386915,-7.478343],[109.386915,-7.478613],[109.386106,-7.478613],[109.386106,-7.478882],[109.385567,-7.478882],[109.385567,-7.479152],[109.385028,-7.479152],[109.385028,-7.479421],[109.384489,-7.479421],[109.384489,-7.479691],[109.38422,-7.479691],[109.38422,-7.47996],[109.38395,-7.47996],[109.38395,-7.480499],[109.383681,-7.480499],[109.383681,-7.481038],[109.383411,-7.481038],[109.383411,-7.482655],[109.383681,-7.482655],[109.383681,-7.482925],[109.384759,-7.482925],[109.384759,-7.483194],[109.385298,-7.483194],[109.385298,-7.482925],[109.391496,-7.482925],[109.391496,-7.483194],[109.391766,-7.483194],[109.391766,-7.483464],[109.392035,-7.483464],[109.392035,-7.483733],[109.392305,-7.483733],[109.392305,-7.484542],[109.392574,-7.484542],[109.392574,-7.485081],[109.392844,-7.485081],[109.392844,-7.48535],[109.393113,-7.48535],[109.393113,-7.48562],[109.393383,-7.48562],[109.393383,-7.485889],[109.393652,-7.485889],[109.393652,-7.486159],[109.394191,-7.486159],[109.394191,-7.486698],[109.394461,-7.486698],[109.394461,-7.486967],[109.39473,-7.486967],[109.39473,-7.488045],[109.394461,-7.488045],[109.394461,-7.488315],[109.393652,-7.488315],[109.393652,-7.488584],[109.392305,-7.488584],[109.392305,-7.488315],[109.392035,-7.488315],[109.392035,-7.488045],[109.391766,-7.488045],[109.391766,-7.487776],[109.391496,-7.487776],[109.391496,-7.48535],[109.391227,-7.48535],[109.391227,-7.484811],[109.390688,-7.484811],[109.390688,-7.484542],[109.390418,-7.484542],[109.390418,-7.484272],[109.390149,-7.484272],[109.390149,-7.484003],[109.388532,-7.484003],[109.388532,-7.484272],[109.387993,-7.484272],[109.387993,-7.484542],[109.387723,-7.484542],[109.387723,-7.484811],[109.384489,-7.484811],[109.384489,-7.484542],[109.38395,-7.484542],[109.38395,-7.484272],[109.383681,-7.484272],[109.383681,-7.484003],[109.382872,-7.484003],[109.382872,-7.483733],[109.380986,-7.483733],[109.380986,-7.483464],[109.379908,-7.483464],[109.379908,-7.483733],[109.380177,-7.483733],[109.380177,-7.484003],[109.380447,-7.484003],[109.380447,-7.484272],[109.380716,-7.484272],[109.380716,-7.484542],[109.381255,-7.484542],[109.381255,-7.484811],[109.381525,-7.484811],[109.381525,-7.485081],[109.383142,-7.485081],[109.383142,-7.48562],[109.386106,-7.48562],[109.386106,-7.485889],[109.386915,-7.485889],[109.386915,-7.486159],[109.387993,-7.486159],[109.387993,-7.485889],[109.388262,-7.485889],[109.388262,-7.48562],[109.388532,-7.48562],[109.388532,-7.485081],[109.388801,-7.485081],[109.388801,-7.484811],[109.38934,-7.484811],[109.38934,-7.48535],[109.390149,-7.48535],[109.390149,-7.48562],[109.390688,-7.48562],[109.390688,-7.487776],[109.390418,-7.487776],[109.390418,-7.488045],[109.390149,-7.488045],[109.390149,-7.488315],[109.389879,-7.488315],[109.389879,-7.488854],[109.38934,-7.488854],[109.38934,-7.489123],[109.388801,-7.489123],[109.388801,-7.49074],[109.389071,-7.49074],[109.389071,-7.491009],[109.390418,-7.491009],[109.390418,-7.49074],[109.390688,-7.49074],[109.390688,-7.489393],[109.391766,-7.489393],[109.391766,-7.489662],[109.392035,-7.489662],[109.392035,-7.489932],[109.393383,-7.489932],[109.393383,-7.489393],[109.394191,-7.489393],[109.394191,-7.489123],[109.39473,-7.489123],[109.39473,-7.489393],[109.396347,-7.489393],[109.396347,-7.489662],[109.396617,-7.489662],[109.396617,-7.489932],[109.396886,-7.489932],[109.396886,-7.490201],[109.397964,-7.490201],[109.397964,-7.489932],[109.398503,-7.489932],[109.398503,-7.490471],[109.398772,-7.490471],[109.398772,-7.491009],[109.399042,-7.491009],[109.399042,-7.491279],[109.40012,-7.491279],[109.40012,-7.491009],[109.400389,-7.491009],[109.400389,-7.491818],[109.402545,-7.491818],[109.402545,-7.492087],[109.403084,-7.492087],[109.403084,-7.492626],[109.402815,-7.492626],[109.402815,-7.493704],[109.402545,-7.493704],[109.402545,-7.494513],[109.402815,-7.494513],[109.402815,-7.494782],[109.403084,-7.494782],[109.403084,-7.495052],[109.403354,-7.495052],[109.403354,-7.49586],[109.403084,-7.49586],[109.403084,-7.496669],[109.403623,-7.496669],[109.403623,-7.497208],[109.404432,-7.497208],[109.404432,-7.496938],[109.404701,-7.496938],[109.404701,-7.497208],[109.404971,-7.497208],[109.404971,-7.497477],[109.404432,-7.497477],[109.404432,-7.499903],[109.404701,-7.499903],[109.404701,-7.500172],[109.40524,-7.500172],[109.40524,-7.500711],[109.404971,-7.500711],[109.404971,-7.50152],[109.40524,-7.50152],[109.40524,-7.502328],[109.40551,-7.502328],[109.40551,-7.502598],[109.405779,-7.502598],[109.405779,-7.502867],[109.406857,-7.502867],[109.406857,-7.503137],[109.407396,-7.503137],[109.407396,-7.503406],[109.407666,-7.503406],[109.407666,-7.504754],[109.407935,-7.504754],[109.407935,-7.505293],[109.408205,-7.505293],[109.408205,-7.505832],[109.408474,-7.505832],[109.408474,-7.506371],[109.407935,-7.506371],[109.407935,-7.50664],[109.407666,-7.50664],[109.407666,-7.51176],[109.407935,-7.51176],[109.407935,-7.513377],[109.408205,-7.513377],[109.408205,-7.513647],[109.407935,-7.513647],[109.407935,-7.514994],[109.408205,-7.514994],[109.408205,-7.515264],[109.408744,-7.515264],[109.408744,-7.516611],[109.409013,-7.516611],[109.409013,-7.517689],[109.409822,-7.517689],[109.409822,-7.51742],[109.412517,-7.51742],[109.412517,-7.51715],[109.413325,-7.51715],[109.413325,-7.51742],[109.413595,-7.51742],[109.413595,-7.517689],[109.413864,-7.517689],[109.413864,-7.517959],[109.414942,-7.517959],[109.414942,-7.518228],[109.415212,-7.518228],[109.415212,-7.518498],[109.41602,-7.518498],[109.41602,-7.51742],[109.415481,-7.51742],[109.415481,-7.51715],[109.414403,-7.51715],[109.414403,-7.516611],[109.413864,-7.516611],[109.413864,-7.516342],[109.411439,-7.516342],[109.411439,-7.516072],[109.411169,-7.516072],[109.411169,-7.515803],[109.410091,-7.515803],[109.410091,-7.515533],[109.409822,-7.515533],[109.409822,-7.514455],[109.409283,-7.514455],[109.409283,-7.513647],[109.409552,-7.513647],[109.409552,-7.51176],[109.409283,-7.51176],[109.409283,-7.511491],[109.409013,-7.511491],[109.409013,-7.509605],[109.408744,-7.509605],[109.408744,-7.509066],[109.409013,-7.509066],[109.409013,-7.507988],[109.409283,-7.507988],[109.409283,-7.507179],[109.409552,-7.507179],[109.409552,-7.50691],[109.410361,-7.50691],[109.410361,-7.504215],[109.410091,-7.504215],[109.410091,-7.503676],[109.409552,-7.503676],[109.409552,-7.503406],[109.409283,-7.503406],[109.409283,-7.503137],[109.409013,-7.503137],[109.409013,-7.502059],[109.407935,-7.502059],[109.407935,-7.501789],[109.407666,-7.501789],[109.407666,-7.50152],[109.407396,-7.50152],[109.407396,-7.50125],[109.406857,-7.50125],[109.406857,-7.499903],[109.406588,-7.499903],[109.406588,-7.499364],[109.406318,-7.499364],[109.406318,-7.498825],[109.406588,-7.498825],[109.406588,-7.498016],[109.406857,-7.498016],[109.406857,-7.496669],[109.406588,-7.496669],[109.406588,-7.496399],[109.406318,-7.496399],[109.406318,-7.49613],[109.406049,-7.49613],[109.406049,-7.49586],[109.40551,-7.49586],[109.40551,-7.495591],[109.40524,-7.495591],[109.40524,-7.495321],[109.404971,-7.495321],[109.404971,-7.495052],[109.404701,-7.495052],[109.404701,-7.494243],[109.404432,-7.494243],[109.404432,-7.493974],[109.403893,-7.493974],[109.403893,-7.492896],[109.404162,-7.492896],[109.404162,-7.492087],[109.404971,-7.492087],[109.404971,-7.491548],[109.40524,-7.491548],[109.40524,-7.490471],[109.404971,-7.490471],[109.404971,-7.490201],[109.404701,-7.490201],[109.404701,-7.489932],[109.404432,-7.489932],[109.404432,-7.489662],[109.404162,-7.489662],[109.404162,-7.489393],[109.403354,-7.489393],[109.403354,-7.489123],[109.402545,-7.489123],[109.402545,-7.489393],[109.401467,-7.489393],[109.401467,-7.489662],[109.401198,-7.489662],[109.401198,-7.489393],[109.400928,-7.489393],[109.400928,-7.489123],[109.400659,-7.489123],[109.400659,-7.488854],[109.39985,-7.488854],[109.39985,-7.489123],[109.399311,-7.489123],[109.399311,-7.489393],[109.399042,-7.489393],[109.399042,-7.488854],[109.399311,-7.488854],[109.399311,-7.487776],[109.399042,-7.487776],[109.399042,-7.487506],[109.398772,-7.487506],[109.398772,-7.487237],[109.397964,-7.487237],[109.397964,-7.488315],[109.397425,-7.488315],[109.397425,-7.488584],[109.397156,-7.488584],[109.397156,-7.488315],[109.396617,-7.488315],[109.396617,-7.488045],[109.396347,-7.488045],[109.396347,-7.487776],[109.396078,-7.487776],[109.396078,-7.487237],[109.395539,-7.487237],[109.395539,-7.486967],[109.395808,-7.486967],[109.395808,-7.486698],[109.396078,-7.486698],[109.396078,-7.485889],[109.395808,-7.485889],[109.395808,-7.48562],[109.395269,-7.48562],[109.395269,-7.484811],[109.395,-7.484811],[109.395,-7.484542],[109.39473,-7.484542],[109.39473,-7.484272],[109.393922,-7.484272],[109.393922,-7.483194],[109.393652,-7.483194],[109.393652,-7.482925],[109.392844,-7.482925],[109.392844,-7.482655],[109.392574,-7.482655],[109.392574,-7.482116],[109.392035,-7.482116],[109.392035,-7.481577],[109.391766,-7.481577],[109.391766,-7.481038],[109.390149,-7.481038],[109.390149,-7.481308],[109.389879,-7.481308],[109.389879,-7.481577],[109.388801,-7.481577],[109.388801,-7.480769],[109.387454,-7.480769],[109.387454,-7.481577],[109.387184,-7.481577],[109.387184,-7.481308],[109.386106,-7.481308],[109.386106,-7.481577],[109.385567,-7.481577],[109.385567,-7.481847],[109.385298,-7.481847],[109.385298,-7.482116],[109.385028,-7.482116],[109.385028,-7.482655],[109.384759,-7.482655],[109.384759,-7.482386],[109.38422,-7.482386],[109.38422,-7.481847],[109.384759,-7.481847],[109.384759,-7.47996],[109.385298,-7.47996],[109.385298,-7.479691],[109.386645,-7.479691],[109.386645,-7.479421],[109.387723,-7.479421],[109.387723,-7.47996],[109.387993,-7.47996],[109.387993,-7.48023],[109.390418,-7.48023],[109.390418,-7.479691],[109.390688,-7.479691],[109.390688,-7.479421],[109.390957,-7.479421],[109.390957,-7.479691],[109.391227,-7.479691],[109.391227,-7.47996],[109.391496,-7.47996],[109.391496,-7.480499],[109.392035,-7.480499],[109.392035,-7.480769],[109.393383,-7.480769],[109.393383,-7.481038],[109.393922,-7.481038],[109.393922,-7.481308],[109.394191,-7.481308],[109.394191,-7.481577],[109.395539,-7.481577],[109.395539,-7.481308],[109.396078,-7.481308],[109.396078,-7.481038],[109.396347,-7.481038],[109.396347,-7.47996],[109.396078,-7.47996],[109.396078,-7.479421],[109.396347,-7.479421],[109.396347,-7.478882],[109.399042,-7.478882],[109.399042,-7.479421],[109.399581,-7.479421],[109.399581,-7.479691],[109.39985,-7.479691],[109.39985,-7.47996],[109.399581,-7.47996],[109.399581,-7.48023],[109.397694,-7.48023],[109.397694,-7.481038],[109.398772,-7.481038],[109.398772,-7.481308],[109.400389,-7.481308],[109.400389,-7.481038],[109.400928,-7.481038],[109.400928,-7.480769],[109.401737,-7.480769],[109.401737,-7.480499],[109.402006,-7.480499],[109.402006,-7.480769],[109.402545,-7.480769],[109.402545,-7.481038],[109.403354,-7.481038],[109.403354,-7.480769],[109.403623,-7.480769],[109.403623,-7.479421],[109.403354,-7.479421],[109.403354,-7.479152],[109.401467,-7.479152],[109.401467,-7.478882],[109.401198,-7.478882],[109.401198,-7.478613],[109.400928,-7.478613],[109.400928,-7.477804],[109.399581,-7.477804],[109.399581,-7.477535],[109.395808,-7.477535],[109.395808,-7.477804],[109.395539,-7.477804],[109.395539,-7.477535],[109.393922,-7.477535],[109.393922,-7.477804],[109.393652,-7.477804],[109.393652,-7.478074],[109.393383,-7.478074],[109.393383,-7.478343],[109.392844,-7.478343],[109.392844,-7.478074],[109.392574,-7.478074],[109.392574,-7.477804],[109.392305,-7.477804],[109.392305,-7.477535],[109.392035,-7.477535],[109.392035,-7.477265],[109.395269,-7.477265],[109.395269,-7.476996],[109.395808,-7.476996],[109.395808,-7.476726],[109.396347,-7.476726],[109.396347,-7.476457],[109.396886,-7.476457],[109.396886,-7.475918],[109.397156,-7.475918],[109.397156,-7.475648],[109.397694,-7.475648],[109.397694,-7.475918],[109.399581,-7.475918],[109.399581,-7.476187],[109.39985,-7.476187],[109.39985,-7.476457],[109.401198,-7.476457],[109.401198,-7.476726],[109.403084,-7.476726],[109.403084,-7.476457],[109.403893,-7.476457],[109.403893,-7.476187],[109.404162,-7.476187],[109.404162,-7.475918],[109.404432,-7.475918],[109.404432,-7.475648],[109.404971,-7.475648],[109.404971,-7.475379],[109.40524,-7.475379],[109.40524,-7.47457],[109.40551,-7.47457],[109.40551,-7.472414],[109.405779,-7.472414],[109.405779,-7.472145],[109.406049,-7.472145],[109.406049,-7.471875],[109.407666,-7.471875],[109.407666,-7.472953],[109.407935,-7.472953],[109.407935,-7.473223],[109.409013,-7.473223],[109.409013,-7.472953],[109.409283,-7.472953],[109.409283,-7.473223],[109.409552,-7.473223],[109.409552,-7.473492],[109.409822,-7.473492],[109.409822,-7.474031],[109.410091,-7.474031],[109.410091,-7.474301],[109.410361,-7.474301],[109.410361,-7.47457],[109.41063,-7.47457],[109.41063,-7.47484],[109.4109,-7.47484],[109.4109,-7.476457],[109.41063,-7.476457],[109.41063,-7.477804],[109.4109,-7.477804],[109.4109,-7.478343],[109.411169,-7.478343],[109.411169,-7.479152],[109.412517,-7.479152],[109.412517,-7.479421],[109.413056,-7.479421],[109.413056,-7.479691],[109.414403,-7.479691],[109.414403,-7.47996],[109.415481,-7.47996],[109.415481,-7.479691],[109.415751,-7.479691],[109.415751,-7.479421],[109.417906,-7.479421],[109.417906,-7.479691],[109.418715,-7.479691],[109.418715,-7.48023],[109.418445,-7.48023],[109.418445,-7.480499],[109.418176,-7.480499],[109.418176,-7.480769],[109.417906,-7.480769],[109.417906,-7.482925],[109.418176,-7.482925],[109.418176,-7.483194],[109.418445,-7.483194],[109.418445,-7.484003],[109.418715,-7.484003],[109.418715,-7.484272],[109.418984,-7.484272],[109.418984,-7.484542],[109.420332,-7.484542],[109.420332,-7.484003],[109.420601,-7.484003],[109.420601,-7.483464],[109.42114,-7.483464],[109.42114,-7.482925],[109.42141,-7.482925],[109.42141,-7.483464],[109.421679,-7.483464],[109.421679,-7.483733],[109.421949,-7.483733],[109.421949,-7.48535],[109.422218,-7.48535],[109.422218,-7.485889],[109.422488,-7.485889],[109.422488,-7.486159],[109.422757,-7.486159],[109.422757,-7.486967],[109.422488,-7.486967],[109.422488,-7.487776],[109.422757,-7.487776],[109.422757,-7.488584],[109.422488,-7.488584],[109.422488,-7.488315],[109.421679,-7.488315],[109.421679,-7.488584],[109.42141,-7.488584],[109.42141,-7.488854],[109.42114,-7.488854],[109.42114,-7.489393],[109.420601,-7.489393],[109.420601,-7.489932],[109.420332,-7.489932],[109.420332,-7.490201],[109.420062,-7.490201],[109.420062,-7.490471],[109.419793,-7.490471],[109.419793,-7.49074],[109.419254,-7.49074],[109.419254,-7.491009],[109.418984,-7.491009],[109.418984,-7.491279],[109.418445,-7.491279],[109.418445,-7.491548],[109.418176,-7.491548],[109.418176,-7.492626],[109.418445,-7.492626],[109.418445,-7.493165],[109.420871,-7.493165],[109.420871,-7.493435],[109.42141,-7.493435],[109.42141,-7.493704],[109.421949,-7.493704],[109.421949,-7.493974],[109.422488,-7.493974],[109.422488,-7.495052],[109.423027,-7.495052],[109.423027,-7.495321],[109.423296,-7.495321],[109.423296,-7.49586],[109.423566,-7.49586],[109.423566,-7.49613],[109.424644,-7.49613],[109.424644,-7.49586],[109.42653,-7.49586],[109.42653,-7.495591],[109.427069,-7.495591],[109.427069,-7.495321],[109.427339,-7.495321],[109.427339,-7.495052],[109.427608,-7.495052],[109.427608,-7.494782],[109.427878,-7.494782],[109.427878,-7.494513],[109.428147,-7.494513],[109.428147,-7.494243],[109.428417,-7.494243],[109.428417,-7.493974],[109.428956,-7.493974],[109.428956,-7.493704],[109.429764,-7.493704],[109.429764,-7.493435],[109.430303,-7.493435],[109.430303,-7.492896],[109.430573,-7.492896],[109.430573,-7.492626],[109.431112,-7.492626],[109.431112,-7.492357],[109.431381,-7.492357],[109.431381,-7.491548],[109.431112,-7.491548],[109.431112,-7.491279],[109.429225,-7.491279],[109.429225,-7.491548],[109.428417,-7.491548],[109.428417,-7.491279],[109.428147,-7.491279],[109.428147,-7.491009],[109.427878,-7.491009],[109.427878,-7.49074],[109.425722,-7.49074],[109.425722,-7.490471],[109.425452,-7.490471],[109.425452,-7.490201],[109.424374,-7.490201],[109.424374,-7.489932],[109.424105,-7.489932],[109.424105,-7.489662],[109.423566,-7.489662],[109.423566,-7.489393],[109.423835,-7.489393],[109.423835,-7.489123],[109.424105,-7.489123],[109.424105,-7.488854],[109.424374,-7.488854],[109.424374,-7.486967],[109.423835,-7.486967],[109.423835,-7.486698],[109.424644,-7.486698],[109.424644,-7.486428],[109.425183,-7.486428],[109.425183,-7.486698],[109.4268,-7.486698],[109.4268,-7.485081],[109.42653,-7.485081],[109.42653,-7.484811],[109.425452,-7.484811],[109.425452,-7.484272],[109.425183,-7.484272],[109.425183,-7.483733],[109.424913,-7.483733],[109.424913,-7.483194],[109.424644,-7.483194],[109.424644,-7.482925],[109.424374,-7.482925],[109.424374,-7.481577],[109.424105,-7.481577],[109.424105,-7.481308],[109.423296,-7.481308],[109.423296,-7.481038],[109.423027,-7.481038],[109.423027,-7.48023],[109.422488,-7.48023],[109.422488,-7.47996],[109.422218,-7.47996],[109.422218,-7.479691],[109.42141,-7.479691],[109.42141,-7.479421],[109.420062,-7.479421],[109.420062,-7.479152],[109.419793,-7.479152],[109.419793,-7.478882],[109.420062,-7.478882],[109.420062,-7.478343],[109.420332,-7.478343],[109.420332,-7.478074],[109.420601,-7.478074],[109.420601,-7.477804],[109.420871,-7.477804],[109.420871,-7.477535],[109.42114,-7.477535],[109.42114,-7.476726],[109.42141,-7.476726],[109.42141,-7.476457],[109.421679,-7.476457],[109.421679,-7.476726],[109.421949,-7.476726],[109.421949,-7.476996],[109.422218,-7.476996],[109.422218,-7.477265],[109.422488,-7.477265],[109.422488,-7.477804],[109.422757,-7.477804],[109.422757,-7.478343],[109.423027,-7.478343],[109.423027,-7.478613],[109.423296,-7.478613],[109.423296,-7.478882],[109.424105,-7.478882],[109.424105,-7.479152],[109.424374,-7.479152],[109.424374,-7.479421],[109.425183,-7.479421],[109.425183,-7.479691],[109.425452,-7.479691],[109.425452,-7.47996],[109.430573,-7.47996],[109.430573,-7.48023],[109.430842,-7.48023],[109.430842,-7.480499],[109.431381,-7.480499],[109.431381,-7.480769],[109.432729,-7.480769],[109.432729,-7.480499],[109.433537,-7.480499],[109.433537,-7.48023],[109.434346,-7.48023],[109.434346,-7.480499],[109.434885,-7.480499],[109.434885,-7.480769],[109.435963,-7.480769],[109.435963,-7.481308],[109.438388,-7.481308],[109.438388,-7.481038],[109.438657,-7.481038],[109.438657,-7.480499],[109.43758,-7.480499],[109.43758,-7.480769],[109.436502,-7.480769],[109.436502,-7.480499],[109.435963,-7.480499],[109.435963,-7.48023],[109.435424,-7.48023],[109.435424,-7.47996],[109.434615,-7.47996],[109.434615,-7.479691],[109.433807,-7.479691],[109.433807,-7.479421],[109.433268,-7.479421],[109.433268,-7.479152],[109.432998,-7.479152],[109.432998,-7.478882],[109.433268,-7.478882],[109.433268,-7.478613],[109.433807,-7.478613],[109.433807,-7.478343],[109.434076,-7.478343],[109.434076,-7.478074],[109.435424,-7.478074],[109.435424,-7.477804],[109.435963,-7.477804],[109.435963,-7.477535],[109.436232,-7.477535],[109.436232,-7.477265],[109.436502,-7.477265],[109.436502,-7.476996],[109.436771,-7.476996],[109.436771,-7.476187],[109.436502,-7.476187],[109.436502,-7.475379],[109.436232,-7.475379],[109.436232,-7.47457],[109.435963,-7.47457],[109.435963,-7.473223],[109.436502,-7.473223],[109.436502,-7.472953],[109.436771,-7.472953],[109.436771,-7.472684],[109.437041,-7.472684],[109.437041,-7.472414],[109.43731,-7.472414],[109.43731,-7.472145],[109.43758,-7.472145],[109.43758,-7.471875],[109.437849,-7.471875],[109.437849,-7.471606],[109.438388,-7.471606],[109.438388,-7.471336],[109.439466,-7.471336],[109.439466,-7.471067],[109.441083,-7.471067],[109.441083,-7.471336],[109.44243,-7.471336],[109.44243,-7.471606],[109.444586,-7.471606],[109.444586,-7.471875],[109.445125,-7.471875],[109.445125,-7.472145],[109.445395,-7.472145],[109.445395,-7.472414],[109.445664,-7.472414],[109.445664,-7.472684],[109.445934,-7.472684],[109.445934,-7.473223],[109.446203,-7.473223],[109.446203,-7.473492],[109.446473,-7.473492],[109.446473,-7.473223],[109.446742,-7.473223],[109.446742,-7.472145],[109.446203,-7.472145],[109.446203,-7.471875],[109.445664,-7.471875],[109.445664,-7.471336],[109.446473,-7.471336],[109.446473,-7.470528],[109.443239,-7.470528],[109.443239,-7.470797],[109.442969,-7.470797],[109.442969,-7.471067],[109.442161,-7.471067],[109.442161,-7.470259],[109.441891,-7.470259],[109.441891,-7.469989],[109.440544,-7.469989],[109.440544,-7.470797],[109.440274,-7.470797],[109.440274,-7.470528],[109.439735,-7.470528],[109.439735,-7.470259],[109.439466,-7.470259],[109.439466,-7.469989],[109.438388,-7.469989],[109.438388,-7.470259],[109.438118,-7.470259],[109.438118,-7.470797],[109.43758,-7.470797],[109.43758,-7.471606],[109.43731,-7.471606],[109.43731,-7.471875],[109.436771,-7.471875],[109.436771,-7.471606],[109.436502,-7.471606],[109.436502,-7.471336],[109.434076,-7.471336],[109.434076,-7.471606],[109.433807,-7.471606],[109.433807,-7.471875],[109.433537,-7.471875],[109.433537,-7.470797],[109.433807,-7.470797],[109.433807,-7.470528],[109.434346,-7.470528],[109.434346,-7.469989],[109.434885,-7.469989],[109.434885,-7.468911],[109.432998,-7.468911],[109.432998,-7.46945],[109.431651,-7.46945],[109.431651,-7.46972],[109.431381,-7.46972],[109.431381,-7.470528],[109.431651,-7.470528],[109.431651,-7.470797],[109.43192,-7.470797],[109.43192,-7.471067],[109.43219,-7.471067],[109.43219,-7.472145],[109.432459,-7.472145],[109.432459,-7.472414],[109.432729,-7.472414],[109.432729,-7.473223],[109.432459,-7.473223],[109.432459,-7.473492],[109.43219,-7.473492],[109.43219,-7.473762],[109.43192,-7.473762],[109.43192,-7.47457],[109.432459,-7.47457],[109.432459,-7.47484],[109.432998,-7.47484],[109.432998,-7.475379],[109.434076,-7.475379],[109.434076,-7.475109],[109.434346,-7.475109],[109.434346,-7.47484],[109.435424,-7.47484],[109.435424,-7.475109],[109.435693,-7.475109],[109.435693,-7.475648],[109.435963,-7.475648],[109.435963,-7.476457],[109.435693,-7.476457],[109.435693,-7.477265],[109.434076,-7.477265],[109.434076,-7.477535],[109.433268,-7.477535],[109.433268,-7.477804],[109.432998,-7.477804],[109.432998,-7.478074],[109.432729,-7.478074],[109.432729,-7.478343],[109.43192,-7.478343],[109.43192,-7.478074],[109.431112,-7.478074],[109.431112,-7.477804],[109.429225,-7.477804],[109.429225,-7.478074],[109.428686,-7.478074],[109.428686,-7.477804],[109.428956,-7.477804],[109.428956,-7.476726],[109.428686,-7.476726],[109.428686,-7.475379],[109.428417,-7.475379],[109.428417,-7.475109],[109.427339,-7.475109],[109.427339,-7.475379],[109.427069,-7.475379],[109.427069,-7.475648],[109.42653,-7.475648],[109.42653,-7.475918],[109.425183,-7.475918],[109.425183,-7.476187],[109.424913,-7.476187],[109.424913,-7.476457],[109.424644,-7.476457],[109.424644,-7.476187],[109.424374,-7.476187],[109.424374,-7.47457],[109.423027,-7.47457],[109.423027,-7.474301],[109.422218,-7.474301],[109.422218,-7.474031],[109.421679,-7.474031],[109.421679,-7.473762],[109.42141,-7.473762],[109.42141,-7.473492],[109.42114,-7.473492],[109.42114,-7.472953],[109.420601,-7.472953],[109.420601,-7.472684],[109.420871,-7.472684],[109.420871,-7.472414],[109.42141,-7.472414],[109.42141,-7.472145],[109.421949,-7.472145],[109.421949,-7.471606],[109.422218,-7.471606],[109.422218,-7.471067],[109.422488,-7.471067],[109.422488,-7.470797],[109.423296,-7.470797],[109.423296,-7.470528],[109.423566,-7.470528],[109.423566,-7.470259],[109.423835,-7.470259],[109.423835,-7.469989],[109.424105,-7.469989],[109.424105,-7.46972],[109.424644,-7.46972],[109.424644,-7.46945],[109.424913,-7.46945],[109.424913,-7.469181],[109.425452,-7.469181],[109.425452,-7.467833],[109.425722,-7.467833],[109.425722,-7.467025],[109.42653,-7.467025],[109.42653,-7.465947],[109.425722,-7.465947],[109.425722,-7.464869],[109.4268,-7.464869],[109.4268,-7.46406],[109.425452,-7.46406],[109.425452,-7.463252],[109.424913,-7.463252],[109.424913,-7.462713],[109.424644,-7.462713],[109.424644,-7.460826],[109.424913,-7.460826],[109.424913,-7.460287],[109.424644,-7.460287]],[[109.423835,-7.477265],[109.4268,-7.477265],[109.4268,-7.477535],[109.427069,-7.477535],[109.427069,-7.477804],[109.427339,-7.477804],[109.427339,-7.478074],[109.427608,-7.478074],[109.427608,-7.478613],[109.427339,-7.478613],[109.427339,-7.479152],[109.425183,-7.479152],[109.425183,-7.478882],[109.424913,-7.478882],[109.424913,-7.478613],[109.424374,-7.478613],[109.424374,-7.478343],[109.424105,-7.478343],[109.424105,-7.477804],[109.423835,-7.477804],[109.423835,-7.477265]],[[109.418715,-7.479421],[109.418984,-7.479421],[109.418984,-7.479691],[109.418715,-7.479691],[109.418715,-7.479421]],[[109.419793,-7.48023],[109.420601,-7.48023],[109.420601,-7.480499],[109.42141,-7.480499],[109.42141,-7.480769],[109.421679,-7.480769],[109.421679,-7.481038],[109.421949,-7.481038],[109.421949,-7.481308],[109.422218,-7.481308],[109.422218,-7.481847],[109.422488,-7.481847],[109.422488,-7.482116],[109.422757,-7.482116],[109.422757,-7.482655],[109.423027,-7.482655],[109.423027,-7.482925],[109.423296,-7.482925],[109.423296,-7.483733],[109.423566,-7.483733],[109.423566,-7.484003],[109.423835,-7.484003],[109.423835,-7.484542],[109.424105,-7.484542],[109.424105,-7.484811],[109.423835,-7.484811],[109.423835,-7.485081],[109.423566,-7.485081],[109.423566,-7.484811],[109.423296,-7.484811],[109.423296,-7.484272],[109.423027,-7.484272],[109.423027,-7.483464],[109.422757,-7.483464],[109.422757,-7.482925],[109.422218,-7.482925],[109.422218,-7.482655],[109.421949,-7.482655],[109.421949,-7.482386],[109.42114,-7.482386],[109.42114,-7.482116],[109.420871,-7.482116],[109.420871,-7.481847],[109.420332,-7.481847],[109.420332,-7.481577],[109.419793,-7.481577],[109.419793,-7.48023]],[[109.387454,-7.481847],[109.387723,-7.481847],[109.387723,-7.482116],[109.387454,-7.482116],[109.387454,-7.481847]],[[109.421949,-7.489393],[109.422488,-7.489393],[109.422488,-7.489662],[109.423027,-7.489662],[109.423027,-7.490201],[109.423296,-7.490201],[109.423296,-7.49074],[109.423566,-7.49074],[109.423566,-7.491009],[109.423835,-7.491009],[109.423835,-7.491279],[109.424105,-7.491279],[109.424105,-7.491548],[109.424374,-7.491548],[109.424374,-7.491818],[109.424913,-7.491818],[109.424913,-7.492357],[109.425183,-7.492357],[109.425183,-7.493165],[109.424913,-7.493165],[109.424913,-7.493435],[109.423835,-7.493435],[109.423835,-7.493165],[109.423296,-7.493165],[109.423296,-7.492896],[109.422488,-7.492896],[109.422488,-7.492626],[109.421949,-7.492626],[109.421949,-7.492357],[109.42141,-7.492357],[109.42141,-7.492087],[109.420871,-7.492087],[109.420871,-7.491548],[109.420601,-7.491548],[109.420601,-7.491009],[109.420871,-7.491009],[109.420871,-7.490471],[109.42114,-7.490471],[109.42114,-7.489932],[109.42141,-7.489932],[109.42141,-7.489662],[109.421949,-7.489662],[109.421949,-7.489393]],[[109.401198,-7.490201],[109.403084,-7.490201],[109.403084,-7.490471],[109.402815,-7.490471],[109.402815,-7.49074],[109.402006,-7.49074],[109.402006,-7.490471],[109.401198,-7.490471],[109.401198,-7.490201]]]}},{"id":"269","type":"Feature","properties":{"DN":1,"Keterangan":"Rendah"},"geometry":{"type":"Polygon","coordinates":[[[109.363199,-7.51203],[109.363199,-7.512299],[109.36293,-7.512299],[109.36293,-7.512838],[109.36266,-7.512838],[109.36266,-7.513108],[109.362391,-7.513108],[109.362391,-7.513377],[109.362121,-7.513377],[109.362121,-7.514455],[109.362391,-7.514455],[109.362391,-7.515264],[109.36266,-7.515264],[109.36266,-7.515533],[109.36293,-7.515533],[109.36293,-7.516072],[109.363199,-7.516072],[109.363199,-7.516342],[109.363469,-7.516342],[109.363469,-7.516611],[109.363738,-7.516611],[109.363738,-7.516881],[109.364008,-7.516881],[109.364008,-7.51715],[109.364277,-7.51715],[109.364277,-7.51742],[109.364816,-7.51742],[109.364816,-7.517689],[109.366703,-7.517689],[109.366703,-7.51742],[109.366972,-7.51742],[109.366972,-7.516881],[109.367242,-7.516881],[109.367242,-7.516611],[109.367511,-7.516611],[109.367511,-7.516342],[109.36832,-7.516342],[109.36832,-7.516611],[109.368589,-7.516611],[109.368589,-7.516881],[109.369398,-7.516881],[109.369398,-7.51715],[109.369667,-7.51715],[109.369667,-7.51742],[109.369937,-7.51742],[109.369937,-7.517689],[109.370206,-7.517689],[109.370206,-7.517959],[109.370476,-7.517959],[109.370476,-7.518228],[109.370745,-7.518228],[109.370745,-7.518498],[109.371015,-7.518498],[109.371015,-7.518767],[109.371284,-7.518767],[109.371284,-7.519576],[109.371554,-7.519576],[109.371554,-7.519845],[109.371823,-7.519845],[109.371823,-7.520115],[109.372093,-7.520115],[109.372093,-7.520654],[109.372362,-7.520654],[109.372362,-7.520923],[109.372901,-7.520923],[109.372901,-7.521193],[109.373171,-7.521193],[109.373171,-7.521462],[109.37344,-7.521462],[109.37344,-7.521732],[109.37371,-7.521732],[109.37371,-7.522001],[109.374249,-7.522001],[109.374249,-7.522271],[109.375866,-7.522271],[109.375866,-7.52254],[109.376135,-7.52254],[109.376135,-7.52281],[109.376405,-7.52281],[109.376405,-7.523079],[109.376944,-7.523079],[109.376944,-7.52281],[109.377752,-7.52281],[109.377752,-7.523079],[109.378021,-7.523079],[109.378021,-7.523349],[109.379099,-7.523349],[109.379099,-7.523079],[109.380986,-7.523079],[109.380986,-7.52281],[109.381255,-7.52281],[109.381255,-7.52254],[109.381525,-7.52254],[109.381525,-7.522271],[109.380177,-7.522271],[109.380177,-7.52254],[109.37856,-7.52254],[109.37856,-7.522271],[109.376674,-7.522271],[109.376674,-7.522001],[109.376405,-7.522001],[109.376405,-7.521732],[109.375866,-7.521732],[109.375866,-7.521462],[109.374249,-7.521462],[109.374249,-7.520654],[109.373171,-7.520654],[109.373171,-7.520384],[109.372901,-7.520384],[109.372901,-7.519037],[109.372632,-7.519037],[109.372632,-7.518498],[109.372362,-7.518498],[109.372362,-7.518228],[109.371554,-7.518228],[109.371554,-7.517689],[109.371015,-7.517689],[109.371015,-7.51742],[109.370745,-7.51742],[109.370745,-7.51715],[109.370206,-7.51715],[109.370206,-7.516881],[109.369937,-7.516881],[109.369937,-7.516611],[109.369667,-7.516611],[109.369667,-7.516342],[109.369398,-7.516342],[109.369398,-7.516072],[109.369128,-7.516072],[109.369128,-7.515803],[109.368589,-7.515803],[109.368589,-7.515533],[109.367781,-7.515533],[109.367781,-7.515803],[109.367242,-7.515803],[109.367242,-7.516072],[109.366972,-7.516072],[109.366972,-7.516342],[109.366703,-7.516342],[109.366703,-7.516611],[109.366433,-7.516611],[109.366433,-7.516881],[109.365625,-7.516881],[109.365625,-7.51715],[109.364816,-7.51715],[109.364816,-7.516611],[109.364547,-7.516611],[109.364547,-7.516342],[109.364277,-7.516342],[109.364277,-7.516072],[109.363738,-7.516072],[109.363738,-7.515264],[109.363199,-7.515264],[109.363199,-7.514725],[109.363469,-7.514725],[109.363469,-7.514455],[109.363738,-7.514455],[109.363738,-7.514186],[109.364008,-7.514186],[109.364008,-7.513108],[109.363738,-7.513108],[109.363738,-7.51203],[109.363199,-7.51203]]]}}]}