{"type":"FeatureCollection","features":[{"id":"0","type":"Feature","properties":{"DN":2,"Keterangan":"Sedang"},"geometry":{"type":"Polygon","coordinates":[[[109.634579,-7.187021],[109.634579,-7.18729],[109.633232,-7.18729],[109.633232,-7.18756],[109.631884,-7.18756],[109.631884,-7.187829],[109.631345,-7.187829],[109.631345,-7.188099],[109.631076,-7.188099],[109.631076,-7.188368],[109.630806,-7.188368],[109.630806,-7.188638],[109.630537,-7.188638],[109.630537,-7.188907],[109.630267,-7.188907],[109.630267,-7.189177],[109.629998,-7.189177],[109.629998,-7.189716],[109.629728,-7.189716],[109.629728,-7.189985],[109.629459,-7.189985],[109.629459,-7.190524],[109.629189,-7.190524],[109.629189,-7.191063],[109.62892,-7.191063],[109.62892,-7.191602],[109.62865,-7.191602],[109.62865,-7.192411],[109.628381,-7.192411],[109.628381,-7.193219],[109.628111,-7.193219],[109.628111,-7.194028],[109.627842,-7.194028],[109.627842,-7.194836],[109.627572,-7.194836],[109.627572,-7.195375],[109.627033,-7.195375],[109.627033,-7.195645],[109.626764,-7.195645],[109.626764,-7.195914],[109.626494,-7.195914],[109.626494,-7.196184],[109.626225,-7.196184],[109.626225,-7.196453],[109.625955,-7.196453],[109.625955,-7.196723],[109.625686,-7.196723],[109.625686,-7.196992],[109.625416,-7.196992],[109.625416,-7.197262],[109.625147,-7.197262],[109.625147,-7.197801],[109.624877,-7.197801],[109.624877,-7.199418],[109.624608,-7.199418],[109.624608,-7.206425],[109.624877,-7.206425],[109.624877,-7.207233],[109.625147,-7.207233],[109.625147,-7.207772],[109.625416,-7.207772],[109.625416,-7.208311],[109.625686,-7.208311],[109.625686,-7.20885],[109.625955,-7.20885],[109.625955,-7.209119],[109.626225,-7.209119],[109.626225,-7.209658],[109.626494,-7.209658],[109.626494,-7.210197],[109.626764,-7.210197],[109.626764,-7.210467],[109.627033,-7.210467],[109.627033,-7.211006],[109.627303,-7.211006],[109.627303,-7.211275],[109.627572,-7.211275],[109.627572,-7.211814],[109.627842,-7.211814],[109.627842,-7.212892],[109.628111,-7.212892],[109.628111,-7.213431],[109.628381,-7.213431],[109.628381,-7.214509],[109.62865,-7.214509],[109.62865,-7.215318],[109.62892,-7.215318],[109.62892,-7.216126],[109.629189,-7.216126],[109.629189,-7.216665],[109.629459,-7.216665],[109.629459,-7.217204],[109.629728,-7.217204],[109.629728,-7.217743],[109.629998,-7.217743],[109.629998,-7.218821],[109.630267,-7.218821],[109.630267,-7.21963],[109.630537,-7.21963],[109.630537,-7.220438],[109.630806,-7.220438],[109.630806,-7.220977],[109.631076,-7.220977],[109.631076,-7.221786],[109.631345,-7.221786],[109.631345,-7.222325],[109.631615,-7.222325],[109.631615,-7.223133],[109.631884,-7.223133],[109.631884,-7.223942],[109.632154,-7.223942],[109.632154,-7.22475],[109.632423,-7.22475],[109.632423,-7.225289],[109.632693,-7.225289],[109.632693,-7.225559],[109.632962,-7.225559],[109.632962,-7.226098],[109.633232,-7.226098],[109.633232,-7.226637],[109.633501,-7.226637],[109.633501,-7.226906],[109.633771,-7.226906],[109.633771,-7.227176],[109.63404,-7.227176],[109.63404,-7.227714],[109.634579,-7.227714],[109.634579,-7.227984],[109.634849,-7.227984],[109.634849,-7.228253],[109.635118,-7.228253],[109.635118,-7.228523],[109.636466,-7.228523],[109.636466,-7.228792],[109.640508,-7.228792],[109.640508,-7.228523],[109.641586,-7.228523],[109.641586,-7.228253],[109.642664,-7.228253],[109.642664,-7.227984],[109.643472,-7.227984],[109.643472,-7.227714],[109.644011,-7.227714],[109.644011,-7.227445],[109.644281,-7.227445],[109.644281,-7.227176],[109.64455,-7.227176],[109.64455,-7.226906],[109.64482,-7.226906],[109.64482,-7.226637],[109.645089,-7.226637],[109.645089,-7.226367],[109.645359,-7.226367],[109.645359,-7.225828],[109.645628,-7.225828],[109.645628,-7.225559],[109.645898,-7.225559],[109.645898,-7.225289],[109.646167,-7.225289],[109.646167,-7.22502],[109.646437,-7.22502],[109.646437,-7.22475],[109.646706,-7.22475],[109.646706,-7.224481],[109.646976,-7.224481],[109.646976,-7.223942],[109.647245,-7.223942],[109.647245,-7.223403],[109.647515,-7.223403],[109.647515,-7.222864],[109.647784,-7.222864],[109.647784,-7.222594],[109.648054,-7.222594],[109.648054,-7.222325],[109.648323,-7.222325],[109.648323,-7.222055],[109.648593,-7.222055],[109.648593,-7.221786],[109.649401,-7.221786],[109.649401,-7.221516],[109.65021,-7.221516],[109.65021,-7.221247],[109.651288,-7.221247],[109.651288,-7.220977],[109.652635,-7.220977],[109.652635,-7.220708],[109.654522,-7.220708],[109.654522,-7.220438],[109.655869,-7.220438],[109.655869,-7.220169],[109.656947,-7.220169],[109.656947,-7.219899],[109.658025,-7.219899],[109.658025,-7.21963],[109.658834,-7.21963],[109.658834,-7.21936],[109.659373,-7.21936],[109.659373,-7.219091],[109.659912,-7.219091],[109.659912,-7.218821],[109.660451,-7.218821],[109.660451,-7.218552],[109.660989,-7.218552],[109.660989,-7.218282],[109.661259,-7.218282],[109.661259,-7.218013],[109.661528,-7.218013],[109.661528,-7.217743],[109.662067,-7.217743],[109.662067,-7.217474],[109.662337,-7.217474],[109.662337,-7.217204],[109.662606,-7.217204],[109.662606,-7.216935],[109.662876,-7.216935],[109.662876,-7.216665],[109.663145,-7.216665],[109.663145,-7.216396],[109.663415,-7.216396],[109.663415,-7.216126],[109.663684,-7.216126],[109.663684,-7.215857],[109.663954,-7.215857],[109.663954,-7.215587],[109.664223,-7.215587],[109.664223,-7.215318],[109.664762,-7.215318],[109.664762,-7.215048],[109.665032,-7.215048],[109.665032,-7.214779],[109.665301,-7.214779],[109.665301,-7.214509],[109.665571,-7.214509],[109.665571,-7.21424],[109.66584,-7.21424],[109.66584,-7.21397],[109.66611,-7.21397],[109.66611,-7.212353],[109.666379,-7.212353],[109.666379,-7.20885],[109.66611,-7.20885],[109.66611,-7.207772],[109.66584,-7.207772],[109.66584,-7.206963],[109.665571,-7.206963],[109.665571,-7.206425],[109.665301,-7.206425],[109.665301,-7.205886],[109.665032,-7.205886],[109.665032,-7.205616],[109.664762,-7.205616],[109.664762,-7.205347],[109.664223,-7.205347],[109.664223,-7.205077],[109.663684,-7.205077],[109.663684,-7.204808],[109.663415,-7.204808],[109.663415,-7.204538],[109.662876,-7.204538],[109.662876,-7.204269],[109.662337,-7.204269],[109.662337,-7.203999],[109.662067,-7.203999],[109.662067,-7.20373],[109.661528,-7.20373],[109.661528,-7.20346],[109.660989,-7.20346],[109.660989,-7.203191],[109.660451,-7.203191],[109.660451,-7.202921],[109.659912,-7.202921],[109.659912,-7.202382],[109.659642,-7.202382],[109.659642,-7.201843],[109.659373,-7.201843],[109.659373,-7.199687],[109.659103,-7.199687],[109.659103,-7.197531],[109.658834,-7.197531],[109.658834,-7.196723],[109.658564,-7.196723],[109.658564,-7.195914],[109.658295,-7.195914],[109.658295,-7.195375],[109.658025,-7.195375],[109.658025,-7.195106],[109.657756,-7.195106],[109.657756,-7.194567],[109.657486,-7.194567],[109.657486,-7.194297],[109.657217,-7.194297],[109.657217,-7.194028],[109.656947,-7.194028],[109.656947,-7.193758],[109.656678,-7.193758],[109.656678,-7.193489],[109.656139,-7.193489],[109.656139,-7.193219],[109.6556,-7.193219],[109.6556,-7.19295],[109.655061,-7.19295],[109.655061,-7.19268],[109.654522,-7.19268],[109.654522,-7.192411],[109.653713,-7.192411],[109.653713,-7.192141],[109.653174,-7.192141],[109.653174,-7.191872],[109.651827,-7.191872],[109.651827,-7.191602],[109.651018,-7.191602],[109.651018,-7.191333],[109.64994,-7.191333],[109.64994,-7.191063],[109.648593,-7.191063],[109.648593,-7.190794],[109.647245,-7.190794],[109.647245,-7.190524],[109.645359,-7.190524],[109.645359,-7.190255],[109.643472,-7.190255],[109.643472,-7.189985],[109.642933,-7.189985],[109.642933,-7.189716],[109.642664,-7.189716],[109.642664,-7.189446],[109.642394,-7.189446],[109.642394,-7.189177],[109.642125,-7.189177],[109.642125,-7.188907],[109.641855,-7.188907],[109.641855,-7.188638],[109.641586,-7.188638],[109.641586,-7.188368],[109.641316,-7.188368],[109.641316,-7.188099],[109.641047,-7.188099],[109.641047,-7.187829],[109.640777,-7.187829],[109.640777,-7.18756],[109.640239,-7.18756],[109.640239,-7.18729],[109.639969,-7.18729],[109.639969,-7.187021],[109.634579,-7.187021]]]}},{"id":"1","type":"Feature","properties":{"DN":2,"Keterangan":"Sedang"},"geometry":{"type":"Polygon","coordinates":[[[109.725398,-7.226637],[109.725398,-7.226906],[109.723242,-7.226906],[109.723242,-7.227176],[109.721895,-7.227176],[109.721895,-7.227445],[109.720817,-7.227445],[109.720817,-7.227714],[109.720278,-7.227714],[109.720278,-7.227984],[109.719739,-7.227984],[109.719739,-7.228253],[109.71947,-7.228253],[109.71947,-7.228523],[109.7192,-7.228523],[109.7192,-7.228792],[109.718931,-7.228792],[109.718931,-7.229062],[109.718661,-7.229062],[109.718661,-7.229331],[109.718392,-7.229331],[109.718392,-7.229601],[109.718122,-7.229601],[109.718122,-7.230409],[109.717853,-7.230409],[109.717853,-7.232026],[109.717583,-7.232026],[109.717583,-7.234721],[109.717314,-7.234721],[109.717314,-7.238225],[109.717583,-7.238225],[109.717583,-7.238764],[109.717853,-7.238764],[109.717853,-7.239572],[109.718122,-7.239572],[109.718122,-7.239842],[109.718392,-7.239842],[109.718392,-7.240381],[109.718661,-7.240381],[109.718661,-7.24065],[109.718931,-7.24065],[109.718931,-7.24092],[109.71947,-7.24092],[109.71947,-7.241189],[109.719739,-7.241189],[109.719739,-7.241459],[109.720278,-7.241459],[109.720278,-7.241728],[109.720817,-7.241728],[109.720817,-7.241998],[109.721087,-7.241998],[109.721087,-7.242537],[109.721356,-7.242537],[109.721356,-7.242806],[109.721625,-7.242806],[109.721625,-7.243076],[109.721895,-7.243076],[109.721895,-7.243345],[109.722164,-7.243345],[109.722164,-7.243615],[109.722434,-7.243615],[109.722434,-7.243884],[109.722703,-7.243884],[109.722703,-7.244154],[109.723242,-7.244154],[109.723242,-7.244423],[109.723781,-7.244423],[109.723781,-7.244693],[109.724859,-7.244693],[109.724859,-7.244962],[109.726476,-7.244962],[109.726476,-7.245232],[109.729441,-7.245232],[109.729441,-7.245501],[109.734022,-7.245501],[109.734022,-7.245232],[109.736717,-7.245232],[109.736717,-7.244962],[109.738873,-7.244962],[109.738873,-7.244693],[109.740221,-7.244693],[109.740221,-7.244423],[109.741029,-7.244423],[109.741029,-7.244154],[109.741838,-7.244154],[109.741838,-7.243884],[109.742376,-7.243884],[109.742376,-7.243615],[109.742646,-7.243615],[109.742646,-7.243345],[109.743185,-7.243345],[109.743185,-7.243076],[109.743454,-7.243076],[109.743454,-7.242806],[109.743724,-7.242806],[109.743724,-7.242537],[109.743993,-7.242537],[109.743993,-7.241998],[109.744263,-7.241998],[109.744263,-7.241459],[109.744532,-7.241459],[109.744532,-7.24092],[109.744802,-7.24092],[109.744802,-7.240381],[109.745071,-7.240381],[109.745071,-7.239842],[109.745341,-7.239842],[109.745341,-7.239303],[109.74561,-7.239303],[109.74561,-7.238494],[109.74588,-7.238494],[109.74588,-7.236069],[109.74561,-7.236069],[109.74561,-7.233913],[109.745341,-7.233913],[109.745341,-7.233374],[109.745071,-7.233374],[109.745071,-7.232835],[109.744802,-7.232835],[109.744802,-7.232296],[109.744532,-7.232296],[109.744532,-7.231487],[109.744263,-7.231487],[109.744263,-7.230948],[109.743993,-7.230948],[109.743993,-7.230409],[109.743724,-7.230409],[109.743724,-7.23014],[109.743454,-7.23014],[109.743454,-7.229601],[109.743185,-7.229601],[109.743185,-7.229331],[109.742915,-7.229331],[109.742915,-7.229062],[109.742376,-7.229062],[109.742376,-7.228792],[109.742107,-7.228792],[109.742107,-7.228523],[109.741568,-7.228523],[109.741568,-7.228253],[109.741029,-7.228253],[109.741029,-7.227984],[109.740221,-7.227984],[109.740221,-7.227714],[109.739412,-7.227714],[109.739412,-7.227445],[109.738065,-7.227445],[109.738065,-7.227176],[109.735909,-7.227176],[109.735909,-7.226906],[109.731866,-7.226906],[109.731866,-7.226637],[109.725398,-7.226637]]]}},{"id":"2","type":"Feature","properties":{"DN":1,"Keterangan":"Rendah"},"geometry":{"type":"Polygon","coordinates":[[[109.78819,-7.162228],[109.78819,-7.162497],[109.787112,-7.162497],[109.787112,-7.162767],[109.785765,-7.162767],[109.785765,-7.163036],[109.784687,-7.163036],[109.784687,-7.163845],[109.784417,-7.163845],[109.784417,-7.164384],[109.784148,-7.164384],[109.784148,-7.164923],[109.783878,-7.164923],[109.783878,-7.165192],[109.783609,-7.165192],[109.783609,-7.16627],[109.783339,-7.16627],[109.783339,-7.167348],[109.78307,-7.167348],[109.78307,-7.168965],[109.7828,-7.168965],[109.7828,-7.169234],[109.782531,-7.169234],[109.782531,-7.169773],[109.782262,-7.169773],[109.782262,-7.170043],[109.781992,-7.170043],[109.781992,-7.172199],[109.781723,-7.172199],[109.781723,-7.173007],[109.781453,-7.173007],[109.781453,-7.173816],[109.781184,-7.173816],[109.781184,-7.174355],[109.780914,-7.174355],[109.780914,-7.174894],[109.780645,-7.174894],[109.780645,-7.176511],[109.780375,-7.176511],[109.780375,-7.17705],[109.780106,-7.17705],[109.780106,-7.177319],[109.779836,-7.177319],[109.779836,-7.177589],[109.779297,-7.177589],[109.779297,-7.177858],[109.778758,-7.177858],[109.778758,-7.178128],[109.778219,-7.178128],[109.778219,-7.178397],[109.77768,-7.178397],[109.77768,-7.178667],[109.777141,-7.178667],[109.777141,-7.178936],[109.776602,-7.178936],[109.776602,-7.179206],[109.776333,-7.179206],[109.776333,-7.179475],[109.776063,-7.179475],[109.776063,-7.179745],[109.775794,-7.179745],[109.775794,-7.180014],[109.775524,-7.180014],[109.775524,-7.180284],[109.774716,-7.180284],[109.774716,-7.180553],[109.77229,-7.180553],[109.77229,-7.180284],[109.771482,-7.180284],[109.771482,-7.180014],[109.770673,-7.180014],[109.770673,-7.179745],[109.770134,-7.179745],[109.770134,-7.179475],[109.769865,-7.179475],[109.769865,-7.179206],[109.769326,-7.179206],[109.769326,-7.178936],[109.768787,-7.178936],[109.768787,-7.178667],[109.768248,-7.178667],[109.768248,-7.178397],[109.767978,-7.178397],[109.767978,-7.178128],[109.767439,-7.178128],[109.767439,-7.177858],[109.76717,-7.177858],[109.76717,-7.177589],[109.7669,-7.177589],[109.7669,-7.177319],[109.766361,-7.177319],[109.766361,-7.17705],[109.765822,-7.17705],[109.765822,-7.17678],[109.763397,-7.17678],[109.763397,-7.17705],[109.762319,-7.17705],[109.762319,-7.177319],[109.76178,-7.177319],[109.76178,-7.177589],[109.761511,-7.177589],[109.761511,-7.177858],[109.761241,-7.177858],[109.761241,-7.178128],[109.760702,-7.178128],[109.760702,-7.178397],[109.760433,-7.178397],[109.760433,-7.178936],[109.760163,-7.178936],[109.760163,-7.179206],[109.759894,-7.179206],[109.759894,-7.179475],[109.759624,-7.179475],[109.759624,-7.179745],[109.759085,-7.179745],[109.759085,-7.180014],[109.758816,-7.180014],[109.758816,-7.180284],[109.758546,-7.180284],[109.758546,-7.180553],[109.758007,-7.180553],[109.758007,-7.180823],[109.757738,-7.180823],[109.757738,-7.181092],[109.756929,-7.181092],[109.756929,-7.180823],[109.754234,-7.180823],[109.754234,-7.180553],[109.752078,-7.180553],[109.752078,-7.180823],[109.751539,-7.180823],[109.751539,-7.181092],[109.75127,-7.181092],[109.75127,-7.181362],[109.751,-7.181362],[109.751,-7.181631],[109.750192,-7.181631],[109.750192,-7.181901],[109.749383,-7.181901],[109.749383,-7.18244],[109.749114,-7.18244],[109.749114,-7.18217],[109.748575,-7.18217],[109.748575,-7.182979],[109.747766,-7.182979],[109.747766,-7.182709],[109.746419,-7.182709],[109.746419,-7.183248],[109.746149,-7.183248],[109.746149,-7.184865],[109.74588,-7.184865],[109.74588,-7.186482],[109.74561,-7.186482],[109.74561,-7.187829],[109.745341,-7.187829],[109.745341,-7.188638],[109.745071,-7.188638],[109.745071,-7.189177],[109.744802,-7.189177],[109.744802,-7.189446],[109.744532,-7.189446],[109.744532,-7.189716],[109.744263,-7.189716],[109.744263,-7.190255],[109.743993,-7.190255],[109.743993,-7.190524],[109.743724,-7.190524],[109.743724,-7.190794],[109.743185,-7.190794],[109.743185,-7.191063],[109.742915,-7.191063],[109.742915,-7.191333],[109.742646,-7.191333],[109.742646,-7.191602],[109.742107,-7.191602],[109.742107,-7.191872],[109.741838,-7.191872],[109.741838,-7.192141],[109.741568,-7.192141],[109.741568,-7.192411],[109.741029,-7.192411],[109.741029,-7.19268],[109.74076,-7.19268],[109.74076,-7.19295],[109.740221,-7.19295],[109.740221,-7.193219],[109.739682,-7.193219],[109.739682,-7.193489],[109.739412,-7.193489],[109.739412,-7.193758],[109.738873,-7.193758],[109.738873,-7.194028],[109.738334,-7.194028],[109.738334,-7.194297],[109.737526,-7.194297],[109.737526,-7.194567],[109.736987,-7.194567],[109.736987,-7.194836],[109.736178,-7.194836],[109.736178,-7.195106],[109.73537,-7.195106],[109.73537,-7.195375],[109.734831,-7.195375],[109.734831,-7.195645],[109.734292,-7.195645],[109.734292,-7.195914],[109.733753,-7.195914],[109.733753,-7.196184],[109.733483,-7.196184],[109.733483,-7.196453],[109.732944,-7.196453],[109.732944,-7.196723],[109.732675,-7.196723],[109.732675,-7.196992],[109.732405,-7.196992],[109.732405,-7.197262],[109.732136,-7.197262],[109.732136,-7.197531],[109.731866,-7.197531],[109.731866,-7.197801],[109.731597,-7.197801],[109.731597,-7.19834],[109.731327,-7.19834],[109.731327,-7.198609],[109.731058,-7.198609],[109.731058,-7.198879],[109.730788,-7.198879],[109.730788,-7.199148],[109.730519,-7.199148],[109.730519,-7.199418],[109.730249,-7.199418],[109.730249,-7.199957],[109.72998,-7.199957],[109.72998,-7.200226],[109.729441,-7.200226],[109.729441,-7.200496],[109.729171,-7.200496],[109.729171,-7.200765],[109.728902,-7.200765],[109.728902,-7.201035],[109.728363,-7.201035],[109.728363,-7.201304],[109.728093,-7.201304],[109.728093,-7.201574],[109.727554,-7.201574],[109.727554,-7.201843],[109.725129,-7.201843],[109.725129,-7.201574],[109.72459,-7.201574],[109.72459,-7.201304],[109.724051,-7.201304],[109.724051,-7.201035],[109.723512,-7.201035],[109.723512,-7.200765],[109.722973,-7.200765],[109.722973,-7.200496],[109.722434,-7.200496],[109.722434,-7.200226],[109.721895,-7.200226],[109.721895,-7.199957],[109.719739,-7.199957],[109.719739,-7.199687],[109.717314,-7.199687],[109.717314,-7.199418],[109.716505,-7.199418],[109.716505,-7.199148],[109.715697,-7.199148],[109.715697,-7.198879],[109.715427,-7.198879],[109.715427,-7.198609],[109.714619,-7.198609],[109.714619,-7.19834],[109.712193,-7.19834],[109.712193,-7.198609],[109.711654,-7.198609],[109.711654,-7.198879],[109.711385,-7.198879],[109.711385,-7.199148],[109.710846,-7.199148],[109.710846,-7.199418],[109.710307,-7.199418],[109.710307,-7.199687],[109.709498,-7.199687],[109.709498,-7.199957],[109.707612,-7.199957],[109.707612,-7.199687],[109.707342,-7.199687],[109.707342,-7.199418],[109.706803,-7.199418],[109.706803,-7.199148],[109.706534,-7.199148],[109.706534,-7.198879],[109.706264,-7.198879],[109.706264,-7.19834],[109.705995,-7.19834],[109.705995,-7.197801],[109.705725,-7.197801],[109.705725,-7.197531],[109.705456,-7.197531],[109.705456,-7.196992],[109.705186,-7.196992],[109.705186,-7.196184],[109.704917,-7.196184],[109.704917,-7.195645],[109.704378,-7.195645],[109.704378,-7.195375],[109.702222,-7.195375],[109.702222,-7.195645],[109.701144,-7.195645],[109.701144,-7.195375],[109.700066,-7.195375],[109.700066,-7.195645],[109.699258,-7.195645],[109.699258,-7.195914],[109.698719,-7.195914],[109.698719,-7.196184],[109.698449,-7.196184],[109.698449,-7.196453],[109.69818,-7.196453],[109.69818,-7.196723],[109.69791,-7.196723],[109.69791,-7.196992],[109.695754,-7.196992],[109.695754,-7.196723],[109.695215,-7.196723],[109.695215,-7.196453],[109.694676,-7.196453],[109.694676,-7.196184],[109.694137,-7.196184],[109.694137,-7.195914],[109.693868,-7.195914],[109.693868,-7.195645],[109.693598,-7.195645],[109.693598,-7.195375],[109.693329,-7.195375],[109.693329,-7.195106],[109.690095,-7.195106],[109.690095,-7.194836],[109.689825,-7.194836],[109.689825,-7.194567],[109.690095,-7.194567],[109.690095,-7.194297],[109.690634,-7.194297],[109.690634,-7.193489],[109.690364,-7.193489],[109.690364,-7.193219],[109.690095,-7.193219],[109.690095,-7.192411],[109.689825,-7.192411],[109.689825,-7.192141],[109.689556,-7.192141],[109.689556,-7.191872],[109.689017,-7.191872],[109.689017,-7.191602],[109.688747,-7.191602],[109.688747,-7.191333],[109.688478,-7.191333],[109.688478,-7.190794],[109.688208,-7.190794],[109.688208,-7.190524],[109.687939,-7.190524],[109.687939,-7.189985],[109.687669,-7.189985],[109.687669,-7.189716],[109.6874,-7.189716],[109.6874,-7.189177],[109.68713,-7.189177],[109.68713,-7.188907],[109.686861,-7.188907],[109.686861,-7.188368],[109.686591,-7.188368],[109.686591,-7.188099],[109.686322,-7.188099],[109.686322,-7.18756],[109.686052,-7.18756],[109.686052,-7.18729],[109.685783,-7.18729],[109.685783,-7.187021],[109.685244,-7.187021],[109.685244,-7.186751],[109.684974,-7.186751],[109.684974,-7.186482],[109.684435,-7.186482],[109.684435,-7.186213],[109.684166,-7.186213],[109.684166,-7.185943],[109.683896,-7.185943],[109.683896,-7.185674],[109.683627,-7.185674],[109.683627,-7.185404],[109.683357,-7.185404],[109.683357,-7.185135],[109.683088,-7.185135],[109.683088,-7.184326],[109.682818,-7.184326],[109.682818,-7.184057],[109.683088,-7.184057],[109.683088,-7.183518],[109.683357,-7.183518],[109.683357,-7.183248],[109.683627,-7.183248],[109.683627,-7.18217],[109.683357,-7.18217],[109.683357,-7.181631],[109.683088,-7.181631],[109.683088,-7.181362],[109.682818,-7.181362],[109.682818,-7.181092],[109.682549,-7.181092],[109.682549,-7.180823],[109.682279,-7.180823],[109.682279,-7.180284],[109.682549,-7.180284],[109.682549,-7.179745],[109.682818,-7.179745],[109.682818,-7.179475],[109.683088,-7.179475],[109.683088,-7.178936],[109.683357,-7.178936],[109.683357,-7.178667],[109.683627,-7.178667],[109.683627,-7.177589],[109.683357,-7.177589],[109.683357,-7.177319],[109.682818,-7.177319],[109.682818,-7.17705],[109.682549,-7.17705],[109.682549,-7.176511],[109.682279,-7.176511],[109.682279,-7.174894],[109.68201,-7.174894],[109.68201,-7.174624],[109.68174,-7.174624],[109.68174,-7.174355],[109.680932,-7.174355],[109.680932,-7.174624],[109.680124,-7.174624],[109.680124,-7.174355],[109.679854,-7.174355],[109.679854,-7.174085],[109.679585,-7.174085],[109.679585,-7.173816],[109.679315,-7.173816],[109.679315,-7.173277],[109.679046,-7.173277],[109.679046,-7.173007],[109.678507,-7.173007],[109.678507,-7.172738],[109.677968,-7.172738],[109.677968,-7.173007],[109.677698,-7.173007],[109.677698,-7.173277],[109.677429,-7.173277],[109.677429,-7.173546],[109.677159,-7.173546],[109.677159,-7.174085],[109.67689,-7.174085],[109.67689,-7.174355],[109.67662,-7.174355],[109.67662,-7.174624],[109.676351,-7.174624],[109.676351,-7.174894],[109.675812,-7.174894],[109.675812,-7.175163],[109.675542,-7.175163],[109.675542,-7.175433],[109.674734,-7.175433],[109.674734,-7.175163],[109.674464,-7.175163],[109.674464,-7.174894],[109.673925,-7.174894],[109.673925,-7.174624],[109.672847,-7.174624],[109.672847,-7.175702],[109.672578,-7.175702],[109.672578,-7.17705],[109.672308,-7.17705],[109.672308,-7.177589],[109.672039,-7.177589],[109.672039,-7.177858],[109.671769,-7.177858],[109.671769,-7.178128],[109.67123,-7.178128],[109.67123,-7.178397],[109.669074,-7.178397],[109.669074,-7.178128],[109.668805,-7.178128],[109.668805,-7.177858],[109.668535,-7.177858],[109.668535,-7.177589],[109.668266,-7.177589],[109.668266,-7.177319],[109.667727,-7.177319],[109.667727,-7.17705],[109.665032,-7.17705],[109.665032,-7.177319],[109.662606,-7.177319],[109.662606,-7.17705],[109.661259,-7.17705],[109.661259,-7.17678],[109.66072,-7.17678],[109.66072,-7.176511],[109.660181,-7.176511],[109.660181,-7.176241],[109.659642,-7.176241],[109.659642,-7.175972],[109.658834,-7.175972],[109.658834,-7.175702],[109.658564,-7.175702],[109.658564,-7.175433],[109.658295,-7.175433],[109.658295,-7.175163],[109.658025,-7.175163],[109.658025,-7.174894],[109.657486,-7.174894],[109.657486,-7.174624],[109.656139,-7.174624],[109.656139,-7.174355],[109.655061,-7.174355],[109.655061,-7.174085],[109.654522,-7.174085],[109.654522,-7.173816],[109.653713,-7.173816],[109.653713,-7.173546],[109.653174,-7.173546],[109.653174,-7.173277],[109.652635,-7.173277],[109.652635,-7.173007],[109.651827,-7.173007],[109.651827,-7.172738],[109.650479,-7.172738],[109.650479,-7.172468],[109.65021,-7.172468],[109.65021,-7.172199],[109.64994,-7.172199],[109.64994,-7.171929],[109.648323,-7.171929],[109.648323,-7.172199],[109.646976,-7.172199],[109.646976,-7.172468],[109.646167,-7.172468],[109.646167,-7.172738],[109.645089,-7.172738],[109.645089,-7.173007],[109.644281,-7.173007],[109.644281,-7.173277],[109.638891,-7.173277],[109.638891,-7.173546],[109.638622,-7.173546],[109.638622,-7.173816],[109.638352,-7.173816],[109.638352,-7.174085],[109.638083,-7.174085],[109.638083,-7.174624],[109.637813,-7.174624],[109.637813,-7.174894],[109.637544,-7.174894],[109.637544,-7.175433],[109.637274,-7.175433],[109.637274,-7.175702],[109.637005,-7.175702],[109.637005,-7.176241],[109.636735,-7.176241],[109.636735,-7.176511],[109.636466,-7.176511],[109.636466,-7.17678],[109.636196,-7.17678],[109.636196,-7.17705],[109.635927,-7.17705],[109.635927,-7.177589],[109.635657,-7.177589],[109.635657,-7.177858],[109.635388,-7.177858],[109.635388,-7.178128],[109.635118,-7.178128],[109.635118,-7.178397],[109.634849,-7.178397],[109.634849,-7.178667],[109.634579,-7.178667],[109.634579,-7.178936],[109.63431,-7.178936],[109.63431,-7.179206],[109.63404,-7.179206],[109.63404,-7.179475],[109.633771,-7.179475],[109.633771,-7.179745],[109.633501,-7.179745],[109.633501,-7.180014],[109.633232,-7.180014],[109.633232,-7.180284],[109.632962,-7.180284],[109.632962,-7.180553],[109.632693,-7.180553],[109.632693,-7.181092],[109.632423,-7.181092],[109.632423,-7.181631],[109.632154,-7.181631],[109.632154,-7.18244],[109.631884,-7.18244],[109.631884,-7.182979],[109.631615,-7.182979],[109.631615,-7.183248],[109.631345,-7.183248],[109.631345,-7.183518],[109.631076,-7.183518],[109.631076,-7.183787],[109.630806,-7.183787],[109.630806,-7.184057],[109.630537,-7.184057],[109.630537,-7.184326],[109.630267,-7.184326],[109.630267,-7.184865],[109.629998,-7.184865],[109.629998,-7.185674],[109.629728,-7.185674],[109.629728,-7.186482],[109.629459,-7.186482],[109.629459,-7.18729],[109.629189,-7.18729],[109.629189,-7.18756],[109.62892,-7.18756],[109.62892,-7.188099],[109.62865,-7.188099],[109.62865,-7.188368],[109.628381,-7.188368],[109.628381,-7.188638],[109.628111,-7.188638],[109.628111,-7.188907],[109.627572,-7.188907],[109.627572,-7.189177],[109.626494,-7.189177],[109.626494,-7.188907],[109.625416,-7.188907],[109.625416,-7.189177],[109.624877,-7.189177],[109.624877,-7.189716],[109.624608,-7.189716],[109.624608,-7.190794],[109.624338,-7.190794],[109.624338,-7.19268],[109.624069,-7.19268],[109.624069,-7.194297],[109.623799,-7.194297],[109.623799,-7.195645],[109.62353,-7.195645],[109.62353,-7.196723],[109.62326,-7.196723],[109.62326,-7.197801],[109.622991,-7.197801],[109.622991,-7.19807],[109.622721,-7.19807],[109.622721,-7.19834],[109.622452,-7.19834],[109.622452,-7.198609],[109.622182,-7.198609],[109.622182,-7.198879],[109.621643,-7.198879],[109.621643,-7.199148],[109.621374,-7.199148],[109.621374,-7.199418],[109.621104,-7.199418],[109.621104,-7.199687],[109.620835,-7.199687],[109.620835,-7.199957],[109.620565,-7.199957],[109.620565,-7.200226],[109.620296,-7.200226],[109.620296,-7.200496],[109.619488,-7.200496],[109.619488,-7.200765],[109.617332,-7.200765],[109.617332,-7.201035],[109.616523,-7.201035],[109.616523,-7.201304],[109.615984,-7.201304],[109.615984,-7.201843],[109.615715,-7.201843],[109.615715,-7.202382],[109.615445,-7.202382],[109.615445,-7.203191],[109.615176,-7.203191],[109.615176,-7.203999],[109.614906,-7.203999],[109.614906,-7.204269],[109.614637,-7.204269],[109.614637,-7.204538],[109.614367,-7.204538],[109.614367,-7.204808],[109.614098,-7.204808],[109.614098,-7.205077],[109.613828,-7.205077],[109.613828,-7.205347],[109.613559,-7.205347],[109.613559,-7.205886],[109.613289,-7.205886],[109.613289,-7.206155],[109.61302,-7.206155],[109.61302,-7.206694],[109.61275,-7.206694],[109.61275,-7.207233],[109.612481,-7.207233],[109.612481,-7.207772],[109.612211,-7.207772],[109.612211,-7.208311],[109.611942,-7.208311],[109.611942,-7.209389],[109.611672,-7.209389],[109.611672,-7.210197],[109.611403,-7.210197],[109.611403,-7.210736],[109.611133,-7.210736],[109.611133,-7.211006],[109.610594,-7.211006],[109.610594,-7.211275],[109.608438,-7.211275],[109.608438,-7.211545],[109.606552,-7.211545],[109.606552,-7.211275],[109.606013,-7.211275],[109.606013,-7.211006],[109.605474,-7.211006],[109.605474,-7.210736],[109.605204,-7.210736],[109.605204,-7.210467],[109.604665,-7.210467],[109.604665,-7.210197],[109.604396,-7.210197],[109.604396,-7.209928],[109.603857,-7.209928],[109.603857,-7.209658],[109.602779,-7.209658],[109.602779,-7.209389],[109.60224,-7.209389],[109.60224,-7.209119],[109.601701,-7.209119],[109.601701,-7.20885],[109.601431,-7.20885],[109.601431,-7.20858],[109.601162,-7.20858],[109.601162,-7.208311],[109.600892,-7.208311],[109.600892,-7.208041],[109.600623,-7.208041],[109.600623,-7.207772],[109.600084,-7.207772],[109.600084,-7.207502],[109.599006,-7.207502],[109.599006,-7.207233],[109.598467,-7.207233],[109.598467,-7.206963],[109.598198,-7.206963],[109.598198,-7.206694],[109.597659,-7.206694],[109.597659,-7.206425],[109.59712,-7.206425],[109.59712,-7.206155],[109.596581,-7.206155],[109.596581,-7.205886],[109.596042,-7.205886],[109.596042,-7.206425],[109.595772,-7.206425],[109.595772,-7.208041],[109.593886,-7.208041],[109.593886,-7.207772],[109.593077,-7.207772],[109.593077,-7.207502],[109.592538,-7.207502],[109.592538,-7.207233],[109.591191,-7.207233],[109.591191,-7.206963],[109.590113,-7.206963],[109.590113,-7.207233],[109.589843,-7.207233],[109.589843,-7.209658],[109.589574,-7.209658],[109.589574,-7.210736],[109.589304,-7.210736],[109.589304,-7.211275],[109.589035,-7.211275],[109.589035,-7.211545],[109.588765,-7.211545],[109.588765,-7.212084],[109.588496,-7.212084],[109.588496,-7.212623],[109.588226,-7.212623],[109.588226,-7.213162],[109.587957,-7.213162],[109.587957,-7.213431],[109.587687,-7.213431],[109.587687,-7.21397],[109.587148,-7.21397],[109.587148,-7.21424],[109.586879,-7.21424],[109.586879,-7.214779],[109.586609,-7.214779],[109.586609,-7.215048],[109.58634,-7.215048],[109.58634,-7.215318],[109.58607,-7.215318],[109.58607,-7.215587],[109.585801,-7.215587],[109.585801,-7.215857],[109.585531,-7.215857],[109.585531,-7.216126],[109.585262,-7.216126],[109.585262,-7.216396],[109.584992,-7.216396],[109.584992,-7.216665],[109.584723,-7.216665],[109.584723,-7.216935],[109.584184,-7.216935],[109.584184,-7.217204],[109.583914,-7.217204],[109.583914,-7.217474],[109.583645,-7.217474],[109.583645,-7.217743],[109.583375,-7.217743],[109.583375,-7.218013],[109.583106,-7.218013],[109.583106,-7.218282],[109.582567,-7.218282],[109.582567,-7.218552],[109.582297,-7.218552],[109.582297,-7.218821],[109.582028,-7.218821],[109.582028,-7.219091],[109.581758,-7.219091],[109.581758,-7.21936],[109.581489,-7.21936],[109.581489,-7.21963],[109.581219,-7.21963],[109.581219,-7.219899],[109.58095,-7.219899],[109.58095,-7.220169],[109.58068,-7.220169],[109.58068,-7.220438],[109.580411,-7.220438],[109.580411,-7.220708],[109.580141,-7.220708],[109.580141,-7.220977],[109.579603,-7.220977],[109.579603,-7.221247],[109.579333,-7.221247],[109.579333,-7.221516],[109.579064,-7.221516],[109.579064,-7.221786],[109.578794,-7.221786],[109.578794,-7.222055],[109.578255,-7.222055],[109.578255,-7.222325],[109.577177,-7.222325],[109.577177,-7.222594],[109.575291,-7.222594],[109.575291,-7.222325],[109.574752,-7.222325],[109.574752,-7.222594],[109.573943,-7.222594],[109.573943,-7.222325],[109.573404,-7.222325],[109.573404,-7.222055],[109.572865,-7.222055],[109.572865,-7.221786],[109.572596,-7.221786],[109.572596,-7.221516],[109.572057,-7.221516],[109.572057,-7.221247],[109.571787,-7.221247],[109.571787,-7.220977],[109.570979,-7.220977],[109.570979,-7.221247],[109.57044,-7.221247],[109.57044,-7.221516],[109.569631,-7.221516],[109.569631,-7.221786],[109.567745,-7.221786],[109.567745,-7.222055],[109.567206,-7.222055],[109.567206,-7.222325],[109.566936,-7.222325],[109.566936,-7.222594],[109.566128,-7.222594],[109.566128,-7.222864],[109.565858,-7.222864],[109.565858,-7.223133],[109.565589,-7.223133],[109.565589,-7.223403],[109.565319,-7.223403],[109.565319,-7.223672],[109.56505,-7.223672],[109.56505,-7.224211],[109.564511,-7.224211],[109.564511,-7.224481],[109.563972,-7.224481],[109.563972,-7.22502],[109.563702,-7.22502],[109.563702,-7.225289],[109.563433,-7.225289],[109.563433,-7.225828],[109.563163,-7.225828],[109.563163,-7.226637],[109.562894,-7.226637],[109.562894,-7.227714],[109.562624,-7.227714],[109.562624,-7.228253],[109.562355,-7.228253],[109.562355,-7.229331],[109.562085,-7.229331],[109.562085,-7.229601],[109.561816,-7.229601],[109.561816,-7.22987],[109.561546,-7.22987],[109.561546,-7.230409],[109.561277,-7.230409],[109.561277,-7.230679],[109.560468,-7.230679],[109.560468,-7.230948],[109.559391,-7.230948],[109.559391,-7.230679],[109.558852,-7.230679],[109.558852,-7.230409],[109.558582,-7.230409],[109.558582,-7.230679],[109.558313,-7.230679],[109.558313,-7.230948],[109.558043,-7.230948],[109.558043,-7.231218],[109.557774,-7.231218],[109.557774,-7.230948],[109.557504,-7.230948],[109.557504,-7.230679],[109.557235,-7.230679],[109.557235,-7.230409],[109.555348,-7.230409],[109.555348,-7.230679],[109.553731,-7.230679],[109.553731,-7.230948],[109.553462,-7.230948],[109.553462,-7.231218],[109.552384,-7.231218],[109.552384,-7.231487],[109.552114,-7.231487],[109.552114,-7.231757],[109.551845,-7.231757],[109.551845,-7.232296],[109.551575,-7.232296],[109.551575,-7.232835],[109.551306,-7.232835],[109.551306,-7.233374],[109.550497,-7.233374],[109.550497,-7.233643],[109.550228,-7.233643],[109.550228,-7.233913],[109.549689,-7.233913],[109.549689,-7.234182],[109.549419,-7.234182],[109.549419,-7.234452],[109.54915,-7.234452],[109.54915,-7.234721],[109.54888,-7.234721],[109.54888,-7.23526],[109.548611,-7.23526],[109.548611,-7.23553],[109.547802,-7.23553],[109.547802,-7.235799],[109.547533,-7.235799],[109.547533,-7.236069],[109.546994,-7.236069],[109.546994,-7.236338],[109.546455,-7.236338],[109.546455,-7.236608],[109.546185,-7.236608],[109.546185,-7.236877],[109.545916,-7.236877],[109.545916,-7.237147],[109.545646,-7.237147],[109.545646,-7.237686],[109.545377,-7.237686],[109.545377,-7.237955],[109.545107,-7.237955],[109.545107,-7.238494],[109.544838,-7.238494],[109.544838,-7.239033],[109.544568,-7.239033],[109.544568,-7.239572],[109.544299,-7.239572],[109.544299,-7.239842],[109.544029,-7.239842],[109.544029,-7.240111],[109.54376,-7.240111],[109.54376,-7.240381],[109.54349,-7.240381],[109.54349,-7.24065],[109.543221,-7.24065],[109.543221,-7.24092],[109.542682,-7.24092],[109.542682,-7.241189],[109.541873,-7.241189],[109.541873,-7.241459],[109.541334,-7.241459],[109.541334,-7.241728],[109.541065,-7.241728],[109.541065,-7.241998],[109.540795,-7.241998],[109.540795,-7.242267],[109.540526,-7.242267],[109.540526,-7.242806],[109.540256,-7.242806],[109.540256,-7.243345],[109.539987,-7.243345],[109.539987,-7.243615],[109.539448,-7.243615],[109.539448,-7.243884],[109.539178,-7.243884],[109.539178,-7.244154],[109.538909,-7.244154],[109.538909,-7.244693],[109.539178,-7.244693],[109.539178,-7.244962],[109.539448,-7.244962],[109.539448,-7.245501],[109.539717,-7.245501],[109.539717,-7.24604],[109.540256,-7.24604],[109.540256,-7.24631],[109.540526,-7.24631],[109.540526,-7.246579],[109.541334,-7.246579],[109.541334,-7.246849],[109.541604,-7.246849],[109.541604,-7.247118],[109.541873,-7.247118],[109.541873,-7.247388],[109.542143,-7.247388],[109.542143,-7.247657],[109.542412,-7.247657],[109.542412,-7.248196],[109.542682,-7.248196],[109.542682,-7.248735],[109.542951,-7.248735],[109.542951,-7.249004],[109.543221,-7.249004],[109.543221,-7.249274],[109.54349,-7.249274],[109.54349,-7.249543],[109.54376,-7.249543],[109.54376,-7.249813],[109.544568,-7.249813],[109.544568,-7.250082],[109.545107,-7.250082],[109.545107,-7.250352],[109.545377,-7.250352],[109.545377,-7.250621],[109.545646,-7.250621],[109.545646,-7.250891],[109.545916,-7.250891],[109.545916,-7.25116],[109.546185,-7.25116],[109.546185,-7.25143],[109.546455,-7.25143],[109.546455,-7.251699],[109.546724,-7.251699],[109.546724,-7.251969],[109.546994,-7.251969],[109.546994,-7.252238],[109.547263,-7.252238],[109.547263,-7.252508],[109.547533,-7.252508],[109.547533,-7.252777],[109.547802,-7.252777],[109.547802,-7.253047],[109.548072,-7.253047],[109.548072,-7.253316],[109.548341,-7.253316],[109.548341,-7.253586],[109.548611,-7.253586],[109.548611,-7.253855],[109.54888,-7.253855],[109.54888,-7.254125],[109.54915,-7.254125],[109.54915,-7.254664],[109.549419,-7.254664],[109.549419,-7.254933],[109.549689,-7.254933],[109.549689,-7.255203],[109.549958,-7.255203],[109.549958,-7.255472],[109.550767,-7.255472],[109.550767,-7.255742],[109.551575,-7.255742],[109.551575,-7.256011],[109.552384,-7.256011],[109.552384,-7.256281],[109.553192,-7.256281],[109.553192,-7.25655],[109.553731,-7.25655],[109.553731,-7.25682],[109.55427,-7.25682],[109.55427,-7.257089],[109.554809,-7.257089],[109.554809,-7.257359],[109.555348,-7.257359],[109.555348,-7.257628],[109.555618,-7.257628],[109.555618,-7.257898],[109.555887,-7.257898],[109.555887,-7.258167],[109.556157,-7.258167],[109.556157,-7.258437],[109.556696,-7.258437],[109.556696,-7.258706],[109.557235,-7.258706],[109.557235,-7.258976],[109.558043,-7.258976],[109.558043,-7.259245],[109.558313,-7.259245],[109.558313,-7.259515],[109.558582,-7.259515],[109.558582,-7.259784],[109.559121,-7.259784],[109.559121,-7.260054],[109.559391,-7.260054],[109.559391,-7.260323],[109.55966,-7.260323],[109.55966,-7.260593],[109.559929,-7.260593],[109.559929,-7.260862],[109.560468,-7.260862],[109.560468,-7.261132],[109.560738,-7.261132],[109.560738,-7.261401],[109.561007,-7.261401],[109.561007,-7.261671],[109.561546,-7.261671],[109.561546,-7.26194],[109.562355,-7.26194],[109.562355,-7.26221],[109.562894,-7.26221],[109.562894,-7.262479],[109.563433,-7.262479],[109.563433,-7.262749],[109.564241,-7.262749],[109.564241,-7.263018],[109.56505,-7.263018],[109.56505,-7.263288],[109.565858,-7.263288],[109.565858,-7.263557],[109.566667,-7.263557],[109.566667,-7.263827],[109.568014,-7.263827],[109.568014,-7.264096],[109.568553,-7.264096],[109.568553,-7.264366],[109.569092,-7.264366],[109.569092,-7.264635],[109.569631,-7.264635],[109.569631,-7.264905],[109.569901,-7.264905],[109.569901,-7.265444],[109.57044,-7.265444],[109.57044,-7.265983],[109.570709,-7.265983],[109.570709,-7.266252],[109.570979,-7.266252],[109.570979,-7.266522],[109.571248,-7.266522],[109.571248,-7.267061],[109.571518,-7.267061],[109.571518,-7.26733],[109.571787,-7.26733],[109.571787,-7.267869],[109.572057,-7.267869],[109.572057,-7.268138],[109.572326,-7.268138],[109.572326,-7.268408],[109.572596,-7.268408],[109.572596,-7.268947],[109.572865,-7.268947],[109.572865,-7.269216],[109.573135,-7.269216],[109.573135,-7.269486],[109.573404,-7.269486],[109.573404,-7.270025],[109.573674,-7.270025],[109.573674,-7.270564],[109.573943,-7.270564],[109.573943,-7.270833],[109.574213,-7.270833],[109.574213,-7.271372],[109.574482,-7.271372],[109.574482,-7.271911],[109.574752,-7.271911],[109.574752,-7.27245],[109.575021,-7.27245],[109.575021,-7.272989],[109.575291,-7.272989],[109.575291,-7.273798],[109.57556,-7.273798],[109.57556,-7.276762],[109.57583,-7.276762],[109.57583,-7.278649],[109.576099,-7.278649],[109.576099,-7.279457],[109.576369,-7.279457],[109.576369,-7.279727],[109.576638,-7.279727],[109.576638,-7.279996],[109.576908,-7.279996],[109.576908,-7.280266],[109.577177,-7.280266],[109.577177,-7.280535],[109.577447,-7.280535],[109.577447,-7.280805],[109.577716,-7.280805],[109.577716,-7.281074],[109.577986,-7.281074],[109.577986,-7.281344],[109.578255,-7.281344],[109.578255,-7.281613],[109.578525,-7.281613],[109.578525,-7.281883],[109.578794,-7.281883],[109.578794,-7.282422],[109.579064,-7.282422],[109.579064,-7.282961],[109.579333,-7.282961],[109.579333,-7.283769],[109.579603,-7.283769],[109.579603,-7.284308],[109.579872,-7.284308],[109.579872,-7.285117],[109.580141,-7.285117],[109.580141,-7.285925],[109.580411,-7.285925],[109.580411,-7.286734],[109.58068,-7.286734],[109.58068,-7.287542],[109.58095,-7.287542],[109.58095,-7.287812],[109.581219,-7.287812],[109.581219,-7.28835],[109.581489,-7.28835],[109.581489,-7.28862],[109.581758,-7.28862],[109.581758,-7.288889],[109.582028,-7.288889],[109.582028,-7.289428],[109.582567,-7.289428],[109.582567,-7.289698],[109.582836,-7.289698],[109.582836,-7.289967],[109.583106,-7.289967],[109.583106,-7.290237],[109.583375,-7.290237],[109.583375,-7.290506],[109.583645,-7.290506],[109.583645,-7.290776],[109.583914,-7.290776],[109.583914,-7.291045],[109.584184,-7.291045],[109.584184,-7.291854],[109.584453,-7.291854],[109.584453,-7.292932],[109.584723,-7.292932],[109.584723,-7.293201],[109.584184,-7.293201],[109.584184,-7.293471],[109.583645,-7.293471],[109.583645,-7.29374],[109.583375,-7.29374],[109.583375,-7.29401],[109.583106,-7.29401],[109.583106,-7.294279],[109.582567,-7.294279],[109.582567,-7.294818],[109.582297,-7.294818],[109.582297,-7.295088],[109.581758,-7.295088],[109.581758,-7.295357],[109.581219,-7.295357],[109.581219,-7.295088],[109.58068,-7.295088],[109.58068,-7.294818],[109.579872,-7.294818],[109.579872,-7.294549],[109.579333,-7.294549],[109.579333,-7.294818],[109.578525,-7.294818],[109.578525,-7.295088],[109.577986,-7.295088],[109.577986,-7.295357],[109.577447,-7.295357],[109.577447,-7.295627],[109.576638,-7.295627],[109.576638,-7.295896],[109.576099,-7.295896],[109.576099,-7.296166],[109.57583,-7.296166],[109.57583,-7.296435],[109.575291,-7.296435],[109.575291,-7.296705],[109.575021,-7.296705],[109.575021,-7.296974],[109.574752,-7.296974],[109.574752,-7.298052],[109.575021,-7.298052],[109.575021,-7.298322],[109.575291,-7.298322],[109.575291,-7.298861],[109.57556,-7.298861],[109.57556,-7.2994],[109.575291,-7.2994],[109.575291,-7.299669],[109.575021,-7.299669],[109.575021,-7.299939],[109.574752,-7.299939],[109.574752,-7.300208],[109.573674,-7.300208],[109.573674,-7.299939],[109.573404,-7.299939],[109.573404,-7.29913],[109.572057,-7.29913],[109.572057,-7.2994],[109.569901,-7.2994],[109.569901,-7.300208],[109.569631,-7.300208],[109.569631,-7.300747],[109.568823,-7.300747],[109.568823,-7.300478],[109.568553,-7.300478],[109.568553,-7.300208],[109.567745,-7.300208],[109.567745,-7.300478],[109.567475,-7.300478],[109.567475,-7.301017],[109.567206,-7.301017],[109.567206,-7.302095],[109.566936,-7.302095],[109.566936,-7.302903],[109.566667,-7.302903],[109.566667,-7.305059],[109.566936,-7.305059],[109.566936,-7.305598],[109.567206,-7.305598],[109.567206,-7.305868],[109.567475,-7.305868],[109.567475,-7.306407],[109.567206,-7.306407],[109.567206,-7.307754],[109.567475,-7.307754],[109.567475,-7.308293],[109.567745,-7.308293],[109.567745,-7.309371],[109.568014,-7.309371],[109.568014,-7.30991],[109.568284,-7.30991],[109.568284,-7.310718],[109.568553,-7.310718],[109.568553,-7.312066],[109.568823,-7.312066],[109.568823,-7.312874],[109.569092,-7.312874],[109.569092,-7.313413],[109.568823,-7.313413],[109.568823,-7.313952],[109.568553,-7.313952],[109.568553,-7.314222],[109.568284,-7.314222],[109.568284,-7.314491],[109.568014,-7.314491],[109.568014,-7.314761],[109.567745,-7.314761],[109.567745,-7.31503],[109.567475,-7.31503],[109.567475,-7.315569],[109.567206,-7.315569],[109.567206,-7.316378],[109.56505,-7.316378],[109.56505,-7.316647],[109.564241,-7.316647],[109.564241,-7.316917],[109.563702,-7.316917],[109.563702,-7.317186],[109.563433,-7.317186],[109.563433,-7.317456],[109.562894,-7.317456],[109.562894,-7.317725],[109.562624,-7.317725],[109.562624,-7.318803],[109.562894,-7.318803],[109.562894,-7.319073],[109.563163,-7.319073],[109.563163,-7.319342],[109.564241,-7.319342],[109.564241,-7.319073],[109.564511,-7.319073],[109.564511,-7.317995],[109.56478,-7.317995],[109.56478,-7.317725],[109.565589,-7.317725],[109.565589,-7.320151],[109.565319,-7.320151],[109.565319,-7.32069],[109.56505,-7.32069],[109.56505,-7.321229],[109.56478,-7.321229],[109.56478,-7.322307],[109.564511,-7.322307],[109.564511,-7.322846],[109.56478,-7.322846],[109.56478,-7.323115],[109.56505,-7.323115],[109.56505,-7.323385],[109.565319,-7.323385],[109.565319,-7.323654],[109.565589,-7.323654],[109.565589,-7.323924],[109.565858,-7.323924],[109.565858,-7.324732],[109.566128,-7.324732],[109.566128,-7.325271],[109.565858,-7.325271],[109.565858,-7.326619],[109.565589,-7.326619],[109.565589,-7.327697],[109.565319,-7.327697],[109.565319,-7.328236],[109.564511,-7.328236],[109.564511,-7.327966],[109.563433,-7.327966],[109.563433,-7.328236],[109.563163,-7.328236],[109.563163,-7.329583],[109.563433,-7.329583],[109.563433,-7.330122],[109.563702,-7.330122],[109.563702,-7.33093],[109.563433,-7.33093],[109.563433,-7.331469],[109.563163,-7.331469],[109.563163,-7.332008],[109.562894,-7.332008],[109.562894,-7.332278],[109.562085,-7.332278],[109.562085,-7.332008],[109.561007,-7.332008],[109.561007,-7.331739],[109.560738,-7.331739],[109.560738,-7.332008],[109.559391,-7.332008],[109.559391,-7.331739],[109.558043,-7.331739],[109.558043,-7.331469],[109.557504,-7.331469],[109.557504,-7.3312],[109.556965,-7.3312],[109.556965,-7.33093],[109.556426,-7.33093],[109.556426,-7.330661],[109.555618,-7.330661],[109.555618,-7.33093],[109.554809,-7.33093],[109.554809,-7.3312],[109.55454,-7.3312],[109.55454,-7.331469],[109.551575,-7.331469],[109.551575,-7.3312],[109.550228,-7.3312],[109.550228,-7.330661],[109.549958,-7.330661],[109.549958,-7.330122],[109.549689,-7.330122],[109.549689,-7.329852],[109.549419,-7.329852],[109.549419,-7.329583],[109.547802,-7.329583],[109.547802,-7.329313],[109.547533,-7.329313],[109.547533,-7.329044],[109.547263,-7.329044],[109.547263,-7.328505],[109.546994,-7.328505],[109.546994,-7.327966],[109.546724,-7.327966],[109.546724,-7.327427],[109.546185,-7.327427],[109.546185,-7.327158],[109.545107,-7.327158],[109.545107,-7.326888],[109.544029,-7.326888],[109.544029,-7.326619],[109.54349,-7.326619],[109.54349,-7.326349],[109.542951,-7.326349],[109.542951,-7.32608],[109.542412,-7.32608],[109.542412,-7.32581],[109.541604,-7.32581],[109.541604,-7.325541],[109.539717,-7.325541],[109.539717,-7.32581],[109.53864,-7.32581],[109.53864,-7.32608],[109.53837,-7.32608],[109.53837,-7.326349],[109.538101,-7.326349],[109.538101,-7.326619],[109.537562,-7.326619],[109.537562,-7.326888],[109.537292,-7.326888],[109.537292,-7.327158],[109.537023,-7.327158],[109.537023,-7.327427],[109.536753,-7.327427],[109.536753,-7.327697],[109.536214,-7.327697],[109.536214,-7.327966],[109.535406,-7.327966],[109.535406,-7.328236],[109.534597,-7.328236],[109.534597,-7.328505],[109.533789,-7.328505],[109.533789,-7.328236],[109.533519,-7.328236],[109.533519,-7.327966],[109.53325,-7.327966],[109.53325,-7.327427],[109.53298,-7.327427],[109.53298,-7.327158],[109.532711,-7.327158],[109.532711,-7.326619],[109.532172,-7.326619],[109.532172,-7.326349],[109.531633,-7.326349],[109.531633,-7.32608],[109.531363,-7.32608],[109.531363,-7.32581],[109.530824,-7.32581],[109.530824,-7.325541],[109.530285,-7.325541],[109.530285,-7.325271],[109.530016,-7.325271],[109.530016,-7.325002],[109.529746,-7.325002],[109.529746,-7.324732],[109.529477,-7.324732],[109.529477,-7.324463],[109.529207,-7.324463],[109.529207,-7.324193],[109.528938,-7.324193],[109.528938,-7.323924],[109.528399,-7.323924],[109.528399,-7.323654],[109.52786,-7.323654],[109.52786,-7.323385],[109.527321,-7.323385],[109.527321,-7.323654],[109.526782,-7.323654],[109.526782,-7.323924],[109.526512,-7.323924],[109.526512,-7.324193],[109.526243,-7.324193],[109.526243,-7.324463],[109.525973,-7.324463],[109.525973,-7.325002],[109.525704,-7.325002],[109.525704,-7.325541],[109.525434,-7.325541],[109.525434,-7.32608],[109.525165,-7.32608],[109.525165,-7.326619],[109.524895,-7.326619],[109.524895,-7.327427],[109.524626,-7.327427],[109.524626,-7.328505],[109.524356,-7.328505],[109.524356,-7.329044],[109.524087,-7.329044],[109.524087,-7.329852],[109.523817,-7.329852],[109.523817,-7.330661],[109.523548,-7.330661],[109.523548,-7.331469],[109.523278,-7.331469],[109.523278,-7.332008],[109.523009,-7.332008],[109.523009,-7.332547],[109.522739,-7.332547],[109.522739,-7.333086],[109.52247,-7.333086],[109.52247,-7.333625],[109.5222,-7.333625],[109.5222,-7.334164],[109.521931,-7.334164],[109.521931,-7.334703],[109.5222,-7.334703],[109.5222,-7.335781],[109.52247,-7.335781],[109.52247,-7.33659],[109.522739,-7.33659],[109.522739,-7.337398],[109.523009,-7.337398],[109.523009,-7.337937],[109.523278,-7.337937],[109.523278,-7.338476],[109.523548,-7.338476],[109.523548,-7.338746],[109.523817,-7.338746],[109.523817,-7.339285],[109.524087,-7.339285],[109.524087,-7.339554],[109.524356,-7.339554],[109.524356,-7.340093],[109.524626,-7.340093],[109.524626,-7.340363],[109.524895,-7.340363],[109.524895,-7.340632],[109.525165,-7.340632],[109.525165,-7.340902],[109.525434,-7.340902],[109.525434,-7.341171],[109.525973,-7.341171],[109.525973,-7.341441],[109.526243,-7.341441],[109.526243,-7.34171],[109.526782,-7.34171],[109.526782,-7.34198],[109.52759,-7.34198],[109.52759,-7.342249],[109.528399,-7.342249],[109.528399,-7.342519],[109.529207,-7.342519],[109.529207,-7.342788],[109.530285,-7.342788],[109.530285,-7.343058],[109.531363,-7.343058],[109.531363,-7.343327],[109.532172,-7.343327],[109.532172,-7.343597],[109.533519,-7.343597],[109.533519,-7.343866],[109.534597,-7.343866],[109.534597,-7.344136],[109.535675,-7.344136],[109.535675,-7.344405],[109.536484,-7.344405],[109.536484,-7.344675],[109.537562,-7.344675],[109.537562,-7.344944],[109.53864,-7.344944],[109.53864,-7.345214],[109.541334,-7.345214],[109.541334,-7.345483],[109.547802,-7.345483],[109.547802,-7.345214],[109.560199,-7.345214],[109.560199,-7.344944],[109.562894,-7.344944],[109.562894,-7.344675],[109.565319,-7.344675],[109.565319,-7.344405],[109.57044,-7.344405],[109.57044,-7.344136],[109.571248,-7.344136],[109.571248,-7.344405],[109.573674,-7.344405],[109.573674,-7.344675],[109.57556,-7.344675],[109.57556,-7.344944],[109.576638,-7.344944],[109.576638,-7.345214],[109.577716,-7.345214],[109.577716,-7.345483],[109.578794,-7.345483],[109.578794,-7.345753],[109.579603,-7.345753],[109.579603,-7.346022],[109.580411,-7.346022],[109.580411,-7.346292],[109.58095,-7.346292],[109.58095,-7.346561],[109.581489,-7.346561],[109.581489,-7.346831],[109.582028,-7.346831],[109.582028,-7.3471],[109.582567,-7.3471],[109.582567,-7.34737],[109.582836,-7.34737],[109.582836,-7.347639],[109.583106,-7.347639],[109.583106,-7.347909],[109.583375,-7.347909],[109.583375,-7.348178],[109.583645,-7.348178],[109.583645,-7.348717],[109.583914,-7.348717],[109.583914,-7.348986],[109.584184,-7.348986],[109.584184,-7.349525],[109.584453,-7.349525],[109.584453,-7.349795],[109.584723,-7.349795],[109.584723,-7.350334],[109.584992,-7.350334],[109.584992,-7.350603],[109.585262,-7.350603],[109.585262,-7.354107],[109.584992,-7.354107],[109.584992,-7.356532],[109.584723,-7.356532],[109.584723,-7.35788],[109.584453,-7.35788],[109.584453,-7.358958],[109.584184,-7.358958],[109.584184,-7.359766],[109.583914,-7.359766],[109.583914,-7.360305],[109.583645,-7.360305],[109.583645,-7.360844],[109.583375,-7.360844],[109.583375,-7.361383],[109.582836,-7.361383],[109.582836,-7.361653],[109.582028,-7.361653],[109.582028,-7.361922],[109.581219,-7.361922],[109.581219,-7.362192],[109.579872,-7.362192],[109.579872,-7.362461],[109.578525,-7.362461],[109.578525,-7.362192],[109.577447,-7.362192],[109.577447,-7.361922],[109.576099,-7.361922],[109.576099,-7.361653],[109.574213,-7.361653],[109.574213,-7.361922],[109.572865,-7.361922],[109.572865,-7.362192],[109.571518,-7.362192],[109.571518,-7.362461],[109.57044,-7.362461],[109.57044,-7.362731],[109.569631,-7.362731],[109.569631,-7.363],[109.568823,-7.363],[109.568823,-7.36327],[109.568284,-7.36327],[109.568284,-7.363539],[109.567475,-7.363539],[109.567475,-7.363809],[109.566936,-7.363809],[109.566936,-7.364078],[109.566667,-7.364078],[109.566667,-7.364348],[109.566397,-7.364348],[109.566397,-7.364617],[109.565858,-7.364617],[109.565858,-7.364887],[109.565589,-7.364887],[109.565589,-7.365156],[109.565319,-7.365156],[109.565319,-7.365426],[109.56505,-7.365426],[109.56505,-7.365695],[109.56478,-7.365695],[109.56478,-7.365965],[109.564511,-7.365965],[109.564511,-7.366234],[109.564241,-7.366234],[109.564241,-7.366504],[109.563972,-7.366504],[109.563972,-7.366773],[109.563702,-7.366773],[109.563702,-7.367043],[109.563433,-7.367043],[109.563433,-7.369198],[109.563702,-7.369198],[109.563702,-7.371354],[109.564241,-7.371354],[109.564241,-7.371624],[109.564511,-7.371624],[109.564511,-7.371893],[109.56478,-7.371893],[109.56478,-7.372163],[109.56505,-7.372163],[109.56505,-7.372432],[109.565319,-7.372432],[109.565319,-7.372702],[109.565858,-7.372702],[109.565858,-7.372971],[109.566128,-7.372971],[109.566128,-7.373241],[109.566397,-7.373241],[109.566397,-7.37351],[109.566936,-7.37351],[109.566936,-7.37378],[109.568553,-7.37378],[109.568553,-7.37351],[109.570979,-7.37351],[109.570979,-7.373241],[109.571518,-7.373241],[109.571518,-7.372971],[109.572057,-7.372971],[109.572057,-7.372702],[109.572865,-7.372702],[109.572865,-7.372432],[109.573404,-7.372432],[109.573404,-7.372163],[109.574213,-7.372163],[109.574213,-7.371893],[109.574752,-7.371893],[109.574752,-7.371624],[109.575291,-7.371624],[109.575291,-7.371354],[109.57583,-7.371354],[109.57583,-7.371085],[109.576099,-7.371085],[109.576099,-7.370815],[109.576369,-7.370815],[109.576369,-7.370007],[109.576638,-7.370007],[109.576638,-7.369737],[109.576908,-7.369737],[109.576908,-7.369198],[109.577177,-7.369198],[109.577177,-7.36866],[109.577447,-7.36866],[109.577447,-7.36839],[109.577716,-7.36839],[109.577716,-7.367851],[109.577986,-7.367851],[109.577986,-7.367582],[109.578255,-7.367582],[109.578255,-7.367312],[109.578525,-7.367312],[109.578525,-7.366773],[109.578794,-7.366773],[109.578794,-7.365965],[109.579064,-7.365965],[109.579064,-7.365695],[109.579333,-7.365695],[109.579333,-7.365426],[109.580141,-7.365426],[109.580141,-7.365156],[109.581758,-7.365156],[109.581758,-7.364887],[109.583375,-7.364887],[109.583375,-7.365156],[109.583645,-7.365156],[109.583645,-7.365426],[109.583914,-7.365426],[109.583914,-7.365695],[109.584453,-7.365695],[109.584453,-7.365965],[109.584992,-7.365965],[109.584992,-7.366234],[109.585531,-7.366234],[109.585531,-7.366504],[109.58607,-7.366504],[109.58607,-7.366773],[109.586879,-7.366773],[109.586879,-7.367043],[109.593077,-7.367043],[109.593077,-7.366773],[109.595503,-7.366773],[109.595503,-7.366504],[109.596042,-7.366504],[109.596042,-7.366234],[109.59685,-7.366234],[109.59685,-7.365965],[109.597928,-7.365965],[109.597928,-7.365695],[109.599006,-7.365695],[109.599006,-7.365426],[109.599815,-7.365426],[109.599815,-7.365156],[109.600623,-7.365156],[109.600623,-7.364887],[109.601431,-7.364887],[109.601431,-7.364617],[109.60224,-7.364617],[109.60224,-7.364348],[109.603318,-7.364348],[109.603318,-7.364078],[109.603857,-7.364078],[109.603857,-7.363809],[109.604665,-7.363809],[109.604665,-7.363539],[109.606013,-7.363539],[109.606013,-7.36327],[109.60736,-7.36327],[109.60736,-7.363],[109.607899,-7.363],[109.607899,-7.362731],[109.608438,-7.362731],[109.608438,-7.362461],[109.608977,-7.362461],[109.608977,-7.362192],[109.609516,-7.362192],[109.609516,-7.361922],[109.610055,-7.361922],[109.610055,-7.361653],[109.610864,-7.361653],[109.610864,-7.361383],[109.611403,-7.361383],[109.611403,-7.361114],[109.611942,-7.361114],[109.611942,-7.360844],[109.612481,-7.360844],[109.612481,-7.360575],[109.61302,-7.360575],[109.61302,-7.360305],[109.613828,-7.360305],[109.613828,-7.360036],[109.614637,-7.360036],[109.614637,-7.359766],[109.615715,-7.359766],[109.615715,-7.359497],[109.617062,-7.359497],[109.617062,-7.359227],[109.619218,-7.359227],[109.619218,-7.358958],[109.620835,-7.358958],[109.620835,-7.358688],[109.621913,-7.358688],[109.621913,-7.358419],[109.622991,-7.358419],[109.622991,-7.358149],[109.624338,-7.358149],[109.624338,-7.35788],[109.625686,-7.35788],[109.625686,-7.35761],[109.627033,-7.35761],[109.627033,-7.357341],[109.629728,-7.357341],[109.629728,-7.357071],[109.632423,-7.357071],[109.632423,-7.356802],[109.63431,-7.356802],[109.63431,-7.356532],[109.637005,-7.356532],[109.637005,-7.356263],[109.639969,-7.356263],[109.639969,-7.355993],[109.641855,-7.355993],[109.641855,-7.355724],[109.644011,-7.355724],[109.644011,-7.355454],[109.645089,-7.355454],[109.645089,-7.355185],[109.646437,-7.355185],[109.646437,-7.354915],[109.647245,-7.354915],[109.647245,-7.354646],[109.647784,-7.354646],[109.647784,-7.354376],[109.648054,-7.354376],[109.648054,-7.353837],[109.648593,-7.353837],[109.648593,-7.353568],[109.648862,-7.353568],[109.648862,-7.353298],[109.649132,-7.353298],[109.649132,-7.353029],[109.649671,-7.353029],[109.649671,-7.352759],[109.650479,-7.352759],[109.650479,-7.35249],[109.651288,-7.35249],[109.651288,-7.35222],[109.652635,-7.35222],[109.652635,-7.351951],[109.654252,-7.351951],[109.654252,-7.351681],[109.657756,-7.351681],[109.657756,-7.351412],[109.661798,-7.351412],[109.661798,-7.351681],[109.665032,-7.351681],[109.665032,-7.351951],[109.666649,-7.351951],[109.666649,-7.35222],[109.667457,-7.35222],[109.667457,-7.35249],[109.668266,-7.35249],[109.668266,-7.352759],[109.669074,-7.352759],[109.669074,-7.353029],[109.669883,-7.353029],[109.669883,-7.353298],[109.670691,-7.353298],[109.670691,-7.353568],[109.670961,-7.353568],[109.670961,-7.353837],[109.6715,-7.353837],[109.6715,-7.354107],[109.671769,-7.354107],[109.671769,-7.354376],[109.672039,-7.354376],[109.672039,-7.354646],[109.675003,-7.354646],[109.675003,-7.354915],[109.680124,-7.354915],[109.680124,-7.354646],[109.681471,-7.354646],[109.681471,-7.354376],[109.682818,-7.354376],[109.682818,-7.354107],[109.684974,-7.354107],[109.684974,-7.353837],[109.688747,-7.353837],[109.688747,-7.354107],[109.690634,-7.354107],[109.690634,-7.354376],[109.692251,-7.354376],[109.692251,-7.354646],[109.69279,-7.354646],[109.69279,-7.354915],[109.693598,-7.354915],[109.693598,-7.355185],[109.695215,-7.355185],[109.695215,-7.355454],[109.696293,-7.355454],[109.696293,-7.355724],[109.697102,-7.355724],[109.697102,-7.355993],[109.69791,-7.355993],[109.69791,-7.356263],[109.698719,-7.356263],[109.698719,-7.356532],[109.699258,-7.356532],[109.699258,-7.356802],[109.700066,-7.356802],[109.700066,-7.357071],[109.700336,-7.357071],[109.700336,-7.357341],[109.700875,-7.357341],[109.700875,-7.35761],[109.701144,-7.35761],[109.701144,-7.35788],[109.701413,-7.35788],[109.701413,-7.358149],[109.701683,-7.358149],[109.701683,-7.358419],[109.701952,-7.358419],[109.701952,-7.358688],[109.702222,-7.358688],[109.702222,-7.358958],[109.702491,-7.358958],[109.702491,-7.359227],[109.70303,-7.359227],[109.70303,-7.359497],[109.7033,-7.359497],[109.7033,-7.359766],[109.703569,-7.359766],[109.703569,-7.360036],[109.703839,-7.360036],[109.703839,-7.360305],[109.704108,-7.360305],[109.704108,-7.360575],[109.704378,-7.360575],[109.704378,-7.360844],[109.704647,-7.360844],[109.704647,-7.361114],[109.705186,-7.361114],[109.705186,-7.361383],[109.705456,-7.361383],[109.705456,-7.361653],[109.705995,-7.361653],[109.705995,-7.361922],[109.706264,-7.361922],[109.706264,-7.362192],[109.706534,-7.362192],[109.706534,-7.362461],[109.706803,-7.362461],[109.706803,-7.362731],[109.707073,-7.362731],[109.707073,-7.363],[109.707342,-7.363],[109.707342,-7.36327],[109.707612,-7.36327],[109.707612,-7.363539],[109.707881,-7.363539],[109.707881,-7.363809],[109.708151,-7.363809],[109.708151,-7.364078],[109.70842,-7.364078],[109.70842,-7.364348],[109.70869,-7.364348],[109.70869,-7.364617],[109.709498,-7.364617],[109.709498,-7.364887],[109.710037,-7.364887],[109.710037,-7.365156],[109.710576,-7.365156],[109.710576,-7.365426],[109.711115,-7.365426],[109.711115,-7.365695],[109.711654,-7.365695],[109.711654,-7.365965],[109.711924,-7.365965],[109.711924,-7.366234],[109.712463,-7.366234],[109.712463,-7.366504],[109.713271,-7.366504],[109.713271,-7.366773],[109.714349,-7.366773],[109.714349,-7.367043],[109.715966,-7.367043],[109.715966,-7.367312],[109.720548,-7.367312],[109.720548,-7.367582],[109.72432,-7.367582],[109.72432,-7.367851],[109.739951,-7.367851],[109.739951,-7.367582],[109.750192,-7.367582],[109.750192,-7.367851],[109.752617,-7.367851],[109.752617,-7.368121],[109.753965,-7.368121],[109.753965,-7.36839],[109.754773,-7.36839],[109.754773,-7.36866],[109.755582,-7.36866],[109.755582,-7.368929],[109.75639,-7.368929],[109.75639,-7.369198],[109.756929,-7.369198],[109.756929,-7.369468],[109.758007,-7.369468],[109.758007,-7.369737],[109.759085,-7.369737],[109.759085,-7.370007],[109.760163,-7.370007],[109.760163,-7.370276],[109.761241,-7.370276],[109.761241,-7.370546],[109.762319,-7.370546],[109.762319,-7.370815],[109.763397,-7.370815],[109.763397,-7.371085],[109.764475,-7.371085],[109.764475,-7.371354],[109.765553,-7.371354],[109.765553,-7.371624],[109.7669,-7.371624],[109.7669,-7.371893],[109.767709,-7.371893],[109.767709,-7.372163],[109.768248,-7.372163],[109.768248,-7.371624],[109.768517,-7.371624],[109.768517,-7.371354],[109.768787,-7.371354],[109.768787,-7.371085],[109.769056,-7.371085],[109.769056,-7.370815],[109.769595,-7.370815],[109.769595,-7.370546],[109.771212,-7.370546],[109.771212,-7.370276],[109.771751,-7.370276],[109.771751,-7.370007],[109.772021,-7.370007],[109.772021,-7.369737],[109.77229,-7.369737],[109.77229,-7.369198],[109.77256,-7.369198],[109.77256,-7.366773],[109.772829,-7.366773],[109.772829,-7.366504],[109.773099,-7.366504],[109.773099,-7.366234],[109.773368,-7.366234],[109.773368,-7.365965],[109.773638,-7.365965],[109.773638,-7.365426],[109.773907,-7.365426],[109.773907,-7.365156],[109.774177,-7.365156],[109.774177,-7.364887],[109.774446,-7.364887],[109.774446,-7.364348],[109.774985,-7.364348],[109.774985,-7.364078],[109.776063,-7.364078],[109.776063,-7.364348],[109.777411,-7.364348],[109.777411,-7.364617],[109.77768,-7.364617],[109.77768,-7.364887],[109.778489,-7.364887],[109.778489,-7.365156],[109.779567,-7.365156],[109.779567,-7.364887],[109.779836,-7.364887],[109.779836,-7.364617],[109.780375,-7.364617],[109.780375,-7.364348],[109.780645,-7.364348],[109.780645,-7.364078],[109.781184,-7.364078],[109.781184,-7.363809],[109.781723,-7.363809],[109.781723,-7.363539],[109.781992,-7.363539],[109.781992,-7.36327],[109.782531,-7.36327],[109.782531,-7.363],[109.7828,-7.363],[109.7828,-7.362731],[109.78307,-7.362731],[109.78307,-7.362461],[109.783339,-7.362461],[109.783339,-7.361114],[109.78307,-7.361114],[109.78307,-7.360305],[109.783339,-7.360305],[109.783339,-7.360036],[109.783609,-7.360036],[109.783609,-7.359766],[109.784687,-7.359766],[109.784687,-7.359497],[109.785226,-7.359497],[109.785226,-7.359227],[109.785495,-7.359227],[109.785495,-7.358958],[109.785765,-7.358958],[109.785765,-7.358419],[109.786034,-7.358419],[109.786034,-7.35788],[109.786304,-7.35788],[109.786304,-7.357341],[109.786573,-7.357341],[109.786573,-7.356802],[109.786843,-7.356802],[109.786843,-7.354646],[109.786573,-7.354646],[109.786573,-7.353837],[109.786304,-7.353837],[109.786304,-7.352759],[109.786034,-7.352759],[109.786034,-7.350873],[109.785765,-7.350873],[109.785765,-7.350334],[109.785495,-7.350334],[109.785495,-7.349795],[109.785765,-7.349795],[109.785765,-7.349256],[109.786034,-7.349256],[109.786034,-7.348717],[109.786304,-7.348717],[109.786304,-7.346561],[109.786573,-7.346561],[109.786573,-7.346022],[109.786843,-7.346022],[109.786843,-7.345214],[109.787112,-7.345214],[109.787112,-7.343058],[109.787382,-7.343058],[109.787382,-7.341441],[109.787651,-7.341441],[109.787651,-7.341171],[109.787921,-7.341171],[109.787921,-7.340902],[109.78819,-7.340902],[109.78819,-7.340632],[109.788999,-7.340632],[109.788999,-7.340363],[109.789807,-7.340363],[109.789807,-7.340093],[109.790077,-7.340093],[109.790077,-7.339824],[109.790346,-7.339824],[109.790346,-7.339554],[109.790885,-7.339554],[109.790885,-7.339285],[109.791155,-7.339285],[109.791155,-7.339015],[109.791424,-7.339015],[109.791424,-7.338746],[109.791694,-7.338746],[109.791694,-7.338207],[109.791963,-7.338207],[109.791963,-7.337937],[109.792502,-7.337937],[109.792502,-7.337129],[109.792233,-7.337129],[109.792233,-7.33659],[109.791963,-7.33659],[109.791963,-7.335512],[109.792233,-7.335512],[109.792233,-7.334973],[109.792502,-7.334973],[109.792502,-7.334164],[109.792772,-7.334164],[109.792772,-7.333625],[109.793041,-7.333625],[109.793041,-7.333086],[109.793311,-7.333086],[109.793311,-7.332817],[109.79358,-7.332817],[109.79358,-7.332547],[109.794119,-7.332547],[109.794119,-7.332278],[109.794389,-7.332278],[109.794389,-7.332008],[109.794658,-7.332008],[109.794658,-7.331739],[109.794928,-7.331739],[109.794928,-7.3312],[109.795197,-7.3312],[109.795197,-7.330661],[109.795467,-7.330661],[109.795467,-7.329583],[109.795736,-7.329583],[109.795736,-7.329044],[109.796006,-7.329044],[109.796006,-7.328505],[109.796275,-7.328505],[109.796275,-7.327966],[109.796545,-7.327966],[109.796545,-7.327427],[109.796814,-7.327427],[109.796814,-7.327158],[109.797084,-7.327158],[109.797084,-7.326888],[109.797353,-7.326888],[109.797353,-7.326619],[109.797623,-7.326619],[109.797623,-7.326349],[109.797892,-7.326349],[109.797892,-7.32608],[109.798162,-7.32608],[109.798162,-7.325271],[109.798701,-7.325271],[109.798701,-7.325002],[109.79924,-7.325002],[109.79924,-7.324732],[109.800857,-7.324732],[109.800857,-7.325002],[109.801396,-7.325002],[109.801396,-7.325271],[109.802743,-7.325271],[109.802743,-7.325002],[109.803551,-7.325002],[109.803551,-7.324732],[109.805168,-7.324732],[109.805168,-7.324463],[109.805438,-7.324463],[109.805438,-7.324193],[109.805707,-7.324193],[109.805707,-7.323924],[109.806246,-7.323924],[109.806246,-7.323654],[109.806785,-7.323654],[109.806785,-7.323385],[109.807324,-7.323385],[109.807324,-7.322846],[109.807594,-7.322846],[109.807594,-7.322576],[109.807863,-7.322576],[109.807863,-7.322307],[109.808133,-7.322307],[109.808133,-7.321768],[109.808402,-7.321768],[109.808402,-7.321498],[109.808672,-7.321498],[109.808672,-7.318534],[109.808941,-7.318534],[109.808941,-7.317995],[109.809211,-7.317995],[109.809211,-7.317725],[109.80948,-7.317725],[109.80948,-7.317456],[109.80975,-7.317456],[109.80975,-7.316378],[109.810019,-7.316378],[109.810019,-7.315569],[109.811906,-7.315569],[109.811906,-7.3153],[109.812175,-7.3153],[109.812175,-7.31503],[109.812714,-7.31503],[109.812714,-7.314761],[109.812984,-7.314761],[109.812984,-7.314491],[109.813253,-7.314491],[109.813253,-7.314222],[109.813792,-7.314222],[109.813792,-7.313952],[109.814331,-7.313952],[109.814331,-7.313683],[109.81487,-7.313683],[109.81487,-7.313413],[109.81514,-7.313413],[109.81514,-7.312605],[109.815409,-7.312605],[109.815409,-7.310718],[109.815679,-7.310718],[109.815679,-7.310179],[109.815948,-7.310179],[109.815948,-7.309371],[109.816218,-7.309371],[109.816218,-7.309101],[109.816487,-7.309101],[109.816487,-7.308562],[109.816757,-7.308562],[109.816757,-7.308293],[109.817026,-7.308293],[109.817026,-7.308024],[109.817296,-7.308024],[109.817296,-7.307754],[109.817565,-7.307754],[109.817565,-7.307485],[109.817835,-7.307485],[109.817835,-7.307215],[109.818104,-7.307215],[109.818104,-7.306676],[109.818374,-7.306676],[109.818374,-7.306407],[109.818913,-7.306407],[109.818913,-7.306137],[109.819452,-7.306137],[109.819452,-7.305059],[109.819991,-7.305059],[109.819991,-7.30479],[109.82053,-7.30479],[109.82053,-7.30452],[109.820799,-7.30452],[109.820799,-7.304251],[109.821069,-7.304251],[109.821069,-7.303981],[109.821608,-7.303981],[109.821608,-7.303712],[109.823224,-7.303712],[109.823224,-7.303442],[109.823494,-7.303442],[109.823494,-7.302364],[109.823763,-7.302364],[109.823763,-7.302095],[109.824033,-7.302095],[109.824033,-7.301825],[109.824841,-7.301825],[109.824841,-7.302095],[109.825111,-7.302095],[109.825111,-7.301825],[109.82565,-7.301825],[109.82565,-7.301556],[109.82538,-7.301556],[109.82538,-7.301286],[109.825111,-7.301286],[109.825111,-7.300208],[109.82538,-7.300208],[109.82538,-7.29913],[109.826728,-7.29913],[109.826728,-7.298861],[109.827536,-7.298861],[109.827536,-7.298322],[109.827806,-7.298322],[109.827806,-7.298052],[109.828075,-7.298052],[109.828075,-7.297783],[109.828345,-7.297783],[109.828345,-7.297513],[109.828884,-7.297513],[109.828884,-7.297783],[109.829423,-7.297783],[109.829423,-7.298052],[109.829962,-7.298052],[109.829962,-7.298322],[109.830231,-7.298322],[109.830231,-7.298052],[109.83077,-7.298052],[109.83077,-7.297513],[109.830501,-7.297513],[109.830501,-7.297244],[109.830231,-7.297244],[109.830231,-7.296705],[109.83077,-7.296705],[109.83077,-7.296435],[109.831309,-7.296435],[109.831309,-7.296166],[109.831579,-7.296166],[109.831579,-7.295896],[109.831848,-7.295896],[109.831848,-7.294818],[109.832387,-7.294818],[109.832387,-7.295088],[109.833196,-7.295088],[109.833196,-7.294818],[109.833465,-7.294818],[109.833465,-7.294549],[109.833735,-7.294549],[109.833735,-7.293201],[109.833465,-7.293201],[109.833465,-7.292662],[109.833735,-7.292662],[109.833735,-7.292393],[109.834274,-7.292393],[109.834274,-7.292123],[109.835082,-7.292123],[109.835082,-7.291854],[109.835352,-7.291854],[109.835352,-7.291315],[109.835621,-7.291315],[109.835621,-7.290506],[109.835891,-7.290506],[109.835891,-7.288889],[109.835621,-7.288889],[109.835621,-7.288081],[109.835891,-7.288081],[109.835891,-7.287812],[109.83616,-7.287812],[109.83616,-7.287542],[109.836969,-7.287542],[109.836969,-7.287273],[109.837508,-7.287273],[109.837508,-7.287003],[109.837777,-7.287003],[109.837777,-7.286734],[109.838047,-7.286734],[109.838047,-7.286464],[109.838316,-7.286464],[109.838316,-7.286195],[109.838586,-7.286195],[109.838586,-7.285925],[109.839394,-7.285925],[109.839394,-7.286195],[109.839664,-7.286195],[109.839664,-7.286464],[109.839933,-7.286464],[109.839933,-7.286195],[109.840203,-7.286195],[109.840203,-7.285925],[109.840472,-7.285925],[109.840472,-7.284578],[109.840742,-7.284578],[109.840742,-7.284308],[109.841011,-7.284308],[109.841011,-7.284039],[109.841281,-7.284039],[109.841281,-7.283769],[109.84155,-7.283769],[109.84155,-7.281613],[109.84182,-7.281613],[109.84182,-7.281344],[109.842898,-7.281344],[109.842898,-7.281074],[109.843167,-7.281074],[109.843167,-7.280805],[109.843436,-7.280805],[109.843436,-7.280266],[109.843167,-7.280266],[109.843167,-7.279727],[109.842898,-7.279727],[109.842898,-7.278649],[109.842628,-7.278649],[109.842628,-7.27784],[109.842359,-7.27784],[109.842359,-7.277301],[109.842089,-7.277301],[109.842089,-7.276493],[109.84182,-7.276493],[109.84182,-7.275954],[109.842089,-7.275954],[109.842089,-7.275684],[109.843436,-7.275684],[109.843436,-7.275415],[109.843706,-7.275415],[109.843706,-7.274606],[109.843436,-7.274606],[109.843436,-7.274337],[109.842898,-7.274337],[109.842898,-7.274067],[109.842628,-7.274067],[109.842628,-7.273798],[109.842089,-7.273798],[109.842089,-7.273259],[109.84182,-7.273259],[109.84182,-7.272989],[109.84155,-7.272989],[109.84155,-7.27272],[109.84182,-7.27272],[109.84182,-7.27245],[109.842089,-7.27245],[109.842089,-7.272181],[109.842628,-7.272181],[109.842628,-7.271372],[109.842898,-7.271372],[109.842898,-7.271103],[109.843167,-7.271103],[109.843167,-7.271372],[109.843706,-7.271372],[109.843706,-7.270833],[109.843975,-7.270833],[109.843975,-7.270564],[109.844245,-7.270564],[109.844245,-7.270294],[109.844784,-7.270294],[109.844784,-7.270025],[109.845053,-7.270025],[109.845053,-7.269486],[109.845323,-7.269486],[109.845323,-7.268947],[109.845592,-7.268947],[109.845592,-7.268138],[109.845323,-7.268138],[109.845323,-7.26733],[109.845592,-7.26733],[109.845592,-7.267061],[109.845862,-7.267061],[109.845862,-7.266522],[109.846131,-7.266522],[109.846131,-7.265713],[109.846401,-7.265713],[109.846401,-7.264905],[109.84667,-7.264905],[109.84667,-7.263827],[109.84694,-7.263827],[109.84694,-7.263018],[109.847209,-7.263018],[109.847209,-7.26194],[109.847479,-7.26194],[109.847479,-7.261671],[109.847748,-7.261671],[109.847748,-7.261401],[109.848018,-7.261401],[109.848018,-7.260862],[109.848287,-7.260862],[109.848287,-7.260593],[109.848557,-7.260593],[109.848557,-7.260054],[109.848826,-7.260054],[109.848826,-7.259245],[109.849096,-7.259245],[109.849096,-7.257898],[109.849365,-7.257898],[109.849365,-7.257089],[109.849635,-7.257089],[109.849635,-7.25682],[109.849904,-7.25682],[109.849904,-7.256281],[109.850174,-7.256281],[109.850174,-7.255742],[109.849904,-7.255742],[109.849904,-7.255472],[109.850174,-7.255472],[109.850174,-7.255203],[109.850443,-7.255203],[109.850443,-7.253316],[109.850174,-7.253316],[109.850174,-7.253047],[109.849904,-7.253047],[109.849904,-7.251699],[109.849635,-7.251699],[109.849635,-7.25143],[109.849904,-7.25143],[109.849904,-7.25116],[109.850174,-7.25116],[109.850174,-7.250891],[109.850713,-7.250891],[109.850713,-7.25116],[109.852599,-7.25116],[109.852599,-7.250621],[109.852869,-7.250621],[109.852869,-7.250352],[109.852599,-7.250352],[109.852599,-7.249813],[109.85233,-7.249813],[109.85233,-7.249274],[109.85206,-7.249274],[109.85206,-7.248735],[109.851791,-7.248735],[109.851791,-7.248196],[109.851521,-7.248196],[109.851521,-7.247388],[109.851791,-7.247388],[109.851791,-7.246849],[109.85206,-7.246849],[109.85206,-7.24631],[109.85233,-7.24631],[109.85233,-7.24604],[109.852599,-7.24604],[109.852599,-7.245771],[109.853138,-7.245771],[109.853138,-7.244962],[109.852869,-7.244962],[109.852869,-7.244154],[109.853138,-7.244154],[109.853138,-7.243884],[109.853408,-7.243884],[109.853408,-7.243615],[109.855025,-7.243615],[109.855025,-7.243345],[109.855294,-7.243345],[109.855294,-7.243076],[109.855564,-7.243076],[109.855564,-7.242806],[109.855833,-7.242806],[109.855833,-7.241998],[109.855564,-7.241998],[109.855564,-7.241728],[109.855294,-7.241728],[109.855294,-7.241459],[109.855025,-7.241459],[109.855025,-7.241189],[109.854755,-7.241189],[109.854755,-7.24092],[109.854486,-7.24092],[109.854486,-7.240111],[109.854216,-7.240111],[109.854216,-7.239842],[109.854486,-7.239842],[109.854486,-7.239303],[109.855833,-7.239303],[109.855833,-7.239572],[109.856372,-7.239572],[109.856372,-7.239842],[109.856642,-7.239842],[109.856642,-7.239572],[109.857181,-7.239572],[109.857181,-7.239303],[109.85745,-7.239303],[109.85745,-7.238764],[109.85772,-7.238764],[109.85772,-7.237686],[109.85745,-7.237686],[109.85745,-7.236608],[109.85772,-7.236608],[109.85772,-7.236338],[109.859337,-7.236338],[109.859337,-7.236069],[109.859876,-7.236069],[109.859876,-7.235799],[109.860684,-7.235799],[109.860684,-7.23553],[109.860954,-7.23553],[109.860954,-7.234721],[109.861223,-7.234721],[109.861223,-7.234452],[109.861493,-7.234452],[109.861493,-7.234182],[109.861762,-7.234182],[109.861762,-7.233374],[109.862032,-7.233374],[109.862032,-7.232565],[109.861762,-7.232565],[109.861762,-7.232296],[109.861493,-7.232296],[109.861493,-7.232026],[109.860954,-7.232026],[109.860954,-7.231757],[109.860684,-7.231757],[109.860684,-7.231487],[109.860415,-7.231487],[109.860415,-7.231218],[109.860684,-7.231218],[109.860684,-7.230948],[109.861493,-7.230948],[109.861493,-7.230679],[109.862571,-7.230679],[109.862571,-7.230409],[109.86284,-7.230409],[109.86284,-7.22987],[109.86311,-7.22987],[109.86311,-7.229331],[109.864726,-7.229331],[109.864726,-7.229601],[109.865535,-7.229601],[109.865535,-7.229331],[109.866343,-7.229331],[109.866343,-7.228523],[109.866074,-7.228523],[109.866074,-7.228253],[109.865804,-7.228253],[109.865804,-7.227714],[109.866613,-7.227714],[109.866613,-7.227445],[109.866882,-7.227445],[109.866882,-7.227714],[109.867691,-7.227714],[109.867691,-7.227984],[109.869308,-7.227984],[109.869308,-7.227714],[109.870116,-7.227714],[109.870116,-7.227445],[109.870386,-7.227445],[109.870386,-7.227176],[109.870655,-7.227176],[109.870655,-7.226637],[109.870925,-7.226637],[109.870925,-7.226367],[109.871194,-7.226367],[109.871194,-7.226098],[109.872811,-7.226098],[109.872811,-7.225828],[109.87362,-7.225828],[109.87362,-7.225559],[109.874428,-7.225559],[109.874428,-7.225289],[109.875776,-7.225289],[109.875776,-7.225559],[109.876584,-7.225559],[109.876584,-7.225828],[109.877393,-7.225828],[109.877393,-7.226098],[109.877932,-7.226098],[109.877932,-7.225828],[109.878201,-7.225828],[109.878201,-7.225559],[109.878471,-7.225559],[109.878471,-7.225289],[109.87874,-7.225289],[109.87874,-7.225559],[109.879549,-7.225559],[109.879549,-7.225289],[109.880088,-7.225289],[109.880088,-7.22502],[109.880357,-7.22502],[109.880357,-7.22475],[109.881435,-7.22475],[109.881435,-7.22502],[109.881705,-7.22502],[109.881705,-7.225289],[109.881974,-7.225289],[109.881974,-7.225559],[109.882783,-7.225559],[109.882783,-7.225289],[109.883322,-7.225289],[109.883322,-7.225559],[109.884938,-7.225559],[109.884938,-7.225289],[109.886825,-7.225289],[109.886825,-7.22502],[109.887364,-7.22502],[109.887364,-7.22475],[109.887903,-7.22475],[109.887903,-7.224481],[109.888442,-7.224481],[109.888442,-7.224211],[109.888711,-7.224211],[109.888711,-7.223942],[109.888981,-7.223942],[109.888981,-7.223672],[109.893023,-7.223672],[109.893023,-7.223942],[109.896527,-7.223942],[109.896527,-7.223672],[109.897874,-7.223672],[109.897874,-7.223403],[109.898144,-7.223403],[109.898144,-7.223133],[109.898413,-7.223133],[109.898413,-7.222864],[109.898683,-7.222864],[109.898683,-7.223133],[109.899222,-7.223133],[109.899222,-7.223403],[109.899491,-7.223403],[109.899491,-7.223133],[109.90003,-7.223133],[109.90003,-7.222864],[109.9003,-7.222864],[109.9003,-7.222594],[109.901108,-7.222594],[109.901108,-7.222325],[109.901378,-7.222325],[109.901378,-7.222055],[109.901647,-7.222055],[109.901647,-7.221786],[109.902186,-7.221786],[109.902186,-7.221516],[109.904072,-7.221516],[109.904072,-7.221786],[109.90515,-7.221786],[109.90515,-7.222055],[109.905689,-7.222055],[109.905689,-7.221786],[109.906767,-7.221786],[109.906767,-7.221516],[109.907037,-7.221516],[109.907037,-7.220708],[109.907306,-7.220708],[109.907306,-7.21963],[109.907576,-7.21963],[109.907576,-7.219091],[109.907845,-7.219091],[109.907845,-7.218821],[109.908384,-7.218821],[109.908384,-7.218552],[109.908923,-7.218552],[109.908923,-7.218282],[109.909193,-7.218282],[109.909193,-7.218013],[109.909462,-7.218013],[109.909462,-7.217743],[109.909732,-7.217743],[109.909732,-7.216665],[109.910001,-7.216665],[109.910001,-7.216396],[109.910271,-7.216396],[109.910271,-7.216126],[109.91054,-7.216126],[109.91054,-7.215857],[109.911079,-7.215857],[109.911079,-7.215587],[109.912157,-7.215587],[109.912157,-7.21397],[109.911888,-7.21397],[109.911888,-7.212892],[109.911618,-7.212892],[109.911618,-7.212353],[109.911349,-7.212353],[109.911349,-7.211275],[109.911079,-7.211275],[109.911079,-7.210467],[109.91081,-7.210467],[109.91081,-7.209928],[109.91054,-7.209928],[109.91054,-7.209389],[109.910271,-7.209389],[109.910271,-7.20858],[109.910001,-7.20858],[109.910001,-7.208311],[109.909732,-7.208311],[109.909732,-7.207502],[109.909462,-7.207502],[109.909462,-7.205616],[109.909732,-7.205616],[109.909732,-7.204808],[109.910001,-7.204808],[109.910001,-7.204538],[109.910271,-7.204538],[109.910271,-7.204269],[109.91054,-7.204269],[109.91054,-7.203999],[109.91081,-7.203999],[109.91081,-7.20373],[109.911079,-7.20373],[109.911079,-7.20346],[109.911349,-7.20346],[109.911349,-7.201304],[109.911079,-7.201304],[109.911079,-7.201035],[109.91081,-7.201035],[109.91081,-7.199957],[109.911349,-7.199957],[109.911349,-7.199687],[109.911888,-7.199687],[109.911888,-7.199418],[109.914044,-7.199418],[109.914044,-7.197531],[109.914313,-7.197531],[109.914313,-7.196992],[109.914583,-7.196992],[109.914583,-7.196184],[109.914852,-7.196184],[109.914852,-7.195645],[109.915122,-7.195645],[109.915122,-7.195375],[109.915391,-7.195375],[109.915391,-7.194836],[109.91593,-7.194836],[109.91593,-7.194567],[109.9162,-7.194567],[109.9162,-7.194297],[109.916739,-7.194297],[109.916739,-7.194028],[109.917008,-7.194028],[109.917008,-7.193758],[109.917278,-7.193758],[109.917278,-7.193489],[109.917547,-7.193489],[109.917547,-7.19268],[109.917278,-7.19268],[109.917278,-7.191063],[109.917008,-7.191063],[109.917008,-7.191602],[109.916739,-7.191602],[109.916739,-7.191872],[109.9162,-7.191872],[109.9162,-7.192141],[109.915661,-7.192141],[109.915661,-7.192411],[109.915122,-7.192411],[109.915122,-7.19268],[109.914852,-7.19268],[109.914852,-7.19295],[109.914044,-7.19295],[109.914044,-7.193219],[109.913774,-7.193219],[109.913774,-7.194028],[109.913505,-7.194028],[109.913505,-7.194297],[109.912696,-7.194297],[109.912696,-7.194567],[109.912427,-7.194567],[109.912427,-7.194836],[109.912157,-7.194836],[109.912157,-7.195106],[109.911888,-7.195106],[109.911888,-7.195375],[109.910271,-7.195375],[109.910271,-7.195106],[109.909462,-7.195106],[109.909462,-7.195375],[109.908923,-7.195375],[109.908923,-7.195645],[109.908384,-7.195645],[109.908384,-7.195914],[109.907576,-7.195914],[109.907576,-7.196184],[109.907037,-7.196184],[109.907037,-7.196453],[109.90515,-7.196453],[109.90515,-7.196184],[109.904342,-7.196184],[109.904342,-7.195914],[109.903803,-7.195914],[109.903803,-7.195645],[109.903534,-7.195645],[109.903534,-7.195375],[109.903264,-7.195375],[109.903264,-7.195106],[109.902995,-7.195106],[109.902995,-7.194836],[109.901378,-7.194836],[109.901378,-7.194567],[109.900839,-7.194567],[109.900839,-7.193489],[109.900569,-7.193489],[109.900569,-7.19295],[109.90003,-7.19295],[109.90003,-7.19268],[109.899761,-7.19268],[109.899761,-7.192411],[109.899491,-7.192411],[109.899491,-7.191602],[109.899222,-7.191602],[109.899222,-7.190255],[109.898952,-7.190255],[109.898952,-7.189985],[109.898683,-7.189985],[109.898683,-7.189716],[109.898144,-7.189716],[109.898144,-7.189446],[109.897874,-7.189446],[109.897874,-7.189177],[109.897605,-7.189177],[109.897605,-7.188907],[109.897335,-7.188907],[109.897335,-7.188368],[109.897066,-7.188368],[109.897066,-7.188099],[109.896796,-7.188099],[109.896796,-7.187829],[109.896527,-7.187829],[109.896527,-7.18729],[109.895988,-7.18729],[109.895988,-7.187021],[109.895449,-7.187021],[109.895449,-7.186751],[109.89491,-7.186751],[109.89491,-7.186482],[109.89464,-7.186482],[109.89464,-7.186213],[109.894371,-7.186213],[109.894371,-7.185943],[109.894101,-7.185943],[109.894101,-7.185404],[109.893832,-7.185404],[109.893832,-7.184865],[109.893562,-7.184865],[109.893562,-7.184326],[109.893293,-7.184326],[109.893293,-7.184057],[109.893023,-7.184057],[109.893023,-7.183787],[109.892754,-7.183787],[109.892754,-7.183248],[109.892484,-7.183248],[109.892484,-7.182979],[109.891676,-7.182979],[109.891676,-7.18244],[109.891406,-7.18244],[109.891406,-7.18217],[109.891137,-7.18217],[109.891137,-7.181901],[109.890867,-7.181901],[109.890867,-7.181631],[109.890059,-7.181631],[109.890059,-7.181901],[109.88952,-7.181901],[109.88952,-7.181631],[109.88925,-7.181631],[109.88925,-7.181092],[109.888981,-7.181092],[109.888981,-7.180823],[109.888442,-7.180823],[109.888442,-7.180553],[109.887903,-7.180553],[109.887903,-7.180284],[109.887364,-7.180284],[109.887364,-7.180014],[109.887094,-7.180014],[109.887094,-7.179206],[109.886825,-7.179206],[109.886825,-7.178936],[109.886286,-7.178936],[109.886286,-7.180823],[109.886016,-7.180823],[109.886016,-7.181362],[109.885747,-7.181362],[109.885747,-7.181631],[109.885208,-7.181631],[109.885208,-7.18217],[109.884938,-7.18217],[109.884938,-7.18244],[109.884669,-7.18244],[109.884669,-7.182709],[109.884399,-7.182709],[109.884399,-7.182979],[109.88413,-7.182979],[109.88413,-7.183248],[109.88386,-7.183248],[109.88386,-7.183787],[109.883322,-7.183787],[109.883322,-7.184057],[109.881974,-7.184057],[109.881974,-7.184326],[109.881435,-7.184326],[109.881435,-7.184596],[109.881166,-7.184596],[109.881166,-7.185135],[109.881435,-7.185135],[109.881435,-7.185674],[109.881705,-7.185674],[109.881705,-7.187021],[109.881974,-7.187021],[109.881974,-7.188368],[109.881705,-7.188368],[109.881705,-7.188907],[109.881166,-7.188907],[109.881166,-7.189177],[109.880896,-7.189177],[109.880896,-7.189446],[109.880088,-7.189446],[109.880088,-7.189716],[109.879818,-7.189716],[109.879818,-7.189985],[109.879279,-7.189985],[109.879279,-7.190255],[109.878471,-7.190255],[109.878471,-7.190524],[109.877662,-7.190524],[109.877662,-7.190794],[109.877393,-7.190794],[109.877393,-7.191063],[109.876854,-7.191063],[109.876854,-7.190794],[109.876584,-7.190794],[109.876584,-7.190255],[109.876315,-7.190255],[109.876315,-7.189985],[109.876045,-7.189985],[109.876045,-7.189446],[109.875776,-7.189446],[109.875776,-7.188907],[109.875506,-7.188907],[109.875506,-7.188368],[109.875237,-7.188368],[109.875237,-7.188099],[109.874967,-7.188099],[109.874967,-7.187829],[109.874698,-7.187829],[109.874698,-7.18756],[109.874428,-7.18756],[109.874428,-7.18729],[109.874159,-7.18729],[109.874159,-7.187021],[109.873889,-7.187021],[109.873889,-7.186751],[109.87362,-7.186751],[109.87362,-7.186213],[109.87335,-7.186213],[109.87335,-7.185943],[109.873081,-7.185943],[109.873081,-7.185404],[109.872272,-7.185404],[109.872272,-7.185135],[109.871464,-7.185135],[109.871464,-7.184865],[109.869577,-7.184865],[109.869577,-7.184596],[109.869038,-7.184596],[109.869038,-7.184326],[109.868499,-7.184326],[109.868499,-7.184057],[109.86796,-7.184057],[109.86796,-7.183787],[109.867691,-7.183787],[109.867691,-7.183248],[109.867421,-7.183248],[109.867421,-7.182709],[109.867152,-7.182709],[109.867152,-7.181631],[109.866882,-7.181631],[109.866882,-7.179745],[109.866613,-7.179745],[109.866613,-7.179206],[109.866343,-7.179206],[109.866343,-7.178936],[109.866074,-7.178936],[109.866074,-7.178397],[109.865804,-7.178397],[109.865804,-7.178128],[109.865535,-7.178128],[109.865535,-7.177858],[109.864996,-7.177858],[109.864996,-7.177589],[109.864457,-7.177589],[109.864457,-7.177319],[109.861223,-7.177319],[109.861223,-7.17705],[109.857989,-7.17705],[109.857989,-7.177319],[109.85772,-7.177319],[109.85772,-7.177589],[109.85745,-7.177589],[109.85745,-7.178128],[109.857181,-7.178128],[109.857181,-7.178397],[109.856642,-7.178397],[109.856642,-7.178667],[109.851791,-7.178667],[109.851791,-7.178936],[109.851521,-7.178936],[109.851521,-7.179206],[109.851252,-7.179206],[109.851252,-7.179475],[109.850982,-7.179475],[109.850982,-7.180284],[109.850713,-7.180284],[109.850713,-7.181362],[109.850443,-7.181362],[109.850443,-7.18244],[109.850174,-7.18244],[109.850174,-7.183248],[109.849904,-7.183248],[109.849904,-7.184326],[109.849635,-7.184326],[109.849635,-7.185135],[109.849365,-7.185135],[109.849365,-7.185674],[109.849096,-7.185674],[109.849096,-7.186213],[109.848557,-7.186213],[109.848557,-7.186482],[109.848018,-7.186482],[109.848018,-7.186751],[109.847209,-7.186751],[109.847209,-7.187021],[109.842628,-7.187021],[109.842628,-7.18729],[109.842359,-7.18729],[109.842359,-7.18756],[109.84182,-7.18756],[109.84182,-7.187829],[109.84155,-7.187829],[109.84155,-7.188099],[109.841281,-7.188099],[109.841281,-7.188368],[109.841011,-7.188368],[109.841011,-7.188907],[109.840742,-7.188907],[109.840742,-7.189446],[109.840472,-7.189446],[109.840472,-7.189716],[109.839394,-7.189716],[109.839394,-7.189985],[109.838047,-7.189985],[109.838047,-7.190255],[109.836969,-7.190255],[109.836969,-7.190524],[109.835621,-7.190524],[109.835621,-7.190794],[109.835352,-7.190794],[109.835352,-7.190524],[109.835082,-7.190524],[109.835082,-7.190255],[109.834543,-7.190255],[109.834543,-7.189985],[109.834004,-7.189985],[109.834004,-7.189716],[109.833735,-7.189716],[109.833735,-7.189446],[109.833465,-7.189446],[109.833465,-7.189177],[109.833196,-7.189177],[109.833196,-7.188638],[109.832926,-7.188638],[109.832926,-7.188099],[109.832657,-7.188099],[109.832657,-7.18756],[109.832387,-7.18756],[109.832387,-7.187021],[109.832118,-7.187021],[109.832118,-7.186482],[109.831848,-7.186482],[109.831848,-7.186213],[109.831579,-7.186213],[109.831579,-7.185674],[109.831309,-7.185674],[109.831309,-7.185135],[109.83104,-7.185135],[109.83104,-7.184596],[109.83077,-7.184596],[109.83077,-7.183248],[109.830501,-7.183248],[109.830501,-7.18217],[109.830231,-7.18217],[109.830231,-7.181362],[109.829962,-7.181362],[109.829962,-7.180823],[109.829692,-7.180823],[109.829692,-7.180553],[109.829153,-7.180553],[109.829153,-7.180284],[109.828614,-7.180284],[109.828614,-7.180014],[109.827267,-7.180014],[109.827267,-7.179745],[109.824302,-7.179745],[109.824302,-7.179475],[109.824033,-7.179475],[109.824033,-7.179206],[109.823763,-7.179206],[109.823763,-7.178667],[109.823494,-7.178667],[109.823494,-7.178397],[109.823224,-7.178397],[109.823224,-7.178128],[109.822955,-7.178128],[109.822955,-7.177858],[109.822686,-7.177858],[109.822686,-7.177589],[109.822416,-7.177589],[109.822416,-7.177319],[109.822147,-7.177319],[109.822147,-7.17705],[109.821608,-7.17705],[109.821608,-7.17678],[109.820799,-7.17678],[109.820799,-7.176511],[109.818374,-7.176511],[109.818374,-7.17678],[109.817565,-7.17678],[109.817565,-7.17705],[109.816218,-7.17705],[109.816218,-7.17678],[109.812984,-7.17678],[109.812984,-7.176511],[109.811906,-7.176511],[109.811906,-7.176241],[109.811636,-7.176241],[109.811636,-7.175972],[109.811097,-7.175972],[109.811097,-7.175702],[109.810558,-7.175702],[109.810558,-7.175433],[109.810289,-7.175433],[109.810289,-7.175163],[109.810019,-7.175163],[109.810019,-7.174894],[109.80975,-7.174894],[109.80975,-7.174624],[109.80948,-7.174624],[109.80948,-7.174355],[109.809211,-7.174355],[109.809211,-7.174085],[109.808941,-7.174085],[109.808941,-7.173816],[109.808402,-7.173816],[109.808402,-7.173546],[109.803282,-7.173546],[109.803282,-7.173277],[109.802743,-7.173277],[109.802743,-7.173007],[109.802204,-7.173007],[109.802204,-7.172738],[109.801665,-7.172738],[109.801665,-7.172468],[109.801126,-7.172468],[109.801126,-7.172199],[109.800857,-7.172199],[109.800857,-7.17166],[109.800587,-7.17166],[109.800587,-7.169234],[109.800318,-7.169234],[109.800318,-7.168965],[109.800048,-7.168965],[109.800048,-7.168695],[109.799509,-7.168695],[109.799509,-7.168426],[109.798701,-7.168426],[109.798701,-7.168156],[109.798162,-7.168156],[109.798162,-7.167887],[109.797353,-7.167887],[109.797353,-7.167617],[109.796814,-7.167617],[109.796814,-7.167348],[109.796275,-7.167348],[109.796275,-7.167078],[109.795736,-7.167078],[109.795736,-7.166809],[109.795467,-7.166809],[109.795467,-7.166539],[109.795197,-7.166539],[109.795197,-7.16627],[109.794928,-7.16627],[109.794928,-7.166001],[109.794658,-7.166001],[109.794658,-7.165192],[109.794389,-7.165192],[109.794389,-7.164653],[109.794119,-7.164653],[109.794119,-7.164384],[109.79385,-7.164384],[109.79385,-7.164114],[109.79358,-7.164114],[109.79358,-7.163845],[109.793311,-7.163845],[109.793311,-7.163575],[109.792772,-7.163575],[109.792772,-7.163306],[109.792233,-7.163306],[109.792233,-7.163036],[109.791694,-7.163036],[109.791694,-7.162767],[109.790616,-7.162767],[109.790616,-7.162497],[109.788999,-7.162497],[109.788999,-7.162228],[109.78819,-7.162228]],[[109.634579,-7.187021],[109.639969,-7.187021],[109.639969,-7.18729],[109.640239,-7.18729],[109.640239,-7.18756],[109.640777,-7.18756],[109.640777,-7.187829],[109.641047,-7.187829],[109.641047,-7.188099],[109.641316,-7.188099],[109.641316,-7.188368],[109.641586,-7.188368],[109.641586,-7.188638],[109.641855,-7.188638],[109.641855,-7.188907],[109.642125,-7.188907],[109.642125,-7.189177],[109.642394,-7.189177],[109.642394,-7.189446],[109.642664,-7.189446],[109.642664,-7.189716],[109.642933,-7.189716],[109.642933,-7.189985],[109.643472,-7.189985],[109.643472,-7.190255],[109.645359,-7.190255],[109.645359,-7.190524],[109.647245,-7.190524],[109.647245,-7.190794],[109.648593,-7.190794],[109.648593,-7.191063],[109.64994,-7.191063],[109.64994,-7.191333],[109.651018,-7.191333],[109.651018,-7.191602],[109.651827,-7.191602],[109.651827,-7.191872],[109.653174,-7.191872],[109.653174,-7.192141],[109.653713,-7.192141],[109.653713,-7.192411],[109.654522,-7.192411],[109.654522,-7.19268],[109.655061,-7.19268],[109.655061,-7.19295],[109.6556,-7.19295],[109.6556,-7.193219],[109.656139,-7.193219],[109.656139,-7.193489],[109.656678,-7.193489],[109.656678,-7.193758],[109.656947,-7.193758],[109.656947,-7.194028],[109.657217,-7.194028],[109.657217,-7.194297],[109.657486,-7.194297],[109.657486,-7.194567],[109.657756,-7.194567],[109.657756,-7.195106],[109.658025,-7.195106],[109.658025,-7.195375],[109.658295,-7.195375],[109.658295,-7.195914],[109.658564,-7.195914],[109.658564,-7.196723],[109.658834,-7.196723],[109.658834,-7.197531],[109.659103,-7.197531],[109.659103,-7.199687],[109.659373,-7.199687],[109.659373,-7.201843],[109.659642,-7.201843],[109.659642,-7.202382],[109.659912,-7.202382],[109.659912,-7.202921],[109.660451,-7.202921],[109.660451,-7.203191],[109.660989,-7.203191],[109.660989,-7.20346],[109.661528,-7.20346],[109.661528,-7.20373],[109.662067,-7.20373],[109.662067,-7.203999],[109.662337,-7.203999],[109.662337,-7.204269],[109.662876,-7.204269],[109.662876,-7.204538],[109.663415,-7.204538],[109.663415,-7.204808],[109.663684,-7.204808],[109.663684,-7.205077],[109.664223,-7.205077],[109.664223,-7.205347],[109.664762,-7.205347],[109.664762,-7.205616],[109.665032,-7.205616],[109.665032,-7.205886],[109.665301,-7.205886],[109.665301,-7.206425],[109.665571,-7.206425],[109.665571,-7.206963],[109.66584,-7.206963],[109.66584,-7.207772],[109.66611,-7.207772],[109.66611,-7.20885],[109.666379,-7.20885],[109.666379,-7.212353],[109.66611,-7.212353],[109.66611,-7.21397],[109.66584,-7.21397],[109.66584,-7.21424],[109.665571,-7.21424],[109.665571,-7.214509],[109.665301,-7.214509],[109.665301,-7.214779],[109.665032,-7.214779],[109.665032,-7.215048],[109.664762,-7.215048],[109.664762,-7.215318],[109.664223,-7.215318],[109.664223,-7.215587],[109.663954,-7.215587],[109.663954,-7.215857],[109.663684,-7.215857],[109.663684,-7.216126],[109.663415,-7.216126],[109.663415,-7.216396],[109.663145,-7.216396],[109.663145,-7.216665],[109.662876,-7.216665],[109.662876,-7.216935],[109.662606,-7.216935],[109.662606,-7.217204],[109.662337,-7.217204],[109.662337,-7.217474],[109.662067,-7.217474],[109.662067,-7.217743],[109.661528,-7.217743],[109.661528,-7.218013],[109.661259,-7.218013],[109.661259,-7.218282],[109.660989,-7.218282],[109.660989,-7.218552],[109.660451,-7.218552],[109.660451,-7.218821],[109.659912,-7.218821],[109.659912,-7.219091],[109.659373,-7.219091],[109.659373,-7.21936],[109.658834,-7.21936],[109.658834,-7.21963],[109.658025,-7.21963],[109.658025,-7.219899],[109.656947,-7.219899],[109.656947,-7.220169],[109.655869,-7.220169],[109.655869,-7.220438],[109.654522,-7.220438],[109.654522,-7.220708],[109.652635,-7.220708],[109.652635,-7.220977],[109.651288,-7.220977],[109.651288,-7.221247],[109.65021,-7.221247],[109.65021,-7.221516],[109.649401,-7.221516],[109.649401,-7.221786],[109.648593,-7.221786],[109.648593,-7.222055],[109.648323,-7.222055],[109.648323,-7.222325],[109.648054,-7.222325],[109.648054,-7.222594],[109.647784,-7.222594],[109.647784,-7.222864],[109.647515,-7.222864],[109.647515,-7.223403],[109.647245,-7.223403],[109.647245,-7.223942],[109.646976,-7.223942],[109.646976,-7.224481],[109.646706,-7.224481],[109.646706,-7.22475],[109.646437,-7.22475],[109.646437,-7.22502],[109.646167,-7.22502],[109.646167,-7.225289],[109.645898,-7.225289],[109.645898,-7.225559],[109.645628,-7.225559],[109.645628,-7.225828],[109.645359,-7.225828],[109.645359,-7.226367],[109.645089,-7.226367],[109.645089,-7.226637],[109.64482,-7.226637],[109.64482,-7.226906],[109.64455,-7.226906],[109.64455,-7.227176],[109.644281,-7.227176],[109.644281,-7.227445],[109.644011,-7.227445],[109.644011,-7.227714],[109.643472,-7.227714],[109.643472,-7.227984],[109.642664,-7.227984],[109.642664,-7.228253],[109.641586,-7.228253],[109.641586,-7.228523],[109.640508,-7.228523],[109.640508,-7.228792],[109.636466,-7.228792],[109.636466,-7.228523],[109.635118,-7.228523],[109.635118,-7.228253],[109.634849,-7.228253],[109.634849,-7.227984],[109.634579,-7.227984],[109.634579,-7.227714],[109.63404,-7.227714],[109.63404,-7.227176],[109.633771,-7.227176],[109.633771,-7.226906],[109.633501,-7.226906],[109.633501,-7.226637],[109.633232,-7.226637],[109.633232,-7.226098],[109.632962,-7.226098],[109.632962,-7.225559],[109.632693,-7.225559],[109.632693,-7.225289],[109.632423,-7.225289],[109.632423,-7.22475],[109.632154,-7.22475],[109.632154,-7.223942],[109.631884,-7.223942],[109.631884,-7.223133],[109.631615,-7.223133],[109.631615,-7.222325],[109.631345,-7.222325],[109.631345,-7.221786],[109.631076,-7.221786],[109.631076,-7.220977],[109.630806,-7.220977],[109.630806,-7.220438],[109.630537,-7.220438],[109.630537,-7.21963],[109.630267,-7.21963],[109.630267,-7.218821],[109.629998,-7.218821],[109.629998,-7.217743],[109.629728,-7.217743],[109.629728,-7.217204],[109.629459,-7.217204],[109.629459,-7.216665],[109.629189,-7.216665],[109.629189,-7.216126],[109.62892,-7.216126],[109.62892,-7.215318],[109.62865,-7.215318],[109.62865,-7.214509],[109.628381,-7.214509],[109.628381,-7.213431],[109.628111,-7.213431],[109.628111,-7.212892],[109.627842,-7.212892],[109.627842,-7.211814],[109.627572,-7.211814],[109.627572,-7.211275],[109.627303,-7.211275],[109.627303,-7.211006],[109.627033,-7.211006],[109.627033,-7.210467],[109.626764,-7.210467],[109.626764,-7.210197],[109.626494,-7.210197],[109.626494,-7.209658],[109.626225,-7.209658],[109.626225,-7.209119],[109.625955,-7.209119],[109.625955,-7.20885],[109.625686,-7.20885],[109.625686,-7.208311],[109.625416,-7.208311],[109.625416,-7.207772],[109.625147,-7.207772],[109.625147,-7.207233],[109.624877,-7.207233],[109.624877,-7.206425],[109.624608,-7.206425],[109.624608,-7.199418],[109.624877,-7.199418],[109.624877,-7.197801],[109.625147,-7.197801],[109.625147,-7.197262],[109.625416,-7.197262],[109.625416,-7.196992],[109.625686,-7.196992],[109.625686,-7.196723],[109.625955,-7.196723],[109.625955,-7.196453],[109.626225,-7.196453],[109.626225,-7.196184],[109.626494,-7.196184],[109.626494,-7.195914],[109.626764,-7.195914],[109.626764,-7.195645],[109.627033,-7.195645],[109.627033,-7.195375],[109.627572,-7.195375],[109.627572,-7.194836],[109.627842,-7.194836],[109.627842,-7.194028],[109.628111,-7.194028],[109.628111,-7.193219],[109.628381,-7.193219],[109.628381,-7.192411],[109.62865,-7.192411],[109.62865,-7.191602],[109.62892,-7.191602],[109.62892,-7.191063],[109.629189,-7.191063],[109.629189,-7.190524],[109.629459,-7.190524],[109.629459,-7.189985],[109.629728,-7.189985],[109.629728,-7.189716],[109.629998,-7.189716],[109.629998,-7.189177],[109.630267,-7.189177],[109.630267,-7.188907],[109.630537,-7.188907],[109.630537,-7.188638],[109.630806,-7.188638],[109.630806,-7.188368],[109.631076,-7.188368],[109.631076,-7.188099],[109.631345,-7.188099],[109.631345,-7.187829],[109.631884,-7.187829],[109.631884,-7.18756],[109.633232,-7.18756],[109.633232,-7.18729],[109.634579,-7.18729],[109.634579,-7.187021]],[[109.725398,-7.226637],[109.731866,-7.226637],[109.731866,-7.226906],[109.735909,-7.226906],[109.735909,-7.227176],[109.738065,-7.227176],[109.738065,-7.227445],[109.739412,-7.227445],[109.739412,-7.227714],[109.740221,-7.227714],[109.740221,-7.227984],[109.741029,-7.227984],[109.741029,-7.228253],[109.741568,-7.228253],[109.741568,-7.228523],[109.742107,-7.228523],[109.742107,-7.228792],[109.742376,-7.228792],[109.742376,-7.229062],[109.742915,-7.229062],[109.742915,-7.229331],[109.743185,-7.229331],[109.743185,-7.229601],[109.743454,-7.229601],[109.743454,-7.23014],[109.743724,-7.23014],[109.743724,-7.230409],[109.743993,-7.230409],[109.743993,-7.230948],[109.744263,-7.230948],[109.744263,-7.231487],[109.744532,-7.231487],[109.744532,-7.232296],[109.744802,-7.232296],[109.744802,-7.232835],[109.745071,-7.232835],[109.745071,-7.233374],[109.745341,-7.233374],[109.745341,-7.233913],[109.74561,-7.233913],[109.74561,-7.236069],[109.74588,-7.236069],[109.74588,-7.238494],[109.74561,-7.238494],[109.74561,-7.239303],[109.745341,-7.239303],[109.745341,-7.239842],[109.745071,-7.239842],[109.745071,-7.240381],[109.744802,-7.240381],[109.744802,-7.24092],[109.744532,-7.24092],[109.744532,-7.241459],[109.744263,-7.241459],[109.744263,-7.241998],[109.743993,-7.241998],[109.743993,-7.242537],[109.743724,-7.242537],[109.743724,-7.242806],[109.743454,-7.242806],[109.743454,-7.243076],[109.743185,-7.243076],[109.743185,-7.243345],[109.742646,-7.243345],[109.742646,-7.243615],[109.742376,-7.243615],[109.742376,-7.243884],[109.741838,-7.243884],[109.741838,-7.244154],[109.741029,-7.244154],[109.741029,-7.244423],[109.740221,-7.244423],[109.740221,-7.244693],[109.738873,-7.244693],[109.738873,-7.244962],[109.736717,-7.244962],[109.736717,-7.245232],[109.734022,-7.245232],[109.734022,-7.245501],[109.729441,-7.245501],[109.729441,-7.245232],[109.726476,-7.245232],[109.726476,-7.244962],[109.724859,-7.244962],[109.724859,-7.244693],[109.723781,-7.244693],[109.723781,-7.244423],[109.723242,-7.244423],[109.723242,-7.244154],[109.722703,-7.244154],[109.722703,-7.243884],[109.722434,-7.243884],[109.722434,-7.243615],[109.722164,-7.243615],[109.722164,-7.243345],[109.721895,-7.243345],[109.721895,-7.243076],[109.721625,-7.243076],[109.721625,-7.242806],[109.721356,-7.242806],[109.721356,-7.242537],[109.721087,-7.242537],[109.721087,-7.241998],[109.720817,-7.241998],[109.720817,-7.241728],[109.720278,-7.241728],[109.720278,-7.241459],[109.719739,-7.241459],[109.719739,-7.241189],[109.71947,-7.241189],[109.71947,-7.24092],[109.718931,-7.24092],[109.718931,-7.24065],[109.718661,-7.24065],[109.718661,-7.240381],[109.718392,-7.240381],[109.718392,-7.239842],[109.718122,-7.239842],[109.718122,-7.239572],[109.717853,-7.239572],[109.717853,-7.238764],[109.717583,-7.238764],[109.717583,-7.238225],[109.717314,-7.238225],[109.717314,-7.234721],[109.717583,-7.234721],[109.717583,-7.232026],[109.717853,-7.232026],[109.717853,-7.230409],[109.718122,-7.230409],[109.718122,-7.229601],[109.718392,-7.229601],[109.718392,-7.229331],[109.718661,-7.229331],[109.718661,-7.229062],[109.718931,-7.229062],[109.718931,-7.228792],[109.7192,-7.228792],[109.7192,-7.228523],[109.71947,-7.228523],[109.71947,-7.228253],[109.719739,-7.228253],[109.719739,-7.227984],[109.720278,-7.227984],[109.720278,-7.227714],[109.720817,-7.227714],[109.720817,-7.227445],[109.721895,-7.227445],[109.721895,-7.227176],[109.723242,-7.227176],[109.723242,-7.226906],[109.725398,-7.226906],[109.725398,-7.226637]]]}},{"id":"3","type":"Feature","properties":{"DN":2,"Keterangan":"Sedang"},"geometry":{"type":"Polygon","coordinates":[[[109.760702,-7.435224],[109.760702,-7.435494],[109.760433,-7.435494],[109.760433,-7.435763],[109.760163,-7.435763],[109.760163,-7.436572],[109.759894,-7.436572],[109.759894,-7.43738],[109.759624,-7.43738],[109.759624,-7.438189],[109.759355,-7.438189],[109.759355,-7.438997],[109.759085,-7.438997],[109.759085,-7.440345],[109.759355,-7.440345],[109.759355,-7.440614],[109.759624,-7.440614],[109.759624,-7.440884],[109.759894,-7.440884],[109.759894,-7.440614],[109.761241,-7.440614],[109.761241,-7.440884],[109.761511,-7.440884],[109.761511,-7.441153],[109.76205,-7.441153],[109.76205,-7.441423],[109.762319,-7.441423],[109.762319,-7.441692],[109.762588,-7.441692],[109.762588,-7.441962],[109.762858,-7.441962],[109.762858,-7.442231],[109.763127,-7.442231],[109.763127,-7.442501],[109.763397,-7.442501],[109.763397,-7.44277],[109.763936,-7.44277],[109.763936,-7.44304],[109.764205,-7.44304],[109.764205,-7.443309],[109.764744,-7.443309],[109.764744,-7.443579],[109.765014,-7.443579],[109.765014,-7.443848],[109.765553,-7.443848],[109.765553,-7.444118],[109.765822,-7.444118],[109.765822,-7.444387],[109.766361,-7.444387],[109.766361,-7.444657],[109.766631,-7.444657],[109.766631,-7.444926],[109.76717,-7.444926],[109.76717,-7.445196],[109.767709,-7.445196],[109.767709,-7.445465],[109.767978,-7.445465],[109.767978,-7.445735],[109.768517,-7.445735],[109.768517,-7.446004],[109.768787,-7.446004],[109.768787,-7.446274],[109.769326,-7.446274],[109.769326,-7.446543],[109.769595,-7.446543],[109.769595,-7.446813],[109.770134,-7.446813],[109.770134,-7.447352],[109.771212,-7.447352],[109.771212,-7.447621],[109.772021,-7.447621],[109.772021,-7.447891],[109.781992,-7.447891],[109.781992,-7.44816],[109.787921,-7.44816],[109.787921,-7.447891],[109.787651,-7.447891],[109.787651,-7.447621],[109.785226,-7.447621],[109.785226,-7.447352],[109.784148,-7.447352],[109.784148,-7.447082],[109.78307,-7.447082],[109.78307,-7.446813],[109.782262,-7.446813],[109.782262,-7.446543],[109.781453,-7.446543],[109.781453,-7.446274],[109.780645,-7.446274],[109.780645,-7.446004],[109.780106,-7.446004],[109.780106,-7.445735],[109.779567,-7.445735],[109.779567,-7.445465],[109.779028,-7.445465],[109.779028,-7.445196],[109.778758,-7.445196],[109.778758,-7.444926],[109.778219,-7.444926],[109.778219,-7.444657],[109.77795,-7.444657],[109.77795,-7.444387],[109.777411,-7.444387],[109.777411,-7.444118],[109.777141,-7.444118],[109.777141,-7.443848],[109.776872,-7.443848],[109.776872,-7.443579],[109.776333,-7.443579],[109.776333,-7.443309],[109.775794,-7.443309],[109.775794,-7.44304],[109.775524,-7.44304],[109.775524,-7.44277],[109.774985,-7.44277],[109.774985,-7.442501],[109.774716,-7.442501],[109.774716,-7.442231],[109.774446,-7.442231],[109.774446,-7.441962],[109.774177,-7.441962],[109.774177,-7.441692],[109.773907,-7.441692],[109.773907,-7.441423],[109.773638,-7.441423],[109.773638,-7.440884],[109.773368,-7.440884],[109.773368,-7.440614],[109.773099,-7.440614],[109.773099,-7.440345],[109.772829,-7.440345],[109.772829,-7.440075],[109.77256,-7.440075],[109.77256,-7.439806],[109.77229,-7.439806],[109.77229,-7.439536],[109.772021,-7.439536],[109.772021,-7.439267],[109.771751,-7.439267],[109.771751,-7.438997],[109.771212,-7.438997],[109.771212,-7.438728],[109.770943,-7.438728],[109.770943,-7.438458],[109.770673,-7.438458],[109.770673,-7.438189],[109.770404,-7.438189],[109.770404,-7.437919],[109.770134,-7.437919],[109.770134,-7.43765],[109.769865,-7.43765],[109.769865,-7.43738],[109.769595,-7.43738],[109.769595,-7.437111],[109.769326,-7.437111],[109.769326,-7.436841],[109.769056,-7.436841],[109.769056,-7.436572],[109.768787,-7.436572],[109.768787,-7.436302],[109.767978,-7.436302],[109.767978,-7.436033],[109.767709,-7.436033],[109.767709,-7.435763],[109.7669,-7.435763],[109.7669,-7.435494],[109.765553,-7.435494],[109.765553,-7.435224],[109.760702,-7.435224]]]}},{"id":"4","type":"Feature","properties":{"DN":1,"Keterangan":"Rendah"},"geometry":{"type":"Polygon","coordinates":[[[109.748844,-7.400729],[109.748844,-7.400999],[109.747766,-7.400999],[109.747766,-7.401268],[109.746958,-7.401268],[109.746958,-7.401538],[109.746149,-7.401538],[109.746149,-7.401807],[109.74561,-7.401807],[109.74561,-7.402077],[109.745071,-7.402077],[109.745071,-7.402346],[109.744532,-7.402346],[109.744532,-7.402616],[109.744263,-7.402616],[109.744263,-7.402885],[109.743993,-7.402885],[109.743993,-7.403155],[109.743724,-7.403155],[109.743724,-7.403424],[109.743185,-7.403424],[109.743185,-7.403694],[109.742646,-7.403694],[109.742646,-7.403963],[109.742376,-7.403963],[109.742376,-7.404233],[109.741838,-7.404233],[109.741838,-7.404502],[109.741568,-7.404502],[109.741568,-7.404772],[109.741299,-7.404772],[109.741299,-7.405041],[109.741029,-7.405041],[109.741029,-7.405311],[109.74076,-7.405311],[109.74076,-7.40558],[109.74049,-7.40558],[109.74049,-7.40585],[109.740221,-7.40585],[109.740221,-7.406389],[109.739951,-7.406389],[109.739951,-7.406658],[109.739682,-7.406658],[109.739682,-7.407197],[109.739412,-7.407197],[109.739412,-7.408006],[109.739143,-7.408006],[109.739143,-7.408814],[109.738873,-7.408814],[109.738873,-7.409623],[109.738604,-7.409623],[109.738604,-7.410161],[109.738334,-7.410161],[109.738334,-7.41097],[109.738065,-7.41097],[109.738065,-7.411778],[109.737795,-7.411778],[109.737795,-7.412317],[109.737526,-7.412317],[109.737526,-7.413126],[109.737256,-7.413126],[109.737256,-7.413665],[109.736987,-7.413665],[109.736987,-7.414204],[109.736717,-7.414204],[109.736717,-7.414473],[109.736178,-7.414473],[109.736178,-7.414743],[109.73537,-7.414743],[109.73537,-7.415012],[109.734561,-7.415012],[109.734561,-7.415282],[109.733753,-7.415282],[109.733753,-7.415551],[109.731866,-7.415551],[109.731866,-7.415821],[109.729171,-7.415821],[109.729171,-7.41609],[109.728093,-7.41609],[109.728093,-7.415821],[109.725668,-7.415821],[109.725668,-7.415551],[109.723781,-7.415551],[109.723781,-7.415282],[109.722703,-7.415282],[109.722703,-7.415012],[109.721356,-7.415012],[109.721356,-7.414743],[109.719739,-7.414743],[109.719739,-7.414473],[109.717583,-7.414473],[109.717583,-7.414204],[109.714888,-7.414204],[109.714888,-7.414473],[109.711654,-7.414473],[109.711654,-7.414743],[109.7033,-7.414743],[109.7033,-7.415012],[109.700336,-7.415012],[109.700336,-7.415282],[109.699258,-7.415282],[109.699258,-7.415551],[109.698449,-7.415551],[109.698449,-7.415821],[109.697641,-7.415821],[109.697641,-7.41609],[109.697102,-7.41609],[109.697102,-7.41636],[109.696832,-7.41636],[109.696832,-7.416629],[109.696293,-7.416629],[109.696293,-7.416899],[109.696024,-7.416899],[109.696024,-7.417168],[109.695754,-7.417168],[109.695754,-7.417438],[109.695485,-7.417438],[109.695485,-7.417707],[109.695215,-7.417707],[109.695215,-7.417977],[109.694946,-7.417977],[109.694946,-7.418246],[109.694676,-7.418246],[109.694676,-7.418516],[109.694407,-7.418516],[109.694407,-7.419055],[109.694137,-7.419055],[109.694137,-7.419594],[109.693868,-7.419594],[109.693868,-7.420941],[109.693598,-7.420941],[109.693598,-7.422558],[109.693329,-7.422558],[109.693329,-7.426331],[109.693598,-7.426331],[109.693598,-7.427948],[109.693868,-7.427948],[109.693868,-7.428757],[109.694137,-7.428757],[109.694137,-7.429296],[109.694407,-7.429296],[109.694407,-7.429565],[109.694676,-7.429565],[109.694676,-7.429835],[109.694946,-7.429835],[109.694946,-7.430104],[109.695215,-7.430104],[109.695215,-7.430373],[109.695485,-7.430373],[109.695485,-7.430643],[109.696024,-7.430643],[109.696024,-7.430912],[109.696563,-7.430912],[109.696563,-7.431451],[109.696832,-7.431451],[109.696832,-7.431721],[109.697102,-7.431721],[109.697102,-7.43226],[109.697371,-7.43226],[109.697371,-7.432799],[109.697641,-7.432799],[109.697641,-7.433068],[109.69791,-7.433068],[109.69791,-7.433338],[109.69818,-7.433338],[109.69818,-7.433607],[109.698449,-7.433607],[109.698449,-7.433877],[109.698719,-7.433877],[109.698719,-7.434146],[109.699258,-7.434146],[109.699258,-7.434416],[109.699527,-7.434416],[109.699527,-7.434685],[109.700336,-7.434685],[109.700336,-7.434955],[109.700875,-7.434955],[109.700875,-7.435224],[109.701144,-7.435224],[109.701144,-7.435494],[109.701683,-7.435494],[109.701683,-7.435763],[109.701952,-7.435763],[109.701952,-7.436033],[109.702222,-7.436033],[109.702222,-7.436302],[109.702491,-7.436302],[109.702491,-7.436572],[109.70303,-7.436572],[109.70303,-7.436841],[109.703569,-7.436841],[109.703569,-7.437111],[109.703839,-7.437111],[109.703839,-7.43738],[109.704647,-7.43738],[109.704647,-7.43765],[109.705186,-7.43765],[109.705186,-7.437919],[109.706264,-7.437919],[109.706264,-7.438189],[109.707342,-7.438189],[109.707342,-7.438458],[109.70869,-7.438458],[109.70869,-7.438728],[109.709498,-7.438728],[109.709498,-7.438997],[109.710307,-7.438997],[109.710307,-7.439267],[109.711385,-7.439267],[109.711385,-7.439536],[109.712463,-7.439536],[109.712463,-7.439806],[109.712732,-7.439806],[109.712732,-7.441423],[109.713002,-7.441423],[109.713002,-7.44277],[109.713271,-7.44277],[109.713271,-7.443848],[109.713541,-7.443848],[109.713541,-7.444657],[109.71381,-7.444657],[109.71381,-7.445196],[109.71408,-7.445196],[109.71408,-7.445735],[109.714349,-7.445735],[109.714349,-7.446274],[109.714619,-7.446274],[109.714619,-7.446543],[109.714888,-7.446543],[109.714888,-7.447082],[109.715158,-7.447082],[109.715158,-7.447352],[109.715427,-7.447352],[109.715427,-7.447621],[109.715697,-7.447621],[109.715697,-7.447891],[109.716236,-7.447891],[109.716236,-7.44816],[109.716505,-7.44816],[109.716505,-7.44843],[109.718122,-7.44843],[109.718122,-7.448699],[109.720278,-7.448699],[109.720278,-7.448969],[109.720817,-7.448969],[109.720817,-7.448699],[109.722434,-7.448699],[109.722434,-7.44843],[109.724051,-7.44843],[109.724051,-7.44816],[109.724859,-7.44816],[109.724859,-7.447891],[109.725398,-7.447891],[109.725398,-7.447621],[109.725937,-7.447621],[109.725937,-7.447352],[109.726746,-7.447352],[109.726746,-7.447082],[109.727285,-7.447082],[109.727285,-7.446813],[109.728093,-7.446813],[109.728093,-7.446543],[109.728902,-7.446543],[109.728902,-7.446274],[109.730519,-7.446274],[109.730519,-7.446004],[109.731866,-7.446004],[109.731866,-7.445735],[109.733214,-7.445735],[109.733214,-7.446004],[109.733753,-7.446004],[109.733753,-7.446274],[109.734561,-7.446274],[109.734561,-7.446543],[109.73537,-7.446543],[109.73537,-7.446813],[109.736178,-7.446813],[109.736178,-7.447082],[109.736987,-7.447082],[109.736987,-7.447621],[109.737256,-7.447621],[109.737256,-7.44843],[109.737526,-7.44843],[109.737526,-7.451394],[109.737795,-7.451394],[109.737795,-7.452202],[109.737526,-7.452202],[109.737526,-7.453819],[109.737256,-7.453819],[109.737256,-7.454897],[109.736987,-7.454897],[109.736987,-7.455706],[109.736717,-7.455706],[109.736717,-7.455975],[109.736448,-7.455975],[109.736448,-7.456245],[109.736178,-7.456245],[109.736178,-7.456514],[109.735909,-7.456514],[109.735909,-7.456784],[109.741029,-7.456784],[109.741029,-7.457053],[109.742376,-7.457053],[109.742376,-7.456784],[109.745071,-7.456784],[109.745071,-7.456514],[109.748844,-7.456514],[109.748844,-7.456245],[109.749922,-7.456245],[109.749922,-7.455975],[109.750461,-7.455975],[109.750461,-7.455436],[109.750731,-7.455436],[109.750731,-7.454897],[109.751,-7.454897],[109.751,-7.454358],[109.75127,-7.454358],[109.75127,-7.454089],[109.751539,-7.454089],[109.751539,-7.45355],[109.751809,-7.45355],[109.751809,-7.453011],[109.752078,-7.453011],[109.752078,-7.452472],[109.752348,-7.452472],[109.752348,-7.452202],[109.752617,-7.452202],[109.752617,-7.451394],[109.752887,-7.451394],[109.752887,-7.449777],[109.752617,-7.449777],[109.752617,-7.445196],[109.752887,-7.445196],[109.752887,-7.44304],[109.753156,-7.44304],[109.753156,-7.441153],[109.753426,-7.441153],[109.753426,-7.439536],[109.755312,-7.439536],[109.755312,-7.439806],[109.756929,-7.439806],[109.756929,-7.440075],[109.758546,-7.440075],[109.758546,-7.440345],[109.759085,-7.440345],[109.759085,-7.438997],[109.759355,-7.438997],[109.759355,-7.438189],[109.759624,-7.438189],[109.759624,-7.43738],[109.759894,-7.43738],[109.759894,-7.436572],[109.760163,-7.436572],[109.760163,-7.435763],[109.760433,-7.435763],[109.760433,-7.435494],[109.760702,-7.435494],[109.760702,-7.435224],[109.765553,-7.435224],[109.765553,-7.435494],[109.7669,-7.435494],[109.7669,-7.435763],[109.767709,-7.435763],[109.767709,-7.436033],[109.767978,-7.436033],[109.767978,-7.436302],[109.768787,-7.436302],[109.768787,-7.436572],[109.769056,-7.436572],[109.769056,-7.436841],[109.769326,-7.436841],[109.769326,-7.437111],[109.769595,-7.437111],[109.769595,-7.43738],[109.769865,-7.43738],[109.769865,-7.43765],[109.770134,-7.43765],[109.770134,-7.437919],[109.770404,-7.437919],[109.770404,-7.438189],[109.770673,-7.438189],[109.770673,-7.438458],[109.770943,-7.438458],[109.770943,-7.438728],[109.771212,-7.438728],[109.771212,-7.438997],[109.771751,-7.438997],[109.771751,-7.439267],[109.772021,-7.439267],[109.772021,-7.439536],[109.77229,-7.439536],[109.77229,-7.439806],[109.77256,-7.439806],[109.77256,-7.440075],[109.772829,-7.440075],[109.772829,-7.440345],[109.773099,-7.440345],[109.773099,-7.440614],[109.773368,-7.440614],[109.773368,-7.440884],[109.773638,-7.440884],[109.773638,-7.441423],[109.773907,-7.441423],[109.773907,-7.441692],[109.774177,-7.441692],[109.774177,-7.441962],[109.774446,-7.441962],[109.774446,-7.442231],[109.774716,-7.442231],[109.774716,-7.442501],[109.774985,-7.442501],[109.774985,-7.44277],[109.775524,-7.44277],[109.775524,-7.44304],[109.775794,-7.44304],[109.775794,-7.443309],[109.776333,-7.443309],[109.776333,-7.443579],[109.776872,-7.443579],[109.776872,-7.443848],[109.777141,-7.443848],[109.777141,-7.444118],[109.777411,-7.444118],[109.777411,-7.444387],[109.77795,-7.444387],[109.77795,-7.444657],[109.778219,-7.444657],[109.778219,-7.444926],[109.778758,-7.444926],[109.778758,-7.445196],[109.779028,-7.445196],[109.779028,-7.445465],[109.779567,-7.445465],[109.779567,-7.445735],[109.780106,-7.445735],[109.780106,-7.446004],[109.780645,-7.446004],[109.780645,-7.446274],[109.781453,-7.446274],[109.781453,-7.446543],[109.782262,-7.446543],[109.782262,-7.446813],[109.78307,-7.446813],[109.78307,-7.447082],[109.784148,-7.447082],[109.784148,-7.447352],[109.785226,-7.447352],[109.785226,-7.447621],[109.787651,-7.447621],[109.787651,-7.447891],[109.790885,-7.447891],[109.790885,-7.447621],[109.793311,-7.447621],[109.793311,-7.447352],[109.795736,-7.447352],[109.795736,-7.447082],[109.802474,-7.447082],[109.802474,-7.446813],[109.803821,-7.446813],[109.803821,-7.446543],[109.804899,-7.446543],[109.804899,-7.446274],[109.805707,-7.446274],[109.805707,-7.446004],[109.806246,-7.446004],[109.806246,-7.445735],[109.806785,-7.445735],[109.806785,-7.445465],[109.807055,-7.445465],[109.807055,-7.445196],[109.807594,-7.445196],[109.807594,-7.444926],[109.807863,-7.444926],[109.807863,-7.444657],[109.808133,-7.444657],[109.808133,-7.444387],[109.808402,-7.444387],[109.808402,-7.444118],[109.808672,-7.444118],[109.808672,-7.443848],[109.808941,-7.443848],[109.808941,-7.443309],[109.809211,-7.443309],[109.809211,-7.44277],[109.80948,-7.44277],[109.80948,-7.441962],[109.810019,-7.441962],[109.810019,-7.441423],[109.810289,-7.441423],[109.810289,-7.440614],[109.810558,-7.440614],[109.810558,-7.439806],[109.810828,-7.439806],[109.810828,-7.438997],[109.810558,-7.438997],[109.810558,-7.436572],[109.810289,-7.436572],[109.810289,-7.435494],[109.810019,-7.435494],[109.810019,-7.434955],[109.80948,-7.434955],[109.80948,-7.434685],[109.809211,-7.434685],[109.809211,-7.434146],[109.808941,-7.434146],[109.808941,-7.433877],[109.808672,-7.433877],[109.808672,-7.433607],[109.808402,-7.433607],[109.808402,-7.433338],[109.808133,-7.433338],[109.808133,-7.433068],[109.807863,-7.433068],[109.807863,-7.432799],[109.807324,-7.432799],[109.807324,-7.432529],[109.807055,-7.432529],[109.807055,-7.43226],[109.806516,-7.43226],[109.806516,-7.43199],[109.805977,-7.43199],[109.805977,-7.431721],[109.805438,-7.431721],[109.805438,-7.431451],[109.805168,-7.431451],[109.805168,-7.431182],[109.804899,-7.431182],[109.804899,-7.430912],[109.804629,-7.430912],[109.804629,-7.430643],[109.80436,-7.430643],[109.80436,-7.430373],[109.80409,-7.430373],[109.80409,-7.430104],[109.803821,-7.430104],[109.803821,-7.429835],[109.803282,-7.429835],[109.803282,-7.429565],[109.803012,-7.429565],[109.803012,-7.429296],[109.802474,-7.429296],[109.802474,-7.429026],[109.802204,-7.429026],[109.802204,-7.428757],[109.801665,-7.428757],[109.801665,-7.428487],[109.801126,-7.428487],[109.801126,-7.428218],[109.800587,-7.428218],[109.800587,-7.427948],[109.800048,-7.427948],[109.800048,-7.427679],[109.799509,-7.427679],[109.799509,-7.427409],[109.79924,-7.427409],[109.79924,-7.42714],[109.798701,-7.42714],[109.798701,-7.42687],[109.798162,-7.42687],[109.798162,-7.426601],[109.797623,-7.426601],[109.797623,-7.426331],[109.795736,-7.426331],[109.795736,-7.426062],[109.791155,-7.426062],[109.791155,-7.426331],[109.789538,-7.426331],[109.789538,-7.426601],[109.78846,-7.426601],[109.78846,-7.42687],[109.787651,-7.42687],[109.787651,-7.42714],[109.786843,-7.42714],[109.786843,-7.427409],[109.786034,-7.427409],[109.786034,-7.427679],[109.785226,-7.427679],[109.785226,-7.427948],[109.784956,-7.427948],[109.784956,-7.427679],[109.783339,-7.427679],[109.783339,-7.427409],[109.781992,-7.427409],[109.781992,-7.42714],[109.780914,-7.42714],[109.780914,-7.42687],[109.780645,-7.42687],[109.780645,-7.426601],[109.780106,-7.426601],[109.780106,-7.426331],[109.779567,-7.426331],[109.779567,-7.426062],[109.779028,-7.426062],[109.779028,-7.425792],[109.778489,-7.425792],[109.778489,-7.425523],[109.77795,-7.425523],[109.77795,-7.425253],[109.777141,-7.425253],[109.777141,-7.424984],[109.776872,-7.424984],[109.776872,-7.424714],[109.776333,-7.424714],[109.776333,-7.424445],[109.776063,-7.424445],[109.776063,-7.424175],[109.775794,-7.424175],[109.775794,-7.423906],[109.775524,-7.423906],[109.775524,-7.423367],[109.775255,-7.423367],[109.775255,-7.422828],[109.774985,-7.422828],[109.774985,-7.422558],[109.774716,-7.422558],[109.774716,-7.422019],[109.774446,-7.422019],[109.774446,-7.42175],[109.774177,-7.42175],[109.774177,-7.42148],[109.773907,-7.42148],[109.773907,-7.421211],[109.773638,-7.421211],[109.773638,-7.420941],[109.773368,-7.420941],[109.773368,-7.420672],[109.773099,-7.420672],[109.773099,-7.420402],[109.772829,-7.420402],[109.772829,-7.419863],[109.77256,-7.419863],[109.77256,-7.419324],[109.77229,-7.419324],[109.77229,-7.418516],[109.772021,-7.418516],[109.772021,-7.417977],[109.771751,-7.417977],[109.771751,-7.417438],[109.771482,-7.417438],[109.771482,-7.416899],[109.771212,-7.416899],[109.771212,-7.41636],[109.770943,-7.41636],[109.770943,-7.41609],[109.770673,-7.41609],[109.770673,-7.415821],[109.770404,-7.415821],[109.770404,-7.415282],[109.770134,-7.415282],[109.770134,-7.415012],[109.769865,-7.415012],[109.769865,-7.414743],[109.769595,-7.414743],[109.769595,-7.414204],[109.769326,-7.414204],[109.769326,-7.413934],[109.769056,-7.413934],[109.769056,-7.413665],[109.768787,-7.413665],[109.768787,-7.413395],[109.768517,-7.413395],[109.768517,-7.413126],[109.768248,-7.413126],[109.768248,-7.412856],[109.767978,-7.412856],[109.767978,-7.412587],[109.767709,-7.412587],[109.767709,-7.412317],[109.767439,-7.412317],[109.767439,-7.412048],[109.76717,-7.412048],[109.76717,-7.411778],[109.7669,-7.411778],[109.7669,-7.411509],[109.766631,-7.411509],[109.766631,-7.411239],[109.766361,-7.411239],[109.766361,-7.41097],[109.766092,-7.41097],[109.766092,-7.410431],[109.765822,-7.410431],[109.765822,-7.410161],[109.765553,-7.410161],[109.765553,-7.409892],[109.765283,-7.409892],[109.765283,-7.409623],[109.765014,-7.409623],[109.765014,-7.409084],[109.764744,-7.409084],[109.764744,-7.408814],[109.764475,-7.408814],[109.764475,-7.408275],[109.764205,-7.408275],[109.764205,-7.408006],[109.763936,-7.408006],[109.763936,-7.407736],[109.763666,-7.407736],[109.763666,-7.407197],[109.763397,-7.407197],[109.763397,-7.406658],[109.763127,-7.406658],[109.763127,-7.406389],[109.762858,-7.406389],[109.762858,-7.406119],[109.762588,-7.406119],[109.762588,-7.40558],[109.762319,-7.40558],[109.762319,-7.405311],[109.76205,-7.405311],[109.76205,-7.405041],[109.76178,-7.405041],[109.76178,-7.404772],[109.761241,-7.404772],[109.761241,-7.404502],[109.760972,-7.404502],[109.760972,-7.404233],[109.760702,-7.404233],[109.760702,-7.403963],[109.760163,-7.403963],[109.760163,-7.403694],[109.759624,-7.403694],[109.759624,-7.403424],[109.759085,-7.403424],[109.759085,-7.403155],[109.758546,-7.403155],[109.758546,-7.402885],[109.758277,-7.402885],[109.758277,-7.402616],[109.757738,-7.402616],[109.757738,-7.402346],[109.757199,-7.402346],[109.757199,-7.402077],[109.75666,-7.402077],[109.75666,-7.401807],[109.755582,-7.401807],[109.755582,-7.401538],[109.754234,-7.401538],[109.754234,-7.401268],[109.753156,-7.401268],[109.753156,-7.400999],[109.749114,-7.400999],[109.749114,-7.400729],[109.748844,-7.400729]]]}},{"id":"5","type":"Feature","properties":{"DN":2,"Keterangan":"Sedang"},"geometry":{"type":"Polygon","coordinates":[[[109.521661,-7.334703],[109.521661,-7.335512],[109.521392,-7.335512],[109.521392,-7.336051],[109.521122,-7.336051],[109.521122,-7.336859],[109.520853,-7.336859],[109.520853,-7.337668],[109.520583,-7.337668],[109.520583,-7.338207],[109.520314,-7.338207],[109.520314,-7.338746],[109.520044,-7.338746],[109.520044,-7.339554],[109.519775,-7.339554],[109.519775,-7.340093],[109.519505,-7.340093],[109.519505,-7.340902],[109.519236,-7.340902],[109.519236,-7.341441],[109.518966,-7.341441],[109.518966,-7.34198],[109.518697,-7.34198],[109.518697,-7.342788],[109.518428,-7.342788],[109.518428,-7.343597],[109.518697,-7.343597],[109.518697,-7.344405],[109.518966,-7.344405],[109.518966,-7.345483],[109.519236,-7.345483],[109.519236,-7.345753],[109.519505,-7.345753],[109.519505,-7.346022],[109.520314,-7.346022],[109.520314,-7.346292],[109.521122,-7.346292],[109.521122,-7.346561],[109.521392,-7.346561],[109.521392,-7.346831],[109.521661,-7.346831],[109.521661,-7.3471],[109.521931,-7.3471],[109.521931,-7.34737],[109.5222,-7.34737],[109.5222,-7.347639],[109.52247,-7.347639],[109.52247,-7.347909],[109.522739,-7.347909],[109.522739,-7.348448],[109.523009,-7.348448],[109.523009,-7.348717],[109.523278,-7.348717],[109.523278,-7.348986],[109.523817,-7.348986],[109.523817,-7.349256],[109.524626,-7.349256],[109.524626,-7.349525],[109.524895,-7.349525],[109.524895,-7.349795],[109.525434,-7.349795],[109.525434,-7.350064],[109.525704,-7.350064],[109.525704,-7.350334],[109.525973,-7.350334],[109.525973,-7.350603],[109.526243,-7.350603],[109.526243,-7.350873],[109.526782,-7.350873],[109.526782,-7.351142],[109.527051,-7.351142],[109.527051,-7.351412],[109.527321,-7.351412],[109.527321,-7.351681],[109.52759,-7.351681],[109.52759,-7.351951],[109.52786,-7.351951],[109.52786,-7.35222],[109.528399,-7.35222],[109.528399,-7.35249],[109.528668,-7.35249],[109.528668,-7.352759],[109.528938,-7.352759],[109.528938,-7.353029],[109.529477,-7.353029],[109.529477,-7.353298],[109.529746,-7.353298],[109.529746,-7.353568],[109.530016,-7.353568],[109.530016,-7.353837],[109.530555,-7.353837],[109.530555,-7.354107],[109.530824,-7.354107],[109.530824,-7.354376],[109.531363,-7.354376],[109.531363,-7.354646],[109.531633,-7.354646],[109.531633,-7.354915],[109.532172,-7.354915],[109.532172,-7.355185],[109.532441,-7.355185],[109.532441,-7.355454],[109.53298,-7.355454],[109.53298,-7.355724],[109.53325,-7.355724],[109.53325,-7.356263],[109.533519,-7.356263],[109.533519,-7.356532],[109.533789,-7.356532],[109.533789,-7.357071],[109.534058,-7.357071],[109.534058,-7.358149],[109.534328,-7.358149],[109.534328,-7.358688],[109.534058,-7.358688],[109.534058,-7.362731],[109.534328,-7.362731],[109.534328,-7.36327],[109.534058,-7.36327],[109.534058,-7.367582],[109.534328,-7.367582],[109.534328,-7.367851],[109.534058,-7.367851],[109.534058,-7.368121],[109.534328,-7.368121],[109.534328,-7.370546],[109.534597,-7.370546],[109.534597,-7.373241],[109.534867,-7.373241],[109.534867,-7.37351],[109.535136,-7.37351],[109.535136,-7.374858],[109.535406,-7.374858],[109.535406,-7.375666],[109.535675,-7.375666],[109.535675,-7.377014],[109.535945,-7.377014],[109.535945,-7.377553],[109.536214,-7.377553],[109.536214,-7.378631],[109.536484,-7.378631],[109.536484,-7.37917],[109.536753,-7.37917],[109.536753,-7.379439],[109.537023,-7.379439],[109.537023,-7.379978],[109.537292,-7.379978],[109.537292,-7.380248],[109.537562,-7.380248],[109.537562,-7.380787],[109.537831,-7.380787],[109.537831,-7.381056],[109.538101,-7.381056],[109.538101,-7.381326],[109.53837,-7.381326],[109.53837,-7.381865],[109.53864,-7.381865],[109.53864,-7.382404],[109.538909,-7.382404],[109.538909,-7.382943],[109.539178,-7.382943],[109.539178,-7.383482],[109.539448,-7.383482],[109.539448,-7.38429],[109.539717,-7.38429],[109.539717,-7.384829],[109.539987,-7.384829],[109.539987,-7.386177],[109.540256,-7.386177],[109.540256,-7.387524],[109.540526,-7.387524],[109.540526,-7.388333],[109.540795,-7.388333],[109.540795,-7.389141],[109.541065,-7.389141],[109.541065,-7.390219],[109.541334,-7.390219],[109.541334,-7.391027],[109.541604,-7.391027],[109.541604,-7.391297],[109.541873,-7.391297],[109.541873,-7.391566],[109.542143,-7.391566],[109.542143,-7.391836],[109.542412,-7.391836],[109.542412,-7.392105],[109.542682,-7.392105],[109.542682,-7.392375],[109.543221,-7.392375],[109.543221,-7.392644],[109.54349,-7.392644],[109.54349,-7.392914],[109.54376,-7.392914],[109.54376,-7.393183],[109.544029,-7.393183],[109.544029,-7.393453],[109.544568,-7.393453],[109.544568,-7.393722],[109.544838,-7.393722],[109.544838,-7.393992],[109.545107,-7.393992],[109.545107,-7.394261],[109.545646,-7.394261],[109.545646,-7.394531],[109.545916,-7.394531],[109.545916,-7.3948],[109.546185,-7.3948],[109.546185,-7.39507],[109.546455,-7.39507],[109.546455,-7.395339],[109.546994,-7.395339],[109.546994,-7.395609],[109.547263,-7.395609],[109.547263,-7.395878],[109.547533,-7.395878],[109.547533,-7.396148],[109.547802,-7.396148],[109.547802,-7.396417],[109.548072,-7.396417],[109.548072,-7.396687],[109.548341,-7.396687],[109.548341,-7.397226],[109.548611,-7.397226],[109.548611,-7.397495],[109.54888,-7.397495],[109.54888,-7.398034],[109.54915,-7.398034],[109.54915,-7.398573],[109.54888,-7.398573],[109.54888,-7.399651],[109.54915,-7.399651],[109.54915,-7.401268],[109.54888,-7.401268],[109.54888,-7.402077],[109.548611,-7.402077],[109.548611,-7.402346],[109.548072,-7.402346],[109.548072,-7.402077],[109.546994,-7.402077],[109.546994,-7.402346],[109.546724,-7.402346],[109.546724,-7.402885],[109.546455,-7.402885],[109.546455,-7.405041],[109.545107,-7.405041],[109.545107,-7.404502],[109.544838,-7.404502],[109.544838,-7.404233],[109.544568,-7.404233],[109.544568,-7.403694],[109.544299,-7.403694],[109.544299,-7.403424],[109.544029,-7.403424],[109.544029,-7.403155],[109.542951,-7.403155],[109.542951,-7.405311],[109.542682,-7.405311],[109.542682,-7.406658],[109.542412,-7.406658],[109.542412,-7.406928],[109.541334,-7.406928],[109.541334,-7.406658],[109.539717,-7.406658],[109.539717,-7.406389],[109.538909,-7.406389],[109.538909,-7.406119],[109.538101,-7.406119],[109.538101,-7.40585],[109.536753,-7.40585],[109.536753,-7.406658],[109.537023,-7.406658],[109.537023,-7.408006],[109.536484,-7.408006],[109.536484,-7.408275],[109.535945,-7.408275],[109.535945,-7.408006],[109.535675,-7.408006],[109.535675,-7.407736],[109.535406,-7.407736],[109.535406,-7.407197],[109.535136,-7.407197],[109.535136,-7.406928],[109.534328,-7.406928],[109.534328,-7.406658],[109.534058,-7.406658],[109.534058,-7.406928],[109.533519,-7.406928],[109.533519,-7.406658],[109.532711,-7.406658],[109.532711,-7.406928],[109.532441,-7.406928],[109.532441,-7.408275],[109.532172,-7.408275],[109.532172,-7.408545],[109.531902,-7.408545],[109.531902,-7.408814],[109.531094,-7.408814],[109.531094,-7.409084],[109.530285,-7.409084],[109.530285,-7.409353],[109.529477,-7.409353],[109.529477,-7.409623],[109.525973,-7.409623],[109.525973,-7.409892],[109.525434,-7.409892],[109.525434,-7.410161],[109.524895,-7.410161],[109.524895,-7.410431],[109.524356,-7.410431],[109.524356,-7.4107],[109.522739,-7.4107],[109.522739,-7.41097],[109.5222,-7.41097],[109.5222,-7.411239],[109.520853,-7.411239],[109.520853,-7.411509],[109.520044,-7.411509],[109.520044,-7.411778],[109.519236,-7.411778],[109.519236,-7.411509],[109.518158,-7.411509],[109.518158,-7.411778],[109.517889,-7.411778],[109.517889,-7.412048],[109.517619,-7.412048],[109.517619,-7.412317],[109.51735,-7.412317],[109.51735,-7.412587],[109.516002,-7.412587],[109.516002,-7.412317],[109.515463,-7.412317],[109.515463,-7.412048],[109.515194,-7.412048],[109.515194,-7.411509],[109.514924,-7.411509],[109.514924,-7.411239],[109.514655,-7.411239],[109.514655,-7.41097],[109.513307,-7.41097],[109.513307,-7.411509],[109.513038,-7.411509],[109.513038,-7.411778],[109.512768,-7.411778],[109.512768,-7.412048],[109.51196,-7.412048],[109.51196,-7.412317],[109.511421,-7.412317],[109.511421,-7.412587],[109.510612,-7.412587],[109.510612,-7.412048],[109.510343,-7.412048],[109.510343,-7.411509],[109.510073,-7.411509],[109.510073,-7.411239],[109.509534,-7.411239],[109.509534,-7.411509],[109.509265,-7.411509],[109.509265,-7.411778],[109.508995,-7.411778],[109.508995,-7.412048],[109.508187,-7.412048],[109.508187,-7.41097],[109.507917,-7.41097],[109.507917,-7.410431],[109.507648,-7.410431],[109.507648,-7.410161],[109.507378,-7.410161],[109.507378,-7.409892],[109.504414,-7.409892],[109.504414,-7.410161],[109.504144,-7.410161],[109.504144,-7.410431],[109.503875,-7.410431],[109.503875,-7.4107],[109.503605,-7.4107],[109.503605,-7.411239],[109.503336,-7.411239],[109.503336,-7.411778],[109.503605,-7.411778],[109.503605,-7.412317],[109.503875,-7.412317],[109.503875,-7.412856],[109.504144,-7.412856],[109.504144,-7.413395],[109.504414,-7.413395],[109.504414,-7.413665],[109.504683,-7.413665],[109.504683,-7.413934],[109.504953,-7.413934],[109.504953,-7.414204],[109.505222,-7.414204],[109.505222,-7.414473],[109.505492,-7.414473],[109.505492,-7.414743],[109.505761,-7.414743],[109.505761,-7.415012],[109.506031,-7.415012],[109.506031,-7.415282],[109.5063,-7.415282],[109.5063,-7.415551],[109.50657,-7.415551],[109.50657,-7.415821],[109.506839,-7.415821],[109.506839,-7.41609],[109.507109,-7.41609],[109.507109,-7.41636],[109.507378,-7.41636],[109.507378,-7.416899],[109.507648,-7.416899],[109.507648,-7.417168],[109.507917,-7.417168],[109.507917,-7.417707],[109.508187,-7.417707],[109.508187,-7.418516],[109.508456,-7.418516],[109.508456,-7.419863],[109.508187,-7.419863],[109.508187,-7.420402],[109.507917,-7.420402],[109.507917,-7.420672],[109.507648,-7.420672],[109.507648,-7.420941],[109.507109,-7.420941],[109.507109,-7.421211],[109.506839,-7.421211],[109.506839,-7.42148],[109.50657,-7.42148],[109.50657,-7.422019],[109.5063,-7.422019],[109.5063,-7.422289],[109.506031,-7.422289],[109.506031,-7.423097],[109.505761,-7.423097],[109.505761,-7.425792],[109.506031,-7.425792],[109.506031,-7.426331],[109.5063,-7.426331],[109.5063,-7.426601],[109.50657,-7.426601],[109.50657,-7.42687],[109.506839,-7.42687],[109.506839,-7.431721],[109.50657,-7.431721],[109.50657,-7.434416],[109.506839,-7.434416],[109.506839,-7.435494],[109.507109,-7.435494],[109.507109,-7.436033],[109.507378,-7.436033],[109.507378,-7.436841],[109.507648,-7.436841],[109.507648,-7.43765],[109.507917,-7.43765],[109.507917,-7.438458],[109.508187,-7.438458],[109.508187,-7.438728],[109.508456,-7.438728],[109.508456,-7.439806],[109.508187,-7.439806],[109.508187,-7.441423],[109.507917,-7.441423],[109.507917,-7.447082],[109.507648,-7.447082],[109.507648,-7.447891],[109.507109,-7.447891],[109.507109,-7.447621],[109.5063,-7.447621],[109.5063,-7.447891],[109.506031,-7.447891],[109.506031,-7.448699],[109.5063,-7.448699],[109.5063,-7.448969],[109.506031,-7.448969],[109.506031,-7.449508],[109.505761,-7.449508],[109.505761,-7.449777],[109.505492,-7.449777],[109.505492,-7.450047],[109.504683,-7.450047],[109.504683,-7.449777],[109.504414,-7.449777],[109.504414,-7.449238],[109.504144,-7.449238],[109.504144,-7.448969],[109.503875,-7.448969],[109.503875,-7.448699],[109.503605,-7.448699],[109.503605,-7.44843],[109.503336,-7.44843],[109.503336,-7.44816],[109.501719,-7.44816],[109.501719,-7.44843],[109.50091,-7.44843],[109.50091,-7.448699],[109.500371,-7.448699],[109.500371,-7.448969],[109.500102,-7.448969],[109.500102,-7.449238],[109.499563,-7.449238],[109.499563,-7.449508],[109.499024,-7.449508],[109.499024,-7.449238],[109.498754,-7.449238],[109.498754,-7.448699],[109.498485,-7.448699],[109.498485,-7.447891],[109.498216,-7.447891],[109.498216,-7.447621],[109.497946,-7.447621],[109.497946,-7.447352],[109.497677,-7.447352],[109.497677,-7.447082],[109.497407,-7.447082],[109.497407,-7.446813],[109.49606,-7.446813],[109.49606,-7.447082],[109.49579,-7.447082],[109.49579,-7.447621],[109.495521,-7.447621],[109.495521,-7.44816],[109.495251,-7.44816],[109.495251,-7.44843],[109.494982,-7.44843],[109.494982,-7.448699],[109.494712,-7.448699],[109.494712,-7.448969],[109.494443,-7.448969],[109.494443,-7.449238],[109.494173,-7.449238],[109.494173,-7.449508],[109.493634,-7.449508],[109.493634,-7.449238],[109.493365,-7.449238],[109.493365,-7.448969],[109.493095,-7.448969],[109.493095,-7.448699],[109.492826,-7.448699],[109.492826,-7.44843],[109.492556,-7.44843],[109.492556,-7.447891],[109.492287,-7.447891],[109.492287,-7.447621],[109.492017,-7.447621],[109.492017,-7.447352],[109.491748,-7.447352],[109.491748,-7.447082],[109.491478,-7.447082],[109.491478,-7.446813],[109.491209,-7.446813],[109.491209,-7.446274],[109.490939,-7.446274],[109.490939,-7.445735],[109.49067,-7.445735],[109.49067,-7.444926],[109.4904,-7.444926],[109.4904,-7.444118],[109.490131,-7.444118],[109.490131,-7.443309],[109.489861,-7.443309],[109.489861,-7.44304],[109.489592,-7.44304],[109.489592,-7.44277],[109.489322,-7.44277],[109.489322,-7.442501],[109.489053,-7.442501],[109.489053,-7.442231],[109.487436,-7.442231],[109.487436,-7.444118],[109.487166,-7.444118],[109.487166,-7.444387],[109.486897,-7.444387],[109.486897,-7.444657],[109.486627,-7.444657],[109.486627,-7.444926],[109.486358,-7.444926],[109.486358,-7.445196],[109.485819,-7.445196],[109.485819,-7.445465],[109.48528,-7.445465],[109.48528,-7.445196],[109.48501,-7.445196],[109.48501,-7.444926],[109.484741,-7.444926],[109.484741,-7.444657],[109.484471,-7.444657],[109.484471,-7.443848],[109.484202,-7.443848],[109.484202,-7.443309],[109.483932,-7.443309],[109.483932,-7.44277],[109.483663,-7.44277],[109.483663,-7.442231],[109.483393,-7.442231],[109.483393,-7.441962],[109.483124,-7.441962],[109.483124,-7.441692],[109.482854,-7.441692],[109.482854,-7.441423],[109.482315,-7.441423],[109.482315,-7.441153],[109.480968,-7.441153],[109.480968,-7.441423],[109.480429,-7.441423],[109.480429,-7.441962],[109.480159,-7.441962],[109.480159,-7.442501],[109.480429,-7.442501],[109.480429,-7.44277],[109.480968,-7.44277],[109.480968,-7.44304],[109.481237,-7.44304],[109.481237,-7.443309],[109.481776,-7.443309],[109.481776,-7.443579],[109.482046,-7.443579],[109.482046,-7.444118],[109.481776,-7.444118],[109.481776,-7.444387],[109.481507,-7.444387],[109.481507,-7.444657],[109.481237,-7.444657],[109.481237,-7.444926],[109.480698,-7.444926],[109.480698,-7.445196],[109.480429,-7.445196],[109.480429,-7.445465],[109.47962,-7.445465],[109.47962,-7.445735],[109.477195,-7.445735],[109.477195,-7.445465],[109.476387,-7.445465],[109.476387,-7.445196],[109.476117,-7.445196],[109.476117,-7.444926],[109.475848,-7.444926],[109.475848,-7.444657],[109.475578,-7.444657],[109.475578,-7.444118],[109.475309,-7.444118],[109.475309,-7.44304],[109.475039,-7.44304],[109.475039,-7.441962],[109.47477,-7.441962],[109.47477,-7.441692],[109.472883,-7.441692],[109.472883,-7.441962],[109.472344,-7.441962],[109.472344,-7.442231],[109.472075,-7.442231],[109.472075,-7.44304],[109.471805,-7.44304],[109.471805,-7.444118],[109.472075,-7.444118],[109.472075,-7.444926],[109.472344,-7.444926],[109.472344,-7.445465],[109.472614,-7.445465],[109.472614,-7.446004],[109.472883,-7.446004],[109.472883,-7.446543],[109.473153,-7.446543],[109.473153,-7.44816],[109.472883,-7.44816],[109.472883,-7.44843],[109.472344,-7.44843],[109.472344,-7.448699],[109.471536,-7.448699],[109.471536,-7.448969],[109.469649,-7.448969],[109.469649,-7.448699],[109.46911,-7.448699],[109.46911,-7.44843],[109.468571,-7.44843],[109.468571,-7.44816],[109.468032,-7.44816],[109.468032,-7.447891],[109.467224,-7.447891],[109.467224,-7.447621],[109.466685,-7.447621],[109.466685,-7.447352],[109.466415,-7.447352],[109.466415,-7.447082],[109.466146,-7.447082],[109.466146,-7.446813],[109.465876,-7.446813],[109.465876,-7.446543],[109.465607,-7.446543],[109.465607,-7.446274],[109.465337,-7.446274],[109.465337,-7.446004],[109.464259,-7.446004],[109.464259,-7.446274],[109.46372,-7.446274],[109.46372,-7.446543],[109.462912,-7.446543],[109.462912,-7.446813],[109.462373,-7.446813],[109.462373,-7.447082],[109.462103,-7.447082],[109.462103,-7.447352],[109.461564,-7.447352],[109.461564,-7.449777],[109.461295,-7.449777],[109.461295,-7.450855],[109.461025,-7.450855],[109.461025,-7.451394],[109.460756,-7.451394],[109.460756,-7.451663],[109.460486,-7.451663],[109.460486,-7.451933],[109.460217,-7.451933],[109.460217,-7.452202],[109.459947,-7.452202],[109.459947,-7.452472],[109.459139,-7.452472],[109.459139,-7.452741],[109.455905,-7.452741],[109.455905,-7.452472],[109.455097,-7.452472],[109.455097,-7.452202],[109.454558,-7.452202],[109.454558,-7.451933],[109.454288,-7.451933],[109.454288,-7.451663],[109.454019,-7.451663],[109.454019,-7.451394],[109.453749,-7.451394],[109.453749,-7.451124],[109.45348,-7.451124],[109.45348,-7.449238],[109.45321,-7.449238],[109.45321,-7.447891],[109.452941,-7.447891],[109.452941,-7.447082],[109.452671,-7.447082],[109.452671,-7.446813],[109.451863,-7.446813],[109.451863,-7.446543],[109.449707,-7.446543],[109.449707,-7.446813],[109.449437,-7.446813],[109.449437,-7.447082],[109.449168,-7.447082],[109.449168,-7.447352],[109.448898,-7.447352],[109.448898,-7.447621],[109.448629,-7.447621],[109.448629,-7.44816],[109.448359,-7.44816],[109.448359,-7.44843],[109.44809,-7.44843],[109.44809,-7.448699],[109.44782,-7.448699],[109.44782,-7.448969],[109.447281,-7.448969],[109.447281,-7.449508],[109.447012,-7.449508],[109.447012,-7.449777],[109.446742,-7.449777],[109.446742,-7.451394],[109.447012,-7.451394],[109.447012,-7.451663],[109.447281,-7.451663],[109.447281,-7.451933],[109.447551,-7.451933],[109.447551,-7.452202],[109.44782,-7.452202],[109.44782,-7.452472],[109.44809,-7.452472],[109.44809,-7.452741],[109.448359,-7.452741],[109.448359,-7.453011],[109.448629,-7.453011],[109.448629,-7.454089],[109.448359,-7.454089],[109.448359,-7.454358],[109.44809,-7.454358],[109.44809,-7.454628],[109.44782,-7.454628],[109.44782,-7.455167],[109.447551,-7.455167],[109.447551,-7.455436],[109.447281,-7.455436],[109.447281,-7.455706],[109.445934,-7.455706],[109.445934,-7.455436],[109.445395,-7.455436],[109.445395,-7.455167],[109.444856,-7.455167],[109.444856,-7.454897],[109.444317,-7.454897],[109.444317,-7.454628],[109.444047,-7.454628],[109.444047,-7.454358],[109.443508,-7.454358],[109.443508,-7.454089],[109.440813,-7.454089],[109.440813,-7.453819],[109.440544,-7.453819],[109.440544,-7.45328],[109.440274,-7.45328],[109.440274,-7.44843],[109.439196,-7.44843],[109.439196,-7.448699],[109.438657,-7.448699],[109.438657,-7.448969],[109.438118,-7.448969],[109.438118,-7.449238],[109.43758,-7.449238],[109.43758,-7.449508],[109.43731,-7.449508],[109.43731,-7.449777],[109.436771,-7.449777],[109.436771,-7.450047],[109.436502,-7.450047],[109.436502,-7.450316],[109.436232,-7.450316],[109.436232,-7.450855],[109.435963,-7.450855],[109.435963,-7.451663],[109.436232,-7.451663],[109.436232,-7.451933],[109.436771,-7.451933],[109.436771,-7.452202],[109.43731,-7.452202],[109.43731,-7.452472],[109.43758,-7.452472],[109.43758,-7.452741],[109.437849,-7.452741],[109.437849,-7.45355],[109.43758,-7.45355],[109.43758,-7.454089],[109.43731,-7.454089],[109.43731,-7.454628],[109.437041,-7.454628],[109.437041,-7.455167],[109.436771,-7.455167],[109.436771,-7.455436],[109.436502,-7.455436],[109.436502,-7.455706],[109.436232,-7.455706],[109.436232,-7.455975],[109.435963,-7.455975],[109.435963,-7.456245],[109.435693,-7.456245],[109.435693,-7.456514],[109.435424,-7.456514],[109.435424,-7.456784],[109.434885,-7.456784],[109.434885,-7.457053],[109.434615,-7.457053],[109.434615,-7.457323],[109.434076,-7.457323],[109.434076,-7.457592],[109.433537,-7.457592],[109.433537,-7.457862],[109.432729,-7.457862],[109.432729,-7.458131],[109.432459,-7.458131],[109.432459,-7.458401],[109.43192,-7.458401],[109.43192,-7.45867],[109.431651,-7.45867],[109.431651,-7.45894],[109.431112,-7.45894],[109.431112,-7.459209],[109.430842,-7.459209],[109.430842,-7.459479],[109.430034,-7.459479],[109.430034,-7.459209],[109.429764,-7.459209],[109.429764,-7.45894],[109.429495,-7.45894],[109.429495,-7.45867],[109.429225,-7.45867],[109.429225,-7.457862],[109.428956,-7.457862],[109.428956,-7.457323],[109.428686,-7.457323],[109.428686,-7.456245],[109.428417,-7.456245],[109.428417,-7.455167],[109.428147,-7.455167],[109.428147,-7.454897],[109.427339,-7.454897],[109.427339,-7.454628],[109.427069,-7.454628],[109.427069,-7.454897],[109.42653,-7.454897],[109.42653,-7.455167],[109.425991,-7.455167],[109.425991,-7.455436],[109.425722,-7.455436],[109.425722,-7.456514],[109.425991,-7.456514],[109.425991,-7.456784],[109.426261,-7.456784],[109.426261,-7.457053],[109.4268,-7.457053],[109.4268,-7.457323],[109.427069,-7.457323],[109.427069,-7.457592],[109.427608,-7.457592],[109.427608,-7.45867],[109.427339,-7.45867],[109.427339,-7.45894],[109.427069,-7.45894],[109.427069,-7.459209],[109.425183,-7.459209],[109.425183,-7.45894],[109.424105,-7.45894],[109.424105,-7.45867],[109.423566,-7.45867],[109.423566,-7.45894],[109.423027,-7.45894],[109.423027,-7.459209],[109.422757,-7.459209],[109.422757,-7.459748],[109.423027,-7.459748],[109.423027,-7.460018],[109.423296,-7.460018],[109.423296,-7.460287],[109.423566,-7.460287],[109.423566,-7.460557],[109.423835,-7.460557],[109.423835,-7.463521],[109.424105,-7.463521],[109.424105,-7.46406],[109.424374,-7.46406],[109.424374,-7.465677],[109.424644,-7.465677],[109.424644,-7.467833],[109.424374,-7.467833],[109.424374,-7.468103],[109.424105,-7.468103],[109.424105,-7.468372],[109.423835,-7.468372],[109.423835,-7.468911],[109.423296,-7.468911],[109.423296,-7.469181],[109.423027,-7.469181],[109.423027,-7.46945],[109.422488,-7.46945],[109.422488,-7.46972],[109.421949,-7.46972],[109.421949,-7.469989],[109.42141,-7.469989],[109.42141,-7.470259],[109.420871,-7.470259],[109.420871,-7.470528],[109.420062,-7.470528],[109.420062,-7.470797],[109.419523,-7.470797],[109.419523,-7.471067],[109.418984,-7.471067],[109.418984,-7.471336],[109.418715,-7.471336],[109.418715,-7.471606],[109.418445,-7.471606],[109.418445,-7.472145],[109.418176,-7.472145],[109.418176,-7.472953],[109.418445,-7.472953],[109.418445,-7.473223],[109.418715,-7.473223],[109.418715,-7.473492],[109.418984,-7.473492],[109.418984,-7.473762],[109.419254,-7.473762],[109.419254,-7.474031],[109.419523,-7.474031],[109.419523,-7.47457],[109.419793,-7.47457],[109.419793,-7.47484],[109.420062,-7.47484],[109.420062,-7.476187],[109.419793,-7.476187],[109.419793,-7.477535],[109.419523,-7.477535],[109.419523,-7.478074],[109.419254,-7.478074],[109.419254,-7.478613],[109.418984,-7.478613],[109.418984,-7.478882],[109.418445,-7.478882],[109.418445,-7.479152],[109.417368,-7.479152],[109.417368,-7.478882],[109.414403,-7.478882],[109.414403,-7.478613],[109.413595,-7.478613],[109.413595,-7.478343],[109.412786,-7.478343],[109.412786,-7.478074],[109.412247,-7.478074],[109.412247,-7.477804],[109.411708,-7.477804],[109.411708,-7.477265],[109.411439,-7.477265],[109.411439,-7.476457],[109.411708,-7.476457],[109.411708,-7.475918],[109.411978,-7.475918],[109.411978,-7.475109],[109.412247,-7.475109],[109.412247,-7.474301],[109.412517,-7.474301],[109.412517,-7.473492],[109.412786,-7.473492],[109.412786,-7.472684],[109.413056,-7.472684],[109.413056,-7.471875],[109.413325,-7.471875],[109.413325,-7.471067],[109.413056,-7.471067],[109.413056,-7.470797],[109.412786,-7.470797],[109.412786,-7.470528],[109.411169,-7.470528],[109.411169,-7.470797],[109.41063,-7.470797],[109.41063,-7.471067],[109.410091,-7.471067],[109.410091,-7.471336],[109.409552,-7.471336],[109.409552,-7.471606],[109.409013,-7.471606],[109.409013,-7.471336],[109.407935,-7.471336],[109.407935,-7.471067],[109.407666,-7.471067],[109.407666,-7.470797],[109.407127,-7.470797],[109.407127,-7.470528],[109.406857,-7.470528],[109.406857,-7.470259],[109.406588,-7.470259],[109.406588,-7.469989],[109.406318,-7.469989],[109.406318,-7.46972],[109.405779,-7.46972],[109.405779,-7.46945],[109.40551,-7.46945],[109.40551,-7.469181],[109.40524,-7.469181],[109.40524,-7.468911],[109.404971,-7.468911],[109.404971,-7.468642],[109.404701,-7.468642],[109.404701,-7.468372],[109.404162,-7.468372],[109.404162,-7.468103],[109.403893,-7.468103],[109.403893,-7.467833],[109.403623,-7.467833],[109.403623,-7.467564],[109.403354,-7.467564],[109.403354,-7.467294],[109.400928,-7.467294],[109.400928,-7.467564],[109.400659,-7.467564],[109.400659,-7.468372],[109.400928,-7.468372],[109.400928,-7.468911],[109.401198,-7.468911],[109.401198,-7.469181],[109.401467,-7.469181],[109.401467,-7.46945],[109.401737,-7.46945],[109.401737,-7.46972],[109.402006,-7.46972],[109.402006,-7.470259],[109.402276,-7.470259],[109.402276,-7.470528],[109.402545,-7.470528],[109.402545,-7.470797],[109.402815,-7.470797],[109.402815,-7.471336],[109.403084,-7.471336],[109.403084,-7.471875],[109.403354,-7.471875],[109.403354,-7.472684],[109.403623,-7.472684],[109.403623,-7.473762],[109.403893,-7.473762],[109.403893,-7.474301],[109.403623,-7.474301],[109.403623,-7.475109],[109.403354,-7.475109],[109.403354,-7.475379],[109.403084,-7.475379],[109.403084,-7.475648],[109.402815,-7.475648],[109.402815,-7.475918],[109.401467,-7.475918],[109.401467,-7.475648],[109.400659,-7.475648],[109.400659,-7.475379],[109.39985,-7.475379],[109.39985,-7.475109],[109.399311,-7.475109],[109.399311,-7.47484],[109.398772,-7.47484],[109.398772,-7.47457],[109.397694,-7.47457],[109.397694,-7.474301],[109.394191,-7.474301],[109.394191,-7.47457],[109.393652,-7.47457],[109.393652,-7.47484],[109.393383,-7.47484],[109.393383,-7.475109],[109.393113,-7.475109],[109.393113,-7.475379],[109.392844,-7.475379],[109.392844,-7.475648],[109.392305,-7.475648],[109.392305,-7.475918],[109.391766,-7.475918],[109.391766,-7.476187],[109.390688,-7.476187],[109.390688,-7.476457],[109.389879,-7.476457],[109.389879,-7.476726],[109.388801,-7.476726],[109.388801,-7.476996],[109.387723,-7.476996],[109.387723,-7.477265],[109.386915,-7.477265],[109.386915,-7.477535],[109.386106,-7.477535],[109.386106,-7.477804],[109.385837,-7.477804],[109.385837,-7.478074],[109.385567,-7.478074],[109.385567,-7.478343],[109.385298,-7.478343],[109.385298,-7.478613],[109.385028,-7.478613],[109.385028,-7.478882],[109.384489,-7.478882],[109.384489,-7.479152],[109.38395,-7.479152],[109.38395,-7.479421],[109.383411,-7.479421],[109.383411,-7.479691],[109.382872,-7.479691],[109.382872,-7.47996],[109.382603,-7.47996],[109.382603,-7.48023],[109.382333,-7.48023],[109.382333,-7.480499],[109.382064,-7.480499],[109.382064,-7.480769],[109.381794,-7.480769],[109.381794,-7.481038],[109.381525,-7.481038],[109.381525,-7.482116],[109.381255,-7.482116],[109.381255,-7.482655],[109.380986,-7.482655],[109.380986,-7.482925],[109.380716,-7.482925],[109.380716,-7.482655],[109.380177,-7.482655],[109.380177,-7.482386],[109.379638,-7.482386],[109.379638,-7.482116],[109.379099,-7.482116],[109.379099,-7.481847],[109.37883,-7.481847],[109.37883,-7.481577],[109.378291,-7.481577],[109.378291,-7.481308],[109.378021,-7.481308],[109.378021,-7.481038],[109.377752,-7.481038],[109.377752,-7.480769],[109.377482,-7.480769],[109.377482,-7.480499],[109.377213,-7.480499],[109.377213,-7.48023],[109.376944,-7.48023],[109.376944,-7.47996],[109.376674,-7.47996],[109.376674,-7.479421],[109.376405,-7.479421],[109.376405,-7.478882],[109.375866,-7.478882],[109.375866,-7.478613],[109.375596,-7.478613],[109.375596,-7.478343],[109.375057,-7.478343],[109.375057,-7.478074],[109.374788,-7.478074],[109.374788,-7.477804],[109.373171,-7.477804],[109.373171,-7.478074],[109.372901,-7.478074],[109.372901,-7.478613],[109.372632,-7.478613],[109.372632,-7.47996],[109.372901,-7.47996],[109.372901,-7.481847],[109.373171,-7.481847],[109.373171,-7.482116],[109.372901,-7.482116],[109.372901,-7.483194],[109.372632,-7.483194],[109.372632,-7.483733],[109.372362,-7.483733],[109.372362,-7.484272],[109.372093,-7.484272],[109.372093,-7.484542],[109.371823,-7.484542],[109.371823,-7.484811],[109.371554,-7.484811],[109.371554,-7.485081],[109.371015,-7.485081],[109.371015,-7.48535],[109.370206,-7.48535],[109.370206,-7.48562],[109.368859,-7.48562],[109.368859,-7.485889],[109.366972,-7.485889],[109.366972,-7.486159],[109.366433,-7.486159],[109.366433,-7.486428],[109.365894,-7.486428],[109.365894,-7.486698],[109.365355,-7.486698],[109.365355,-7.486967],[109.364816,-7.486967],[109.364816,-7.487237],[109.363738,-7.487237],[109.363738,-7.486967],[109.363469,-7.486967],[109.363469,-7.486698],[109.363199,-7.486698],[109.363199,-7.486428],[109.36293,-7.486428],[109.36293,-7.486159],[109.36266,-7.486159],[109.36266,-7.485889],[109.362391,-7.485889],[109.362391,-7.48562],[109.361852,-7.48562],[109.361852,-7.48535],[109.361582,-7.48535],[109.361582,-7.485889],[109.361313,-7.485889],[109.361313,-7.486698],[109.361582,-7.486698],[109.361582,-7.487776],[109.361852,-7.487776],[109.361852,-7.488854],[109.362121,-7.488854],[109.362121,-7.488584],[109.363199,-7.488584],[109.363199,-7.489662],[109.363469,-7.489662],[109.363469,-7.489932],[109.363738,-7.489932],[109.363738,-7.490471],[109.363469,-7.490471],[109.363469,-7.491009],[109.363738,-7.491009],[109.363738,-7.491279],[109.364008,-7.491279],[109.364008,-7.493435],[109.363738,-7.493435],[109.363738,-7.493704],[109.363469,-7.493704],[109.363469,-7.493974],[109.363199,-7.493974],[109.363199,-7.494513],[109.36293,-7.494513],[109.36293,-7.494782],[109.363199,-7.494782],[109.363199,-7.495052],[109.363469,-7.495052],[109.363469,-7.494782],[109.364816,-7.494782],[109.364816,-7.495591],[109.364547,-7.495591],[109.364547,-7.49613],[109.365086,-7.49613],[109.365086,-7.496399],[109.365355,-7.496399],[109.365355,-7.496669],[109.365894,-7.496669],[109.365894,-7.497477],[109.365625,-7.497477],[109.365625,-7.497747],[109.365355,-7.497747],[109.365355,-7.498016],[109.365086,-7.498016],[109.365086,-7.498286],[109.365355,-7.498286],[109.365355,-7.499094],[109.364816,-7.499094],[109.364816,-7.499364],[109.36293,-7.499364],[109.36293,-7.499903],[109.36266,-7.499903],[109.36266,-7.500172],[109.36293,-7.500172],[109.36293,-7.500442],[109.363469,-7.500442],[109.363469,-7.500711],[109.364277,-7.500711],[109.364277,-7.500981],[109.364816,-7.500981],[109.364816,-7.50152],[109.365086,-7.50152],[109.365086,-7.502328],[109.364816,-7.502328],[109.364816,-7.503137],[109.365086,-7.503137],[109.365086,-7.503406],[109.365355,-7.503406],[109.365355,-7.503676],[109.365086,-7.503676],[109.365086,-7.503945],[109.364816,-7.503945],[109.364816,-7.504484],[109.365086,-7.504484],[109.365086,-7.504754],[109.364816,-7.504754],[109.364816,-7.505293],[109.364547,-7.505293],[109.364547,-7.505832],[109.364277,-7.505832],[109.364277,-7.506101],[109.364008,-7.506101],[109.364008,-7.50664],[109.364277,-7.50664],[109.364277,-7.507179],[109.365086,-7.507179],[109.365086,-7.508257],[109.364816,-7.508257],[109.364816,-7.509335],[109.364547,-7.509335],[109.364547,-7.510144],[109.364277,-7.510144],[109.364277,-7.510683],[109.363469,-7.510683],[109.363469,-7.51176],[109.363199,-7.51176],[109.363199,-7.512299],[109.36293,-7.512299],[109.36293,-7.512838],[109.36266,-7.512838],[109.36266,-7.513108],[109.362391,-7.513108],[109.362391,-7.513377],[109.362121,-7.513377],[109.362121,-7.514455],[109.362391,-7.514455],[109.362391,-7.515264],[109.36266,-7.515264],[109.36266,-7.515533],[109.36293,-7.515533],[109.36293,-7.516072],[109.363199,-7.516072],[109.363199,-7.516342],[109.363469,-7.516342],[109.363469,-7.516611],[109.363738,-7.516611],[109.363738,-7.516881],[109.364008,-7.516881],[109.364008,-7.51715],[109.364277,-7.51715],[109.364277,-7.51742],[109.364816,-7.51742],[109.364816,-7.517689],[109.366703,-7.517689],[109.366703,-7.51742],[109.366972,-7.51742],[109.366972,-7.516881],[109.367242,-7.516881],[109.367242,-7.516611],[109.367511,-7.516611],[109.367511,-7.516342],[109.36832,-7.516342],[109.36832,-7.516611],[109.368589,-7.516611],[109.368589,-7.516881],[109.369398,-7.516881],[109.369398,-7.51715],[109.369667,-7.51715],[109.369667,-7.51742],[109.369937,-7.51742],[109.369937,-7.517689],[109.370206,-7.517689],[109.370206,-7.517959],[109.370476,-7.517959],[109.370476,-7.518228],[109.370745,-7.518228],[109.370745,-7.518498],[109.371015,-7.518498],[109.371015,-7.518767],[109.371284,-7.518767],[109.371284,-7.519576],[109.371554,-7.519576],[109.371554,-7.519845],[109.371823,-7.519845],[109.371823,-7.520115],[109.372093,-7.520115],[109.372093,-7.520654],[109.372362,-7.520654],[109.372362,-7.520923],[109.372901,-7.520923],[109.372901,-7.521193],[109.373171,-7.521193],[109.373171,-7.521462],[109.37344,-7.521462],[109.37344,-7.521732],[109.37371,-7.521732],[109.37371,-7.522001],[109.374249,-7.522001],[109.374249,-7.522271],[109.375866,-7.522271],[109.375866,-7.52254],[109.376135,-7.52254],[109.376135,-7.522271],[109.377213,-7.522271],[109.377213,-7.522001],[109.377752,-7.522001],[109.377752,-7.521732],[109.378021,-7.521732],[109.378021,-7.521462],[109.37856,-7.521462],[109.37856,-7.521193],[109.37883,-7.521193],[109.37883,-7.520923],[109.379369,-7.520923],[109.379369,-7.520654],[109.379638,-7.520654],[109.379638,-7.519306],[109.379908,-7.519306],[109.379908,-7.516342],[109.380447,-7.516342],[109.380447,-7.516072],[109.380986,-7.516072],[109.380986,-7.515803],[109.382064,-7.515803],[109.382064,-7.515533],[109.382872,-7.515533],[109.382872,-7.515264],[109.383411,-7.515264],[109.383411,-7.514994],[109.38422,-7.514994],[109.38422,-7.514725],[109.384489,-7.514725],[109.384489,-7.514455],[109.385028,-7.514455],[109.385028,-7.514186],[109.385567,-7.514186],[109.385567,-7.513916],[109.385837,-7.513916],[109.385837,-7.513647],[109.386106,-7.513647],[109.386106,-7.513377],[109.386645,-7.513377],[109.386645,-7.513108],[109.386915,-7.513108],[109.386915,-7.512838],[109.387184,-7.512838],[109.387184,-7.512569],[109.387723,-7.512569],[109.387723,-7.512299],[109.388801,-7.512299],[109.388801,-7.51203],[109.390688,-7.51203],[109.390688,-7.51176],[109.392305,-7.51176],[109.392305,-7.511491],[109.393652,-7.511491],[109.393652,-7.511221],[109.394461,-7.511221],[109.394461,-7.510952],[109.395269,-7.510952],[109.395269,-7.510683],[109.395808,-7.510683],[109.395808,-7.510413],[109.396347,-7.510413],[109.396347,-7.510144],[109.396617,-7.510144],[109.396617,-7.509874],[109.397156,-7.509874],[109.397156,-7.509605],[109.397425,-7.509605],[109.397425,-7.509874],[109.398503,-7.509874],[109.398503,-7.510144],[109.399581,-7.510144],[109.399581,-7.510413],[109.400389,-7.510413],[109.400389,-7.510683],[109.401198,-7.510683],[109.401198,-7.510952],[109.401467,-7.510952],[109.401467,-7.511221],[109.402006,-7.511221],[109.402006,-7.511491],[109.402276,-7.511491],[109.402276,-7.51176],[109.402815,-7.51176],[109.402815,-7.51203],[109.403354,-7.51203],[109.403354,-7.512299],[109.403623,-7.512299],[109.403623,-7.512569],[109.403893,-7.512569],[109.403893,-7.512838],[109.404162,-7.512838],[109.404162,-7.513377],[109.404432,-7.513377],[109.404432,-7.513916],[109.404701,-7.513916],[109.404701,-7.514455],[109.404971,-7.514455],[109.404971,-7.514994],[109.40524,-7.514994],[109.40524,-7.515803],[109.40551,-7.515803],[109.40551,-7.516342],[109.405779,-7.516342],[109.405779,-7.516611],[109.40551,-7.516611],[109.40551,-7.517689],[109.40524,-7.517689],[109.40524,-7.519306],[109.404971,-7.519306],[109.404971,-7.525235],[109.40524,-7.525235],[109.40524,-7.526044],[109.40551,-7.526044],[109.40551,-7.526583],[109.405779,-7.526583],[109.405779,-7.527122],[109.406049,-7.527122],[109.406049,-7.527661],[109.406318,-7.527661],[109.406318,-7.5282],[109.406588,-7.5282],[109.406588,-7.528469],[109.406857,-7.528469],[109.406857,-7.528739],[109.407127,-7.528739],[109.407127,-7.529008],[109.407666,-7.529008],[109.407666,-7.529278],[109.408205,-7.529278],[109.408205,-7.529547],[109.408474,-7.529547],[109.408474,-7.529817],[109.409013,-7.529817],[109.409013,-7.530086],[109.410091,-7.530086],[109.410091,-7.530356],[109.412517,-7.530356],[109.412517,-7.530625],[109.413864,-7.530625],[109.413864,-7.530356],[109.414942,-7.530356],[109.414942,-7.530086],[109.415751,-7.530086],[109.415751,-7.529817],[109.41629,-7.529817],[109.41629,-7.529547],[109.417098,-7.529547],[109.417098,-7.529278],[109.418176,-7.529278],[109.418176,-7.529008],[109.42114,-7.529008],[109.42114,-7.528739],[109.421949,-7.528739],[109.421949,-7.528469],[109.422757,-7.528469],[109.422757,-7.5282],[109.423835,-7.5282],[109.423835,-7.52793],[109.424913,-7.52793],[109.424913,-7.527661],[109.4268,-7.527661],[109.4268,-7.527391],[109.431651,-7.527391],[109.431651,-7.527661],[109.433537,-7.527661],[109.433537,-7.52793],[109.433807,-7.52793],[109.433807,-7.5282],[109.434076,-7.5282],[109.434076,-7.528469],[109.434346,-7.528469],[109.434346,-7.529278],[109.434615,-7.529278],[109.434615,-7.529547],[109.434885,-7.529547],[109.434885,-7.529278],[109.435154,-7.529278],[109.435154,-7.529008],[109.435424,-7.529008],[109.435424,-7.528739],[109.436232,-7.528739],[109.436232,-7.5282],[109.436502,-7.5282],[109.436502,-7.52793],[109.436771,-7.52793],[109.436771,-7.527661],[109.437041,-7.527661],[109.437041,-7.527391],[109.437849,-7.527391],[109.437849,-7.527122],[109.438388,-7.527122],[109.438388,-7.526852],[109.439196,-7.526852],[109.439196,-7.526583],[109.440813,-7.526583],[109.440813,-7.526313],[109.441622,-7.526313],[109.441622,-7.526044],[109.44243,-7.526044],[109.44243,-7.525774],[109.442969,-7.525774],[109.442969,-7.525505],[109.443778,-7.525505],[109.443778,-7.525235],[109.444586,-7.525235],[109.444586,-7.524966],[109.445125,-7.524966],[109.445125,-7.524696],[109.445664,-7.524696],[109.445664,-7.524966],[109.447012,-7.524966],[109.447012,-7.524696],[109.449168,-7.524696],[109.449168,-7.524427],[109.450246,-7.524427],[109.450246,-7.524157],[109.451324,-7.524157],[109.451324,-7.523888],[109.452941,-7.523888],[109.452941,-7.523618],[109.454019,-7.523618],[109.454019,-7.523349],[109.455905,-7.523349],[109.455905,-7.523079],[109.456444,-7.523079],[109.456444,-7.52281],[109.456714,-7.52281],[109.456714,-7.52254],[109.457253,-7.52254],[109.457253,-7.522271],[109.457522,-7.522271],[109.457522,-7.522001],[109.457792,-7.522001],[109.457792,-7.521732],[109.458061,-7.521732],[109.458061,-7.521462],[109.45833,-7.521462],[109.45833,-7.521193],[109.4586,-7.521193],[109.4586,-7.520923],[109.458869,-7.520923],[109.458869,-7.520654],[109.459408,-7.520654],[109.459408,-7.520384],[109.459947,-7.520384],[109.459947,-7.520115],[109.460486,-7.520115],[109.460486,-7.519845],[109.461295,-7.519845],[109.461295,-7.519576],[109.462103,-7.519576],[109.462103,-7.519306],[109.464259,-7.519306],[109.464259,-7.519576],[109.464798,-7.519576],[109.464798,-7.519845],[109.465337,-7.519845],[109.465337,-7.520115],[109.465607,-7.520115],[109.465607,-7.520384],[109.465876,-7.520384],[109.465876,-7.520654],[109.466146,-7.520654],[109.466146,-7.521193],[109.466415,-7.521193],[109.466415,-7.521462],[109.466685,-7.521462],[109.466685,-7.522001],[109.466954,-7.522001],[109.466954,-7.522271],[109.467493,-7.522271],[109.467493,-7.52254],[109.468841,-7.52254],[109.468841,-7.522271],[109.46938,-7.522271],[109.46938,-7.522001],[109.470188,-7.522001],[109.470188,-7.521732],[109.470727,-7.521732],[109.470727,-7.521462],[109.471266,-7.521462],[109.471266,-7.521193],[109.472075,-7.521193],[109.472075,-7.520923],[109.472344,-7.520923],[109.472344,-7.520654],[109.472883,-7.520654],[109.472883,-7.520384],[109.473153,-7.520384],[109.473153,-7.520115],[109.474231,-7.520115],[109.474231,-7.519845],[109.47477,-7.519845],[109.47477,-7.519576],[109.475578,-7.519576],[109.475578,-7.519306],[109.476387,-7.519306],[109.476387,-7.519037],[109.477195,-7.519037],[109.477195,-7.518767],[109.478004,-7.518767],[109.478004,-7.518498],[109.479081,-7.518498],[109.479081,-7.518228],[109.480968,-7.518228],[109.480968,-7.517959],[109.482046,-7.517959],[109.482046,-7.517689],[109.482585,-7.517689],[109.482585,-7.51742],[109.483124,-7.51742],[109.483124,-7.516342],[109.482854,-7.516342],[109.482854,-7.515264],[109.482585,-7.515264],[109.482585,-7.514725],[109.482854,-7.514725],[109.482854,-7.513916],[109.483124,-7.513916],[109.483124,-7.513377],[109.483393,-7.513377],[109.483393,-7.512838],[109.483663,-7.512838],[109.483663,-7.512299],[109.483932,-7.512299],[109.483932,-7.51203],[109.484202,-7.51203],[109.484202,-7.51176],[109.484471,-7.51176],[109.484471,-7.511491],[109.484741,-7.511491],[109.484741,-7.511221],[109.48528,-7.511221],[109.48528,-7.510952],[109.486088,-7.510952],[109.486088,-7.510683],[109.487166,-7.510683],[109.487166,-7.510952],[109.488244,-7.510952],[109.488244,-7.510683],[109.489322,-7.510683],[109.489322,-7.510413],[109.489861,-7.510413],[109.489861,-7.510144],[109.491209,-7.510144],[109.491209,-7.509874],[109.491478,-7.509874],[109.491478,-7.509605],[109.491748,-7.509605],[109.491748,-7.509335],[109.492017,-7.509335],[109.492017,-7.509066],[109.492287,-7.509066],[109.492287,-7.508527],[109.492556,-7.508527],[109.492556,-7.507988],[109.493095,-7.507988],[109.493095,-7.507718],[109.494712,-7.507718],[109.494712,-7.507449],[109.494982,-7.507449],[109.494982,-7.507179],[109.495251,-7.507179],[109.495251,-7.50691],[109.495521,-7.50691],[109.495521,-7.50664],[109.49579,-7.50664],[109.49579,-7.506371],[109.49606,-7.506371],[109.49606,-7.505832],[109.496329,-7.505832],[109.496329,-7.505293],[109.496599,-7.505293],[109.496599,-7.504754],[109.496868,-7.504754],[109.496868,-7.504215],[109.497138,-7.504215],[109.497138,-7.503945],[109.497407,-7.503945],[109.497407,-7.503406],[109.498216,-7.503406],[109.498216,-7.505562],[109.498485,-7.505562],[109.498485,-7.508257],[109.498754,-7.508257],[109.498754,-7.509066],[109.499024,-7.509066],[109.499024,-7.509605],[109.499293,-7.509605],[109.499293,-7.509874],[109.499563,-7.509874],[109.499563,-7.510413],[109.50091,-7.510413],[109.50091,-7.510144],[109.501449,-7.510144],[109.501449,-7.509874],[109.501988,-7.509874],[109.501988,-7.509605],[109.502797,-7.509605],[109.502797,-7.509335],[109.505492,-7.509335],[109.505492,-7.509066],[109.50657,-7.509066],[109.50657,-7.508796],[109.508726,-7.508796],[109.508726,-7.509066],[109.509534,-7.509066],[109.509534,-7.509335],[109.510612,-7.509335],[109.510612,-7.509605],[109.513307,-7.509605],[109.513307,-7.509874],[109.514385,-7.509874],[109.514385,-7.510144],[109.515733,-7.510144],[109.515733,-7.510413],[109.51708,-7.510413],[109.51708,-7.510683],[109.517889,-7.510683],[109.517889,-7.510952],[109.518697,-7.510952],[109.518697,-7.511221],[109.519505,-7.511221],[109.519505,-7.511491],[109.519775,-7.511491],[109.519775,-7.51176],[109.520314,-7.51176],[109.520314,-7.51203],[109.520853,-7.51203],[109.520853,-7.512299],[109.521392,-7.512299],[109.521392,-7.512569],[109.521661,-7.512569],[109.521661,-7.512838],[109.5222,-7.512838],[109.5222,-7.513108],[109.52247,-7.513108],[109.52247,-7.513377],[109.523009,-7.513377],[109.523009,-7.513647],[109.523278,-7.513647],[109.523278,-7.513916],[109.523548,-7.513916],[109.523548,-7.514186],[109.523817,-7.514186],[109.523817,-7.514455],[109.524087,-7.514455],[109.524087,-7.514725],[109.524356,-7.514725],[109.524356,-7.514994],[109.524626,-7.514994],[109.524626,-7.515264],[109.525165,-7.515264],[109.525165,-7.515533],[109.525704,-7.515533],[109.525704,-7.515803],[109.533519,-7.515803],[109.533519,-7.515533],[109.537023,-7.515533],[109.537023,-7.515803],[109.538101,-7.515803],[109.538101,-7.516072],[109.53837,-7.516072],[109.53837,-7.516342],[109.53864,-7.516342],[109.53864,-7.516611],[109.538909,-7.516611],[109.538909,-7.51715],[109.539178,-7.51715],[109.539178,-7.517689],[109.539448,-7.517689],[109.539448,-7.518498],[109.539717,-7.518498],[109.539717,-7.519037],[109.539987,-7.519037],[109.539987,-7.519306],[109.540256,-7.519306],[109.540256,-7.519576],[109.540795,-7.519576],[109.540795,-7.519845],[109.541065,-7.519845],[109.541065,-7.520115],[109.541334,-7.520115],[109.541334,-7.520384],[109.541604,-7.520384],[109.541604,-7.520654],[109.542143,-7.520654],[109.542143,-7.520923],[109.542682,-7.520923],[109.542682,-7.521193],[109.543221,-7.521193],[109.543221,-7.521462],[109.54349,-7.521462],[109.54349,-7.521732],[109.54376,-7.521732],[109.54376,-7.522001],[109.544029,-7.522001],[109.544029,-7.522271],[109.544299,-7.522271],[109.544299,-7.52254],[109.544838,-7.52254],[109.544838,-7.52281],[109.545646,-7.52281],[109.545646,-7.52254],[109.545916,-7.52254],[109.545916,-7.522001],[109.546185,-7.522001],[109.546185,-7.521462],[109.546455,-7.521462],[109.546455,-7.521193],[109.546724,-7.521193],[109.546724,-7.520654],[109.546994,-7.520654],[109.546994,-7.520384],[109.547263,-7.520384],[109.547263,-7.519845],[109.547533,-7.519845],[109.547533,-7.519576],[109.547802,-7.519576],[109.547802,-7.518767],[109.548072,-7.518767],[109.548072,-7.51742],[109.548341,-7.51742],[109.548341,-7.515803],[109.548611,-7.515803],[109.548611,-7.514994],[109.54888,-7.514994],[109.54888,-7.514455],[109.54915,-7.514455],[109.54915,-7.514186],[109.549419,-7.514186],[109.549419,-7.513647],[109.549689,-7.513647],[109.549689,-7.513377],[109.549958,-7.513377],[109.549958,-7.513108],[109.550228,-7.513108],[109.550228,-7.512838],[109.550497,-7.512838],[109.550497,-7.512569],[109.551036,-7.512569],[109.551036,-7.512299],[109.551306,-7.512299],[109.551306,-7.51203],[109.551575,-7.51203],[109.551575,-7.511491],[109.552114,-7.511491],[109.552114,-7.511221],[109.552923,-7.511221],[109.552923,-7.510952],[109.553731,-7.510952],[109.553731,-7.511221],[109.55427,-7.511221],[109.55427,-7.511491],[109.555079,-7.511491],[109.555079,-7.51176],[109.555887,-7.51176],[109.555887,-7.511491],[109.556426,-7.511491],[109.556426,-7.511221],[109.556696,-7.511221],[109.556696,-7.510952],[109.556965,-7.510952],[109.556965,-7.510683],[109.557235,-7.510683],[109.557235,-7.510413],[109.557774,-7.510413],[109.557774,-7.510144],[109.558313,-7.510144],[109.558313,-7.509874],[109.559929,-7.509874],[109.559929,-7.509605],[109.562355,-7.509605],[109.562355,-7.509335],[109.564241,-7.509335],[109.564241,-7.509605],[109.56505,-7.509605],[109.56505,-7.509874],[109.566397,-7.509874],[109.566397,-7.509605],[109.566667,-7.509605],[109.566667,-7.509874],[109.569092,-7.509874],[109.569092,-7.510144],[109.569631,-7.510144],[109.569631,-7.510413],[109.569901,-7.510413],[109.569901,-7.510683],[109.57017,-7.510683],[109.57017,-7.510952],[109.57044,-7.510952],[109.57044,-7.511221],[109.570709,-7.511221],[109.570709,-7.511491],[109.570979,-7.511491],[109.570979,-7.51203],[109.571248,-7.51203],[109.571248,-7.512569],[109.571518,-7.512569],[109.571518,-7.512838],[109.571787,-7.512838],[109.571787,-7.513108],[109.572057,-7.513108],[109.572057,-7.513377],[109.579603,-7.513377],[109.579603,-7.513647],[109.58095,-7.513647],[109.58095,-7.513377],[109.583106,-7.513377],[109.583106,-7.513647],[109.585262,-7.513647],[109.585262,-7.513916],[109.585801,-7.513916],[109.585801,-7.514186],[109.58634,-7.514186],[109.58634,-7.514455],[109.586609,-7.514455],[109.586609,-7.514994],[109.586879,-7.514994],[109.586879,-7.515264],[109.587148,-7.515264],[109.587148,-7.515533],[109.587687,-7.515533],[109.587687,-7.515264],[109.587957,-7.515264],[109.587957,-7.514994],[109.588226,-7.514994],[109.588226,-7.514455],[109.588496,-7.514455],[109.588496,-7.513916],[109.588765,-7.513916],[109.588765,-7.513647],[109.592808,-7.513647],[109.592808,-7.513377],[109.593616,-7.513377],[109.593616,-7.513108],[109.594155,-7.513108],[109.594155,-7.512838],[109.594425,-7.512838],[109.594425,-7.512569],[109.594694,-7.512569],[109.594694,-7.511491],[109.594964,-7.511491],[109.594964,-7.511221],[109.595772,-7.511221],[109.595772,-7.510952],[109.596581,-7.510952],[109.596581,-7.510683],[109.59712,-7.510683],[109.59712,-7.510413],[109.597928,-7.510413],[109.597928,-7.510144],[109.598198,-7.510144],[109.598198,-7.509605],[109.598467,-7.509605],[109.598467,-7.509335],[109.598737,-7.509335],[109.598737,-7.509066],[109.599006,-7.509066],[109.599006,-7.508796],[109.599815,-7.508796],[109.599815,-7.508527],[109.600353,-7.508527],[109.600353,-7.508257],[109.600623,-7.508257],[109.600623,-7.507988],[109.600892,-7.507988],[109.600892,-7.507718],[109.601162,-7.507718],[109.601162,-7.507449],[109.601431,-7.507449],[109.601431,-7.50691],[109.601701,-7.50691],[109.601701,-7.50664],[109.60197,-7.50664],[109.60197,-7.506101],[109.602779,-7.506101],[109.602779,-7.505832],[109.604665,-7.505832],[109.604665,-7.505562],[109.605743,-7.505562],[109.605743,-7.505293],[109.606282,-7.505293],[109.606282,-7.505023],[109.606821,-7.505023],[109.606821,-7.504754],[109.610594,-7.504754],[109.610594,-7.504484],[109.611403,-7.504484],[109.611403,-7.504754],[109.612481,-7.504754],[109.612481,-7.504484],[109.61302,-7.504484],[109.61302,-7.504215],[109.613289,-7.504215],[109.613289,-7.503676],[109.61275,-7.503676],[109.61275,-7.502328],[109.61302,-7.502328],[109.61302,-7.502059],[109.613559,-7.502059],[109.613559,-7.501789],[109.614098,-7.501789],[109.614098,-7.50152],[109.614906,-7.50152],[109.614906,-7.500981],[109.615176,-7.500981],[109.615176,-7.499903],[109.614906,-7.499903],[109.614906,-7.497208],[109.615176,-7.497208],[109.615176,-7.496399],[109.615445,-7.496399],[109.615445,-7.49613],[109.615715,-7.49613],[109.615715,-7.49586],[109.615984,-7.49586],[109.615984,-7.495591],[109.616523,-7.495591],[109.616523,-7.495321],[109.616793,-7.495321],[109.616793,-7.495052],[109.617062,-7.495052],[109.617062,-7.494782],[109.617332,-7.494782],[109.617332,-7.494243],[109.617601,-7.494243],[109.617601,-7.493974],[109.617871,-7.493974],[109.617871,-7.493704],[109.61814,-7.493704],[109.61814,-7.493165],[109.61841,-7.493165],[109.61841,-7.492626],[109.618679,-7.492626],[109.618679,-7.492087],[109.618949,-7.492087],[109.618949,-7.491548],[109.619757,-7.491548],[109.619757,-7.491279],[109.620565,-7.491279],[109.620565,-7.491009],[109.621374,-7.491009],[109.621374,-7.49074],[109.621643,-7.49074],[109.621643,-7.490471],[109.621913,-7.490471],[109.621913,-7.490201],[109.622452,-7.490201],[109.622452,-7.489932],[109.622721,-7.489932],[109.622721,-7.489393],[109.622991,-7.489393],[109.622991,-7.489123],[109.62326,-7.489123],[109.62326,-7.488854],[109.62353,-7.488854],[109.62353,-7.488584],[109.624069,-7.488584],[109.624069,-7.488315],[109.624877,-7.488315],[109.624877,-7.488045],[109.625147,-7.488045],[109.625147,-7.487776],[109.625416,-7.487776],[109.625416,-7.487237],[109.625686,-7.487237],[109.625686,-7.486967],[109.626494,-7.486967],[109.626494,-7.486698],[109.627033,-7.486698],[109.627033,-7.486428],[109.627303,-7.486428],[109.627303,-7.485889],[109.627842,-7.485889],[109.627842,-7.48562],[109.628111,-7.48562],[109.628111,-7.48535],[109.62865,-7.48535],[109.62865,-7.485081],[109.62892,-7.485081],[109.62892,-7.484811],[109.629459,-7.484811],[109.629459,-7.484542],[109.629728,-7.484542],[109.629728,-7.484272],[109.629998,-7.484272],[109.629998,-7.484003],[109.630267,-7.484003],[109.630267,-7.483733],[109.630537,-7.483733],[109.630537,-7.483194],[109.630806,-7.483194],[109.630806,-7.482925],[109.631076,-7.482925],[109.631076,-7.482655],[109.631345,-7.482655],[109.631345,-7.482386],[109.631884,-7.482386],[109.631884,-7.482116],[109.632423,-7.482116],[109.632423,-7.481847],[109.632693,-7.481847],[109.632693,-7.481577],[109.633501,-7.481577],[109.633501,-7.481847],[109.634579,-7.481847],[109.634579,-7.481577],[109.636196,-7.481577],[109.636196,-7.481308],[109.638352,-7.481308],[109.638352,-7.481577],[109.638891,-7.481577],[109.638891,-7.481847],[109.639161,-7.481847],[109.639161,-7.482116],[109.63943,-7.482116],[109.63943,-7.482386],[109.6397,-7.482386],[109.6397,-7.482655],[109.639969,-7.482655],[109.639969,-7.482925],[109.640508,-7.482925],[109.640508,-7.483194],[109.640777,-7.483194],[109.640777,-7.483464],[109.641047,-7.483464],[109.641047,-7.483733],[109.641316,-7.483733],[109.641316,-7.484003],[109.641586,-7.484003],[109.641586,-7.484272],[109.641855,-7.484272],[109.641855,-7.484542],[109.642125,-7.484542],[109.642125,-7.484811],[109.642394,-7.484811],[109.642394,-7.485081],[109.642664,-7.485081],[109.642664,-7.48562],[109.642933,-7.48562],[109.642933,-7.485889],[109.643203,-7.485889],[109.643203,-7.486428],[109.643472,-7.486428],[109.643472,-7.486698],[109.643742,-7.486698],[109.643742,-7.487237],[109.644011,-7.487237],[109.644011,-7.487776],[109.644281,-7.487776],[109.644281,-7.488315],[109.64455,-7.488315],[109.64455,-7.489123],[109.64482,-7.489123],[109.64482,-7.489662],[109.645089,-7.489662],[109.645089,-7.490201],[109.645359,-7.490201],[109.645359,-7.491009],[109.645628,-7.491009],[109.645628,-7.491818],[109.645898,-7.491818],[109.645898,-7.492626],[109.646167,-7.492626],[109.646167,-7.493165],[109.646437,-7.493165],[109.646437,-7.493704],[109.646706,-7.493704],[109.646706,-7.494243],[109.646976,-7.494243],[109.646976,-7.494513],[109.647245,-7.494513],[109.647245,-7.494782],[109.647515,-7.494782],[109.647515,-7.495052],[109.647784,-7.495052],[109.647784,-7.495321],[109.648323,-7.495321],[109.648323,-7.495591],[109.649401,-7.495591],[109.649401,-7.49586],[109.651827,-7.49586],[109.651827,-7.49613],[109.654522,-7.49613],[109.654522,-7.49586],[109.6556,-7.49586],[109.6556,-7.495591],[109.656139,-7.495591],[109.656139,-7.495321],[109.656678,-7.495321],[109.656678,-7.495052],[109.657217,-7.495052],[109.657217,-7.494782],[109.657756,-7.494782],[109.657756,-7.494513],[109.658295,-7.494513],[109.658295,-7.494243],[109.658834,-7.494243],[109.658834,-7.493974],[109.659373,-7.493974],[109.659373,-7.493704],[109.660181,-7.493704],[109.660181,-7.493435],[109.661259,-7.493435],[109.661259,-7.493165],[109.662337,-7.493165],[109.662337,-7.492896],[109.665301,-7.492896],[109.665301,-7.493165],[109.665571,-7.493165],[109.665571,-7.493435],[109.66584,-7.493435],[109.66584,-7.493704],[109.66611,-7.493704],[109.66611,-7.493974],[109.666379,-7.493974],[109.666379,-7.494243],[109.666649,-7.494243],[109.666649,-7.494782],[109.666918,-7.494782],[109.666918,-7.495052],[109.667188,-7.495052],[109.667188,-7.495321],[109.667457,-7.495321],[109.667457,-7.49586],[109.667727,-7.49586],[109.667727,-7.49613],[109.667996,-7.49613],[109.667996,-7.496399],[109.668266,-7.496399],[109.668266,-7.496938],[109.668535,-7.496938],[109.668535,-7.497208],[109.668805,-7.497208],[109.668805,-7.497747],[109.669074,-7.497747],[109.669074,-7.498016],[109.669344,-7.498016],[109.669344,-7.498555],[109.669613,-7.498555],[109.669613,-7.498825],[109.669883,-7.498825],[109.669883,-7.499364],[109.670152,-7.499364],[109.670152,-7.499633],[109.670422,-7.499633],[109.670422,-7.499903],[109.670691,-7.499903],[109.670691,-7.500172],[109.6715,-7.500172],[109.6715,-7.500442],[109.671769,-7.500442],[109.671769,-7.500711],[109.672308,-7.500711],[109.672308,-7.50152],[109.672039,-7.50152],[109.672039,-7.502598],[109.672308,-7.502598],[109.672308,-7.502867],[109.673656,-7.502867],[109.673656,-7.502598],[109.675003,-7.502598],[109.675003,-7.502867],[109.675542,-7.502867],[109.675542,-7.502598],[109.676081,-7.502598],[109.676081,-7.502867],[109.67662,-7.502867],[109.67662,-7.503137],[109.677698,-7.503137],[109.677698,-7.502598],[109.677968,-7.502598],[109.677968,-7.502328],[109.678237,-7.502328],[109.678237,-7.501789],[109.679315,-7.501789],[109.679315,-7.502059],[109.68201,-7.502059],[109.68201,-7.502328],[109.682549,-7.502328],[109.682549,-7.502598],[109.682818,-7.502598],[109.682818,-7.502867],[109.683088,-7.502867],[109.683088,-7.503137],[109.683627,-7.503137],[109.683627,-7.503406],[109.684974,-7.503406],[109.684974,-7.503137],[109.685244,-7.503137],[109.685244,-7.502867],[109.685783,-7.502867],[109.685783,-7.502598],[109.686322,-7.502598],[109.686322,-7.502328],[109.6874,-7.502328],[109.6874,-7.502059],[109.687939,-7.502059],[109.687939,-7.500981],[109.688208,-7.500981],[109.688208,-7.500172],[109.688478,-7.500172],[109.688478,-7.498825],[109.688208,-7.498825],[109.688208,-7.498016],[109.688747,-7.498016],[109.688747,-7.496938],[109.689286,-7.496938],[109.689286,-7.496669],[109.694137,-7.496669],[109.694137,-7.496399],[109.696563,-7.496399],[109.696563,-7.49613],[109.69791,-7.49613],[109.69791,-7.49586],[109.698719,-7.49586],[109.698719,-7.495591],[109.699258,-7.495591],[109.699258,-7.495321],[109.699527,-7.495321],[109.699527,-7.495052],[109.699797,-7.495052],[109.699797,-7.494782],[109.700066,-7.494782],[109.700066,-7.494513],[109.700336,-7.494513],[109.700336,-7.494243],[109.700605,-7.494243],[109.700605,-7.493974],[109.701144,-7.493974],[109.701144,-7.493704],[109.701413,-7.493704],[109.701413,-7.493435],[109.701683,-7.493435],[109.701683,-7.493165],[109.701952,-7.493165],[109.701952,-7.492896],[109.702491,-7.492896],[109.702491,-7.492626],[109.702761,-7.492626],[109.702761,-7.492357],[109.70303,-7.492357],[109.70303,-7.492087],[109.703569,-7.492087],[109.703569,-7.491818],[109.703839,-7.491818],[109.703839,-7.491548],[109.704108,-7.491548],[109.704108,-7.491279],[109.704378,-7.491279],[109.704378,-7.491009],[109.704647,-7.491009],[109.704647,-7.49074],[109.704917,-7.49074],[109.704917,-7.490201],[109.705186,-7.490201],[109.705186,-7.489662],[109.705725,-7.489662],[109.705725,-7.489393],[109.706264,-7.489393],[109.706264,-7.489123],[109.706534,-7.489123],[109.706534,-7.488854],[109.706803,-7.488854],[109.706803,-7.488045],[109.707073,-7.488045],[109.707073,-7.487506],[109.707342,-7.487506],[109.707342,-7.486967],[109.707612,-7.486967],[109.707612,-7.486159],[109.707881,-7.486159],[109.707881,-7.485889],[109.708151,-7.485889],[109.708151,-7.48562],[109.70869,-7.48562],[109.70869,-7.48535],[109.708959,-7.48535],[109.708959,-7.485081],[109.709498,-7.485081],[109.709498,-7.484811],[109.709768,-7.484811],[109.709768,-7.484542],[109.710037,-7.484542],[109.710037,-7.484272],[109.710576,-7.484272],[109.710576,-7.483733],[109.710846,-7.483733],[109.710846,-7.483194],[109.711115,-7.483194],[109.711115,-7.482925],[109.711385,-7.482925],[109.711385,-7.482655],[109.712463,-7.482655],[109.712463,-7.482386],[109.713271,-7.482386],[109.713271,-7.482655],[109.714349,-7.482655],[109.714349,-7.482386],[109.714888,-7.482386],[109.714888,-7.482116],[109.715427,-7.482116],[109.715427,-7.481847],[109.715697,-7.481847],[109.715697,-7.481308],[109.715966,-7.481308],[109.715966,-7.481038],[109.716236,-7.481038],[109.716236,-7.480769],[109.716505,-7.480769],[109.716505,-7.48023],[109.716775,-7.48023],[109.716775,-7.47996],[109.717044,-7.47996],[109.717044,-7.479691],[109.717583,-7.479691],[109.717583,-7.479421],[109.717853,-7.479421],[109.717853,-7.479152],[109.718122,-7.479152],[109.718122,-7.478882],[109.718661,-7.478882],[109.718661,-7.478613],[109.7192,-7.478613],[109.7192,-7.478343],[109.71947,-7.478343],[109.71947,-7.478074],[109.721356,-7.478074],[109.721356,-7.477804],[109.721625,-7.477804],[109.721625,-7.477535],[109.722164,-7.477535],[109.722164,-7.477265],[109.722703,-7.477265],[109.722703,-7.476996],[109.722973,-7.476996],[109.722973,-7.476726],[109.723781,-7.476726],[109.723781,-7.476457],[109.724051,-7.476457],[109.724051,-7.476187],[109.727285,-7.476187],[109.727285,-7.476457],[109.728093,-7.476457],[109.728093,-7.476726],[109.728902,-7.476726],[109.728902,-7.476996],[109.729441,-7.476996],[109.729441,-7.477265],[109.72998,-7.477265],[109.72998,-7.477535],[109.730519,-7.477535],[109.730519,-7.477804],[109.731327,-7.477804],[109.731327,-7.478074],[109.731866,-7.478074],[109.731866,-7.478343],[109.733214,-7.478343],[109.733214,-7.478074],[109.733483,-7.478074],[109.733483,-7.476726],[109.733753,-7.476726],[109.733753,-7.476457],[109.734292,-7.476457],[109.734292,-7.476187],[109.734831,-7.476187],[109.734831,-7.475918],[109.7351,-7.475918],[109.7351,-7.475648],[109.73537,-7.475648],[109.73537,-7.475379],[109.735639,-7.475379],[109.735639,-7.475109],[109.736178,-7.475109],[109.736178,-7.47457],[109.734561,-7.47457],[109.734561,-7.473223],[109.734292,-7.473223],[109.734292,-7.472684],[109.734022,-7.472684],[109.734022,-7.472414],[109.733753,-7.472414],[109.733753,-7.472145],[109.733214,-7.472145],[109.733214,-7.471875],[109.732944,-7.471875],[109.732944,-7.471606],[109.732675,-7.471606],[109.732675,-7.471336],[109.732405,-7.471336],[109.732405,-7.469989],[109.732675,-7.469989],[109.732675,-7.46972],[109.732944,-7.46972],[109.732944,-7.46945],[109.733214,-7.46945],[109.733214,-7.468642],[109.733483,-7.468642],[109.733483,-7.467564],[109.733214,-7.467564],[109.733214,-7.467294],[109.732944,-7.467294],[109.732944,-7.467025],[109.732675,-7.467025],[109.732675,-7.466216],[109.732405,-7.466216],[109.732405,-7.465677],[109.732136,-7.465677],[109.732136,-7.465408],[109.731866,-7.465408],[109.731866,-7.465138],[109.732136,-7.465138],[109.732136,-7.463521],[109.732405,-7.463521],[109.732405,-7.462443],[109.732136,-7.462443],[109.732136,-7.462174],[109.731866,-7.462174],[109.731866,-7.461904],[109.731597,-7.461904],[109.731597,-7.461096],[109.731866,-7.461096],[109.731866,-7.460826],[109.732136,-7.460826],[109.732136,-7.460287],[109.732405,-7.460287],[109.732405,-7.45894],[109.732136,-7.45894],[109.732136,-7.457862],[109.732405,-7.457862],[109.732405,-7.457592],[109.732675,-7.457592],[109.732675,-7.457323],[109.733214,-7.457323],[109.733214,-7.457053],[109.734292,-7.457053],[109.734292,-7.456784],[109.735909,-7.456784],[109.735909,-7.456514],[109.736178,-7.456514],[109.736178,-7.456245],[109.736448,-7.456245],[109.736448,-7.455975],[109.736717,-7.455975],[109.736717,-7.455706],[109.736987,-7.455706],[109.736987,-7.454897],[109.737256,-7.454897],[109.737256,-7.453819],[109.737526,-7.453819],[109.737526,-7.452202],[109.737795,-7.452202],[109.737795,-7.451394],[109.737526,-7.451394],[109.737526,-7.44843],[109.737256,-7.44843],[109.737256,-7.447621],[109.736987,-7.447621],[109.736987,-7.447082],[109.736178,-7.447082],[109.736178,-7.446813],[109.73537,-7.446813],[109.73537,-7.446543],[109.734561,-7.446543],[109.734561,-7.446274],[109.733753,-7.446274],[109.733753,-7.446004],[109.733214,-7.446004],[109.733214,-7.445735],[109.731866,-7.445735],[109.731866,-7.446004],[109.730519,-7.446004],[109.730519,-7.446274],[109.728902,-7.446274],[109.728902,-7.446543],[109.728093,-7.446543],[109.728093,-7.446813],[109.727285,-7.446813],[109.727285,-7.447082],[109.726746,-7.447082],[109.726746,-7.447352],[109.725937,-7.447352],[109.725937,-7.447621],[109.725398,-7.447621],[109.725398,-7.447891],[109.724859,-7.447891],[109.724859,-7.44816],[109.724051,-7.44816],[109.724051,-7.44843],[109.722434,-7.44843],[109.722434,-7.448699],[109.720817,-7.448699],[109.720817,-7.448969],[109.720278,-7.448969],[109.720278,-7.448699],[109.718122,-7.448699],[109.718122,-7.44843],[109.716505,-7.44843],[109.716505,-7.44816],[109.716236,-7.44816],[109.716236,-7.447891],[109.715697,-7.447891],[109.715697,-7.447621],[109.715427,-7.447621],[109.715427,-7.447352],[109.715158,-7.447352],[109.715158,-7.447082],[109.714888,-7.447082],[109.714888,-7.446543],[109.714619,-7.446543],[109.714619,-7.446274],[109.714349,-7.446274],[109.714349,-7.445735],[109.71408,-7.445735],[109.71408,-7.445196],[109.71381,-7.445196],[109.71381,-7.444657],[109.713541,-7.444657],[109.713541,-7.443848],[109.713271,-7.443848],[109.713271,-7.44277],[109.713002,-7.44277],[109.713002,-7.441423],[109.712732,-7.441423],[109.712732,-7.439806],[109.712463,-7.439806],[109.712463,-7.439536],[109.711385,-7.439536],[109.711385,-7.439267],[109.710307,-7.439267],[109.710307,-7.438997],[109.709498,-7.438997],[109.709498,-7.438728],[109.70869,-7.438728],[109.70869,-7.438458],[109.707342,-7.438458],[109.707342,-7.438189],[109.706264,-7.438189],[109.706264,-7.437919],[109.705186,-7.437919],[109.705186,-7.43765],[109.704647,-7.43765],[109.704647,-7.43738],[109.703839,-7.43738],[109.703839,-7.437111],[109.703569,-7.437111],[109.703569,-7.436841],[109.70303,-7.436841],[109.70303,-7.436572],[109.702491,-7.436572],[109.702491,-7.436302],[109.702222,-7.436302],[109.702222,-7.436033],[109.701952,-7.436033],[109.701952,-7.435763],[109.701683,-7.435763],[109.701683,-7.435494],[109.701144,-7.435494],[109.701144,-7.435224],[109.700875,-7.435224],[109.700875,-7.434955],[109.700336,-7.434955],[109.700336,-7.434685],[109.699527,-7.434685],[109.699527,-7.434416],[109.699258,-7.434416],[109.699258,-7.434146],[109.698719,-7.434146],[109.698719,-7.433877],[109.698449,-7.433877],[109.698449,-7.433607],[109.69818,-7.433607],[109.69818,-7.433338],[109.69791,-7.433338],[109.69791,-7.433068],[109.697641,-7.433068],[109.697641,-7.432799],[109.697371,-7.432799],[109.697371,-7.43226],[109.697102,-7.43226],[109.697102,-7.431721],[109.696832,-7.431721],[109.696832,-7.431451],[109.696563,-7.431451],[109.696563,-7.430912],[109.696024,-7.430912],[109.696024,-7.430643],[109.695485,-7.430643],[109.695485,-7.430373],[109.695215,-7.430373],[109.695215,-7.430104],[109.694946,-7.430104],[109.694946,-7.429835],[109.694676,-7.429835],[109.694676,-7.429565],[109.694407,-7.429565],[109.694407,-7.429296],[109.694137,-7.429296],[109.694137,-7.428757],[109.693868,-7.428757],[109.693868,-7.427948],[109.693598,-7.427948],[109.693598,-7.426331],[109.693329,-7.426331],[109.693329,-7.422558],[109.693598,-7.422558],[109.693598,-7.420941],[109.693868,-7.420941],[109.693868,-7.419594],[109.694137,-7.419594],[109.694137,-7.419055],[109.694407,-7.419055],[109.694407,-7.418516],[109.694676,-7.418516],[109.694676,-7.418246],[109.694946,-7.418246],[109.694946,-7.417977],[109.695215,-7.417977],[109.695215,-7.417707],[109.695485,-7.417707],[109.695485,-7.417438],[109.695754,-7.417438],[109.695754,-7.417168],[109.696024,-7.417168],[109.696024,-7.416899],[109.696293,-7.416899],[109.696293,-7.416629],[109.696832,-7.416629],[109.696832,-7.41636],[109.697102,-7.41636],[109.697102,-7.41609],[109.697641,-7.41609],[109.697641,-7.415821],[109.698449,-7.415821],[109.698449,-7.415551],[109.699258,-7.415551],[109.699258,-7.415282],[109.700336,-7.415282],[109.700336,-7.415012],[109.7033,-7.415012],[109.7033,-7.414743],[109.711654,-7.414743],[109.711654,-7.414473],[109.714888,-7.414473],[109.714888,-7.414204],[109.717583,-7.414204],[109.717583,-7.414473],[109.719739,-7.414473],[109.719739,-7.414743],[109.721356,-7.414743],[109.721356,-7.415012],[109.722703,-7.415012],[109.722703,-7.415282],[109.723781,-7.415282],[109.723781,-7.415551],[109.725668,-7.415551],[109.725668,-7.415821],[109.728093,-7.415821],[109.728093,-7.41609],[109.729171,-7.41609],[109.729171,-7.415821],[109.731866,-7.415821],[109.731866,-7.415551],[109.733753,-7.415551],[109.733753,-7.415282],[109.734561,-7.415282],[109.734561,-7.415012],[109.73537,-7.415012],[109.73537,-7.414743],[109.736178,-7.414743],[109.736178,-7.414473],[109.736717,-7.414473],[109.736717,-7.414204],[109.736987,-7.414204],[109.736987,-7.413665],[109.737256,-7.413665],[109.737256,-7.413126],[109.737526,-7.413126],[109.737526,-7.412317],[109.737795,-7.412317],[109.737795,-7.411778],[109.738065,-7.411778],[109.738065,-7.41097],[109.738334,-7.41097],[109.738334,-7.410161],[109.738604,-7.410161],[109.738604,-7.409623],[109.738873,-7.409623],[109.738873,-7.408814],[109.739143,-7.408814],[109.739143,-7.408006],[109.739412,-7.408006],[109.739412,-7.407197],[109.739682,-7.407197],[109.739682,-7.406658],[109.739951,-7.406658],[109.739951,-7.406389],[109.740221,-7.406389],[109.740221,-7.40585],[109.74049,-7.40585],[109.74049,-7.40558],[109.74076,-7.40558],[109.74076,-7.405311],[109.741029,-7.405311],[109.741029,-7.405041],[109.741299,-7.405041],[109.741299,-7.404772],[109.741568,-7.404772],[109.741568,-7.404502],[109.741838,-7.404502],[109.741838,-7.404233],[109.742376,-7.404233],[109.742376,-7.403963],[109.742646,-7.403963],[109.742646,-7.403694],[109.743185,-7.403694],[109.743185,-7.403424],[109.743724,-7.403424],[109.743724,-7.403155],[109.743993,-7.403155],[109.743993,-7.402885],[109.744263,-7.402885],[109.744263,-7.402616],[109.744532,-7.402616],[109.744532,-7.402346],[109.745071,-7.402346],[109.745071,-7.402077],[109.74561,-7.402077],[109.74561,-7.401807],[109.746149,-7.401807],[109.746149,-7.401538],[109.746958,-7.401538],[109.746958,-7.401268],[109.747766,-7.401268],[109.747766,-7.400999],[109.748844,-7.400999],[109.748844,-7.400729],[109.749114,-7.400729],[109.749114,-7.400999],[109.753156,-7.400999],[109.753156,-7.401268],[109.754234,-7.401268],[109.754234,-7.401538],[109.755582,-7.401538],[109.755582,-7.401807],[109.75666,-7.401807],[109.75666,-7.402077],[109.757199,-7.402077],[109.757199,-7.402346],[109.757738,-7.402346],[109.757738,-7.402616],[109.758277,-7.402616],[109.758277,-7.402885],[109.758546,-7.402885],[109.758546,-7.403155],[109.759085,-7.403155],[109.759085,-7.403424],[109.759624,-7.403424],[109.759624,-7.403694],[109.760163,-7.403694],[109.760163,-7.403963],[109.760702,-7.403963],[109.760702,-7.404233],[109.760972,-7.404233],[109.760972,-7.404502],[109.761241,-7.404502],[109.761241,-7.404772],[109.76178,-7.404772],[109.76178,-7.405041],[109.76205,-7.405041],[109.76205,-7.405311],[109.762319,-7.405311],[109.762319,-7.40558],[109.762588,-7.40558],[109.762588,-7.406119],[109.762858,-7.406119],[109.762858,-7.406389],[109.763127,-7.406389],[109.763127,-7.406658],[109.763397,-7.406658],[109.763397,-7.407197],[109.763666,-7.407197],[109.763666,-7.407736],[109.763936,-7.407736],[109.763936,-7.408006],[109.764205,-7.408006],[109.764205,-7.408275],[109.764475,-7.408275],[109.764475,-7.408814],[109.764744,-7.408814],[109.764744,-7.409084],[109.765014,-7.409084],[109.765014,-7.409623],[109.765283,-7.409623],[109.765283,-7.409892],[109.765553,-7.409892],[109.765553,-7.410161],[109.765822,-7.410161],[109.765822,-7.410431],[109.766092,-7.410431],[109.766092,-7.41097],[109.766361,-7.41097],[109.766361,-7.411239],[109.766631,-7.411239],[109.766631,-7.411509],[109.7669,-7.411509],[109.7669,-7.411778],[109.76717,-7.411778],[109.76717,-7.412048],[109.767439,-7.412048],[109.767439,-7.412317],[109.767709,-7.412317],[109.767709,-7.412587],[109.767978,-7.412587],[109.767978,-7.412856],[109.768248,-7.412856],[109.768248,-7.413126],[109.768517,-7.413126],[109.768517,-7.413395],[109.768787,-7.413395],[109.768787,-7.413665],[109.769056,-7.413665],[109.769056,-7.413934],[109.769326,-7.413934],[109.769326,-7.414204],[109.769595,-7.414204],[109.769595,-7.414743],[109.769865,-7.414743],[109.769865,-7.415012],[109.770134,-7.415012],[109.770134,-7.415282],[109.770404,-7.415282],[109.770404,-7.415821],[109.770673,-7.415821],[109.770673,-7.41609],[109.770943,-7.41609],[109.770943,-7.41636],[109.771212,-7.41636],[109.771212,-7.416899],[109.771482,-7.416899],[109.771482,-7.417438],[109.771751,-7.417438],[109.771751,-7.417977],[109.772021,-7.417977],[109.772021,-7.418516],[109.77229,-7.418516],[109.77229,-7.419324],[109.77256,-7.419324],[109.77256,-7.419863],[109.772829,-7.419863],[109.772829,-7.420402],[109.773099,-7.420402],[109.773099,-7.420672],[109.773368,-7.420672],[109.773368,-7.420941],[109.773638,-7.420941],[109.773638,-7.421211],[109.773907,-7.421211],[109.773907,-7.42148],[109.774177,-7.42148],[109.774177,-7.42175],[109.774446,-7.42175],[109.774446,-7.422019],[109.774716,-7.422019],[109.774716,-7.422558],[109.774985,-7.422558],[109.774985,-7.422828],[109.775255,-7.422828],[109.775255,-7.423367],[109.775524,-7.423367],[109.775524,-7.423906],[109.775794,-7.423906],[109.775794,-7.424175],[109.776063,-7.424175],[109.776063,-7.424445],[109.776333,-7.424445],[109.776333,-7.424714],[109.776872,-7.424714],[109.776872,-7.424984],[109.777141,-7.424984],[109.777141,-7.425253],[109.77795,-7.425253],[109.77795,-7.425523],[109.778489,-7.425523],[109.778489,-7.425792],[109.779028,-7.425792],[109.779028,-7.426062],[109.779567,-7.426062],[109.779567,-7.426331],[109.780106,-7.426331],[109.780106,-7.426601],[109.780645,-7.426601],[109.780645,-7.42687],[109.780914,-7.42687],[109.780914,-7.42714],[109.781992,-7.42714],[109.781992,-7.427409],[109.783339,-7.427409],[109.783339,-7.427679],[109.784956,-7.427679],[109.784956,-7.427948],[109.785226,-7.427948],[109.785226,-7.427679],[109.786034,-7.427679],[109.786034,-7.427409],[109.786843,-7.427409],[109.786843,-7.42714],[109.787651,-7.42714],[109.787651,-7.42687],[109.78846,-7.42687],[109.78846,-7.426601],[109.789538,-7.426601],[109.789538,-7.426331],[109.791155,-7.426331],[109.791155,-7.426062],[109.795736,-7.426062],[109.795736,-7.426331],[109.797623,-7.426331],[109.797623,-7.426601],[109.798162,-7.426601],[109.798162,-7.42687],[109.798701,-7.42687],[109.798701,-7.42714],[109.79924,-7.42714],[109.79924,-7.427409],[109.799509,-7.427409],[109.799509,-7.427679],[109.800048,-7.427679],[109.800048,-7.427948],[109.800587,-7.427948],[109.800587,-7.428218],[109.801126,-7.428218],[109.801126,-7.428487],[109.801665,-7.428487],[109.801665,-7.428757],[109.802204,-7.428757],[109.802204,-7.429026],[109.802474,-7.429026],[109.802474,-7.429296],[109.803012,-7.429296],[109.803012,-7.429565],[109.803282,-7.429565],[109.803282,-7.429835],[109.803821,-7.429835],[109.803821,-7.430104],[109.80409,-7.430104],[109.80409,-7.430373],[109.80436,-7.430373],[109.80436,-7.430643],[109.804629,-7.430643],[109.804629,-7.430912],[109.804899,-7.430912],[109.804899,-7.431182],[109.805168,-7.431182],[109.805168,-7.431451],[109.805438,-7.431451],[109.805438,-7.431721],[109.805977,-7.431721],[109.805977,-7.43199],[109.806516,-7.43199],[109.806516,-7.43226],[109.807055,-7.43226],[109.807055,-7.432529],[109.807324,-7.432529],[109.807324,-7.432799],[109.807863,-7.432799],[109.807863,-7.433068],[109.808133,-7.433068],[109.808133,-7.433338],[109.808402,-7.433338],[109.808402,-7.433607],[109.808672,-7.433607],[109.808672,-7.433877],[109.808941,-7.433877],[109.808941,-7.434146],[109.809211,-7.434146],[109.809211,-7.434685],[109.80948,-7.434685],[109.80948,-7.434955],[109.810019,-7.434955],[109.810019,-7.435494],[109.810289,-7.435494],[109.810289,-7.436572],[109.810558,-7.436572],[109.810558,-7.438997],[109.810828,-7.438997],[109.810828,-7.439806],[109.810558,-7.439806],[109.810558,-7.440614],[109.810289,-7.440614],[109.810289,-7.441423],[109.810019,-7.441423],[109.810019,-7.441962],[109.80948,-7.441962],[109.80948,-7.44277],[109.809211,-7.44277],[109.809211,-7.443309],[109.808941,-7.443309],[109.808941,-7.443848],[109.808672,-7.443848],[109.808672,-7.444118],[109.808402,-7.444118],[109.808402,-7.444387],[109.808133,-7.444387],[109.808133,-7.444657],[109.807863,-7.444657],[109.807863,-7.444926],[109.807594,-7.444926],[109.807594,-7.445196],[109.807055,-7.445196],[109.807055,-7.445465],[109.806785,-7.445465],[109.806785,-7.445735],[109.806246,-7.445735],[109.806246,-7.446004],[109.805707,-7.446004],[109.805707,-7.446274],[109.804899,-7.446274],[109.804899,-7.446543],[109.803821,-7.446543],[109.803821,-7.446813],[109.802474,-7.446813],[109.802474,-7.447082],[109.795736,-7.447082],[109.795736,-7.447352],[109.793311,-7.447352],[109.793311,-7.447621],[109.790885,-7.447621],[109.790885,-7.447891],[109.790077,-7.447891],[109.790077,-7.44816],[109.791694,-7.44816],[109.791694,-7.447891],[109.794119,-7.447891],[109.794119,-7.44816],[109.795467,-7.44816],[109.795467,-7.44843],[109.796275,-7.44843],[109.796275,-7.448699],[109.796814,-7.448699],[109.796814,-7.448969],[109.797084,-7.448969],[109.797084,-7.449238],[109.797623,-7.449238],[109.797623,-7.449508],[109.798162,-7.449508],[109.798162,-7.449777],[109.79897,-7.449777],[109.79897,-7.450047],[109.799779,-7.450047],[109.799779,-7.450316],[109.800587,-7.450316],[109.800587,-7.450585],[109.802743,-7.450585],[109.802743,-7.450316],[109.803821,-7.450316],[109.803821,-7.450047],[109.804629,-7.450047],[109.804629,-7.449777],[109.805168,-7.449777],[109.805168,-7.449508],[109.805707,-7.449508],[109.805707,-7.449238],[109.806246,-7.449238],[109.806246,-7.448969],[109.806785,-7.448969],[109.806785,-7.448699],[109.807324,-7.448699],[109.807324,-7.44843],[109.80975,-7.44843],[109.80975,-7.448699],[109.81514,-7.448699],[109.81514,-7.44843],[109.816218,-7.44843],[109.816218,-7.44816],[109.816757,-7.44816],[109.816757,-7.447891],[109.817296,-7.447891],[109.817296,-7.447621],[109.817835,-7.447621],[109.817835,-7.447352],[109.818374,-7.447352],[109.818374,-7.447082],[109.818913,-7.447082],[109.818913,-7.447352],[109.819452,-7.447352],[109.819452,-7.447621],[109.819721,-7.447621],[109.819721,-7.447891],[109.819991,-7.447891],[109.819991,-7.44816],[109.82026,-7.44816],[109.82026,-7.44843],[109.820799,-7.44843],[109.820799,-7.448699],[109.821338,-7.448699],[109.821338,-7.44843],[109.822416,-7.44843],[109.822416,-7.44816],[109.822686,-7.44816],[109.822686,-7.44843],[109.82538,-7.44843],[109.82538,-7.446274],[109.82565,-7.446274],[109.82565,-7.444387],[109.825919,-7.444387],[109.825919,-7.442501],[109.826189,-7.442501],[109.826189,-7.441423],[109.826458,-7.441423],[109.826458,-7.440075],[109.826728,-7.440075],[109.826728,-7.438458],[109.826997,-7.438458],[109.826997,-7.436841],[109.827267,-7.436841],[109.827267,-7.435763],[109.827536,-7.435763],[109.827536,-7.435494],[109.827806,-7.435494],[109.827806,-7.435224],[109.828075,-7.435224],[109.828075,-7.434955],[109.828614,-7.434955],[109.828614,-7.434685],[109.829153,-7.434685],[109.829153,-7.434416],[109.829692,-7.434416],[109.829692,-7.434146],[109.830231,-7.434146],[109.830231,-7.433877],[109.83077,-7.433877],[109.83077,-7.433607],[109.831309,-7.433607],[109.831309,-7.433068],[109.831579,-7.433068],[109.831579,-7.432529],[109.831848,-7.432529],[109.831848,-7.429026],[109.832118,-7.429026],[109.832118,-7.426331],[109.831848,-7.426331],[109.831848,-7.425253],[109.832118,-7.425253],[109.832118,-7.424714],[109.832387,-7.424714],[109.832387,-7.423906],[109.832657,-7.423906],[109.832657,-7.423097],[109.832926,-7.423097],[109.832926,-7.422289],[109.832657,-7.422289],[109.832657,-7.422019],[109.831848,-7.422019],[109.831848,-7.42175],[109.831579,-7.42175],[109.831579,-7.42148],[109.83077,-7.42148],[109.83077,-7.42175],[109.828884,-7.42175],[109.828884,-7.42148],[109.828614,-7.42148],[109.828614,-7.420672],[109.829153,-7.420672],[109.829153,-7.420402],[109.829423,-7.420402],[109.829423,-7.420133],[109.829692,-7.420133],[109.829692,-7.419863],[109.829423,-7.419863],[109.829423,-7.419594],[109.826728,-7.419594],[109.826728,-7.419863],[109.826189,-7.419863],[109.826189,-7.420133],[109.82538,-7.420133],[109.82538,-7.420402],[109.824572,-7.420402],[109.824572,-7.420672],[109.824033,-7.420672],[109.824033,-7.420941],[109.823494,-7.420941],[109.823494,-7.421211],[109.822147,-7.421211],[109.822147,-7.420941],[109.821608,-7.420941],[109.821608,-7.420672],[109.821338,-7.420672],[109.821338,-7.420402],[109.821069,-7.420402],[109.821069,-7.419863],[109.820799,-7.419863],[109.820799,-7.419324],[109.82053,-7.419324],[109.82053,-7.419055],[109.82026,-7.419055],[109.82026,-7.418785],[109.819991,-7.418785],[109.819991,-7.418516],[109.819721,-7.418516],[109.819721,-7.418246],[109.819452,-7.418246],[109.819452,-7.417707],[109.819182,-7.417707],[109.819182,-7.417438],[109.818913,-7.417438],[109.818913,-7.417168],[109.818643,-7.417168],[109.818643,-7.416899],[109.818374,-7.416899],[109.818374,-7.41636],[109.818104,-7.41636],[109.818104,-7.41609],[109.817835,-7.41609],[109.817835,-7.415821],[109.817296,-7.415821],[109.817296,-7.415551],[109.816757,-7.415551],[109.816757,-7.415282],[109.815679,-7.415282],[109.815679,-7.415012],[109.814601,-7.415012],[109.814601,-7.414743],[109.813523,-7.414743],[109.813523,-7.414473],[109.812714,-7.414473],[109.812714,-7.414204],[109.811906,-7.414204],[109.811906,-7.413934],[109.810828,-7.413934],[109.810828,-7.413665],[109.809211,-7.413665],[109.809211,-7.413934],[109.807863,-7.413934],[109.807863,-7.413665],[109.807324,-7.413665],[109.807324,-7.413395],[109.807055,-7.413395],[109.807055,-7.413126],[109.806516,-7.413126],[109.806516,-7.412856],[109.805707,-7.412856],[109.805707,-7.412587],[109.805168,-7.412587],[109.805168,-7.412317],[109.80436,-7.412317],[109.80436,-7.412048],[109.801935,-7.412048],[109.801935,-7.411778],[109.799779,-7.411778],[109.799779,-7.411509],[109.798162,-7.411509],[109.798162,-7.411239],[109.797353,-7.411239],[109.797353,-7.41097],[109.797084,-7.41097],[109.797084,-7.4107],[109.796814,-7.4107],[109.796814,-7.410431],[109.794928,-7.410431],[109.794928,-7.4107],[109.794658,-7.4107],[109.794658,-7.41097],[109.794389,-7.41097],[109.794389,-7.411239],[109.793311,-7.411239],[109.793311,-7.411509],[109.792233,-7.411509],[109.792233,-7.411239],[109.791694,-7.411239],[109.791694,-7.410161],[109.791424,-7.410161],[109.791424,-7.409353],[109.791155,-7.409353],[109.791155,-7.408814],[109.790885,-7.408814],[109.790885,-7.408545],[109.790346,-7.408545],[109.790346,-7.408275],[109.789807,-7.408275],[109.789807,-7.408006],[109.789268,-7.408006],[109.789268,-7.407736],[109.788729,-7.407736],[109.788729,-7.407467],[109.787921,-7.407467],[109.787921,-7.407197],[109.787382,-7.407197],[109.787382,-7.406928],[109.787112,-7.406928],[109.787112,-7.406658],[109.786843,-7.406658],[109.786843,-7.406389],[109.786573,-7.406389],[109.786573,-7.406119],[109.786034,-7.406119],[109.786034,-7.40585],[109.785226,-7.40585],[109.785226,-7.40558],[109.783609,-7.40558],[109.783609,-7.40585],[109.782531,-7.40585],[109.782531,-7.406119],[109.781723,-7.406119],[109.781723,-7.406389],[109.781184,-7.406389],[109.781184,-7.406119],[109.780645,-7.406119],[109.780645,-7.40585],[109.780375,-7.40585],[109.780375,-7.404233],[109.780106,-7.404233],[109.780106,-7.403155],[109.779836,-7.403155],[109.779836,-7.402885],[109.779567,-7.402885],[109.779567,-7.402346],[109.779297,-7.402346],[109.779297,-7.402077],[109.779028,-7.402077],[109.779028,-7.401807],[109.778489,-7.401807],[109.778489,-7.401538],[109.778219,-7.401538],[109.778219,-7.401268],[109.77795,-7.401268],[109.77795,-7.400999],[109.777411,-7.400999],[109.777411,-7.400729],[109.777141,-7.400729],[109.777141,-7.40046],[109.776602,-7.40046],[109.776602,-7.40019],[109.776333,-7.40019],[109.776333,-7.399921],[109.775524,-7.399921],[109.775524,-7.399651],[109.774177,-7.399651],[109.774177,-7.399382],[109.773368,-7.399382],[109.773368,-7.399112],[109.77229,-7.399112],[109.77229,-7.398304],[109.772021,-7.398304],[109.772021,-7.397495],[109.771751,-7.397495],[109.771751,-7.396956],[109.771482,-7.396956],[109.771482,-7.396687],[109.771212,-7.396687],[109.771212,-7.396417],[109.770673,-7.396417],[109.770673,-7.396148],[109.769865,-7.396148],[109.769865,-7.395878],[109.769056,-7.395878],[109.769056,-7.395609],[109.768248,-7.395609],[109.768248,-7.395339],[109.767978,-7.395339],[109.767978,-7.394531],[109.768248,-7.394531],[109.768248,-7.393992],[109.768517,-7.393992],[109.768517,-7.393722],[109.768248,-7.393722],[109.768248,-7.393183],[109.767439,-7.393183],[109.767439,-7.392914],[109.764744,-7.392914],[109.764744,-7.393183],[109.763127,-7.393183],[109.763127,-7.392914],[109.762588,-7.392914],[109.762588,-7.392644],[109.76205,-7.392644],[109.76205,-7.392375],[109.761511,-7.392375],[109.761511,-7.392105],[109.760972,-7.392105],[109.760972,-7.391836],[109.760702,-7.391836],[109.760702,-7.391566],[109.760433,-7.391566],[109.760433,-7.391297],[109.760163,-7.391297],[109.760163,-7.390758],[109.759894,-7.390758],[109.759894,-7.390488],[109.759624,-7.390488],[109.759624,-7.390219],[109.759355,-7.390219],[109.759355,-7.38968],[109.759085,-7.38968],[109.759085,-7.38941],[109.758816,-7.38941],[109.758816,-7.389141],[109.758277,-7.389141],[109.758277,-7.388872],[109.754504,-7.388872],[109.754504,-7.389141],[109.753965,-7.389141],[109.753965,-7.38941],[109.753426,-7.38941],[109.753426,-7.38968],[109.752887,-7.38968],[109.752887,-7.389949],[109.752617,-7.389949],[109.752617,-7.390219],[109.752078,-7.390219],[109.752078,-7.390488],[109.751809,-7.390488],[109.751809,-7.390758],[109.750731,-7.390758],[109.750731,-7.390219],[109.751,-7.390219],[109.751,-7.38941],[109.75127,-7.38941],[109.75127,-7.388602],[109.751539,-7.388602],[109.751539,-7.388333],[109.751809,-7.388333],[109.751809,-7.388063],[109.752078,-7.388063],[109.752078,-7.387524],[109.752348,-7.387524],[109.752348,-7.387255],[109.752617,-7.387255],[109.752617,-7.386716],[109.752887,-7.386716],[109.752887,-7.386177],[109.753156,-7.386177],[109.753156,-7.38456],[109.753426,-7.38456],[109.753426,-7.384021],[109.754504,-7.384021],[109.754504,-7.38429],[109.755043,-7.38429],[109.755043,-7.38456],[109.755312,-7.38456],[109.755312,-7.385099],[109.755582,-7.385099],[109.755582,-7.385368],[109.755851,-7.385368],[109.755851,-7.385907],[109.75639,-7.385907],[109.75639,-7.385638],[109.757468,-7.385638],[109.757468,-7.385368],[109.758816,-7.385368],[109.758816,-7.385638],[109.759355,-7.385638],[109.759355,-7.385907],[109.759894,-7.385907],[109.759894,-7.386177],[109.760972,-7.386177],[109.760972,-7.385907],[109.761241,-7.385907],[109.761241,-7.385368],[109.761511,-7.385368],[109.761511,-7.384021],[109.761241,-7.384021],[109.761241,-7.383212],[109.760972,-7.383212],[109.760972,-7.382943],[109.761241,-7.382943],[109.761241,-7.382673],[109.761511,-7.382673],[109.761511,-7.382943],[109.762319,-7.382943],[109.762319,-7.383212],[109.763666,-7.383212],[109.763666,-7.382943],[109.763936,-7.382943],[109.763936,-7.382673],[109.764475,-7.382673],[109.764475,-7.379439],[109.764744,-7.379439],[109.764744,-7.3789],[109.765283,-7.3789],[109.765283,-7.378631],[109.765553,-7.378631],[109.765553,-7.378361],[109.765822,-7.378361],[109.765822,-7.378092],[109.766361,-7.378092],[109.766361,-7.377822],[109.766631,-7.377822],[109.766631,-7.376744],[109.7669,-7.376744],[109.7669,-7.375936],[109.76717,-7.375936],[109.76717,-7.375397],[109.767439,-7.375397],[109.767439,-7.374858],[109.767709,-7.374858],[109.767709,-7.374049],[109.767978,-7.374049],[109.767978,-7.372432],[109.768248,-7.372432],[109.768248,-7.372163],[109.767709,-7.372163],[109.767709,-7.371893],[109.7669,-7.371893],[109.7669,-7.371624],[109.765553,-7.371624],[109.765553,-7.371354],[109.764475,-7.371354],[109.764475,-7.371085],[109.763397,-7.371085],[109.763397,-7.370815],[109.762319,-7.370815],[109.762319,-7.370546],[109.761241,-7.370546],[109.761241,-7.370276],[109.760163,-7.370276],[109.760163,-7.370007],[109.759085,-7.370007],[109.759085,-7.369737],[109.758007,-7.369737],[109.758007,-7.369468],[109.756929,-7.369468],[109.756929,-7.369198],[109.75639,-7.369198],[109.75639,-7.368929],[109.755582,-7.368929],[109.755582,-7.36866],[109.754773,-7.36866],[109.754773,-7.36839],[109.753965,-7.36839],[109.753965,-7.368121],[109.752617,-7.368121],[109.752617,-7.367851],[109.750192,-7.367851],[109.750192,-7.367582],[109.739951,-7.367582],[109.739951,-7.367851],[109.72432,-7.367851],[109.72432,-7.367582],[109.720548,-7.367582],[109.720548,-7.367312],[109.715966,-7.367312],[109.715966,-7.367043],[109.714349,-7.367043],[109.714349,-7.366773],[109.713271,-7.366773],[109.713271,-7.366504],[109.712463,-7.366504],[109.712463,-7.366234],[109.711924,-7.366234],[109.711924,-7.365965],[109.711654,-7.365965],[109.711654,-7.365695],[109.711115,-7.365695],[109.711115,-7.365426],[109.710576,-7.365426],[109.710576,-7.365156],[109.710037,-7.365156],[109.710037,-7.364887],[109.709498,-7.364887],[109.709498,-7.364617],[109.70869,-7.364617],[109.70869,-7.364348],[109.70842,-7.364348],[109.70842,-7.364078],[109.708151,-7.364078],[109.708151,-7.363809],[109.707881,-7.363809],[109.707881,-7.363539],[109.707612,-7.363539],[109.707612,-7.36327],[109.707342,-7.36327],[109.707342,-7.363],[109.707073,-7.363],[109.707073,-7.362731],[109.706803,-7.362731],[109.706803,-7.362461],[109.706534,-7.362461],[109.706534,-7.362192],[109.706264,-7.362192],[109.706264,-7.361922],[109.705995,-7.361922],[109.705995,-7.361653],[109.705456,-7.361653],[109.705456,-7.361383],[109.705186,-7.361383],[109.705186,-7.361114],[109.704647,-7.361114],[109.704647,-7.360844],[109.704378,-7.360844],[109.704378,-7.360575],[109.704108,-7.360575],[109.704108,-7.360305],[109.703839,-7.360305],[109.703839,-7.360036],[109.703569,-7.360036],[109.703569,-7.359766],[109.7033,-7.359766],[109.7033,-7.359497],[109.70303,-7.359497],[109.70303,-7.359227],[109.702491,-7.359227],[109.702491,-7.358958],[109.702222,-7.358958],[109.702222,-7.358688],[109.701952,-7.358688],[109.701952,-7.358419],[109.701683,-7.358419],[109.701683,-7.358149],[109.701413,-7.358149],[109.701413,-7.35788],[109.701144,-7.35788],[109.701144,-7.35761],[109.700875,-7.35761],[109.700875,-7.357341],[109.700336,-7.357341],[109.700336,-7.357071],[109.700066,-7.357071],[109.700066,-7.356802],[109.699258,-7.356802],[109.699258,-7.356532],[109.698719,-7.356532],[109.698719,-7.356263],[109.69791,-7.356263],[109.69791,-7.355993],[109.697102,-7.355993],[109.697102,-7.355724],[109.696293,-7.355724],[109.696293,-7.355454],[109.695215,-7.355454],[109.695215,-7.355185],[109.693598,-7.355185],[109.693598,-7.354915],[109.69279,-7.354915],[109.69279,-7.354646],[109.692251,-7.354646],[109.692251,-7.354376],[109.690634,-7.354376],[109.690634,-7.354107],[109.688747,-7.354107],[109.688747,-7.353837],[109.684974,-7.353837],[109.684974,-7.354107],[109.682818,-7.354107],[109.682818,-7.354376],[109.681471,-7.354376],[109.681471,-7.354646],[109.680124,-7.354646],[109.680124,-7.354915],[109.675003,-7.354915],[109.675003,-7.354646],[109.672039,-7.354646],[109.672039,-7.354376],[109.671769,-7.354376],[109.671769,-7.354107],[109.6715,-7.354107],[109.6715,-7.353837],[109.670961,-7.353837],[109.670961,-7.353568],[109.670691,-7.353568],[109.670691,-7.353298],[109.669883,-7.353298],[109.669883,-7.353029],[109.669074,-7.353029],[109.669074,-7.352759],[109.668266,-7.352759],[109.668266,-7.35249],[109.667457,-7.35249],[109.667457,-7.35222],[109.666649,-7.35222],[109.666649,-7.351951],[109.665032,-7.351951],[109.665032,-7.351681],[109.661798,-7.351681],[109.661798,-7.351412],[109.657756,-7.351412],[109.657756,-7.351681],[109.654252,-7.351681],[109.654252,-7.351951],[109.652635,-7.351951],[109.652635,-7.35222],[109.651288,-7.35222],[109.651288,-7.35249],[109.650479,-7.35249],[109.650479,-7.352759],[109.649671,-7.352759],[109.649671,-7.353029],[109.649132,-7.353029],[109.649132,-7.353298],[109.648862,-7.353298],[109.648862,-7.353568],[109.648593,-7.353568],[109.648593,-7.353837],[109.648054,-7.353837],[109.648054,-7.354376],[109.647784,-7.354376],[109.647784,-7.354646],[109.647245,-7.354646],[109.647245,-7.354915],[109.646437,-7.354915],[109.646437,-7.355185],[109.645089,-7.355185],[109.645089,-7.355454],[109.644011,-7.355454],[109.644011,-7.355724],[109.641855,-7.355724],[109.641855,-7.355993],[109.639969,-7.355993],[109.639969,-7.356263],[109.637005,-7.356263],[109.637005,-7.356532],[109.63431,-7.356532],[109.63431,-7.356802],[109.632423,-7.356802],[109.632423,-7.357071],[109.629728,-7.357071],[109.629728,-7.357341],[109.627033,-7.357341],[109.627033,-7.35761],[109.625686,-7.35761],[109.625686,-7.35788],[109.624338,-7.35788],[109.624338,-7.358149],[109.622991,-7.358149],[109.622991,-7.358419],[109.621913,-7.358419],[109.621913,-7.358688],[109.620835,-7.358688],[109.620835,-7.358958],[109.619218,-7.358958],[109.619218,-7.359227],[109.617062,-7.359227],[109.617062,-7.359497],[109.615715,-7.359497],[109.615715,-7.359766],[109.614637,-7.359766],[109.614637,-7.360036],[109.613828,-7.360036],[109.613828,-7.360305],[109.61302,-7.360305],[109.61302,-7.360575],[109.612481,-7.360575],[109.612481,-7.360844],[109.611942,-7.360844],[109.611942,-7.361114],[109.611403,-7.361114],[109.611403,-7.361383],[109.610864,-7.361383],[109.610864,-7.361653],[109.610055,-7.361653],[109.610055,-7.361922],[109.609516,-7.361922],[109.609516,-7.362192],[109.608977,-7.362192],[109.608977,-7.362461],[109.608438,-7.362461],[109.608438,-7.362731],[109.607899,-7.362731],[109.607899,-7.363],[109.60736,-7.363],[109.60736,-7.36327],[109.606013,-7.36327],[109.606013,-7.363539],[109.604665,-7.363539],[109.604665,-7.363809],[109.603857,-7.363809],[109.603857,-7.364078],[109.603318,-7.364078],[109.603318,-7.364348],[109.60224,-7.364348],[109.60224,-7.364617],[109.601431,-7.364617],[109.601431,-7.364887],[109.600623,-7.364887],[109.600623,-7.365156],[109.599815,-7.365156],[109.599815,-7.365426],[109.599006,-7.365426],[109.599006,-7.365695],[109.597928,-7.365695],[109.597928,-7.365965],[109.59685,-7.365965],[109.59685,-7.366234],[109.596042,-7.366234],[109.596042,-7.366504],[109.595503,-7.366504],[109.595503,-7.366773],[109.593077,-7.366773],[109.593077,-7.367043],[109.586879,-7.367043],[109.586879,-7.366773],[109.58607,-7.366773],[109.58607,-7.366504],[109.585531,-7.366504],[109.585531,-7.366234],[109.584992,-7.366234],[109.584992,-7.365965],[109.584453,-7.365965],[109.584453,-7.365695],[109.583914,-7.365695],[109.583914,-7.365426],[109.583645,-7.365426],[109.583645,-7.365156],[109.583375,-7.365156],[109.583375,-7.364887],[109.581758,-7.364887],[109.581758,-7.365156],[109.580141,-7.365156],[109.580141,-7.365426],[109.579333,-7.365426],[109.579333,-7.365695],[109.579064,-7.365695],[109.579064,-7.365965],[109.578794,-7.365965],[109.578794,-7.366773],[109.578525,-7.366773],[109.578525,-7.367312],[109.578255,-7.367312],[109.578255,-7.367582],[109.577986,-7.367582],[109.577986,-7.367851],[109.577716,-7.367851],[109.577716,-7.36839],[109.577447,-7.36839],[109.577447,-7.36866],[109.577177,-7.36866],[109.577177,-7.369198],[109.576908,-7.369198],[109.576908,-7.369737],[109.576638,-7.369737],[109.576638,-7.370007],[109.576369,-7.370007],[109.576369,-7.370815],[109.576099,-7.370815],[109.576099,-7.371085],[109.57583,-7.371085],[109.57583,-7.371354],[109.575291,-7.371354],[109.575291,-7.371624],[109.574752,-7.371624],[109.574752,-7.371893],[109.574213,-7.371893],[109.574213,-7.372163],[109.573404,-7.372163],[109.573404,-7.372432],[109.572865,-7.372432],[109.572865,-7.372702],[109.572057,-7.372702],[109.572057,-7.372971],[109.571518,-7.372971],[109.571518,-7.373241],[109.570979,-7.373241],[109.570979,-7.37351],[109.568553,-7.37351],[109.568553,-7.37378],[109.566936,-7.37378],[109.566936,-7.37351],[109.566397,-7.37351],[109.566397,-7.373241],[109.566128,-7.373241],[109.566128,-7.372971],[109.565858,-7.372971],[109.565858,-7.372702],[109.565319,-7.372702],[109.565319,-7.372432],[109.56505,-7.372432],[109.56505,-7.372163],[109.56478,-7.372163],[109.56478,-7.371893],[109.564511,-7.371893],[109.564511,-7.371624],[109.564241,-7.371624],[109.564241,-7.371354],[109.563702,-7.371354],[109.563702,-7.369198],[109.563433,-7.369198],[109.563433,-7.367043],[109.563702,-7.367043],[109.563702,-7.366773],[109.563972,-7.366773],[109.563972,-7.366504],[109.564241,-7.366504],[109.564241,-7.366234],[109.564511,-7.366234],[109.564511,-7.365965],[109.56478,-7.365965],[109.56478,-7.365695],[109.56505,-7.365695],[109.56505,-7.365426],[109.565319,-7.365426],[109.565319,-7.365156],[109.565589,-7.365156],[109.565589,-7.364887],[109.565858,-7.364887],[109.565858,-7.364617],[109.566397,-7.364617],[109.566397,-7.364348],[109.566667,-7.364348],[109.566667,-7.364078],[109.566936,-7.364078],[109.566936,-7.363809],[109.567475,-7.363809],[109.567475,-7.363539],[109.568284,-7.363539],[109.568284,-7.36327],[109.568823,-7.36327],[109.568823,-7.363],[109.569631,-7.363],[109.569631,-7.362731],[109.57044,-7.362731],[109.57044,-7.362461],[109.571518,-7.362461],[109.571518,-7.362192],[109.572865,-7.362192],[109.572865,-7.361922],[109.574213,-7.361922],[109.574213,-7.361653],[109.576099,-7.361653],[109.576099,-7.361922],[109.577447,-7.361922],[109.577447,-7.362192],[109.578525,-7.362192],[109.578525,-7.362461],[109.579872,-7.362461],[109.579872,-7.362192],[109.581219,-7.362192],[109.581219,-7.361922],[109.582028,-7.361922],[109.582028,-7.361653],[109.582836,-7.361653],[109.582836,-7.361383],[109.583375,-7.361383],[109.583375,-7.360844],[109.583645,-7.360844],[109.583645,-7.360305],[109.583914,-7.360305],[109.583914,-7.359766],[109.584184,-7.359766],[109.584184,-7.358958],[109.584453,-7.358958],[109.584453,-7.35788],[109.584723,-7.35788],[109.584723,-7.356532],[109.584992,-7.356532],[109.584992,-7.354107],[109.585262,-7.354107],[109.585262,-7.350603],[109.584992,-7.350603],[109.584992,-7.350334],[109.584723,-7.350334],[109.584723,-7.349795],[109.584453,-7.349795],[109.584453,-7.349525],[109.584184,-7.349525],[109.584184,-7.348986],[109.583914,-7.348986],[109.583914,-7.348717],[109.583645,-7.348717],[109.583645,-7.348178],[109.583375,-7.348178],[109.583375,-7.347909],[109.583106,-7.347909],[109.583106,-7.347639],[109.582836,-7.347639],[109.582836,-7.34737],[109.582567,-7.34737],[109.582567,-7.3471],[109.582028,-7.3471],[109.582028,-7.346831],[109.581489,-7.346831],[109.581489,-7.346561],[109.58095,-7.346561],[109.58095,-7.346292],[109.580411,-7.346292],[109.580411,-7.346022],[109.579603,-7.346022],[109.579603,-7.345753],[109.578794,-7.345753],[109.578794,-7.345483],[109.577716,-7.345483],[109.577716,-7.345214],[109.576638,-7.345214],[109.576638,-7.344944],[109.57556,-7.344944],[109.57556,-7.344675],[109.573674,-7.344675],[109.573674,-7.344405],[109.571248,-7.344405],[109.571248,-7.344136],[109.57044,-7.344136],[109.57044,-7.344405],[109.565319,-7.344405],[109.565319,-7.344675],[109.562894,-7.344675],[109.562894,-7.344944],[109.560199,-7.344944],[109.560199,-7.345214],[109.547802,-7.345214],[109.547802,-7.345483],[109.541334,-7.345483],[109.541334,-7.345214],[109.53864,-7.345214],[109.53864,-7.344944],[109.537562,-7.344944],[109.537562,-7.344675],[109.536484,-7.344675],[109.536484,-7.344405],[109.535675,-7.344405],[109.535675,-7.344136],[109.534597,-7.344136],[109.534597,-7.343866],[109.533519,-7.343866],[109.533519,-7.343597],[109.532172,-7.343597],[109.532172,-7.343327],[109.531363,-7.343327],[109.531363,-7.343058],[109.530285,-7.343058],[109.530285,-7.342788],[109.529207,-7.342788],[109.529207,-7.342519],[109.528399,-7.342519],[109.528399,-7.342249],[109.52759,-7.342249],[109.52759,-7.34198],[109.526782,-7.34198],[109.526782,-7.34171],[109.526243,-7.34171],[109.526243,-7.341441],[109.525973,-7.341441],[109.525973,-7.341171],[109.525434,-7.341171],[109.525434,-7.340902],[109.525165,-7.340902],[109.525165,-7.340632],[109.524895,-7.340632],[109.524895,-7.340363],[109.524626,-7.340363],[109.524626,-7.340093],[109.524356,-7.340093],[109.524356,-7.339554],[109.524087,-7.339554],[109.524087,-7.339285],[109.523817,-7.339285],[109.523817,-7.338746],[109.523548,-7.338746],[109.523548,-7.338476],[109.523278,-7.338476],[109.523278,-7.337937],[109.523009,-7.337937],[109.523009,-7.337398],[109.522739,-7.337398],[109.522739,-7.33659],[109.52247,-7.33659],[109.52247,-7.335781],[109.5222,-7.335781],[109.5222,-7.334703],[109.521661,-7.334703]]]}},{"id":"6","type":"Feature","properties":{"DN":2,"Keterangan":"Sedang"},"geometry":{"type":"Polygon","coordinates":[[[109.433807,-7.534128],[109.433807,-7.534398],[109.433537,-7.534398],[109.433537,-7.534667],[109.432998,-7.534667],[109.432998,-7.534937],[109.432729,-7.534937],[109.432729,-7.535206],[109.432459,-7.535206],[109.432459,-7.535476],[109.43219,-7.535476],[109.43219,-7.535745],[109.431651,-7.535745],[109.431651,-7.536015],[109.431381,-7.536015],[109.431381,-7.536284],[109.431112,-7.536284],[109.431112,-7.536554],[109.430842,-7.536554],[109.430842,-7.536823],[109.430303,-7.536823],[109.430303,-7.537093],[109.430034,-7.537093],[109.430034,-7.537362],[109.430842,-7.537362],[109.430842,-7.537093],[109.431651,-7.537093],[109.431651,-7.536823],[109.43219,-7.536823],[109.43219,-7.536554],[109.432459,-7.536554],[109.432459,-7.536284],[109.432998,-7.536284],[109.432998,-7.536015],[109.433537,-7.536015],[109.433537,-7.535745],[109.433807,-7.535745],[109.433807,-7.535206],[109.434076,-7.535206],[109.434076,-7.534128],[109.433807,-7.534128]]]}},{"id":"7","type":"Feature","properties":{"DN":1,"Keterangan":"Rendah"},"geometry":{"type":"Polygon","coordinates":[[[109.397156,-7.509605],[109.397156,-7.509874],[109.396617,-7.509874],[109.396617,-7.510144],[109.396347,-7.510144],[109.396347,-7.510413],[109.395808,-7.510413],[109.395808,-7.510683],[109.395269,-7.510683],[109.395269,-7.510952],[109.394461,-7.510952],[109.394461,-7.511221],[109.393652,-7.511221],[109.393652,-7.511491],[109.392305,-7.511491],[109.392305,-7.51176],[109.390688,-7.51176],[109.390688,-7.51203],[109.388801,-7.51203],[109.388801,-7.512299],[109.387723,-7.512299],[109.387723,-7.512569],[109.387184,-7.512569],[109.387184,-7.512838],[109.386915,-7.512838],[109.386915,-7.513108],[109.386645,-7.513108],[109.386645,-7.513377],[109.386106,-7.513377],[109.386106,-7.513647],[109.385837,-7.513647],[109.385837,-7.513916],[109.385567,-7.513916],[109.385567,-7.514186],[109.385028,-7.514186],[109.385028,-7.514455],[109.384489,-7.514455],[109.384489,-7.514725],[109.38422,-7.514725],[109.38422,-7.514994],[109.383411,-7.514994],[109.383411,-7.515264],[109.382872,-7.515264],[109.382872,-7.515533],[109.382064,-7.515533],[109.382064,-7.515803],[109.380986,-7.515803],[109.380986,-7.516072],[109.380447,-7.516072],[109.380447,-7.516342],[109.379908,-7.516342],[109.379908,-7.519306],[109.379638,-7.519306],[109.379638,-7.520654],[109.379369,-7.520654],[109.379369,-7.520923],[109.37883,-7.520923],[109.37883,-7.521193],[109.37856,-7.521193],[109.37856,-7.521462],[109.378021,-7.521462],[109.378021,-7.521732],[109.377752,-7.521732],[109.377752,-7.522001],[109.377213,-7.522001],[109.377213,-7.522271],[109.376135,-7.522271],[109.376135,-7.52281],[109.376405,-7.52281],[109.376405,-7.523079],[109.376944,-7.523079],[109.376944,-7.52281],[109.377752,-7.52281],[109.377752,-7.523079],[109.378021,-7.523079],[109.378021,-7.523349],[109.379099,-7.523349],[109.379099,-7.523079],[109.380986,-7.523079],[109.380986,-7.52281],[109.381255,-7.52281],[109.381255,-7.52254],[109.381525,-7.52254],[109.381525,-7.522271],[109.381794,-7.522271],[109.381794,-7.522001],[109.382064,-7.522001],[109.382064,-7.522271],[109.382603,-7.522271],[109.382603,-7.52254],[109.382872,-7.52254],[109.382872,-7.523618],[109.383142,-7.523618],[109.383142,-7.523888],[109.383681,-7.523888],[109.383681,-7.524157],[109.38395,-7.524157],[109.38395,-7.524427],[109.384759,-7.524427],[109.384759,-7.524157],[109.385028,-7.524157],[109.385028,-7.523888],[109.385298,-7.523888],[109.385298,-7.524157],[109.385567,-7.524157],[109.385567,-7.524696],[109.385837,-7.524696],[109.385837,-7.524966],[109.386106,-7.524966],[109.386106,-7.525505],[109.386376,-7.525505],[109.386376,-7.526044],[109.386645,-7.526044],[109.386645,-7.526313],[109.386915,-7.526313],[109.386915,-7.527391],[109.387184,-7.527391],[109.387184,-7.52793],[109.387454,-7.52793],[109.387454,-7.529008],[109.387184,-7.529008],[109.387184,-7.529547],[109.387454,-7.529547],[109.387454,-7.530086],[109.387723,-7.530086],[109.387723,-7.530356],[109.387993,-7.530356],[109.387993,-7.530625],[109.388801,-7.530625],[109.388801,-7.530895],[109.38961,-7.530895],[109.38961,-7.531164],[109.389879,-7.531164],[109.389879,-7.531433],[109.390149,-7.531433],[109.390149,-7.531703],[109.390418,-7.531703],[109.390418,-7.531972],[109.390688,-7.531972],[109.390688,-7.532242],[109.391227,-7.532242],[109.391227,-7.532511],[109.391496,-7.532511],[109.391496,-7.532781],[109.392035,-7.532781],[109.392035,-7.53305],[109.392305,-7.53305],[109.392305,-7.53332],[109.392574,-7.53332],[109.392574,-7.533589],[109.393113,-7.533589],[109.393113,-7.533859],[109.393383,-7.533859],[109.393383,-7.534128],[109.393652,-7.534128],[109.393652,-7.534398],[109.393922,-7.534398],[109.393922,-7.534667],[109.394191,-7.534667],[109.394191,-7.534937],[109.394461,-7.534937],[109.394461,-7.535476],[109.39473,-7.535476],[109.39473,-7.536015],[109.395269,-7.536015],[109.395269,-7.536284],[109.395539,-7.536284],[109.395539,-7.536823],[109.396347,-7.536823],[109.396347,-7.536554],[109.397694,-7.536554],[109.397694,-7.536015],[109.397425,-7.536015],[109.397425,-7.535476],[109.397694,-7.535476],[109.397694,-7.535206],[109.397964,-7.535206],[109.397964,-7.534667],[109.398233,-7.534667],[109.398233,-7.534937],[109.398503,-7.534937],[109.398503,-7.535206],[109.398772,-7.535206],[109.398772,-7.535476],[109.399042,-7.535476],[109.399042,-7.535745],[109.399311,-7.535745],[109.399311,-7.536015],[109.399581,-7.536015],[109.399581,-7.536284],[109.40012,-7.536284],[109.40012,-7.536554],[109.400659,-7.536554],[109.400659,-7.536823],[109.401198,-7.536823],[109.401198,-7.537093],[109.401467,-7.537093],[109.401467,-7.537901],[109.401737,-7.537901],[109.401737,-7.538171],[109.402006,-7.538171],[109.402006,-7.53844],[109.402276,-7.53844],[109.402276,-7.53871],[109.402545,-7.53871],[109.402545,-7.538979],[109.403084,-7.538979],[109.403084,-7.539518],[109.403354,-7.539518],[109.403354,-7.539788],[109.403623,-7.539788],[109.403623,-7.540596],[109.403893,-7.540596],[109.403893,-7.540866],[109.404432,-7.540866],[109.404432,-7.540596],[109.404971,-7.540596],[109.404971,-7.540327],[109.407127,-7.540327],[109.407127,-7.540596],[109.407666,-7.540596],[109.407666,-7.540327],[109.408205,-7.540327],[109.408205,-7.540057],[109.408474,-7.540057],[109.408474,-7.539788],[109.408744,-7.539788],[109.408744,-7.539518],[109.409013,-7.539518],[109.409013,-7.539249],[109.410361,-7.539249],[109.410361,-7.538979],[109.411169,-7.538979],[109.411169,-7.53871],[109.411708,-7.53871],[109.411708,-7.53844],[109.412786,-7.53844],[109.412786,-7.53871],[109.41602,-7.53871],[109.41602,-7.538979],[109.41629,-7.538979],[109.41629,-7.53871],[109.416559,-7.53871],[109.416559,-7.538171],[109.416829,-7.538171],[109.416829,-7.537901],[109.417098,-7.537901],[109.417098,-7.537632],[109.417368,-7.537632],[109.417368,-7.536284],[109.417098,-7.536284],[109.417098,-7.535745],[109.417368,-7.535745],[109.417368,-7.535476],[109.417637,-7.535476],[109.417637,-7.535206],[109.417906,-7.535206],[109.417906,-7.534667],[109.418176,-7.534667],[109.418176,-7.534398],[109.418445,-7.534398],[109.418445,-7.534128],[109.418984,-7.534128],[109.418984,-7.533859],[109.419793,-7.533859],[109.419793,-7.534128],[109.420871,-7.534128],[109.420871,-7.534398],[109.42141,-7.534398],[109.42141,-7.534667],[109.421949,-7.534667],[109.421949,-7.534937],[109.422488,-7.534937],[109.422488,-7.535206],[109.423296,-7.535206],[109.423296,-7.535476],[109.423835,-7.535476],[109.423835,-7.535745],[109.424105,-7.535745],[109.424105,-7.536015],[109.424644,-7.536015],[109.424644,-7.536284],[109.424913,-7.536284],[109.424913,-7.536554],[109.425452,-7.536554],[109.425452,-7.536823],[109.425991,-7.536823],[109.425991,-7.537093],[109.428956,-7.537093],[109.428956,-7.537362],[109.430034,-7.537362],[109.430034,-7.537093],[109.430303,-7.537093],[109.430303,-7.536823],[109.430842,-7.536823],[109.430842,-7.536554],[109.431112,-7.536554],[109.431112,-7.536284],[109.431381,-7.536284],[109.431381,-7.536015],[109.431651,-7.536015],[109.431651,-7.535745],[109.43219,-7.535745],[109.43219,-7.535476],[109.432459,-7.535476],[109.432459,-7.535206],[109.432729,-7.535206],[109.432729,-7.534937],[109.432998,-7.534937],[109.432998,-7.534667],[109.433537,-7.534667],[109.433537,-7.534398],[109.433807,-7.534398],[109.433807,-7.534128],[109.434076,-7.534128],[109.434076,-7.531164],[109.434346,-7.531164],[109.434346,-7.530086],[109.434615,-7.530086],[109.434615,-7.529278],[109.434346,-7.529278],[109.434346,-7.528469],[109.434076,-7.528469],[109.434076,-7.5282],[109.433807,-7.5282],[109.433807,-7.52793],[109.433537,-7.52793],[109.433537,-7.527661],[109.431651,-7.527661],[109.431651,-7.527391],[109.4268,-7.527391],[109.4268,-7.527661],[109.424913,-7.527661],[109.424913,-7.52793],[109.423835,-7.52793],[109.423835,-7.5282],[109.422757,-7.5282],[109.422757,-7.528469],[109.421949,-7.528469],[109.421949,-7.528739],[109.42114,-7.528739],[109.42114,-7.529008],[109.418176,-7.529008],[109.418176,-7.529278],[109.417098,-7.529278],[109.417098,-7.529547],[109.41629,-7.529547],[109.41629,-7.529817],[109.415751,-7.529817],[109.415751,-7.530086],[109.414942,-7.530086],[109.414942,-7.530356],[109.413864,-7.530356],[109.413864,-7.530625],[109.412517,-7.530625],[109.412517,-7.530356],[109.410091,-7.530356],[109.410091,-7.530086],[109.409013,-7.530086],[109.409013,-7.529817],[109.408474,-7.529817],[109.408474,-7.529547],[109.408205,-7.529547],[109.408205,-7.529278],[109.407666,-7.529278],[109.407666,-7.529008],[109.407127,-7.529008],[109.407127,-7.528739],[109.406857,-7.528739],[109.406857,-7.528469],[109.406588,-7.528469],[109.406588,-7.5282],[109.406318,-7.5282],[109.406318,-7.527661],[109.406049,-7.527661],[109.406049,-7.527122],[109.405779,-7.527122],[109.405779,-7.526583],[109.40551,-7.526583],[109.40551,-7.526044],[109.40524,-7.526044],[109.40524,-7.525235],[109.404971,-7.525235],[109.404971,-7.519306],[109.40524,-7.519306],[109.40524,-7.517689],[109.40551,-7.517689],[109.40551,-7.516611],[109.405779,-7.516611],[109.405779,-7.516342],[109.40551,-7.516342],[109.40551,-7.515803],[109.40524,-7.515803],[109.40524,-7.514994],[109.404971,-7.514994],[109.404971,-7.514455],[109.404701,-7.514455],[109.404701,-7.513916],[109.404432,-7.513916],[109.404432,-7.513377],[109.404162,-7.513377],[109.404162,-7.512838],[109.403893,-7.512838],[109.403893,-7.512569],[109.403623,-7.512569],[109.403623,-7.512299],[109.403354,-7.512299],[109.403354,-7.51203],[109.402815,-7.51203],[109.402815,-7.51176],[109.402276,-7.51176],[109.402276,-7.511491],[109.402006,-7.511491],[109.402006,-7.511221],[109.401467,-7.511221],[109.401467,-7.510952],[109.401198,-7.510952],[109.401198,-7.510683],[109.400389,-7.510683],[109.400389,-7.510413],[109.399581,-7.510413],[109.399581,-7.510144],[109.398503,-7.510144],[109.398503,-7.509874],[109.397425,-7.509874],[109.397425,-7.509605],[109.397156,-7.509605]]]}}]}