{"type":"FeatureCollection","name":"Riwayat Kejadian Longsor Banjarnegara","features":[{"type":"Feature","geometry":{"type":"Point","coordinates":[109.753813,-7.334662]},"properties":{"tahun":2022,"title":"Tanah Longsor, Aribaya, Pagentan","jenis_kejadian":"Tanah Longsor","desa_kecamatan":"Aribaya, Pagentan","dusun_rt_rw":"Pringamba 5/3","waktu":"Sabtu, 01 Januari 2022","kronologi":"ANALISIS DAN DISKRIPSI PEMETAAN BENCANA\nTerjadi bencana gerakan tanah jenis debris slide dan pensesaran susulan pada lokasi desa aribaya serta gerakan tanah susulan bebrapa titik lokasi . Pada wilayah pegunungan serayu utara, lokasi tersebut trdapat pada kelompok formasi rambatan merupakan daerah yang mempunyai morfologi perbukitan lereng sedang sampai lereng curam. Tersusun oleh pelapukan batuan breksi vulkanik, pasir tufaan, serpih, batu lempung. Daerah trsb dihuni warga desa yang mayoritas petani salak bercocok tanam disekitar wilayah tersebut. Kejadian bencana gerakan tanah disebabkan karena:\n-Daerah tersebut terletak pada zona patahan dengan arah Barat daya\n-Derajat kemiringan kontur rara rata 45\u00b0 keatas, mempunyai kontur terjal\n-Intensitas volume air hujan yang tinggi\n-kurangnya pengendalian drainase yang baik\n-kurangnya penataan teras sering yg menjadi pengendali longsoran\n-Terjadinya aliran mata air kembali pada sumber rekahan, terindikasi ada suplay volume air secara kontinue diatasnya.\n-Dijumpai telah diaktifkan kembali beberapa kolam ikan yang pada th 2020 telah di keringkan.","dampak_bangunan":"1 Rumah Rusak Ringan a.n nurdiyanto narwan","dampak_jiwa":"nihil","penanganan":"-Assesmen Survey Pemetaan dan Diskripsi Bencana Geologi \n-Pengambilan foto udara drone\n-Himbauan kepada Masyarakat lewat FPRB dan perangkat desa\n-Pemantauan berkala oleh FPRB Kec. Pagentan         -- evakuasi penghuni rumah,                                  - droping logistik"}},{"type":"Feature","geometry":{"type":"Point","coordinates":[109.672551,-7.218212]},"properties":{"tahun":2022,"title":"Tanah Longsor, Kertosari, Kalibening","jenis_kejadian":"Tanah Longsor","desa_kecamatan":"Kertosari, Kalibening","dusun_rt_rw":"Dusun Gunungtawang 1/1","waktu":"Selasa, 11 Januari 2022","kronologi":"hujan yang cukup lebat dan pada saat Saksi 2 sedang derada di ruangan depan rumah, selanjutnya saksi 2 mendengar suara gemuruh dari belakang rumah, selanjutnya saksi 2 melihat ke arah belakang rumah di bagian dapur dan sudah terdapat longsoran tanah dari tebing di belakang rumah milik Saksi 1 dengan ukuran tinggi sekira 5 meter dan lebar sekira 7 meter, selajutnya saksi 2 memberitahukan peristiwa tersebut kepada Saksi 1 yang sedang berada di rumah saodaranya yang masih tinggal tidak jauh dari rumah saksi 1.","dampak_bangunan":"1 rumah Rusak Ringan : tembok bangunan dapur 2,5 meter x 4 meter dan tembok kamar mandi milik Sdr Tarmo, yang di taksir sekira Rp 5.000.000,- (lima juta rupiah)","dampak_jiwa":"nihil","penanganan":"- evakuasi penghuni - pembersihan - cek lokasi - droping logistik"}},{"type":"Feature","geometry":{"type":"Point","coordinates":[109.635046,-7.217948]},"properties":{"tahun":2022,"title":"Tanah Longsor, Kalibening, Kalibening","jenis_kejadian":"Tanah Longsor","desa_kecamatan":"Kalibening, Kalibening","dusun_rt_rw":"Dusun Palasari 1/4","waktu":"Selasa, 11 Januari 2022","kronologi":"Hujan yang mengakibatkan tanah longsor belakang rumah bpk Kamal dengan tinggi tebing 3m lebar 10m dan tidak ada korban jiwa maupun luka","dampak_bangunan":"2 rumah terancam a.n Kamal","dampak_jiwa":"nihil","penanganan":"- pembersihan oleh warga - droping logistik"}},{"type":"Feature","geometry":{"type":"Point","coordinates":[109.712981,-7.257236]},"properties":{"tahun":2022,"title":"Tanah Longsor, Binangun, Karangkobar","jenis_kejadian":"Tanah Longsor","desa_kecamatan":"Binangun, Karangkobar","dusun_rt_rw":"Dusun Gintung 3/1","waktu":"Senin, 10 Januari 2022","kronologi":"Hujan dengan intensitas tinggi pada hari Senin 10 Januari 2022 pukul 13.00 sampai dengan 15.00 Wib,","dampak_bangunan":"longsor menutup Sepertiga badan jalan, Jalur Kecamatan Karangkobar - Kalibening","dampak_jiwa":"nihil","penanganan":"- pembersihan"}},{"type":"Feature","geometry":{"type":"Point","coordinates":[109.65689,-7.27162]},"properties":{"tahun":2022,"title":"Tanah Longsor , Asinan, Kalibening","jenis_kejadian":"Tanah Longsor","desa_kecamatan":"Asinan, Kalibening","dusun_rt_rw":"Dusun Asinan 3/1","waktu":"Selasa, 11 Januari 2022","kronologi":"- Hujan deras dengan intensitas tinggi yang mengguyur wilayah Kabupaten Banjarnegara bagian atas pada hari Selasa 11 Januari 2022 Sehingga talud yg semi permanen longsor","dampak_bangunan":"1 rumah terancam a.n Misrun Miswardi","dampak_jiwa":"nihil","penanganan":"-warga setempat beserta pemdes asinan melakukan penanganan yg bersifat sementara.       - Droping Logistik"}},{"type":"Feature","geometry":{"type":"Point","coordinates":[109.629442,-7.209834]},"properties":{"tahun":2022,"title":"Tanah Longsor, Gununglangit Kalibening","jenis_kejadian":"Tanah Longsor","desa_kecamatan":"Gununglangit Kalibening","dusun_rt_rw":"","waktu":"Selasa, 11 Januari 2022","kronologi":"","dampak_bangunan":"1 Rumah Rusak Ringan","dampak_jiwa":"nihil","penanganan":"- cek lokasi, - Pembersihan, -droping logistik"}},{"type":"Feature","geometry":{"type":"Point","coordinates":[109.800065,-7.246568]},"properties":{"tahun":2022,"title":"Tanah Longsor, Penusupan Pejawaran","jenis_kejadian":"Tanah Longsor","desa_kecamatan":"Penusupan Pejawaran","dusun_rt_rw":"Dusun Bojong 04/06","waktu":"Selasa, 11 Januari 2022","kronologi":"Hujan intensitas sedang hingga lebat terjadi di wilayah Kec Pejawaran dengan durasi yang lama. Mengakibatkan rumah amblas / pergerakan tanah dan mengakibatkan kerusakan rumah milik Bpk. Suprih (50/5 jiwa)","dampak_bangunan":"1 rumah mengalami rusak sedang dan belum bisa di bongkar di karenakan saja lahan dan rumah itu saja yang di miliki oleh Bpk. Suprih","dampak_jiwa":"nihil","penanganan":"- evakuasi penghuni , - cek lokasi, - Droping Logistik"}},{"type":"Feature","geometry":{"type":"Point","coordinates":[109.64814,-7.222251]},"properties":{"tahun":2022,"title":"Tanah Longsor, Majatengah Kalibening","jenis_kejadian":"Tanah Longsor","desa_kecamatan":"Majatengah Kalibening","dusun_rt_rw":"Majatengah 1/1","waktu":"Selasa, 11 Januari 2022","kronologi":"Curah hujan tinggi menyebabkan tebing longsor dan menimpa rumah milik Bapak Hadi sehingga tembok dapur jebol.","dampak_bangunan":"1 rumah rusak ringan, diperkirakan kerugian materil Rp. 2.500.000,00","dampak_jiwa":"nihil","penanganan":"- pembersihan,"}},{"type":"Feature","geometry":{"type":"Point","coordinates":[109.774739,-7.363563]},"properties":{"tahun":2022,"title":"Tanah Longsor, Limbangan, Pagentan","jenis_kejadian":"Tanah Longsor","desa_kecamatan":"Limbangan, Pagentan","dusun_rt_rw":"Dusun Pelipiran RT 4 RW 3","waktu":"Minggu, 16 Januari 2022","kronologi":"Telah terjadi tanah longsor jalan raya penghubung madukara dan pegetan dekat jembatan pelipiran","dampak_bangunan":"Ruaas Jalan Kabupaten Banjarnegara Pagentan via pelipiran tertutup","dampak_jiwa":"nihil","penanganan":"- Membuka akses jalan sementara untuk pengendara roda dua \n - Pengamanan lalu lintas di area kejadian\n- Menghimbau kepada masyarakat untuk selalu berhati-hati\n- Berkoordinasi dengan pihak DPUPR untuk penanganan dengan menggunakan alat berat dan bekerjasama dengan pihak desa terkait kendaraan dam truk pemindahan material longsor\n- Pembersihan hari ini belum selesai 100% karena material cukup banyak, akan dilanjutkan besok pagi."}},{"type":"Feature","geometry":{"type":"Point","coordinates":[109.643462,-7.221641]},"properties":{"tahun":2022,"title":"Tanah Longsor, Majatengah, Kalibening","jenis_kejadian":"Tanah Longsor","desa_kecamatan":"Majatengah, Kalibening","dusun_rt_rw":"Objek Wisata Parakan","waktu":"Rabu, 19 Januari 2022","kronologi":"Hujan intesitas tinggi","dampak_bangunan":"","dampak_jiwa":"","penanganan":"- pelaporan"}},{"type":"Feature","geometry":{"type":"Point","coordinates":[109.746454,-7.382445]},"properties":{"tahun":2022,"title":"Tanah Longsor, Kaliurip, Madukara","jenis_kejadian":"Tanah Longsor","desa_kecamatan":"Kaliurip, Madukara","dusun_rt_rw":"ruas jalan kabupatenRuas Jalan Kabupaten penghubung Desa Kaliurip - Desa Pakelen Kec.Madukara","waktu":"Minggu, 23 Januari 2022","kronologi":"-Hujan Dengan Intensitas sedang Hingga Lebat dan Disertai Angin kencang Pada Malam Hari hingga Dini hari yg terjadi di wilayah kec.madukara Menyebabkan Rumpun Bambu Longsor Hingga Menutup Ruas Jalan Kabupaten Penghubung Desa Kaliurip - Desa Pekelen","dampak_bangunan":"Jalur penghubung Desa Kaliurip - Desa Pakelen Tertutup Rumpun Bambu","dampak_jiwa":"nihil","penanganan":"Asassment"}},{"type":"Feature","geometry":{"type":"Point","coordinates":[109.554542,-7.249212]},"properties":{"tahun":2022,"title":"Tanah Longsor, Pingit Lor, Pandanarum","jenis_kejadian":"Tanah Longsor","desa_kecamatan":"Pingit Lor, Pandanarum","dusun_rt_rw":"1. Dusun Pingit Rt 1/2 dan Dusun Plipiran Desa Pingit Lor, Kec. Pandanarum, 2. Ruas Jalan Lawen - Pingit Lor","waktu":"Sabtu, 22 Januari 2022","kronologi":"Dusun Tamansari : Hujan dg intensitas sedang hingga lebat terjadi pada pukul 15.30 hingga pukul 00.00 pada tanggal 22 Januari 2022, mengakibatkan talud dg tinggi -+10 M, dg panjang -+10 M mengalami longsor, tdk ada korban jiwa dlm kejadian ini namun rumah bpk tarmin mengalami jebol pada dinding dapur Dusun Plipiran : Hujan dg intensitas sedang hingga lebat terjadi pada pukul 15.30 hingga pukul 00.00 pada tanggal 22 Januari 2022 mengakibatkan jalan raya pingit lor mengalami rekahan pada jalan sepanjang 30 meter","dampak_bangunan":"1 rumah rusak ringan a.n Bapak Tarmin dan akses jalan desa ambles","dampak_jiwa":"nihil","penanganan":"kerjabakti, droping logisitk"}},{"type":"Feature","geometry":{"type":"Point","coordinates":[109.556399,-7.48081]},"properties":{"tahun":2022,"title":"Tanah Longsor, Karanganyar, Purwanegara","jenis_kejadian":"Tanah Longsor","desa_kecamatan":"Karanganyar, Purwanegara","dusun_rt_rw":"Grumbul Kaligaru \nDusun Sawangan 05/01","waktu":"Selasa, 28 Desember 2021","kronologi":"Intensitas hujan yang tinggi, kemiringan lereng dan jenis tanah dilokasi tersebut menyebabkan tanah longsor di tiga titik lokasi.","dampak_bangunan":"1 Lokasi 1 : jalan desa mengalami amblas ke arah Timur Laut dengan panjang 10 meter. Sampai saat ini tidak bisa dilalui oleh kendaraan roda 4.\n2. Lokasi 2 : Tebing longsor tinggi tebing 15 meter dengan kemiringan lereng 65\u00b0 longsor berarah ke Tenggara menutup setengan badan jalan Desa serta mengancam 1 rumah a.n : Ny. Kasturi ( 1 jiwa )\n3. Lokasi 3 : Tebing longsor tinggi tebing 21 meter dengan kemiringan lereng 70\u00b0 longsor berarah ke Tenggara menutup setengan badan jalan Desa serta mengancam 1 rumah (2 KK / 7 jiwa )\n- Hadi Suwito ( 4 jiwa )\n- Rantiem ( 3 jiwa )","dampak_jiwa":"nihil","penanganan":"- Cek lokasi \n- Menghimbau ke warga untuk mengungsi saat turun hujan dengan intensitas sedang hingga tinggi."}},{"type":"Feature","geometry":{"type":"Point","coordinates":[109.603951,-7.252993]},"properties":{"tahun":2022,"title":"Tanah Longsor, Beji, Pandanarum","jenis_kejadian":"Tanah Longsor","desa_kecamatan":"Beji, Pandanarum","dusun_rt_rw":"Beji","waktu":"Selasa, 11 Januari 2022","kronologi":"Intensitas hujan yang tinggi memicu terjadinya talud pengaman rumah berukuran +- P : 15 m T : m ambruk, hal ini juga dipicu kurangnya suling2 pada Talud tersebut dan kurangnya penataan saluran pembuangan air rumah tangga.","dampak_bangunan":"- 1 (Satu) rumah terdampak rusak pada bagian dinding belakang dan talud pengaman rumah ambruk kategori rusak sedang (60 %)\n - Pemilik rumah atas nama : Mundori (50 Th) Rt 02 Rw 01\n - Kondisi rumah saat ini belum diperbaiki secara permanen, namun talud pengaman rumah sudah diperbaiki.","dampak_jiwa":"nihil","penanganan":"- Pelaporan ke OPD terkait\n- Cek lokasi oleh BPBD\n- Pemberian bantuan logistik Oleh BPBD\n- Penutupan sementara lokasi terdampak bencana dengan terpal oleh warga setempat"}},{"type":"Feature","geometry":{"type":"Point","coordinates":[109.601042,-7.243883]},"properties":{"tahun":2022,"title":"Tanah Longsor, Pringamba, Pandanarum","jenis_kejadian":"Tanah Longsor","desa_kecamatan":"Pringamba, Pandanarum","dusun_rt_rw":"Pringamba","waktu":"Selasa, 11 Januari 2022","kronologi":"Intensitas hujan yang tinggi sehingga air sungai sokaraja Desa Pringamba meluap dan terjadi abrasi yang mengakibatkan talud pengaman rumah yang berada ditepian sungai sokaraja, talud berukuran +- P : 15 m dan L : 3 m mengalami ambruk dan mengancam rumah warga.","dampak_bangunan":"- 1 (Satu) unit rumah terdampak mengalami retak-retak pada bagian dinding dan kolom kategori rusak ringan (30 %). - Pemilik rumah atas nama : Sukisno (50 Th) Rt 01 Rw 05 - Kondisi rumah hingga kini belum diperbaiki dan terancam karena talud pengaman rumah belum diperbaiki.","dampak_jiwa":"nihil","penanganan":"- Pelaporan ke OPD terkait\n- Cek lokasi oleh BPBD\n- Pemberian bantuan logistik Oleh BPBD\n- Penutupan sementara lokasi terdampak bencana dengan terpal oleh warga setempat"}},{"type":"Feature","geometry":{"type":"Point","coordinates":[109.711175,-7.318803]},"properties":{"tahun":2022,"title":"Tanah Longsor, Desa Sijeruk, Kec. Banjarmangu","jenis_kejadian":"Tanah Longsor","desa_kecamatan":"Desa Sijeruk, Kec. Banjarmangu","dusun_rt_rw":"Rt 05 Rw 02 Dusun Sijeruk","waktu":"Kamis, 27 Januari 2022","kronologi":"- Hujan intensitas sedang hingga lebat terjadi di wilayah tersebut. \n-Pada pukul 16:00 wib Tebing setinggi -+ 1,5 meter Panjang 5 meter Ambruk dan menutup Drainase jalan propinsi.","dampak_bangunan":"- 1 rumah rusak ringan\n \nRumah terdampak Atas nama:\nBahri umur 36 Tahun 3 Anggota Keluarga","dampak_jiwa":"nihil","penanganan":"-- pembersihan matrial longsor secara manual oleh warga\n- Pelaporan kepada instansi terkait. \n-Asesmen -Droping logistik"}},{"type":"Feature","geometry":{"type":"Point","coordinates":[109.876507,-7.218785]},"properties":{"tahun":2022,"title":"Tanah Longsor, Desa  Bakal, Kec Batur","jenis_kejadian":"Tanah Longsor","desa_kecamatan":"Desa  Bakal, Kec Batur","dusun_rt_rw":"Dusun Bakal Rt 02/022","waktu":"Kamis, 3 Februari 2022","kronologi":"Hujan deras dengan intensitas tinggi dari jam 12:30 -13:30 mengakibatkan tebing rumah longsor atas nama pak khusdi umur 41th (3 jiwa) yang terletak di rt 02 rw 02 desa bakal kec batur mengalami longsor dengan lebar 3 meter kedalaman 25 meter . Sehingga mengancam rumah bagian dapur milik bapak khusdi","dampak_bangunan":"- Longsor mengancam rumah bagian dapur yang tepat di tepi  tebing - +  1 meter","dampak_jiwa":"nihil","penanganan":"-Pelaporan ke OPD terkait\n- Cek lokasi dan Droping Logistik oleh BPBD\n-Kerja bhakti memajukan bagian dapur oleh warga masyarakat setempat"}},{"type":"Feature","geometry":{"type":"Point","coordinates":[109.715278,-7.335556]},"properties":{"tahun":2022,"title":"Tanah Longsor, Desa Kalilunjar, Kec Banjarmangu","jenis_kejadian":"Tanah Longsor","desa_kecamatan":"Desa Kalilunjar, Kec Banjarmangu","dusun_rt_rw":"Rt 03 Rw 03\nDusun Kaliarus","waktu":"Kamis, 3 Februari 2022","kronologi":"- Hujan intensitas sedang hingga lebat terjadi di wilayah tersebut, sehingga menyebabkan bagian bangunan samping selatan rumah amblas.","dampak_bangunan":"- Bangunan rumah mengalami kerusakan 5 % (bagian KM/WC retak, dan tembok rumah bagian belakang sebelah selatan retak)\n- Bp. Sugeng Edi Prabowo (1 KK, 3 jiwa)","dampak_jiwa":"nihil","penanganan":"- Asesment"}},{"type":"Feature","geometry":{"type":"Point","coordinates":[109.676222,-7.308663]},"properties":{"tahun":2022,"title":"Tanah Longsor, Desa Beji\nKec.Banjarmangu","jenis_kejadian":"Tanah Longsor","desa_kecamatan":"Desa Beji\nKec.Banjarmangu","dusun_rt_rw":"Jalan kabupaten turut gemantung dusun Bendawuluh","waktu":"Sabtu, 5 Februari 2022","kronologi":"Pada pukul 20.00 WIB akibat hujan deras yang mengguyur daerah Beji dan sekitarnya pada hari Sabtu mengakibatkan ruas jalan gemantung anjlok setinggi kurang lebih 2 meter","dampak_bangunan":"mengakibatkan ruas jalan gemantung anjlok setinggi kurang lebih 2 meter","dampak_jiwa":"nihil","penanganan":"- Pengurugan jalan menggunakan material batu dan pasir"}},{"type":"Feature","geometry":{"type":"Point","coordinates":[109.678103,-7.408402]},"properties":{"tahun":2022,"title":"Tanah Longsor, Kel. Wangon Kec. Banjarnegara","jenis_kejadian":"Tanah Longsor","desa_kecamatan":"Kel. Wangon Kec. Banjarnegara","dusun_rt_rw":"SDN 2 Wangon RT/ RW 2/5","waktu":"Rabu, 9 Februari 2022","kronologi":"Hujan deras dengan intensitas tinggi\nLongsor terjadi menutup jalan","dampak_bangunan":"Longsor terjadi menutup jalan","dampak_jiwa":"nihil","penanganan":"pembersihan"}},{"type":"Feature","geometry":{"type":"Point","coordinates":[109.678067,-7.408214]},"properties":{"tahun":2022,"title":"Tanah Longsor, Kelurahan  Wangon Kec Banjarnegara","jenis_kejadian":"Tanah Longsor","desa_kecamatan":"Kelurahan  Wangon Kec Banjarnegara","dusun_rt_rw":"Dusun Silempid 02/04","waktu":"Rabu, 9 Februari 2022","kronologi":"Hujan deras dengan intensitas tinggi mengakibatkan 2 kolam yang berada di atas tebing meluap dan mengakibatkan tebing - + 5 meter longsor dan menutup seluruh bagian jalan desa wangon","dampak_bangunan":"- Longsor menutupi seluruh bagian jalan \n- Lumpur mengenai 3 pekarangan rumah  milik warga  \nkolam ikan milik Bp. Muslihun alamat Rt 03 Rw 04 dsn. Sayangan, Ds. Twelagiri Pagedongan. Longsor menutup akses jalan  dan menimpa 4 rumah warga an An. Hadi Suwarno umur 73 th pejerjaan Tani agama islam, M. Iskak umur 55 th pekerjaan swasta Rt 2 rw 4 Kel. wangon kec. Banjarnegara, Agus Aryanto umur 47 th pekerjaan pedagang ibu Syam, umur65 th pekerjaan Irt, Iksan Nudin umur 60 th pekerjaan tani.","dampak_jiwa":"nihil","penanganan":"- pembersihan oleh warga dan BPBD\n- cek lokasi BPBD"}},{"type":"Feature","geometry":{"type":"Point","coordinates":[109.831667,-7.423056]},"properties":{"tahun":2022,"title":"Tanah Longsor, Desa Tunggara, kec.Sigaluh","jenis_kejadian":"Tanah Longsor","desa_kecamatan":"Desa Tunggara, kec.Sigaluh","dusun_rt_rw":"Rt 05 Rw 02","waktu":"Rabu, 9 Februari 2022","kronologi":"- Akibat hujan deras yang mengguyur wilayah Desa Tunggoro Kec. Sigaluh selama -+3 jam mengakibatkan tebing/tanah longsor dengan tinggi 6 m lebar 8 m Masjid Al Iman dan merusak Pagar keliling tempat wudu masjid","dampak_bangunan":"mendampak rusak rinnga Masjid Al Iman dan merusak Pagar keliling tempat wudu masjid","dampak_jiwa":"nihil","penanganan":"- Cek lokasi \n- Kerja Bakti untuk pembersihanTanah longsor\n- Memberikan Logistik untuk kerja bakti"}},{"type":"Feature","geometry":{"type":"Point","coordinates":[109.568056,-7.340278]},"properties":{"tahun":2022,"title":"Tanah Longsor, Desa Karangsari Kec Punggelan","jenis_kejadian":"Tanah Longsor","desa_kecamatan":"Desa Karangsari Kec Punggelan","dusun_rt_rw":"Dusun Klontong Rt 02 Rw 03","waktu":"Rabu, 9 Februari 2022","kronologi":"-Pada pukul 15.30 WIB terjadi hujan dengan intensitas lebat di sertai angin kencang sehingga pada pukul 17.10.wib terjadi tebing setinggi 10 m dan lebar 12 m longsor dan menutupi akses jalan Desa di dusun Klontong Desa Karangsari.Kec Punggelan","dampak_bangunan":"material longsor menutupi akses jalan Desa di dusun Klontong Desa Karangsari.Kec Punggelan","dampak_jiwa":"nihil","penanganan":"- Cek lokasi \n- Kerja Bakti untuk pembersihan tanah longsor\n- Memberikan Logistik untuk kerja bakti"}},{"type":"Feature","geometry":{"type":"Point","coordinates":[109.827641,-7.243306]},"properties":{"tahun":2022,"title":"Tanah Longsor, Desa Sidengok Kec.Pejawaran","jenis_kejadian":"Tanah Longsor","desa_kecamatan":"Desa Sidengok Kec.Pejawaran","dusun_rt_rw":"Dusun Siwadas,Rt 04/04","waktu":"Jumat, 11 Februari 2022","kronologi":"Hujan intensitas lebat disertai angin Pada Hari Jumat di wilayah kec.pejawaran Menyebabkan Talud Dengan Panjang 8 Meter Lebar 3 meter Longsor","dampak_bangunan":"1 rumah terdampak, bagian Dapur Rumah a.n Bpk Darno(70thun) 2 KK 5 Jiwa Ambruk","dampak_jiwa":"1 Orang Luka Luka Pada Bagian Kepala Serta Bahu Di Rawat Di Puskesmas Batur(kondisi saat ini membaik dan sudah dibawa pulang)","penanganan":"-Assasment \n-Kerja Bakti Warga \n-Droping logistik permakan dan Non Permakan Serta Bahan Bangunan.\n \nDan Logistik Dari PMI\n-Paket Permakan 1 box\n-Paket Family Kita 1 box"}},{"type":"Feature","geometry":{"type":"Point","coordinates":[109.852318,-7.206312]},"properties":{"tahun":2022,"title":"Tanah Longsor, Desa Pekasiran Kec. Batur","jenis_kejadian":"Tanah Longsor","desa_kecamatan":"Desa Pekasiran Kec. Batur","dusun_rt_rw":"Dusun Santren RT.03 RW..03","waktu":"Senin, 14 Maret 2022","kronologi":"talud longsor samping rumah","dampak_bangunan":"1 rumah rusak","dampak_jiwa":"nihil","penanganan":"- info awal"}},{"type":"Feature","geometry":{"type":"Point","coordinates":[109.572554,-7.420922]},"properties":{"tahun":2022,"title":"Tanah Longsor, Desa Kalipelus Kec Purwonegoro","jenis_kejadian":"Tanah Longsor","desa_kecamatan":"Desa Kalipelus Kec Purwonegoro","dusun_rt_rw":"Dusun Karangpucung","waktu":"Minggu, 13 Februari 2022","kronologi":"- Akibat hujan deras yang mengguyur wilayah Kec. Banjarnegara mengakibatkan tebing/Ruas jalan setinggi +- 30m lebar +- 15m longsor, dan mengakibatkan separuh jalan terbawa longsoran.","dampak_bangunan":"ruas jalan desa rusak","dampak_jiwa":"nihil","penanganan":"- Cek lokasi \n- Penutupan longsor menggunakan terpal"}},{"type":"Feature","geometry":{"type":"Point","coordinates":[109.579239,-7.504249]},"properties":{"tahun":2022,"title":"Tanah Longsor, Desa Petir Kec. Purwanegara","jenis_kejadian":"Tanah Longsor","desa_kecamatan":"Desa Petir Kec. Purwanegara","dusun_rt_rw":"Rt 05 rw 05 Dusun Krinjing","waktu":"Senin, 14 Februari 2022","kronologi":"Intensitas hujan yang tinggi mulai pkl 17.00 Wib hingga pukul 10.00 WIB mengakibatkan tebing tebing setinggi -+ 5 m panjang -+4 m. longsor menimpa tembok belakang rumah bpk Mad nasri rt 05 rw 05","dampak_bangunan":"1 rumah rusak ringan a.n bpk Mad nasr","dampak_jiwa":"nihil","penanganan":"- cek lokasi \n- menghimbau kpd warga untuk waspada dan menjuh dari tempat rawan bencana"}},{"type":"Feature","geometry":{"type":"Point","coordinates":[109.421451,-7.522056]},"properties":{"tahun":2022,"title":"Tanah Longsor, Desa Gumelem Kulon Kec. Susukan","jenis_kejadian":"Tanah Longsor","desa_kecamatan":"Desa Gumelem Kulon Kec. Susukan","dusun_rt_rw":"Rt.02 Rw.09 Dusun gunungduwur, Dukuh Kunir","waktu":"Senin, 14 Februari 2022","kronologi":"Hujan intensitas tinggi, mengakibatkan tebing atas rumah ibu sumarni RT.02 RW.09 grumbul kunir Desa Gumelem Kulon, menerjang tembok rumah.","dampak_bangunan":"- Kerusakan : Tembok Belakang rumah jebol menimpa tempat tidur dan perabotan rumah tangga.\n- Kategori Kerusakan : Rusak Ringan ( 20%) (Untuk membantu perbaikan rumah perlu diusulkan Bansos)\"\n\"- Kerugian matriil\nDitaksir 5 jt rupiah","dampak_jiwa":"nihil","penanganan":"- Pemdes melaporkan kejadian bencana ke OPD terkait.\n- Cek Lokasi Kejadian bencana oleh BPBD Kab. Banjarnegara.\n- Pembersihan matrial longsoran oleh warga sekitar lokasi.\n- Koordinasi dengan Pemdes terkait laporan kejadian secara tertulis. - DROPING LOGISTIK"}},{"type":"Feature","geometry":{"type":"Point","coordinates":[109.888245,-7.21998]},"properties":{"tahun":2022,"title":"Tanah Longsor, Desa Bakal Kec Batur","jenis_kejadian":"Tanah Longsor","desa_kecamatan":"Desa Bakal Kec Batur","dusun_rt_rw":"Dusun Buntu Rt 05 Rw 03","waktu":"Senin, 14 Februari 2022","kronologi":"Hujan deras  dari jam 10.30-14.30.mengakibatkan tebing  rumah sekaligus pondasi Bp.Qodir sepanjang -+12 m, tinggi -+4 m yg tinggal di  rt 5. Rw.3..dusun buntu  desa bakal longsor, sehingga teras lantai rumah bagian samping sepanjang -+7 meter menggantung dan mengakibatkan lubang di dalam rumah bapak qodir dan sebagian isi rumah bapak qodir ikut jatuh kebawah bersama dengan matrial longsor tsb. dan kondisi tersebut mengakibatkan tertutupnya jalan desa menuju obyek wisata yg sdg dibangun dan sebagian tanah / sisa pondasi yang longsor mengenai teras rumah warga yang berada dibawahnya.","dampak_bangunan":"2 rumah rusak ringan","dampak_jiwa":"nihil","penanganan":"1. sudah melaporkan ke perangkat desa dan pihak terkait lainya\n2.Mengungsi ketempat bapaknya yang bernama bp Khuswoyo (kalau berkenan)"}},{"type":"Feature","geometry":{"type":"Point","coordinates":[109.712482,-7.318557]},"properties":{"tahun":2022,"title":"Tanah Longsor, Desa Sijeruk Kec. Banjarmangu","jenis_kejadian":"Tanah Longsor","desa_kecamatan":"Desa Sijeruk Kec. Banjarmangu","dusun_rt_rw":"Dusun Sijeruk 2/1","waktu":"Kamis, 17 Februari 2022","kronologi":"-Hujan intensitas sedang hingga lebat terjadi di wilayah tersebut. \n-Pada pukul 13:00 wib Tebing setinggi -+ 1,5 meter Panjang 5 meter Longsor dan menutup Drainase Rumah di Bawahnya","dampak_bangunan":"tertutupnya saluran air rumah di bawahnya dan mengancam dapur rumah Bu Sutaryo 57 Tahun (1 jiwa)","dampak_jiwa":"nihil","penanganan":"- pembersihan matrial longsor secara manual oleh warga\n- Pelaporan kepada instansi terkait. \n-Asesmen"}},{"type":"Feature","geometry":{"type":"Point","coordinates":[109.653622,-7.481175]},"properties":{"tahun":2022,"title":"Tanah Longsor, Desa Duren Kec. Pagedongan","jenis_kejadian":"Tanah Longsor","desa_kecamatan":"Desa Duren Kec. Pagedongan","dusun_rt_rw":"01/05","waktu":"Kamis, 17 Februari 2022","kronologi":"Hujan intensitas lebat yang mengakibatkan pergerakan tanah yang berdampak pada 1 rumah mengalami kerusakan atas nama pemilik Ny Suyadi","dampak_bangunan":"1 rumah rusak ringan atas nama pemilik Ny Suyadi","dampak_jiwa":"nihil","penanganan":""}},{"type":"Feature","geometry":{"type":"Point","coordinates":[109.64933,-7.31115]},"properties":{"tahun":2022,"title":"Tanah Longsor, Desa Sipedang Kecamatan Banjarmangu","jenis_kejadian":"Tanah Longsor","desa_kecamatan":"Desa Sipedang Kecamatan Banjarmangu","dusun_rt_rw":"Ruas jalan Kabupaten ; Jembatan Kali Kacangan Penghubung Desa Sipedang Kecamatan Banjarmangu menuju Desa Telaga, Mlaya Kecamatan Punggelan Kab Banjarnegara","waktu":"Senin, 21 Februari 2022","kronologi":"Kerusakan terjadi sejak tiga bulan terakhir di musim penghujan faktor kontruksi serta tanah yang labil","dampak_bangunan":"Talud dengan ketinggian 4,5 meter dan panjang 5 meter merusak 1/3 bahu jalan","dampak_jiwa":"nihil","penanganan":"- Kerusakan dan Perbaikan menjadi tanggung jawab Dinas PUPR dan segera akan di tindak lanjuti"}},{"type":"Feature","geometry":{"type":"Point","coordinates":[109.729461,-7.361076]},"properties":{"tahun":2022,"title":"Tanah Longsor, Desa Karanganyar Kec. Madukara","jenis_kejadian":"Tanah Longsor","desa_kecamatan":"Desa Karanganyar Kec. Madukara","dusun_rt_rw":"Dusun Karanganyar Kulon RT 3 RW 3","waktu":"Senin, 07 Maret 2022","kronologi":"Hujan pada Hari minggu 6/03/2022 sampai senin 7/03/2022.\nTerjadi tanah longsor pada hari senin tgl 07/03/2022 pukul 03.00 Wib","dampak_bangunan":"2 rumah rusak ringan \nBangunan rumah ( bagian dapur )milik bpk Tuslam Marjani 65th terbawa longsor. Material longsor mengenai tembok dinding rumah bpk yugo ( kondisi tembok aman ) dan menutup jalan penghubung ke makam desa Karanganyar","dampak_jiwa":"nihil","penanganan":"\"cek lokasi dan menghimbau kpd warga untuk waspada dan menjuh dari tempat rawan bencana.\nSelalu berkoordinasi dengan dinas terkait. \"\ndroping logistik"}},{"type":"Feature","geometry":{"type":"Point","coordinates":[109.702694,-7.359056]},"properties":{"tahun":2022,"title":"Tanah Longsor, Desa Rakitan Kec. Madukara","jenis_kejadian":"Tanah Longsor","desa_kecamatan":"Desa Rakitan Kec. Madukara","dusun_rt_rw":"Rt 02 RW 02","waktu":"Senin, 07 Maret 2022","kronologi":"Hujan pada Hari minggu 6/03/2022 sampai senin 7/03/2022.\nTerjadi tanah longsor pada hari senin tgl 07/03/2022 pukul 03.00 Wib","dampak_bangunan":"1 rumah milik bpk Basrun 48 th 4 jiwa terancam longsor.\nMaterial longsor mengenai perkebunan dibelakang rumah","dampak_jiwa":"nihil","penanganan":"\"cek lokasi dan menghimbau kpd warga untuk waspada dan menjuh dari tempat rawan bencana.\nSelalu berkoordinasi dengan dinas terkait. \"\ndroping logistik"}},{"type":"Feature","geometry":{"type":"Point","coordinates":[109.419911,-7.516677]},"properties":{"tahun":2022,"title":"Tanah Longsor, Desa Gumelem Wetan Kec. Susukan","jenis_kejadian":"Tanah Longsor","desa_kecamatan":"Desa Gumelem Wetan Kec. Susukan","dusun_rt_rw":"RT/RW 01/10","waktu":"Minggu, 06 Maret 2022","kronologi":"- Hujan deras dengan intensitas sedang hingga lebat yang mengguyur wilayah Kabupaten Banjarnegara tepatnya Kec. Susukan mengakibatkan.\n\nTebing longsor setinggi +- 7 meter lebar +- 4 meter yang mengancam rumah Bpk. Ahmad Jaeni.","dampak_bangunan":"1 rumah terancam a.n Ahmad Jaeni","dampak_jiwa":"nihil","penanganan":"- Cek lokasi \n- Distribusi Logistik"}},{"type":"Feature","geometry":{"type":"Point","coordinates":[109.417198,-7.508763]},"properties":{"tahun":2022,"title":"Tanah Longsor, Desa Gumelem Wetan Kec. Susukan","jenis_kejadian":"Tanah Longsor","desa_kecamatan":"Desa Gumelem Wetan Kec. Susukan","dusun_rt_rw":"RT/RW 03/09","waktu":"Minggu, 06 Maret 2022","kronologi":"- Hujan deras dengan intensitas sedang hingga lebat yang mengguyur wilayah Kabupaten Banjarnegara tepatnya Kec. Susukan mengakibatkan.\n\nTanah amblas sepanjang +- 7 meter kedalaman +- 10 cm yang mengakibatkan rumah Bpk. Paryono rusak bagian dapur belakang.","dampak_bangunan":"1 rumah rusak ringan a.n Pak Paryono. rusak pada bagian dapur","dampak_jiwa":"nihil","penanganan":"- Cek lokasi \n- Distribusi Logistik"}},{"type":"Feature","geometry":{"type":"Point","coordinates":[109.741294,-7.238136]},"properties":{"tahun":2022,"title":"Tanah Longsor, Desa Tempuran Kec. Wanayasa","jenis_kejadian":"Tanah Longsor","desa_kecamatan":"Desa Tempuran Kec. Wanayasa","dusun_rt_rw":"RT/RW 01/01","waktu":"Selasa, 08 Maret 2022","kronologi":"Akibat hujan deras selama 30 menit yang mengakibatkan meluapnya draenase sebelah selatan jalan propinsi tidak muat menampung debit air sehingga meluap sampai ke arah Utara jalan tersebut dan mengakibatkan talud dan dinding garasi sebelah barat milik bapak Amat Maskuri tergerus hingga roboh, korban jiwa nihil","dampak_bangunan":"1 rumah rusak sedang a.n Ahkmad Maskuri : dinding garasi rumah sebelah barat ambruk.\nkerugian sekitar Rp.25 jt","dampak_jiwa":"nihil","penanganan":"- Info Awal\n- Proses pendataan dan evakuasi barang ketempat yang lebih aman oleh Tni /Polri dan Relawan gabungan."}},{"type":"Feature","geometry":{"type":"Point","coordinates":[109.784706,-7.253646]},"properties":{"tahun":2022,"title":"Tanah Longsor, Desa Biting Kec. Pejawaran","jenis_kejadian":"Tanah Longsor","desa_kecamatan":"Desa Biting Kec. Pejawaran","dusun_rt_rw":"Dusun Biting RT 07 RW 02","waktu":"Selasa, 08 Maret 2022","kronologi":"Intensitas hujan yg tinggi dari pukul 15.00 wib di sekitar kec Pejawaran, yg mengakibatkan tebing longsor.","dampak_bangunan":"1 (satu) rumah rusak ringan milik bapak sobron","dampak_jiwa":"nihil","penanganan":"- info awal\n- pembersihan\n- Droping Logistik\n- Mengungsikan penghuni rumah sementara"}},{"type":"Feature","geometry":{"type":"Point","coordinates":[109.779429,-7.26681]},"properties":{"tahun":2022,"title":"Tanah Longsor, Desa Biting Kec. Pejawaran","jenis_kejadian":"Tanah Longsor","desa_kecamatan":"Desa Biting Kec. Pejawaran","dusun_rt_rw":"Dusun Pedeli RT 10 RW 02","waktu":"Selasa, 08 Maret 2022","kronologi":"Intensitas hujan yg tinggi dari pukul 15.00 wib di sekitar kec Pejawaran, yg mengakibatkan tebing longsor.","dampak_bangunan":"1 rumah rusak ringan a.n Ripto\n1 rumah yang terancam milik Ny. Suwanto","dampak_jiwa":"nihil","penanganan":"- info awal\n- pembersihan\n- Droping Logistik\n- Mengungsikan penghuni rumah sementara"}},{"type":"Feature","geometry":{"type":"Point","coordinates":[109.78933,-7.29084]},"properties":{"tahun":2022,"title":"Tanah Longsor, Desa Plumbungan Kec. Pagentan","jenis_kejadian":"Tanah Longsor","desa_kecamatan":"Desa Plumbungan Kec. Pagentan","dusun_rt_rw":"Dukuh Sirandu Rt 05 rw03","waktu":"Rabu, 09 Maret 2022","kronologi":"","dampak_bangunan":"2 rumah terancam a.n Bpk Kartoyo dan Bpk. Mistar","dampak_jiwa":"nihil","penanganan":"- info awal"}},{"type":"Feature","geometry":{"type":"Point","coordinates":[109.795511,-7.247733]},"properties":{"tahun":2022,"title":"Tanah Longsor, Desa Penusupan Kec. Pejawaran","jenis_kejadian":"Tanah Longsor","desa_kecamatan":"Desa Penusupan Kec. Pejawaran","dusun_rt_rw":"Dusun gambiran Rt 02 Rw 06","waktu":"Rabu, 09 Maret 2022","kronologi":"Hujan dengan intensitas tinggi Pada hari Rabo di wilayah kab. Banjarnegara Mengakibatkan talud rumah setingi +- 3 m panjang 5 m mengalami longsor","dampak_bangunan":"mengancam rumah atas nama Kk. Haryono (5 jiwa)","dampak_jiwa":"nihil","penanganan":"- info awal- Pemdes melaporkan kejadian tersebut \n- TRC BPBD melakukan cek Lokasi dan koordinasin dengan pemerintah Desa dan menghimbau warga agar tetap waspada."}},{"type":"Feature","geometry":{"type":"Point","coordinates":[109.859485,-7.222969]},"properties":{"tahun":2022,"title":"Tanah Longsor, Desa Gembol Kec Pejawaran","jenis_kejadian":"Tanah Longsor","desa_kecamatan":"Desa Gembol Kec Pejawaran","dusun_rt_rw":"RT 01/RW 03","waktu":"Kamis, 10 Maret 2022","kronologi":"Hujan dg intensitas lebat Pada Kamis Sore Yang Mengguyur Wilayah Kec.Pejawaran,Mengakibatkan Tebing Setinggi +- 25 Meter Lebar +- 10 Meter Longsor Mengancam Rumah Warga.","dampak_bangunan":"1 Unit Rumah Terancam. a.n Milik Bpk Wahono 57 Tahuh (3kk 8Jiwa)","dampak_jiwa":"nihil","penanganan":"-Asasment\n-Koordinasi Dengan Pihak Pemdes\n-Menghimbau kepada Pemilik Rumah Untuk Mengungsi ke tempat yg lebih aman ketika Hujan                                             - DROPING LOGISTIK_"}},{"type":"Feature","geometry":{"type":"Point","coordinates":[109.77234,-7.265819]},"properties":{"tahun":2022,"title":"Tanah Longsor, Desa Kalilunjar Kec. Banjarmangu","jenis_kejadian":"Tanah Longsor","desa_kecamatan":"Desa Kalilunjar Kec. Banjarmangu","dusun_rt_rw":"Rt 06/01","waktu":"Sabtu, 12 Maret 2022","kronologi":"Tembok rumah bagian kamar jebol.","dampak_bangunan":"1 unit rumah rusak ringan An.Tusiah","dampak_jiwa":"nihil","penanganan":"- info awal\n- Droping Logistik"}},{"type":"Feature","geometry":{"type":"Point","coordinates":[109.711722,-7.318044]},"properties":{"tahun":2022,"title":"Tanah Longsor, Desa Sijeruk Kec. Banjarmangu","jenis_kejadian":"Tanah Longsor","desa_kecamatan":"Desa Sijeruk Kec. Banjarmangu","dusun_rt_rw":"Dusun Rt 02 Rw 02 Sijeruk","waktu":"Jumat, 11 Maret 2022","kronologi":"-Hujan intensitas sedang hingga lebat terjadi di wilayah tersebut. \n-Pada pukul 13:00 wib Tebing setinggi -+ 2 meter Panjang 7 meter Longsor dan mengancam Rumah di Bawahnya","dampak_bangunan":"1 rumah rusak terancam a.n Bapak Salim Susanto Umur 45 Tahun (4 jiwa)","dampak_jiwa":"nihil","penanganan":"- pembersihan matrial longsor secara manual oleh warga\n- Pelaporan kepada instansi terkait. \n- Droping Logistik"}},{"type":"Feature","geometry":{"type":"Point","coordinates":[109.793196,-7.318815]},"properties":{"tahun":2022,"title":"Tanah Longsor, Desa Metawana Kecamatan Pagentan","jenis_kejadian":"Tanah Longsor","desa_kecamatan":"Desa Metawana Kecamatan Pagentan","dusun_rt_rw":"Dusun Sumberan RT 05 RW 02","waktu":"Minggu, 13 Maret 2022","kronologi":"-Hujan deras di wilayah kecamatan Pagentan, khususnya di Dusun Sumberan Desa Metawana yang berlangsung selama dua jam menyebabkan tembok rumah setinggi 4 meter dan lebar 2 meter ambruk dan beberapa mengalami retak di beberapa bagian.","dampak_bangunan":"1 rumah rusak : Rumah milik Bapak Panut umur 38 Tahun dibagian dapur mengalami kerusakan setelah tembok dibagian tersebut mengalami ambruk.","dampak_jiwa":"nihil","penanganan":"-Relawan bersama warga masyarakat melakukan pembersihan material.\n-Pemasangan terpal untuk menutup bagian yang ambruk.\n-Penyaluran logistik permakanan oleh FPRB Pagentan"}},{"type":"Feature","geometry":{"type":"Point","coordinates":[109.785068,-7.255415]},"properties":{"tahun":2022,"title":"Tanah Longsor, Desa Biting Kec Pejawaran","jenis_kejadian":"Tanah Longsor","desa_kecamatan":"Desa Biting Kec Pejawaran","dusun_rt_rw":"RT 01/RW 01","waktu":"Minggu, 13 Maret 2022","kronologi":"Intensitas curah hujan yg tinggi dari pukul 12.15 wib di sekitar kec Pejawaran, yg mengakibatkan tebing samping rumah longsor hampir sampai pondasi rumah.","dampak_bangunan":"1 rumah rusak ringan \na.n milik bapak sunarwan terdampak rusak ringan pondasi samping","dampak_jiwa":"nihil","penanganan":"- mengevakuasi korban ke rumah saudara.\n- Droping logistik"}},{"type":"Feature","geometry":{"type":"Point","coordinates":[109.793352,-7.305821]},"properties":{"tahun":2022,"title":"Tanah Longsor, Desa Kalitlaga, Kec. Pagentan","jenis_kejadian":"Tanah Longsor","desa_kecamatan":"Desa Kalitlaga, Kec. Pagentan","dusun_rt_rw":"Dusun Derikan, Klesem RT 2 RW 3","waktu":"Minggu, 13 Maret 2022","kronologi":"-Hujan deras di wilayah kecamatan Pagentan khususnya di Desa Kalitlaga Dusun Derikan yang berlangsung selama dua jam menyebabkan tanah bergerak yang mengakibatkan jalan serta kebun warga mengalami kerusakan.","dampak_bangunan":"1 rumah rusak ringan dan 1 kandang kambing milik Bapak Slamet Prio 1 KK 4 Jiwa \n\nserta 1 ruas jalan penghubung menuju Dusun Klesem sementara hanya dapat dilalui kendaraan roda dua.","dampak_jiwa":"nihil","penanganan":"-Relawan bersama warga masyarakat melakukan pembersihan material. \n-Penutupan memakai terpal pada rekahan di jalan.\n- Pemasangan trucuk bambu\n- Penyaluran logistik"}},{"type":"Feature","geometry":{"type":"Point","coordinates":[109.800547,-7.280265]},"properties":{"tahun":2022,"title":"Tanah Longsor, Desa Darmayasa Kec. Pejawaran","jenis_kejadian":"Tanah Longsor","desa_kecamatan":"Desa Darmayasa Kec. Pejawaran","dusun_rt_rw":"Dusun Jenggeran 01/08","waktu":"Senin, 14 Maret 2022","kronologi":"Hujan dengan intensitas tinggi Pada hari selasa di wilayah kab. Banjarnegara Mengakibatkan tebing setingi +- 15 longsor mengenai rumah atas nama Bpk Muktiono dengan kondisi retak dan rusak dibagian belakang rumah dan mengenai kandang kambing 3 ekor kambing mati","dampak_bangunan":"1 rumah rusak ringan atas nama Bpk Muktiono dengan kondisi retak dan rusak dibagian belakang rumah dan mengenai kandang kambing 2 ekor kambing mati","dampak_jiwa":"nihil","penanganan":"- Pemdes melaporkan kejadian tersebut \n- TRC BPBD melakukan cek Lokasi dan koordinasin dengan pemerintah Desa dan menghimbau warga agar tetap waspada."}},{"type":"Feature","geometry":{"type":"Point","coordinates":[109.660149,-7.459256]},"properties":{"tahun":2022,"title":"Tanah Longsor, Desa Lebakwangi Kec. Pagedongan","jenis_kejadian":"Tanah Longsor","desa_kecamatan":"Desa Lebakwangi Kec. Pagedongan","dusun_rt_rw":"Dusun Lebakwangi 01/06","waktu":"Selasa, 15 Maret 2022","kronologi":"Hujan dengan intensitas tinggi mengguyur semalam suntuk dan mengakibatkan Tanah longsor dengan Panjang -+50 Meter dengan Ketinggian -+ 20 Meter dan membentuk tapal kuda  mengenai rumah milik bapak bengat.","dampak_bangunan":"\" - 1 Unit Rumah Milik  Bpk.Bengat(50 Tahun)(6 Jiwa)mengalami rusak berat//Logistik permakanan untuk kerja bhakti.\n-Akses menuju jalan pemukiman tertutup oleh material longsoran. \"\n\"-Bpk Salim(50 thn/5 Jiwa)//Logistik Permakanan\n-Bpk Waluyo(45 thn/4 jiwa)//Logistik Permakanan\n-Bpk Wahid(30 thn/3 Jiwa)//Logistik Permakanan \"","dampak_jiwa":"nihil","penanganan":"- Cek Lokasi \n-Logistik permakanan untuk kerja bhakti\n- Kerja bhakti oleh warga masyarakat memindahkan barang barang \n-Koordinasi Dengan Pihak Pemdes untuk membuat surat permohonan.\n-Korban Pindah ke Dusun jaten rt 01/06 Di tempat sanak saudara\n-Menghimbau kepada seluruh warga masyarakat  waspada dan siaga bilamana terjadi hujan lebih dari 1 Jam."}},{"type":"Feature","geometry":{"type":"Point","coordinates":[109.658434,-7.462038]},"properties":{"tahun":2022,"title":"Tanah Longsor, Desa Lebakwangi Kec. Pagedongan","jenis_kejadian":"Tanah Longsor","desa_kecamatan":"Desa Lebakwangi Kec. Pagedongan","dusun_rt_rw":"Dusun Lebakwangi 03/06","waktu":"Selasa, 15 Maret 2022","kronologi":"Hujan dengan intensitas tinggi mengakibatkan Pergerakan Tanah dengan membentuk tapal kuda.Kedalaman amblasan -+ 70 Cm\nJarak antara pemukiman dengan sumber air -+ 200 Meter \nMengakibatkan Rumah milik warga amblas","dampak_bangunan":"\" 2 Unit Rumah Rusak Sedang\n- a.n milik Bpk.Kalik(73 thn/4Jiwa) mengalami rusak sedang pada bagian atas\ndapur//Logistik Permakanan Untuk Kerja bhakti & Logistik non permakanan \n-a.n Milik Bpk.mutakim(50 thn/4 jiwa)\nMengalami rusak sedang pada bagian dapur//Logistik permakanan Untuk Kerja Bhakti \n\n1 Unit mushola mengalami rusak sedang pada bagian halaman mushola dan dalam mushola. \"\n\"TERANCAM\n-Bpk jefri (38 thn 4jiwa)//Logistik Permakanan\n-Bpk Sukirno (68 Thn3 jiwa)//Logistik Permakanan\"","dampak_jiwa":"nihil","penanganan":"- Cek Lokasi \n-Koordinasi Dengan Pihak Pemdes untuk membuat surat permohonan.\n-Perlu kajian analisis geologi"}},{"type":"Feature","geometry":{"type":"Point","coordinates":[109.476414,-7.506638]},"properties":{"tahun":2022,"title":"Tanah Longsor, Desa Glempang, Kec. Mandiraja","jenis_kejadian":"Tanah Longsor","desa_kecamatan":"Desa Glempang, Kec. Mandiraja","dusun_rt_rw":"Dusun Pertinggi RT 02 RW 05","waktu":"Selasa, 15 Maret 2022","kronologi":"Hujan dg intensitas tinggi Pada Senin - Selasa Mengakibatkan Tebing milik Setinggi +- 70 Meter Panjang +- 30 Meter mengalami pergerakan tanah dan mengancam 3 Rumah Warga.","dampak_bangunan":"3 Unit Rumah terancam atas nama :\n\u2022KK Misni 47 Th ( 3 Jiwa )\n\u2022KK Karsono ( 3 Jiwa )\n\u2022KK Sartinah ( 3 Jiwa )","dampak_jiwa":"nihil","penanganan":"- Assesment -Droping Logistik untuk pos pantau\n- Pemantauan oleh warga dan Relawan\n- Koordinasi Dengan Pihak Pemdes dan pihak terkait"}},{"type":"Feature","geometry":{"type":"Point","coordinates":[109.508478,-7.498971]},"properties":{"tahun":2022,"title":"Tanah Longsor, Desa Kaliwungu Kec. Mandiraja","jenis_kejadian":"Tanah Longsor","desa_kecamatan":"Desa Kaliwungu Kec. Mandiraja","dusun_rt_rw":"Dusun Siluwung, RT 02 RW 07","waktu":"Selasa, 15 Maret 2022","kronologi":"Hujan dg intensitas tinggi Pada Senin - Selasa Mengakibatkan Tebing milik Setinggi +- 15 Meter Panjang +- 10 Meter Longsor mengenai Rumah Warga pada bagian kama","dampak_bangunan":"- 1 Unit Rumah rusak ringan yang dihuni oleh 2 KK 7 Jiwa. \n- KK Basiran ( 4 Jiwa )\n- KK Wawan ( 3 Jiwa )","dampak_jiwa":"nihil","penanganan":"- Kerja bakti oleh warga\n- Assesment\n- Koordinasi Dengan Pihak Pemdes dan pihak terkait"}},{"type":"Feature","geometry":{"type":"Point","coordinates":[109.643425,-7.402243]},"properties":{"tahun":2022,"title":"Tanah Longsor, Desa Gemuruh Kec.Bawang","jenis_kejadian":"Tanah Longsor","desa_kecamatan":"Desa Gemuruh Kec.Bawang","dusun_rt_rw":"Dusun Kaliwuluh RT 04 RW 08","waktu":"Selasa, 15 Maret 2022","kronologi":"Hujan dg intensitas tinggi Pada Senin - Selasa Mengakibatkan Tebing milik bapak Himawan RT 04 RW 08 Setinggi +- 5 Meter Panjang +- 15 Meter Longsor mengenai Rumah Warga.","dampak_bangunan":"1 Unit Rumah Milik Suwito sukanta mengalami rusak ringan.","dampak_jiwa":"nihil","penanganan":"\"- Kerja bakti oleh warga\n- Assesment\n-Koordinasi Dengan Pihak Pemdes\"\n- Droping Logistik"}},{"type":"Feature","geometry":{"type":"Point","coordinates":[109.423029,-7.531555]},"properties":{"tahun":2022,"title":"Tanah Longsor, Desa Gumelem Kulon Kec. Susukan","jenis_kejadian":"Tanah Longsor","desa_kecamatan":"Desa Gumelem Kulon Kec. Susukan","dusun_rt_rw":"Dusun Dodog RT 03 RW 09","waktu":"Selasa, 15 Maret 2022","kronologi":"Hujan dg intensitas tinggi Pada Senin - Selasa di wilayah kab. Banjarnegara Mengakibatkan Tebing Setinggi +- 35 Meter Panjang +- 150 Meter mengalami pergerakan tanah dan mengancam 1 Rumah Warga","dampak_bangunan":"- 1 Unit Rumah terancam atas nama :\n\u2022KK Warso Sugito 45 Th ( 7 Jiwa )","dampak_jiwa":"nihil","penanganan":"- Assesment\n- Pemantauan oleh warga dan perangkat desa - Droping Logistik"}},{"type":"Feature","geometry":{"type":"Point","coordinates":[109.668271,-7.48964]},"properties":{"tahun":2022,"title":"Tanah Longsor, Desa Duren Kec.Pagedongan","jenis_kejadian":"Tanah Longsor","desa_kecamatan":"Desa Duren Kec.Pagedongan","dusun_rt_rw":"Dusun banaran 01/03","waktu":"Selasa, 15 Maret 2022","kronologi":"Hujan dengan intensitas tinggi mengakibatkan Tanah Longsor  dengan kedalaman -+ 20 meter dan lebar -+ 20 meter","dampak_bangunan":"- 1 Rumah Rusak Ringan\n- 3 Rumah Terancam\nKet : \n-Slamet Arifin(4 Jiwa)\n-Ngationo(4 Jiwa) Ket.(Pak Slamet&Pak ngationo 1 rumah 2 kk)\n-Kiman Toharudin(3 Jiwa)\n-Kamar mandi milik bpk sugeng pamuji(3 jiwa) Jebol terkena material longsoran","dampak_jiwa":"nihil","penanganan":"- Cek Lokasi \n-Koordinasi Dengan Pihak Pemdes untuk membuat surat permohonan.\n-Kerja bhakti oleh warga masyarakat\n-Menghimbau kepada warga masyarakat agar selalu waspada bilamana terjadi hujan dengan intensitas lebih dari 1 jam."}},{"type":"Feature","geometry":{"type":"Point","coordinates":[109.577911,-7.506447]},"properties":{"tahun":2022,"title":"Tanah Longsor, Desa Petir Kec.Purwanegara","jenis_kejadian":"Tanah Longsor","desa_kecamatan":"Desa Petir Kec.Purwanegara","dusun_rt_rw":"Dusun Krinjing 04/05","waktu":"Selasa, 15 Maret 2022","kronologi":"Hujan dengan intensitas tinggi pada hari senin 14 Maret 2022 Sampai hari selasa 15 Maret 2022,terjadi tanah longsor dibeberapa titik diwilayah Desa Petir Kec Purwanegara.","dampak_bangunan":"- 1 Unit Rumah milik Bpk.Kaswanto (73 thn/4Jiwa) Rt 04/Rw 05 mengalami rusak pada bagian atap Dan dinding jebol bagian dapur kebutuhanLogistik Permakanan Untuk Kerja bhakti & Logistik non permakanan \n\n-1 Unit Rumah Milik Bpk.Amad Sukarso(50 thn/4 jiwa)\nMengalami rusak sedang pada bagian Dinding kamar jebol.Kebutuhan Logistik permakanan Untuk Kerja Bhakti Dan teriplek\n\n- 1 Kandang ternak milik Bpk.Supriyadi Rt 04 / Rw 05 rusak pada dinding bagian belakang","dampak_jiwa":"nihil","penanganan":"- Cek Lokasi _Droping Logistik \n- Koordinasi Dengan Pihak Pemdes Petir\n- Menghimbau warga untuk selalu waspada \n- Kerja bakti pembersihan material longsor"}},{"type":"Feature","geometry":{"type":"Point","coordinates":[109.674119,-7.491834]},"properties":{"tahun":2022,"title":"Tanah Longsor, Desa Kebutuhjurang Kec. Pagedongan","jenis_kejadian":"Tanah Longsor","desa_kecamatan":"Desa Kebutuhjurang Kec. Pagedongan","dusun_rt_rw":"Dusun sirongge 01/12","waktu":"Selasa, 15 Maret 2022","kronologi":"Hujan dengan intensitas tinggi mengakibatkan Tanah Amblas dengan kedalaman -+ 7 meter dan lebar -+ 10 meter\nDan mengancam 3 rumah yang berada di atas dan dibawah jalan tersebut.","dampak_bangunan":"-misdam (4 Jiwa)\n-waryanto(4 Jiwa) Ket.(Pak misdam &Pak waryanto 1 rumah 2 kk)rumah bagian belakang amblas dan mengancam rumah yang berada dibawahnya.(Logistik permakanan)","dampak_jiwa":"nihil","penanganan":"Cek Lokasi \n-Koordinasi Dengan Pihak Pemdes untuk membuat surat permohonan.\n-Menghimbau kepada warga masyarakat agar selalu waspada bilamana terjadi hujan dengan intensitas lebih dari 1 jam."}},{"type":"Feature","geometry":{"type":"Point","coordinates":[109.665085,-7.492635]},"properties":{"tahun":2022,"title":"Tanah Longsor, Desa Kebutuhjurang Kec. Pagedongan","jenis_kejadian":"Tanah Longsor","desa_kecamatan":"Desa Kebutuhjurang Kec. Pagedongan","dusun_rt_rw":"Dusun blembeng 03/12","waktu":"Selasa, 15 Maret 2022","kronologi":"Hujan dengan intensitas tinggi mengakibatkan tebing longsor dengan diameter -+4 meter dan material longsor dipekarangan rumah.","dampak_bangunan":"1 rumah terancam \n-Badrudin Badri(4 Jiwa)Tebing samping rumah longsor di depan rumah tidak ada kerusakan bagian bangunan","dampak_jiwa":"nihil","penanganan":"Cek Lokasi \n-Koordinasi Dengan Pihak Pemdes untuk membuat surat permohonan.\n-Menghimbau kepada warga masyarakat agar selalu waspada bilamana terjadi hujan dengan intensitas lebih dari 1 jam."}},{"type":"Feature","geometry":{"type":"Point","coordinates":[109.695029,-7.48427]},"properties":{"tahun":2022,"title":"Tanah Longsor, Desa Kebutuhjurang Kec. Pagedongan","jenis_kejadian":"Tanah Longsor","desa_kecamatan":"Desa Kebutuhjurang Kec. Pagedongan","dusun_rt_rw":"Dusun parakan subah 04/05","waktu":"Selasa, 15 Maret 2022","kronologi":"Hujan dengan intensitas tinggi mengakibatkan Tanah Longsor  dengan kedalaman -+ 70 meter dan lebar -+ 10 meter\ndan mengakibatkan rumah bagian dapur ambruk","dampak_bangunan":"1 rumah rusak sedang\n-Raswandi (4 Jiwa)Dapur milik korban ambruk dan amblas sehingga dapur dibongkar","dampak_jiwa":"nihil","penanganan":"Cek Lokasi \n-Koordinasi Dengan Pihak Pemdes untuk membuat surat permohonan.\n-Menghimbau kepada warga masyarakat agar selalu waspada bilamana terjadi hujan dengan intensitas lebih dari 1 jam."}},{"type":"Feature","geometry":{"type":"Point","coordinates":[109.674119,-7.491834]},"properties":{"tahun":2022,"title":"Tanah Longsor, Desa Kebutuhduwur Kec. Pagedongan","jenis_kejadian":"Tanah Longsor","desa_kecamatan":"Desa Kebutuhduwur Kec. Pagedongan","dusun_rt_rw":"Dusun Blimbing 03/04","waktu":"Selasa, 15 Maret 2022","kronologi":"Hujan dengan intensitas tinggi mengakibatkan Tanah Longsor  dengan kedalaman -+ 15 meter dan lebar -+ 5 meter\ndan mengakibatkan rumah bagian ruang tamu ambruk","dampak_bangunan":"\"1 rumah rusak sedang\nSirom Sugi Pratikno(4 Jiwa)Rumah bagian ruang tamu dan ruang keluarga dengan diameter 6x9 Ambruk sehingga di kategorikan rusak sedang\"\n\n2 rumah terancam\n\"Jasrudin(5 jiwa)*Letak dapur berada di atas bibir longsoran-+ 40cm\nSukisno(3Jiwa) Letak dapur berada di atas bibir longsoran-+ 1,5 Meter\"","dampak_jiwa":"nihil","penanganan":"- Cek Lokasi \n-Koordinasi Dengan Pihak Pemdes untuk membuat surat permohonan.\n-Menghimbau kepada warga masyarakat agar selalu waspada bilamana terjadi hujan dengan intensitas lebih dari 1 jam."}},{"type":"Feature","geometry":{"type":"Point","coordinates":[109.690382,-7.453329]},"properties":{"tahun":2022,"title":"Tanah Longsor, Desa Kebutuhduwur Kec. Pagedongan","jenis_kejadian":"Tanah Longsor","desa_kecamatan":"Desa Kebutuhduwur Kec. Pagedongan","dusun_rt_rw":"Dusun Gowok 06/05","waktu":"Selasa, 15 Maret 2022","kronologi":"Hujan dengan intensitas tinggi mengakibatkan Tanah longsor dengan ketinggian -+17 Meter dan lebar -+6 meter","dampak_bangunan":"2 Rumah terancam\n\"Wiryono(5 Jiwa) letak Pondasi rumah berada diatas bibir longsor -+1,5Meter\nBujono(3 Jiwa)Letak Pondasi rumah sudah dibibir longsoran\"","dampak_jiwa":"nihil","penanganan":"- Cek Lokasi \n-Koordinasi Dengan Pihak Pemdes untuk membuat surat permohonan.\n-Menghimbau kepada warga masyarakat agar selalu waspada bilamana terjadi hujan dengan intensitas lebih dari 1 jam."}},{"type":"Feature","geometry":{"type":"Point","coordinates":[109.736045,-7.345304]},"properties":{"tahun":2022,"title":"Tanah Longsor, Desa Pakelen Kec Madukara","jenis_kejadian":"Tanah Longsor","desa_kecamatan":"Desa Pakelen Kec Madukara","dusun_rt_rw":"Dusun Gondang RT 001/01","waktu":"Selasa, 15 Maret 2022","kronologi":"Hujan dg intensitas tinggi Pada hari Selasa di wilayah kab. Banjarnegara Mengakibatkan talud Setinggi +- 10 Meter Panjang +- 15 Meter mengalami Longsor.","dampak_bangunan":"1 Rumah terancam atas nama Alim Saefudin Dusun Gondang RT 01 RW 01 Desa Pakelen Kec. Madukara","dampak_jiwa":"nihil","penanganan":"- Pemdes melaporkan kejadian ke Dinas terkait\n- Cek Lokasi\n- Penutupan sementara retakan tanah                       - Distribusi logistik"}},{"type":"Feature","geometry":{"type":"Point","coordinates":[109.683871,-7.267718]},"properties":{"tahun":2022,"title":"Tanah Longsor, Desa Pasuruhan Kec karangkobar","jenis_kejadian":"Tanah Longsor","desa_kecamatan":"Desa Pasuruhan Kec karangkobar","dusun_rt_rw":"Rt 04 Rw 01","waktu":"Selasa, 15 Maret 2022","kronologi":"Pada hari Senin malam hingga selasa pagi tanggal 15 Maret 2022 terjadi hujan deras sehingga mengakibatkan tebing jalan menuju desa pasuruhan setinggi 6m longsor dengan ketebalan 1m lebar 7m","dampak_bangunan":"1 Infrastruktur Jalan terancam","dampak_jiwa":"nihil","penanganan":"Memberi tanda dengan bambu di tempat kejadian"}},{"type":"Feature","geometry":{"type":"Point","coordinates":[109.686622,-7.264838]},"properties":{"tahun":2022,"title":"Tanah Longsor, Desa Pasuruhan Kec karangkobar","jenis_kejadian":"Tanah Longsor","desa_kecamatan":"Desa Pasuruhan Kec karangkobar","dusun_rt_rw":"Rt 03 Rw 02","waktu":"Senin, 14 Maret 2022","kronologi":"Hujan dengan intensitas tinggi Pada hari Senin di wilayah kab. Banjarnegara","dampak_bangunan":"Mengakibatkan jalan amblas jalan kabupaten turut Desa Pasuruan Kecamatan Karangkobar sepanjang +- 30 m mengalami rusak dan tidak bisa di lalui kr 4","dampak_jiwa":"nihil","penanganan":"- Pemdes melaporkan kejadian tersebut ke Dinas terkait\n- TRC BPBD melakukan cek Lokasi dan koordinasin dengan pemerintah Desa dan warga"}},{"type":"Feature","geometry":{"type":"Point","coordinates":[109.451667,-7.522225]},"properties":{"tahun":2022,"title":"Tanah Longsor, Desa Sirkandi Kec. Purwareja Klampok","jenis_kejadian":"Tanah Longsor","desa_kecamatan":"Desa Sirkandi Kec. Purwareja Klampok","dusun_rt_rw":"Dusun selaraga","waktu":"Selasa, 15 Maret 2022","kronologi":"Telah terjadi Bencana Alam/tanah longsor ,dengan ketinggian tebing kurang lebih 4 meter. Akibat longsoran mengakibatkan menimpa dinding tembok yg belom dilepa \nDengan ukuran 3x4 m dan atap baja ringan bondex ukuran 1x7 m.\n Rumah milik sdr. SARNO \n\nRumah Terdampak Longsor \nSdr. Rikem\nSdr. Darsono","dampak_bangunan":"1 Rumah Rusak ringan bagian Tembok kamar atas Nama :Bpk \nSarn","dampak_jiwa":"nihil","penanganan":"- Pemdes melaporkan kejadian ke Dinas terkait\n- Cek Lokasi\n- Penutupan sementara retakan tanah                      - Droping Logistik"}},{"type":"Feature","geometry":{"type":"Point","coordinates":[109.576555,-7.48885]},"properties":{"tahun":2022,"title":"Tanah Longsor, Desa Kaliajir, Kecamatan Purwanegara","jenis_kejadian":"Tanah Longsor","desa_kecamatan":"Desa Kaliajir, Kecamatan Purwanegara","dusun_rt_rw":"Komplek saluwereng Dusun Bulukuning, RT 06 RW 04","waktu":"Selasa, 15 Maret 2022","kronologi":"Longsor terjadi dari tahun lalu, tahun 2020. Saat musim hujan datang. Akan tetapi, kejadian yg parah, terjadi\nPada hari Selasa Tgl 15 Maret 2022.\nPerkiran jam 02.00 wib","dampak_bangunan":"jalan tdk bisa di lalui roda 4. Tanah bergerak. Retak-retak di tengah jalan.Berimmbas ke beberapa rumah warga yang di atasnya.","dampak_jiwa":"nihil","penanganan":"- info awal\n- cek lokasi"}},{"type":"Feature","geometry":{"type":"Point","coordinates":[109.814498,-7.444921]},"properties":{"tahun":2022,"title":"Tanah Longsor, Desa Panawaren Kec. Sigaluh","jenis_kejadian":"Tanah Longsor","desa_kecamatan":"Desa Panawaren Kec. Sigaluh","dusun_rt_rw":"Dusun Ngadiluwih Rt 04 Rw 01","waktu":"Rabu, 16 Maret 2022","kronologi":"- Hujan dengan intensitas tinggi mengguyur wilayah kecamatan sigaluh dan sekitarnya pada hari Rabu, tanggal 16 Maret 2022 membuat tebing setinggi -+ 10 meter dan panjang -+ 10 meter mengalami longsor hingga menutup jalan Desa. 1 rumah terancam milik bapak Bahrudin (50 Th). Tidak ada korban luka ataupun korban jiwa dalam kejadian tersebut.","dampak_bangunan":"1 Unit rumah terancam dan 1 ruas jalan kabupaten","dampak_jiwa":"nihil","penanganan":"- Melaporkan kejadian ini kepada pihak terkait\n- Kerja bakti \n- Distribusi Logistik"}},{"type":"Feature","geometry":{"type":"Point","coordinates":[109.782222,-7.244167]},"properties":{"tahun":2022,"title":"Tanah Longsor, Desa Giritirta Kec. Pejawaran","jenis_kejadian":"Tanah Longsor","desa_kecamatan":"Desa Giritirta Kec. Pejawaran","dusun_rt_rw":"Dusun Giritirta RT 03 RW 04","waktu":"Selasa, 08 Maret 2022","kronologi":"kondisi umum\nHujan dengan intensitas sedang hingga intensitas tinggi terjadi di sekitar wilayah Desa Giritirta Kec. Pejawaran Kabupaten Banjarnegara terjadi sekitar pukul 16.15 WIB hingga malam hari. Tebing setinggi kurang lebih 20 mtr lebar 27 mtr longsor","dampak_bangunan":"kerusakan saluran irigasi dan mengancam 9 rumah warga yang berada di bawah","dampak_jiwa":"nihil","penanganan":"- Relawan gabungan melakukan pembersihan matrial longsor\n- Pembuatan saluran irigasi sementara menggunakan talang karet\n- Pembuatan terasering tebing\n- Penanaman bibit akar wangi di lokasi longsor"}},{"type":"Feature","geometry":{"type":"Point","coordinates":[109.66071,-7.459202]},"properties":{"tahun":2022,"title":"Tanah Longsor, Desa Lebakwangi Kec. Pagedongan","jenis_kejadian":"Tanah Longsor","desa_kecamatan":"Desa Lebakwangi Kec. Pagedongan","dusun_rt_rw":"Dusun Kotakamba RT 03 RW 06","waktu":"Rabu, 16 Maret 2022","kronologi":"- Berdasarkan pengecekan yang di lakukan, telah terjadi peningkatan pergerakan tanah di wilayah dusun kotakamba RT03 RW 06:\n- Tanah amblas yang sebelumnya -+70cm sekarang menjadi -+80cm (penurunan 10cm) yang berada pada bangunan rumah bagian dapur milik bapak Mutakim (50th) \n- pondasi Mushola mengalami amblas sehinga terjadi retakan pada dinding pada bangunan mushola\n- Terjadi penambahan pergerakan tanah yang membetuk tapal kuda \n- 1 Gardu listrik di halaman musola sudah tampak miring dampak dari pergerakan tanah .\n- Munculnya retakan baru di area halaman mushola.","dampak_bangunan":"- Data Rumah Terdampak :\n1. Rumah Bapak Mutakim ( Mengungsi tentatif ) \n2. Mushola\n- Data Rumah Terancam :\n1. Rumah Bpk Jefri\n2. Rumah Bapak Sukirno\n3. Rumah Bapak Kalik","dampak_jiwa":"nihil","penanganan":"- Melakukan Assessment ulang untuk tindak lanjut penanganan\n- Berkoordinasi dengan pemdes dan relawan \n- Menutup rekahan tanah dengan matrial tanah \n- Anggota Destana melakukan pengecekan lokasi setiap 1 jam sekali\n- Manghimbau kepada pemilik rumah untuk waspada dan meninggalkan rumah saat hujan lebat"}},{"type":"Feature","geometry":{"type":"Point","coordinates":[109.674089,-7.451418]},"properties":{"tahun":2022,"title":"Tanah Longsor, Desa Gunungjati, Kecamatan Pagedongan","jenis_kejadian":"Tanah Longsor","desa_kecamatan":"Desa Gunung Jati, Kecamatan Pagedongan","dusun_rt_rw":"Dusun Sitawun rt 08 Rw 03","waktu":"Selasa, 15 Maret 2022","kronologi":"Hujan dengan intensitas tinggi Pada hari Selasa di wilayah kab. Banjarnegara Mengakibatkan talud pengaman jalan kabupaten turut Dusun Duren, Desa Duren, Kecamatan Pagedongan Setinggi +- 4 Meter Panjang +- 5 Meter mengalami Longsor.","dampak_bangunan":"1 Rumah atas nama Saryanto (54th/ 3 jiwa) mengalami rusak sedang\n2. Satu rumah Mengalami rusak sedang dan terancam\n3. Terjadi retakan tanah di atas tebing dengan panjang 6 m. Pada tebing setinggi 15 m\n2. Retak pada pndasi, dinding bangunan rumah runtuh, dan kamar mandi karena pondasi yang bergeser.\n4. Tiang listrik miring karena ada pergeseran tiang akibat pergerakan tanah \n- Anggota keluarga sebagai berikut :\n1. Nengad (57 Th, Kakak Saryanto)\n2. Kartinah (44 Th, Istri Saryanto)\n3. Bani Fitriani (17 Th, Anak Saryanto)\n- Tanah dan bangunan masih sering bergerak, terutama saat hujan deras\n\nRumah Terancam atas nama :\n1. KK Pak Jamali (60 Th, 4 Jiwa)\n2. Kk Pak Muarji (75 Th, 2 Jiwa)","dampak_jiwa":"nihil","penanganan":"1. Menutup retakan tanah dengan plastik\n2. Mengosongkan ruangan yang sudah rusak\n3. Mengungsi apabila terjadi hujan \n- Membuat talud dengan karung\n- Membuat Pondasi dengan pasak bambu"}},{"type":"Feature","geometry":{"type":"Point","coordinates":[109.672964,-7.458701]},"properties":{"tahun":2022,"title":"Tanah Longsor, Desa Gunungjati Kec. Pagedongan","jenis_kejadian":"Tanah Longsor","desa_kecamatan":"Desa Gunungjati Kec. Pagedongan","dusun_rt_rw":"Dukuh Pandansari Rt 08 Rw 03","waktu":"Rabu, 16 Maret 2022","kronologi":"Akibat hujan yang terjadi di wilayah desa gunungjati mengakibatkan rumah ibu Kartinah mengalami rusak","dampak_bangunan":"1 rumah rusak","dampak_jiwa":"nihil","penanganan":"- info awal - Droping logistik"}},{"type":"Feature","geometry":{"type":"Point","coordinates":[109.655915,-7.483595]},"properties":{"tahun":2022,"title":"Tanah Longsor, Desa Duren Kec. Pagedongan","jenis_kejadian":"Tanah Longsor","desa_kecamatan":"Desa Duren Kec. Pagedongan","dusun_rt_rw":"Dusun Duren Rt 01 Rw 02","waktu":"Rabu, 16 Maret 2022","kronologi":"Hujan dengan intensitas tinggi Pada hari Selasa di wilayah kab. Banjarnegara Mengakibatkan talud pengaman jalan kabupaten turut Dusun Duren, Desa Duren, Kecamatan Pagedongan Setinggi +- 4 Meter Panjang +- 5 Meter mengalami Longsor.","dampak_bangunan":"1 Rumah Rusak ringan bagian atap teras atas Nama :Bpk Jatno dan Pintu Rollong door milik Ibu Parmiyah yang beralamatkan di Dusun Duren Rt 01 Rw 02\nDesa Duren\nKec. Pagedongan\n2. Matrial longsor menutup jalan kampung","dampak_jiwa":"nihil","penanganan":"\"- Pemdes melaporkan kejadian tersebut ke Dinas terkait\n- TRC BPBD melakukan cek Lokasi dan koordinasin dengan pemerintah Desa dan warga\n- Kerja bakti pembersihan material dan perbaikan atap teras rumah dilakukan oleh warga dan pemerintah Desa dbawah koordinasi Babinsa desa Duren\"\n- Droping logistik"}},{"type":"Feature","geometry":{"type":"Point","coordinates":[109.774699,-7.363495]},"properties":{"tahun":2022,"title":"Tanah Longsor, Desa Limbangan, Kec. Madukara (Jalan Kabupaten)","jenis_kejadian":"Tanah Longsor","desa_kecamatan":"Desa Limbangan, Kec. Madukara (Jalan Kabupaten)","dusun_rt_rw":"Dusun Plipiran 04/03","waktu":"Senin, 21 Maret 2022","kronologi":"Intensitas hujan yang tinggi, kemiringan lereng 90\u00b0 berarah ke arah Timur Laut dan jenis tanah dilokasi tersebut menyebabkan tanah longsor serta menutup seluruh badan jalan dengan lebar 10 M tinggi tebing 20 M.","dampak_bangunan":"- Jalan kabupaten penghubung Desa Limbangan ke Desa Clapar tertutup material tanah longsor.\n- Pada pukul 09:30 Wib jalan sudah terbuka bisa dilalui oleh KR 2 dan KR 4, namun masih terjadi pergerakan tanah dan longsor susulan.","dampak_jiwa":"nihil","penanganan":"- Cek lokasi \n- Pembersihan material longsor."}},{"type":"Feature","geometry":{"type":"Point","coordinates":[109.545883,-7.484138]},"properties":{"tahun":2022,"title":"Tanah Longsor, Desa Merden, Kec. Purwanegara","jenis_kejadian":"Tanah Longsor","desa_kecamatan":"Desa Merden, Kec. Purwanegara","dusun_rt_rw":"Dusun Pekunden RT 06 RW 06","waktu":"Sabtu, 19 Maret 2022","kronologi":"Cuaca secara umum di wilayah Merden hujan intensitas sedang hingga lebat \nTalud / pondasi tebing dengan ketinggian 3,5 meter dan lebar 6 meter milik Ny. Senen 47 th longsor / ambruk dan menimpa tembok rumah Bp. Nawireja 70 Th yang berada dibawah talud tersebut","dampak_bangunan":"1 rumah rusak ringan a.n Bp. Nawireja 70 Th","dampak_jiwa":"nihil","penanganan":"- Assasment BPBD\n- Himbauan kepada penghuni rumah untuk mengungsi sementara\n- Membuat laporan kejadian\n- Berkordinasi dengan Pemdes untuk menindaklanjuti laporan resmi kepada dinas terkait\"\n- Droping Logistik BPBD\n- Kerja bakti oleh warga"}},{"type":"Feature","geometry":{"type":"Point","coordinates":[109.736752,-7.399694]},"properties":{"tahun":2022,"title":"Tanah Longsor, Desa Singamerta Kec.Sigaluh","jenis_kejadian":"Tanah Longsor","desa_kecamatan":"Desa Singamerta Kec.Sigaluh","dusun_rt_rw":"Dusun Dirun Rt 02/03","waktu":"Sabtu, 19 Maret 2022","kronologi":"Hujan intensitas lebat disertai angin Pada Hari sabtu di wilayah kec.Sigaluh Menyebabkan Talud dg Tinggi 5 Meter Panjang 8Meter Longsoran Menutup Jalan Desa","dampak_bangunan":"- 1 Unit Rumah Milik Bpk Khomedi (2kk 10jiwa) Terancam\n-Akses Jalan Desa Tertutup","dampak_jiwa":"nihil","penanganan":"-Assasment \n-Kerja Bakti Warga Masyarakat\n-Droping logistik Permakan"}},{"type":"Feature","geometry":{"type":"Point","coordinates":[109.800709,-7.267415]},"properties":{"tahun":2022,"title":"Tanah Longsor, Desa Darmayasa Kec. Pejawaran","jenis_kejadian":"Tanah Longsor","desa_kecamatan":"Desa Darmayasa Kec. Pejawaran","dusun_rt_rw":"Dusun Gembongan Rt 01 Rw 04","waktu":"Selasa, 15 Maret 2022","kronologi":"Telah terjadi Tanah longsor yang mengenai jalan kabupaten","dampak_bangunan":"ruas jalan kabupaten terancam","dampak_jiwa":"nihil","penanganan":"- info awal\n- pemasangan tanda/ rambu\n."}},{"type":"Feature","geometry":{"type":"Point","coordinates":[109.805973,-7.435876]},"properties":{"tahun":2022,"title":"Tanah Longsor, Desa Panawaren Kec. Sigaluh","jenis_kejadian":"Tanah Longsor","desa_kecamatan":"Desa Penawaren Kec. Sigaluh","dusun_rt_rw":"Dukuh Praguman Rt 01 Rw 05","waktu":"Rabu, 16 Maret 2022","kronologi":"","dampak_bangunan":"","dampak_jiwa":"nihil","penanganan":"- info awal"}},{"type":"Feature","geometry":{"type":"Point","coordinates":[109.589348,-7.48232]},"properties":{"tahun":2022,"title":"Tanah Longsor, Desa Petir Kec Purwanegara","jenis_kejadian":"Tanah Longsor","desa_kecamatan":"Desa Petir Kec Purwanegara","dusun_rt_rw":"Dusun Sembir Rt 05 rw 03","waktu":"Selasa, 15 Maret 2022","kronologi":"Intensitas hujan yang tinggi mulai Senin,14 Maret 2022\npukil 17.00 Wib\nhingga pagi hari ini\nmengakibatkan tebing longsor di area jalan penghubung antar Dusun Sembir-Dusun Kerinjing\n1.tebing setinggi -+ 50 m panjang -20m\nDi area jalan umum rt 05rw 03","dampak_bangunan":"jalan kabupaten tertimbun longsor","dampak_jiwa":"nihil","penanganan":"- menghimbau kpd warga untuk waspada dan berhati2 bila melwati jalan tersebut dari tempat rawan bencan\n- Membuat jalan alternatif/pelebaran jalan dilakukan oleh DPUPR"}},{"type":"Feature","geometry":{"type":"Point","coordinates":[109.674098,-7.492977]},"properties":{"tahun":2022,"title":"Tanah Longsor, Desa Kebutuhjurang Kec. Pagedongan","jenis_kejadian":"Tanah Longsor","desa_kecamatan":"Desa Kebutuhjurang Kec. Pagedongan","dusun_rt_rw":"Dusun Pucung 01/10","waktu":"Selasa, 15 Maret 2022","kronologi":"Hujan dengan intensitas tinggi mengakibatkan tanah longsor dengan diameter 3x3 meter Jarak bangunan rumah dari longsoran -+ 2 Meter","dampak_bangunan":"1 rumah terancam \n-Badriyah(4 Jiwa) Pekarangan rumah gugur dengan jarak -+2 meter","dampak_jiwa":"nihil","penanganan":"Cek Lokasi \n-Koordinasi Dengan Pihak Pemdes untuk membuat surat permohonan.\n-Menghimbau kepada warga masyarakat agar selalu waspada bilamana terjadi hujan dengan intensitas lebih dari 1 jam."}},{"type":"Feature","geometry":{"type":"Point","coordinates":[109.587187,-7.475516]},"properties":{"tahun":2022,"title":"Tanah Longsor, Desa Petir Kec Purwanegara","jenis_kejadian":"Tanah Longsor","desa_kecamatan":"Desa Petir Kec Purwanegara","dusun_rt_rw":"Dusun Kopen Rt 1 Rw 1","waktu":"Senin, 21 Maret 2022","kronologi":"Intensitas hujan yang tinggi selama beberapa hari, debit air sungai kalisapi meningkat kemudian mengakibatkan talud amblas dan 2 jembatan kabupaten penghubung desa pucungbedug-desa petir mengalami retak","dampak_bangunan":"-Tidak bisa dilewati oleh kendaraan roda 4\n- Mempersulit lalulintas akses utama jalan menuju Desa Petir","dampak_jiwa":"nihil","penanganan":"- Cek lokasi \n- Pemasangan rambu peringatan oleh DPUPR"}},{"type":"Feature","geometry":{"type":"Point","coordinates":[109.576246,-7.489295]},"properties":{"tahun":2022,"title":"Tanah Longsor, Desa Kaliajir,Kec.Purwanegara","jenis_kejadian":"Tanah Longsor","desa_kecamatan":"Desa Kaliajir,Kec.Purwanegara","dusun_rt_rw":"Dusun Bulukuning 10/04","waktu":"Kamis, 17 Maret 2022","kronologi":"Hujan yang mengakibatkan longsoran tanah menutup sebagian jalan penghubung antara Dusun Bulukuning-Dusun Krinjing","dampak_bangunan":"jalan kabupaten tertimpa longsor","dampak_jiwa":"nihil","penanganan":"- info awal\n- Sedang di laksanakan penbersihan dan terjadi longsor susulan"}},{"type":"Feature","geometry":{"type":"Point","coordinates":[109.404439,-7.530841]},"properties":{"tahun":2022,"title":"Tanah Longsor, Desa Gumelem Kulon Kec. Susukan","jenis_kejadian":"Tanah Longsor","desa_kecamatan":"Desa Gumelem Kulon Kec. Susukan","dusun_rt_rw":"Grumbul Trenggiling Rt.05 Rw.06","waktu":"Jumat, 18 Maret 2022","kronologi":"Hujan intensitas tinggi secara terus menerus mengakibatkan tebing belakang rumah sebelah utara rumah bpk.sakam al marsudi RT.05 RW.06 grumbul trenggiling Desa Gumelem Kulon, mengakibatkan rumah nya terancam, dan tidak ada korbanjiwa.","dampak_bangunan":"1 rumah terancam\nKondisi pondasi rumah sebagian longsor, kondisi rumah bagian belakang terancam.","dampak_jiwa":"nihil","penanganan":"- info awal\n- gotong royong untuk mengantisipasi longsor susulan."}},{"type":"Feature","geometry":{"type":"Point","coordinates":[109.620357,-7.472153]},"properties":{"tahun":2022,"title":"Tanah Longsor, Desa Wanadri Kec. Bawang","jenis_kejadian":"Tanah Longsor","desa_kecamatan":"Desa Wanadri Kec. Bawang","dusun_rt_rw":"Dusuh Karangpucung RT 02 RW 04","waktu":"Jumat, 18 Maret 2022","kronologi":"Intensitas hujan yang tinggi selama beberapa hari, mengakibatkan pergerakan tanah ke arah utara dengan panjang retakan -+ 25 meter membentuk tapal kuda mengancam 1 rumah","dampak_bangunan":"- 1 rumah terancam             - 1 kandang kambing rusak","dampak_jiwa":"nihil","penanganan":"- Cek lokasi \n- kerja bakti warga sekitar untuk menutup retakan tanah\n- menutup longsoran dengan terpal"}},{"type":"Feature","geometry":{"type":"Point","coordinates":[109.61434,-7.49555]},"properties":{"tahun":2022,"title":"Tanah Longsor, Desa Wanadri Kec. Bawang","jenis_kejadian":"Tanah Longsor","desa_kecamatan":"Desa Wanadri Kec. Bawang","dusun_rt_rw":"Dusun silangit rt 1 rw 10","waktu":"Jumat, 18 Maret 2022","kronologi":"Intensitas hujan yang tinggi selama beberapa hari, dengan kemiringan 90\u00b0 tinggi -+30 meter menyebabkan tebing longsor dan mengancam 1 rumah","dampak_bangunan":"mengancam 1 rumah","dampak_jiwa":"nihil","penanganan":"- Cek lokasi \n- kerja bakti warga sekitar untuk menutup retakan tanah\n- menutup longsoran dengan terpal"}},{"type":"Feature","geometry":{"type":"Point","coordinates":[109.619391,-7.48784]},"properties":{"tahun":2022,"title":"Tanah Longsor, Desa Kebondalem Kec. Bawang","jenis_kejadian":"Tanah Longsor","desa_kecamatan":"Desa Kebondalem Kec. Bawang","dusun_rt_rw":"Dusun kuwali rt 1 rw 7","waktu":"Jumat, 18 Maret 2022","kronologi":"intensitas hujan yang tinggi selama beberapa hari, mengakibatkan talud setinggi -+4 meter amblas","dampak_bangunan":"- jalan tidak dapat dilalui kendaraan roda 4","dampak_jiwa":"nihil","penanganan":"- Cek lokasi"}},{"type":"Feature","geometry":{"type":"Point","coordinates":[109.729887,-7.37366]},"properties":{"tahun":2022,"title":"Tanah Longsor, Desa Dawuhan Kec.Madukara","jenis_kejadian":"Tanah Longsor","desa_kecamatan":"Desa Dawuhan Kec.Madukara","dusun_rt_rw":"Dusun Sidengen 04/01","waktu":"Senin, 21 Maret 2022","kronologi":"Hujan dengan intensitas tinggi mengakibatkan Talud samping rumah Longsor Yang Mengakibatkan Dapur Milik Bapak Ramlan(2Jiwa)Terkena Kikisan Longsor Dengan Lebar -+7Meter Dan Dan Ketinggian-+4 Meter","dampak_bangunan":"-1 Rumah rusak ringan : Bagian Dapur milik bapak Ramlan(2Jiwa)Terkena Longsoran.","dampak_jiwa":"nihil","penanganan":"- Cek Lokasi \n-Koordinasi Dengan Pihak Pemdes untuk membuat surat permohonan.\n-Menghimbau kepada warga masyarakat agar selalu waspada bilamana terjadi hujan dengan intensitas lebih dari 1 jam.\n-Memghimbau untuk sementara jika terjadi hujan lagi untuk ditutup dengan terpal."}},{"type":"Feature","geometry":{"type":"Point","coordinates":[109.651991,-7.265156]},"properties":{"tahun":2022,"title":"Tanah Longsor, Desa Asinan Kec. Kalibening","jenis_kejadian":"Tanah Longsor","desa_kecamatan":"Desa Asinan Kec. Kalibening","dusun_rt_rw":"Dusun Karangnangka RT 01 RW 02","waktu":"Senin, 21 Maret 2022","kronologi":"Hujan intensitas tinggi selama beberapa hari di sekitar wilayah Desa Asinan Kecamatan Kalibening mengakibatkan terjadinya pergerakan tanah di Dusun Karangnangka dan hingga saat ini masih terjadi pergerakan tanah.\n\n\"1.amblesnya jalan kabupaten ruas jalan sembawa asinan margasari di wilayah RT 01 RW 02 Asinan\n2.Rumah yang terdampak SUKOYO SISWO,,MISTI MISTOYO,HANTO,TUHRI SUWARDI,MISKO RATMOKO\nakibat di hari senin hujan deras dari hari selasa sudah mulai adanya pergerakan tanah\n3.di karenakan daerah aliran sungai jaha sampai daerah aliran sungai kantet bagian bawah sebelah selatan lapangan desa asinan terjadi erosi,,\nSekian dan terimakasih\"","dampak_bangunan":"1 rumah rusak berat\n- Tn. Sukoyo siswo (70th) \n- Ny. Manisem (65th) \n Rt 01 Rw 02 \n\ud83d\udccd(-7.2663097,109.6521039)\nMengungsi dirumah Tn. Kisnanto\n\n\n8 rumah terancam\n- Tn. Warso (37th)\n- Ny. Misti Mistoyo (67)\nRt 01 Rw 02\n\ud83d\udccd(-7.2668787,109.6523198)\n\n- Tn. Hanto (32th)\n- Ny. Yatimah(33th)\n- Maelita(13th)\n- Bilqis(3th)\nRt 01 Rw 02\n\ud83d\udccd(-7.2669000,109.6522040)\n\n- Tn. Mislam samsudin\n- Tn. Misni\n-Tn. Ihsan juniawan\n-Tn.Minah\nRt 01 Rw 02\n\ud83d\udccd(-7.2670590, 109.6531460)\n\n- Ny. Sulastri\n- Tn. Nasirin\nRt 01 Rw 02\n\ud83d\udccd(-7.2671890, 109.6532330)\n\n- Tn. Tuheni\n- Tn. Tlompak\nRt 01 Rw 02\n\ud83d\udccd(-7.2672680, 109.6528070)\n\n- Tn. Jabidi (3 jiwa)\nRt 01 Rw 02\n\ud83d\udccd(-7.2674120, 109.6525200)\n\n- Tn. Juwardi (3 jiwa)\nRt 01 Rw 02\n\ud83d\udccd(-7.2673940, 109.6524170)\n\n- Tn. Ratmoko (4 jiwa)\nRt 01 Rw 02\n\ud83d\udccd(-7.2675380, 109.6524020)","dampak_jiwa":"nihil","penanganan":"- Assesment\n- Himbauan kepada masyarakat agar lebih berhati hati karena pergerakan tanah sampai saat ini masih terjadi dan warga untuk menutup retakan tanah serta mengeringkan kolam disekitaran lokasi kejadian. - Droping Logistik"}},{"type":"Feature","geometry":{"type":"Point","coordinates":[109.478025,-7.498835]},"properties":{"tahun":2022,"title":"Tanah Longsor, Desa Glempang, Kec. Mandiraja","jenis_kejadian":"Tanah Longsor","desa_kecamatan":"Desa Glempang, Kec. Mandiraja","dusun_rt_rw":"Dusun Kopen RT 02/04","waktu":"Minggu, 27 Maret 2022","kronologi":"- Hujan intensitas sedang hingga lebat di wilayah kabupaten Banjarnegara khususnya di Desa Glempang, Kec. Mandiraja selama 3 hari menyebabkan tanah longsor.","dampak_bangunan":"- Longsor mengancam Tempat Ibadah (Masjid)\nSudah dilaksanakan kerja bakti oleh masyarakat setempat -+ 40% , masih kekurangan terpal dan karung untuk membuat talud darurat.\n- Tanah Longsor mengancam Rumah Warga, sudah dilakukan kerja bakti dan himbauan kepada masyarakat, Destana dan relawan gabungan melakukan pemantauan di pos pantau.","dampak_jiwa":"nihil","penanganan":"- Tim BPBD melakukan asesmen dan droping Logistik ke lokasi kejadian.\n- Himbauan kepada warga masyarakat untuk berhati-hati jika terjadi hujan dengan intensitas sedang hingga lebat disertai angin diwilayahnya.\n- Distribusi Logistik Permakanan dan Non Permakanan"}},{"type":"Feature","geometry":{"type":"Point","coordinates":[109.76477,-7.300967]},"properties":{"tahun":2022,"title":"Tanah Longsor, Desa Pandansari, Kec. Wanayasa","jenis_kejadian":"Tanah Longsor","desa_kecamatan":"Desa Pandansari, Kec. Wanayasa","dusun_rt_rw":"Dusun Gunungputih RT 03/03","waktu":"Senin, 28 Maret 2022","kronologi":"- Hujan intensitas sedang hingga lebat di wilayah kabupaten Banjarnegara khususnya di Desa Pandansari , Kec. Wanayasa \n Mengakibatkan tanah bergerak di lokasi pemukiman warga","dampak_bangunan":"1 Rumah Rusak Sedang, 2 rumah rusak ringan \na.n\n1. Salam Budi Santoso ( Rusak sedang)\n2. Sujari ( Rusak ringan)\n3. Barkah ( Rusak ringan)","dampak_jiwa":"nihil","penanganan":"- Tim BPBD melakukan asesmen dan droping Logistik ke lokasi kejadian.\n- Himbauan kepada warga masyarakat untuk berhati-hati jika terjadi hujan dengan intensitas sedang hingga lebat disertai angin diwilayahnya.\n- Distribusi Logistik Permakanan dan Non Permakanan"}},{"type":"Feature","geometry":{"type":"Point","coordinates":[109.449863,-7.519834]},"properties":{"tahun":2022,"title":"Tanah Longsor, Desa Sirkandi Kec.Pwj Klampok","jenis_kejadian":"Tanah Longsor","desa_kecamatan":"Desa Sirkandi Kec.Pwj Klampok","dusun_rt_rw":"Dusun selaraga 04/05","waktu":"Rabu, 30 Maret 2022","kronologi":"Hujan dengan intensitas tinggi disertai angin mengakibatkan rumpun bambu yang berada di atas rumah -+ 50 Meter  menimpa rumah bagian dapur Dengan Bahan bangunan bambu dan kamar mandi dengan ukuran -+6x6","dampak_bangunan":"1 rumah rusak ringan milik bapak Sutrisno 62(4 jiwa).","dampak_jiwa":"nihil","penanganan":"- Cek Lokasi \n-Koordinasi Dengan Pihak Pemdes untuk membuat surat permohonan.\n-Menghimbau kepada warga masyarakat agar selalu waspada bilamana terjadi hujan dengan intensitas lebih dari 1 jam. \n- Droping Logistik"}},{"type":"Feature","geometry":{"type":"Point","coordinates":[109.449811,-7.519915]},"properties":{"tahun":2022,"title":"Tanah Longsor, Desa Sirkandi Kec.Pwj Klampok","jenis_kejadian":"Tanah Longsor","desa_kecamatan":"Desa Sirkandi Kec.Pwj Klampok","dusun_rt_rw":"Dusun selaraga 03/05","waktu":"Rabu, 30 Maret 2022","kronologi":"Hujan dengan intensitas tinggi disertai angin mengakibatkan Rumah Bagian Dapur Permanen  Milik Bapak sirin aryanto 49(6jiwa) Ambruk denga ukuran  -+ 4x5","dampak_bangunan":"1 rumah rusak ringan (bagian dapur ambruk) milik bapak sirin 49 6 jiwa)","dampak_jiwa":"nihil","penanganan":"- Cek Lokasi \n-Koordinasi Dengan Pihak Pemdes untuk membuat surat permohonan.\n-Menghimbau kepada warga masyarakat agar selalu waspada bilamana terjadi hujan dengan intensitas lebih dari 1 jam. \n- Droping Logistik"}},{"type":"Feature","geometry":{"type":"Point","coordinates":[109.60399,-7.284398]},"properties":{"tahun":2022,"title":"Tanah Longsor, Desa Pandanarum Kec Pandanarum","jenis_kejadian":"Tanah Longsor","desa_kecamatan":"Desa Pandanarum Kec Pandanarum","dusun_rt_rw":"Dusun Salam ( MI GUPPI Pandanarum)","waktu":"Kamis, 31 Maret 2022","kronologi":"Hujan intensitas tinggi terjadi di wilayah tersebut sejak pukul 17.30 wib\nTalud dengan tinggi 4meter panjang 10 meter longsor.","dampak_bangunan":"- Material menutup saluran air di Madrasah Ibtidaiyah (mi) Salam Desa Pandanarum kec Pandanarum.","dampak_jiwa":"nihil","penanganan":"INFO AWAL"}},{"type":"Feature","geometry":{"type":"Point","coordinates":[109.591605,-7.27898]},"properties":{"tahun":2022,"title":"Tanah Longsor, Desa Sinduaji Kec. Pandanarum","jenis_kejadian":"Tanah Longsor","desa_kecamatan":"Desa Sinduaji Kec. Pandanarum","dusun_rt_rw":"RT.02 RW. 04 dan RT.01/01","waktu":"Jumat, 01 April 2022","kronologi":"Pada hari Kamis tanggal 31 Maret 2022 terjadi hujan lebat dari pukul 17.30 wib sehingga mengakibatkan Tebing tinggi 6m x 10 m Longsor.","dampak_bangunan":"2 rumah terancam","dampak_jiwa":"nihil","penanganan":"- info awal"}},{"type":"Feature","geometry":{"type":"Point","coordinates":[109.698257,-7.285502]},"properties":{"tahun":2022,"title":"Tanah Longsor, Desa Pagerpelah Kec. Karangkobar","jenis_kejadian":"Tanah Longsor","desa_kecamatan":"Desa Pagerpelah Kec. Karangkobar","dusun_rt_rw":"Pogok","waktu":"Jumat, 01 April 2022","kronologi":"jalan ambles","dampak_bangunan":"1 ruas jalan kabupaten rusak","dampak_jiwa":"nihil","penanganan":"- info awal"}},{"type":"Feature","geometry":{"type":"Point","coordinates":[109.69912,-7.235414]},"properties":{"tahun":2022,"title":"Tanah Longsor, Desa Sirukem Kec.kalibening","jenis_kejadian":"Tanah Longsor","desa_kecamatan":"Desa Sirukem Kec.kalibening","dusun_rt_rw":"Rt 01/02","waktu":"Jumat, 01 April 2022","kronologi":"Tanah Longsor mengakibatkan tembok penahan SD N sirukem dan dapur mengalami rusak","dampak_bangunan":"1 Bangunan SD Terancam dan 1 rumah rusak ringan","dampak_jiwa":"nihil","penanganan":"- info awal"}},{"type":"Feature","geometry":{"type":"Point","coordinates":[109.723085,-7.449989]},"properties":{"tahun":2022,"title":"Tanah Longsor, Desa Pesangkalan Kec. Pagedongan","jenis_kejadian":"Tanah Longsor","desa_kecamatan":"Desa Pesangkalan Kec. Pagedongan","dusun_rt_rw":"Dusun Gringging RT 04 RW 03","waktu":"Jumat, 01 April 2022","kronologi":"talud longsor samping rumah","dampak_bangunan":"1 Rumah rusak ringan pada bagian garasi","dampak_jiwa":"nihil","penanganan":"- info awal"}},{"type":"Feature","geometry":{"type":"Point","coordinates":[109.542674,-7.471705]},"properties":{"tahun":2022,"title":"Tanah Longsor, Desa Merden Kec. Purwanegara","jenis_kejadian":"Tanah Longsor","desa_kecamatan":"Desa Merden Kec. Purwanegara","dusun_rt_rw":"Dusun Pekunden RT 11 RW 06","waktu":"Sabtu, 02 April 2022","kronologi":"Cuaca secara umum di wilayah Merden hujan intensitas sedang hingga lebat disertai angin dan petir\nTalud / pondasi tebing dan pagar pekarangan rumah dengan ketinggian 3,5 meter sepanjang 8 meter milik Bp. Sarwin longsor / ambruk dan menimpa jalan pemukiman RT 11 RW 6 Dusun Pekunden\n\nKejadian tersebut di picu oleh debit air hujan yang cukup tinggi melalui drainase yang tertutup longsor tebing sehingga masuk ke pekarangan rumah sehingga menyebabkan longsornya talud dan tembok pekarangan","dampak_bangunan":"- Talud dan tembok pekarangan rumah bagian samping longsor / ambruk menimpa dan menutup jalan pemukiman","dampak_jiwa":"nihil","penanganan":"- Assasment \n- Kerja Bhakti membersihkan puing longsoran yang menutup jalan\n- Membersihkan material longsor yang menutup dreina"}},{"type":"Feature","geometry":{"type":"Point","coordinates":[109.516881,-7.477618]},"properties":{"tahun":2022,"title":"Tanah Longsor, Desa Somawangi Kec. Mandiraja","jenis_kejadian":"Tanah Longsor","desa_kecamatan":"Desa Somawangi Kec. Mandiraja","dusun_rt_rw":"Dusun Petir RT 3 RW 5","waktu":"Sabtu, 02 April 2022","kronologi":"rumpun bambu longsor mengenai rumah warga","dampak_bangunan":"","dampak_jiwa":"nihil","penanganan":"- INFO AWAL\n- pembersihan oleh warga sekitar"}},{"type":"Feature","geometry":{"type":"Point","coordinates":[109.513749,-7.45184]},"properties":{"tahun":2022,"title":"Tanah Longsor, Desa Mandiraja Kulon Kec.Mandiraja","jenis_kejadian":"Tanah Longsor","desa_kecamatan":"Desa Mandiraja Kulon Kec.Mandiraja","dusun_rt_rw":"Dusun Jampangan RT 02 RW 01","waktu":"Sabtu, 02 April 2022","kronologi":"- Cuaca secara umum di wilayah Mandiraja hujan intensitas sedang hingga lebat disertai angin dan petir\n- Air hujan yang deras mengakibatkan longsoran 1 rumah mengalami rusak bagian dapur dan mengancam bagian kamar kecil.\n- Mengancam 1 rumah atas nama pemilik Suwarno 50 th yang berpotensi mengakibatkan longsor susulan","dampak_bangunan":"1. 1 rumah rusak bagian dapur dan mengancam bagian kamar kecil 3 Kk 7 jiwa\n- Muntari (75th) \n- Nurohman (39th) \n - Dedi Prastyo (23 th) \nJumlah penghuni rumah 7 orang\n\n2. Mengancam rumah \n- Suwarno (50th) \n- Yusup (38th) \nJumlah penghuni rumah 5 orang","dampak_jiwa":"nihil","penanganan":"- Assasment \n- Menghimbau masyarakat sekitar untuk selalu hati-hati\n- Membuat laporan kejadian\n- Berkordinasi dengan pemdes untuk menindaklanjuti dengan dinas terkait guna penanganan antisipasi longsor susulan\n- droping logistik"}},{"type":"Feature","geometry":{"type":"Point","coordinates":[109.78385,-7.199788]},"properties":{"tahun":2022,"title":"Tanah Longsor, Desa Penanggungan Kec. Wanayasa","jenis_kejadian":"Tanah Longsor","desa_kecamatan":"Desa Penanggungan Kec. Wanayasa","dusun_rt_rw":"RT 01 RW 01","waktu":"Sabtu, 02 April 2022","kronologi":"Hujan intensitas sedang maupun tinggi beberapa hari ini terjadi diwilayah Desa Penanggungan Kecamatan Wanayasa mengakibatkan tebing setinggi kurang lebih 10 meter lebar 7 meter longsor menimpa kandang ternak dan bagian belakang bangunan rumah milik bapak Sudarso di rt 1 rw 1, kejadian malam hari sekitar pukul 21.00 WIB. \nTidak ada korban jiwa maupun luka-luka namun pemilik rumah dihimbau tetap berhati hati karena diatas tebing merupakan lahan produktif yang mudah longsor apabila diguyur hujan karena lahan tersebut sangat minim saluran air atau drainase.","dampak_bangunan":"2 rumah rusak ringan","dampak_jiwa":"nihil","penanganan":"- Assesment\n- Himbauan kepada masyarakat atau warga terdampak agar lebih berhati hati karena tebing masih rawan terjadi longsor"}},{"type":"Feature","geometry":{"type":"Point","coordinates":[109.562169,-7.481731]},"properties":{"tahun":2022,"title":"Tanah Longsor, Desa Karanganyar Kec. Purwanegara","jenis_kejadian":"Tanah Longsor","desa_kecamatan":"Desa Karanganyar Kec. Purwanegara","dusun_rt_rw":"Dusun Kalimenjeling rt05/01","waktu":"Minggu, 03 April 2022","kronologi":"Hujan intensitas sedang hinga deras beberapa hari ini terjadi diwilayah Desa karanganyar Kecamatan purwonegoro mengakibatkan kebun jagung setinggi kurang lebih dari makota sampe jalan +- 10 meter lebar longsor +-30 meter merusak jalan ekonomi sekitar pukul 15.00 WIB.","dampak_bangunan":"1 ruas jalan Desa rusak dan, 45 KK terancam kehilangan akses","dampak_jiwa":"nihil","penanganan":"- Assesment\n- Himbauan kepada masyarakat atau warga terdampak pabila hujan untuk selalu waspada kondisi kebun dan jalan yang terjadi longsor"}},{"type":"Feature","geometry":{"type":"Point","coordinates":[109.673675,-7.451566]},"properties":{"tahun":2022,"title":"Tanah Longsor, Desa Gunungjati Kec. Pagedongan","jenis_kejadian":"Tanah Longsor","desa_kecamatan":"Desa Gunungjati Kec. Pagedongan","dusun_rt_rw":"Dusun Sitawun Rt. 8 RW.3","waktu":"Minggu, 03 April 2022 (longsor susulan)","kronologi":"tebing di tepi jalan longsor","dampak_bangunan":"menutup/ mendampak jalan Kabupaten","dampak_jiwa":"nihil","penanganan":"- antisipasi oleh warga\n- pembersihan oleh Dinas PU UPT 1"}},{"type":"Feature","geometry":{"type":"Point","coordinates":[109.602644,-7.248976]},"properties":{"tahun":2022,"title":"Tanah Longsor, Desa Beji Kec.Pandanarum","jenis_kejadian":"Tanah Longsor","desa_kecamatan":"Desa Beji Kec.Pandanarum","dusun_rt_rw":"Jembatan Beji-Serang","waktu":"Selasa, 05 April 2022","kronologi":"hujan melanda wilayah desa beji sejak pukul 15.00 sd 20.00.\n\n yang mengakibatkan bencana longsor","dampak_bangunan":"1. Jembatan Beji Serang, longsor sebelah utara bagian barat, yg mengakibatkan bagian jlurung tidak ada tumpuannya, sehingga berbahaya dilalui kendaraan roda 4 , dan 6.\n\n2. Talud kandang ayam Agus Beji lampeng jebol setinggi 7m.\n\n3. Talud depan rumah Bpk Kabul longsor setinggi 6 - 7 m lebih.","dampak_jiwa":"nihil","penanganan":"INFO AWAL"}},{"type":"Feature","geometry":{"type":"Point","coordinates":[109.676201,-7.271077]},"properties":{"tahun":2022,"title":"Tanah Longsor, Desa Pasuruhan Kec. Karangkobar","jenis_kejadian":"Tanah Longsor","desa_kecamatan":"Desa Pasuruhan Kec. Karangkobar","dusun_rt_rw":"Dukuh Sudikampir 04 rw 01","waktu":"Sabtu, 09 April 2022","kronologi":"Akibat curah hujan yang tinggi dengan durasi yang cukup lama, sehingga mengakibatkan luapan sungai kali santen meningkat.","dampak_bangunan":"1 Jembatan penghubung warga terancam putus","dampak_jiwa":"nihil","penanganan":"- INFO AWAL"}},{"type":"Feature","geometry":{"type":"Point","coordinates":[109.774661,-7.363527]},"properties":{"tahun":2022,"title":"Tanah Longsor, Desa Limbangan Kec. Madukara","jenis_kejadian":"Tanah Longsor","desa_kecamatan":"Desa Limbangan Kec. Madukara","dusun_rt_rw":"Dusun Plipiran 04/03","waktu":"Senin, 11 April 2022","kronologi":"Intensitas hujan yang tinggi, kemiringan lereng 90\u00b0 berarah ke arah Timur Laut dan jenis tanah dilokasi tersebut menyebabkan tanah longsor ( Batu ukuran tinggi 165 cm, lebar 1 meter ) jatuh mengenai kendaraan yang sedang melintas sehingga menyebabkan kendaraan jatuh ke jurang sungai Clapar dengan kedalaman kurang lebih 50 meter dan kemiringan 90 derajat serta batu menutup sebagian badan jalan.","dampak_bangunan":"ruas jalan kabupaten tertutup material longsor berupa batu","dampak_jiwa":"2 Orang MD/ Meninggal Dunia akibat kendaraan yang ditumpangi terhantam batu yang longsor. \n- 2 ( dua ) orang MENINGGAL DUNIA.\na.n :\n1. Salim Ridho Afan (L/38 Tahun) MD di Perjalanan menuju RSUD\nAlamat Desa Babadan RT 8/3 Kec. Pagentan \n\n2. Khayan (L/40 Tahun) MD di TKP Kejadian\nAlamat Desa Babadan RT 2/3 Kec. Pagentan","penanganan":"- Cek lokasi \n- Evakuasi korban dan membawa ke RSUD Banjarnegara.\n- Menutup total akses jalan.\n- pembersihan material"}},{"type":"Feature","geometry":{"type":"Point","coordinates":[109.833906,-7.208953]},"properties":{"tahun":2022,"title":"Tanah Longsor, Desa Sumberejo Kec. Batur","jenis_kejadian":"Tanah Longsor","desa_kecamatan":"Desa Sumberejo Kec. Batur","dusun_rt_rw":"Dusun Rt 1 RW 1 Sumberejo (Belakang SD 1 Sumberejo)","waktu":"Kamis, 14 April 2022","kronologi":"Hujan deras dari jam 15.00..- ..17.00.mengakibatkan tebing jalan kampung sepanjang kurleb 15 m, lebar 2.5 m dan tinggi sekitar 7 - 10 m longsor ( dan menimpa rumah P. Guris yg ta 5 jiwa, ada anak usia sktr 8 thn (kls 2 SD), dan mengakibatkan rusak berat shga penghuninya mengungsi semua ke t4 saudaranya di Dsa. batur.\nDisamping Jalan yang longsor tsb tinggal Pak Khusni 5 jiwa tedapat Bumil dan dilantai rumahnya terdapat retakan diatas pondasinya.\nLokasi jalan tsb sekitar 7 tahun yg lalu sdh pernah mengalami keretakan akibat gempa timbang.","dampak_bangunan":"1 rumah rusak a.n Guris dengan taksiran nilai kerusakan 10 jt\n1 rumah terancam a.n Khusni\n1 ruas jalan desa terputus/ rusak berat","dampak_jiwa":"nihl","penanganan":"- Cek Lokasi\n- Koordinasi Dengan Pihak Pemdes untuk menutup longsoran sementara\n- Pembersihan Material Oleh Warga Masyarakat.\n- Menghimbau kepada warga masyarakat agar tetap waspada jika terjadi hujan dengan intensitas sedang hingga lebat yang terjadi di wilayahnya."}},{"type":"Feature","geometry":{"type":"Point","coordinates":[109.793264,-7.305494]},"properties":{"tahun":2022,"title":"Tanah Longsor, Desa Kalitlaga Kecamatan Pagentan","jenis_kejadian":"Tanah Longsor","desa_kecamatan":"Desa Kalitlaga Kecamatan Pagentan","dusun_rt_rw":"Dusun Derikan RT 2 RW 3","waktu":"Selasa, 19 April 2022","kronologi":"-Hujan deras di wilayah kecamatan Pagentan khususnya di Desa Kalitlaga Dusun Derikan yang berlangsung selama dua jam menyebabkan tanah bergerak yang mengakibatkan jalan serta kebun warga mengalami kerusakan. Selain itu tiang listrik hampir roboh dan beberapa pohon terbakar terkena jaringan listrik dan sangat membahayakan warga masyarakat. Sampai rilis ini dilaporkan pergerakan tanah masih terjadi.","dampak_bangunan":"1 rumah rusak\n1 kandang kambing rusak\njalan penghubung menuju Dusun Klesem sementara hanya dapat dilalui kendaraan roda dua.","dampak_jiwa":"nihil","penanganan":"-Relawan bersama warga masyarakat melakukan pembersihan material. \n-Penutupan memakai terpal pada rekahan di jalan.\n-Menghubungi PLN untuk melakukan langkah-langkah terkait jaringan listrik yang sangat membahayakan. \n- evakuasi dan hewan ternak"}},{"type":"Feature","geometry":{"type":"Point","coordinates":[109.596884,-7.398196]},"properties":{"tahun":2022,"title":"Tanah Longsor, Desa Tapen Kec. Wanadadi","jenis_kejadian":"Tanah Longsor","desa_kecamatan":"Desa Tapen Kec. Wanadadi","dusun_rt_rw":"Dusun Tapen jurang RT 02 RW 04 Perbatasan Tapen Jurang dan Indonesia Power","waktu":"Rabu, 20 April 2022","kronologi":"- Erosi karena luapan air sungai dari dusun tapen jurang saat terjadi hujan deras, menyebabkan tebing setinggi kurang lebih 20 meter mengalami longsor.\n- Tahun 2006, 2009 dan 2019 kejadian berkelanjutan \n- Pemdes sudah melaporkan kejadian ke BPBD dan Indonesia power setelah kejadian, sekira Tahun 2019\n- Cek Lokasi dari BPBD pernah dilakukan setelah mendapat laporan\n- Penutupan tebing menggunakan terpal tahun 2019.","dampak_bangunan":"1 Rumah terancam atas nama Suparyo (70 Th) Dusun Tapen Jurang RT 02 RW 04 Desa Tapen Kec. Wanadadi","dampak_jiwa":"nihil","penanganan":"- Cek Lokasi dari BPBD pernah dilakukan setelah mendapat laporan\n- Penutupan tebing menggunakan terpal tahun 2019."}},{"type":"Feature","geometry":{"type":"Point","coordinates":[109.764157,-7.357239]},"properties":{"tahun":2022,"title":"Tanah Longsor, Desa Talunamba Kec. Madukara","jenis_kejadian":"Tanah Longsor","desa_kecamatan":"Desa Talunamba Kec. Madukara","dusun_rt_rw":"Jalan Kabupaten turut Desa Talunamba","waktu":"Rabu, 20 April 2022","kronologi":"Hujan intensitas lebat disertai angin yang mengakibatkan tanah longsor di bahu jalan dan masih bisa dilalui r2 maupun r4, namun dapat membahayakan bagi yang melintas","dampak_bangunan":"","dampak_jiwa":"","penanganan":""}},{"type":"Feature","geometry":{"type":"Point","coordinates":[109.758218,-7.321923]},"properties":{"tahun":2022,"title":"Tanah Longsor/ bergerak, Desa Gumingsir Kecamatan Pagentan","jenis_kejadian":"Tanah Longsor/ bergerak","desa_kecamatan":"Desa Gumingsir Kecamatan Pagentan","dusun_rt_rw":"Dusun Kaliglagah RT 3 RW 3","waktu":"Jumat, 22 April 2022","kronologi":"-Hujan deras di wilayah kecamatan Pagentan khususnya di Dusun Kaliglagah mengakibatkan tanah bergerak yang berimbas pada kerusakan rumah warga hampir 1 (satu) Dusun mengalami kerusakan pada bagian lantai, dinding dan bagian rumah lainnya. Selain dari intensitas hujan yang tinggi, yang paling memberi dampak terjadinya pergerakan tanah secara masif karena Dusun Kaliglagah diapit oleh sungai merawu dan sungai pining.","dampak_bangunan":"21 Rumah dan 1 Masjid rusak ringan\nKet :\n\"Kerusakan pada bagian rumah dan perkebunan warga. Adapun rumah yang mengalami kerusakan:\n1.Masjid Baitul Muslimin\n2.Rumah Bapak Tuwarno\n3.Rumah Bapak Mulyono\n4.Rumah Bapak Mihedi\n5.Rumah Bapak Kardiman\n6.Rumah Bapak Darto\n7.Rumah Bapak Abdul Sutomo\n8.Rumah Bapak Amin Sutikno\n9.Rumah Bapak Tartono\n10.Rumah Ibu Ratem\n11.Rumah Bapak Parsono\n12.Rumah Bapak Budi Santoso\n13.Rumah Bapak Marno\n14.Rumah Bapak Sukarto\n15.Rumah Bapak Rudianto\n16.Rumah Bapak Tarso\n17.Rumah Bapak Suratno\n18.Rumah Bapak Senen\n19.Rumah Bapak Imam Sutikno\n20.Bapak Udin Yuli Suprapto\n21.Rumah Bapak Nur Solehan\n22.Rumah Bapak Marso\"","dampak_jiwa":"nihil","penanganan":"-Relawan FPRB melakukan cek lokasi dan assesment awal\n-Melaporkan hasil asessment kepada Pemangku kebijakan untuk menindaklanjuti kejadian tersebut."}},{"type":"Feature","geometry":{"type":"Point","coordinates":[109.668352,-7.187016]},"properties":{"tahun":2022,"title":"Tanah Longsor, Desa Plorengan Kec. Kalibening","jenis_kejadian":"Tanah Longsor","desa_kecamatan":"Desa Plorengan Kec. Kalibening","dusun_rt_rw":"Dusun Tembolan Rt.01/05","waktu":"Minggu, 01 Mei 2022","kronologi":"Hujan dengan intensitas sedang hingga lebat kurang lebih 3 jam sehingga tebing setinggi 10 M Longsor menimpa Rumah.","dampak_bangunan":"1 rumah rusak sedang\na.n Bp Muhyanto/53 th (6 jiwa)\n- Tembok Jebol\n-Alat dapur Rusak karena tertimpa material Longsor.","dampak_jiwa":"nihil","penanganan":"- Assesment dan menghimbau kepada pemilik rumah untuk selalu waspada ketika hujan turun dgn intensitas sedang.\n- Pembersihan di lakukan oleh keluarga dan Masyarakat."}},{"type":"Feature","geometry":{"type":"Point","coordinates":[109.733925,-7.451496]},"properties":{"tahun":2022,"title":"Tanah Longsor, Desa Pesangkalan Kec. Pagedongan","jenis_kejadian":"Tanah Longsor","desa_kecamatan":"Desa Pesangkalan Kec. Pagedongan","dusun_rt_rw":"Jalan Desa, Dusun Jatisari","waktu":"Kamis, 05 Mei 2022","kronologi":"* Sekitar jam 15:15-17:25 wib turun Hujan deras mengguyur wilayah Desa Pesangkalan terus menerus.\n* Ruas jalan utama Desa Pesangkalan lewat Dusun Jatisari Tertimbun & tertutup material longsor mengakibatkan jalan tidak bisa di lalui kendaraan roda 2 maupun roda 4.\n* 2 Gorong-gorong jalan menuju dukuh Cliwung Dusun Jatisari Tertimbun material longsor sehingga air menggenang di jalan.","dampak_bangunan":"1 ruas jalan tertutup longsor","dampak_jiwa":"nihil","penanganan":"*- Melaporkan kejadian tersebut pada Pemdes Desa Pesangkalan.\n- Asesment dan cek lokasi\n- Menghimbau warga masyarakat dan pengunjung dari wisata Jurug pletuk untuk putar balik lewat dukuh Tegal gunung Desa Pesangkalan.\n*_ Untuk Rencana pembersihan material dilakukan besok pagi ,di karenakan waktu sudah malam"}},{"type":"Feature","geometry":{"type":"Point","coordinates":[109.661667,-7.474444]},"properties":{"tahun":2022,"title":"Tanah Longsor, Desa Lebakwangi Kec. Pagedongan","jenis_kejadian":"Tanah Longsor","desa_kecamatan":"Desa Lebakwangi Kec. Pagedongan","dusun_rt_rw":"Dukuh Kemojing","waktu":"Jumat, 06 Mei 2022","kronologi":"- Hujan deras dengan intensitas tinggi yang mengguyur wilayah Kec. Pagedongan dan sekitarnya.\nMenyebabkan tanah longsor \nDukuh Kemojing\nTebing setinggi -+ 6 m dengan panjang longsor -+ 4m dan lebar -+ 4m","dampak_bangunan":"1 ruas jalan desa Akses jalan warga Kemojing dan Desa Duren tertutup longsoran, tidak bisa dilalui KR 4","dampak_jiwa":"nihil","penanganan":"Pembersihan"}},{"type":"Feature","geometry":{"type":"Point","coordinates":[109.658367,-7.464547]},"properties":{"tahun":2022,"title":"Tanah Longsor, Desa . Lebakwangi Kec.Pagedongan","jenis_kejadian":"Tanah Longsor","desa_kecamatan":"Desa . Lebakwangi Kec.Pagedongan","dusun_rt_rw":"Dukuh Panggung","waktu":"Jumat, 06 Mei 2022","kronologi":"- Hujan deras dengan intensitas tinggi yang mengguyur wilayah Kec. Pagedongan dan sekitarnya.\nMenyebabkan tanah longsor \nDukuh Panggung\nTebing setinggi -+ 15 m longsor dengan panjang longsor -+7 m dan lebar -+ 2 m","dampak_bangunan":"1 rusa jalan desa terancam Bahu jalan dan sebagian badan jalan akses menuju Dusun Panggung longsor","dampak_jiwa":"nihil","penanganan":"Pembersihan"}},{"type":"Feature","geometry":{"type":"Point","coordinates":[109.673643,-7.438614]},"properties":{"tahun":2022,"title":"Tanah Longsor, Desa Gunungjati Kec.Pagedongan.","jenis_kejadian":"Tanah Longsor","desa_kecamatan":"Desa Gunungjati Kec.Pagedongan.","dusun_rt_rw":"Dusun Depok 01/01","waktu":"Rabu, 11 Mei 2022","kronologi":"Hujan dg intensitas Lebat Disertai Angin Pada Rabu Sore Di wilayah Kecamatan Pagedongan Mengakibatkan Pondasi Penyangga Rumah Dg Panjang 6 Meter dan tinggi 3 Meter Longsor Dan Mengakibatkan Dapur, kamar mandi Ambruk.","dampak_bangunan":"1 unit rumah rusak sedang\nKet :\n Unit Rumah Milik Bapak Toni(52 Tahun) 2kk 5jiwa Pada Bagian Dapur,dan Kamar Mandi Ambruk.serta Dinding kamar dan Ruang Tamu Retak2.","dampak_jiwa":"nihil","penanganan":"-Assesment\n-Koordinasi Dengan Pihak Pemdes\n-Menghimbau kepada Pemilik Rumah Untuk Mengungsi ke tempat yg lebih aman.\n- Pemasangan Police Line Untuk Menghindari warga Masuk ke Area Longsor\n- Kerja Bakti pembersihan \n- Droping Logistik\n- Pengunsian"}},{"type":"Feature","geometry":{"type":"Point","coordinates":[109.694814,-7.471762]},"properties":{"tahun":2022,"title":"Tanah Longsor, Desa Kebutuh Jurang Kec.Pagedongan","jenis_kejadian":"Tanah Longsor","desa_kecamatan":"Desa Kebutuhjurang Kec.Pagedongan","dusun_rt_rw":"Dukuh Gobang Dusun Maron,01/03","waktu":"Jumat, 13 Mei 2022","kronologi":"Hujan dg intensitas Lebat Disertai Angin Pada Jumat Sore Di wilayah Kecamatan.Pagedongan dan Sekitar nya Mengakibatkan Tebing Setinggi +- 15 Meter dan Lebar -+ 10 Meter Mengalami Longsor Dan Menutup Total Akses Jalan Desa.","dampak_bangunan":"-1 Rumah Terdampak Milik Bpk.Mistoful (36 Tahun) Pada Bagian Garasi Mengalami Kerusakan.\n- Akses Ekonomi Dan Pendidikan (jalan desa) Tertutup Material Longsor","dampak_jiwa":"nihil","penanganan":"-Assesment\n-Koordinasi Dengan Pihak Pemdes\n-Menghimbau kepada Pemilik Rumah Untuk Mengungsi ke tempat yg lebih aman Ketika Hujan\n- Pemasangan Police Line\n\"- Pembersihan material tanah longsor yang terjadi pada hari jumat, 13 Mei 2022 yang menutup akses jalan desa di dukuh gobang Rt 01 Rw 03 Dusun Maron Desa Kebutuhjurang dilakukan secara manual dan juga menggunakan alat berat Eksavator BPBD Kab. Banjarnegara.\n- Finishing pembersihan dengan menggunakan Mobil Unit Damkar Banjarnegara dibantu relawan gabungan dan masyarakat sekitar secara gotong royong.\n- Akses jalan sudah terbuka pada pukul 14.30 WIB dan bisa dilalui pengguna jalan dengan lancar.\n- Secara keseluruhan kegiatan pembersihan material tanah longsor berjalan lancar dan aman.\""}},{"type":"Feature","geometry":{"type":"Point","coordinates":[109.44942,-7.493263]},"properties":{"tahun":2022,"title":"Tanah Longsor, Desa Sirkandi Kec.Purwareja Klampok","jenis_kejadian":"Tanah Longsor","desa_kecamatan":"Desa Sirkandi Kec.Purwareja Klampok","dusun_rt_rw":"Dusun Balong Rt.04/04","waktu":"Sabtu, 14 Mei 2022","kronologi":"-Hujan dg intensitas Lebat Disertai Angin Pada Sabtu malam Di wilayah Kecamatan Purwareja Klampok Mengakibatkan bahu jalan Kabupaten perbatasan antara Desa sirkandi dan Desa Berta Kecamatan Susukan dengan kedalaman kurang lebih 80 cm, panjang kurang lebih 10 meter, serta lebar kurang lebih 1,5 meter.\n-karena Disekitar bahu jalan rumah tersebut terdapat saluran air dari pegunungan sehingga talud terkikis oleh aliran air irigasi.","dampak_bangunan":"1 Unit Rumah Milik Bapak Narsan /tidak di huni terancam, jika ada pergerakan","dampak_jiwa":"nihil","penanganan":"-Assesment\n-Koordinasi Dengan Pemilik rumah/ Keluarga"}},{"type":"Feature","geometry":{"type":"Point","coordinates":[109.782343,-7.273408]},"properties":{"tahun":2022,"title":"Tanah Longsor, Desa Karekan Kecamatan Pagentan","jenis_kejadian":"Tanah Longsor","desa_kecamatan":"Desa Karekan Kecamatan Pagentan","dusun_rt_rw":"Jembatan Dusun Tempuran","waktu":"Minggu, 15 Mei 2022","kronologi":"Hujan intensitas ringan mengakibatkan jalan dusun Tempuran mengalami longsor","dampak_bangunan":"1 jembatan dusun rusak dan tidak bisa dilewati KR 4","dampak_jiwa":"nihil","penanganan":""}},{"type":"Feature","geometry":{"type":"Point","coordinates":[109.781031,-7.285241]},"properties":{"tahun":2022,"title":"Tanah Longsor, Desa Karekan Kecamatan Pagentan","jenis_kejadian":"Tanah Longsor","desa_kecamatan":"Desa Karekan Kecamatan Pagentan","dusun_rt_rw":"SD Negeri 3 Karekan","waktu":"Kamis, 12 Mei 2022","kronologi":"Dari hasil asessment tersebut di ketahui 1 gudang ambruk, 6 kelas mengalami retak di bagian dinding serta atap. Lantai kantor amblas. Jarak SD tersebut -+ 200meter ke pemukiman warga.\nMenurut Kadus setempat pergerakan tanah sudah teridentifikasi sejak tahun 2010 dan sekitar 29 rumah warga terdampak sudah di alokasikan ke tempat yang lebih aman. Tindakan sementara masih dilakukan pemantauan. Dari \npihak desa dan pihak sekolah sudah melaporkan ke dinas terkait dan menyiapkan lokasi relokasi jika sewaktu-waktu di butuhkan. \nbelum ada rencana dalam waktu dekat untuk membersihkan material. (ASESMEN SDE Siaga Peduli)","dampak_bangunan":"Akibat tanah bergerak 1 bangunan SD N 3 Karekan mengalami ambruk dan retak- retak di bagian bangunan dan dari lokasi tanah bergerak menuju ke pemukiman warga sekitar 20 meter","dampak_jiwa":"nihil","penanganan":"-Assesment oleh SDE Siaga Peduli\n- pelaporan ke pihak BPBD dan Dimas Pendidikan"}},{"type":"Feature","geometry":{"type":"Point","coordinates":[109.58596,-7.280469]},"properties":{"tahun":2022,"title":"Tanah Longsor, Desa sinduaji kec.pandanarum","jenis_kejadian":"Tanah Longsor","desa_kecamatan":"Desa sinduaji kec.pandanarum","dusun_rt_rw":"Dusun Sidaurip Rt 02 Rw 01","waktu":"Rabu, 18 Mei 2022","kronologi":"Hujan Deras dg intensitas tinggi yg terjadi pada 17.00 s/d 08.30 WIB di wilayah Kecamatan Pandanarum, Tebing dg tinggi -+ 7 M, lebar -+ 4 M, longsor yg mengakibatkan 1 rumah milik Bpk Riswanto 30 th, Tertimbun longsor di i Ruang Tamu,","dampak_bangunan":"1 rumah rusak sedang a.n Pemilik Bpk. Siswanto \nKet:\ndihuni 4 Jiwa Riswanto(30 thn) Satini (35 thn). Anak 1.Dodit (7 thn). 2.Ahyan (5 thn). kerugian pada kejadian ini di taksir -+ 20.000.000,-","dampak_jiwa":"3 orang luka ringan\nKet :\n1. Ibu Satini 27 th, istri Bpk Riswanto ( luka di bagian kepala dg luka jahit di sebelah kiri dan kanan) yi\n2. Dodit Prasetya 8 tahgun Anak ( Luka di bagian belakang telinga tanpa jahit) \n3. Ahzan 1 th, Anak (hanya luka memar dibagian kepala) \n\nKetiga Korban luka pada saat setelah kejadian langsung dilarikan ke Bidan Nurhayati Pandanarum dan sudah ditangani sesuai standar pelayanan Kesehatan,","penanganan":"- cek Lokasi dan assesment\n- kerja bakti pembersihan material oleh warga setempat\n- pengecekan Kondisi Kesehatan oleh Bidan Desa Sinduaji Imas Rahayuninsih\n- Himbauan kepada Korban untuk mengungsi ke rumah Ibu\n- Droping Logistik"}},{"type":"Feature","geometry":{"type":"Point","coordinates":[109.69003,-7.359513]},"properties":{"tahun":2022,"title":"Tanah Longsor, Desa Kesenet Kec. Banjarmangu","jenis_kejadian":"Tanah Longsor","desa_kecamatan":"Desa Kesenet Kec. Banjarmangu","dusun_rt_rw":"RT. 9 RW.1 Perumahan Banjarmangu","waktu":"Kamis, 19 Mei 2022","kronologi":"Hujan dengan intensitas tinggi pada pukul 16:15 s/d 18:30 WIB mengakibatkan aliran air di drainase jalan provinsi Banjarnegara via Karangkobar tepatnya di Perumahan Griya Banjarmangu RT. 9 RW. 1 meluap kejalan sehingga mengakibatkan tebing tinggi -+ 10 m samping perumahan longsor sampai ke halaman rumah penduduk","dampak_bangunan":"Tebing tinggi -+ 10 m longsor\n 2 rumah terancam","dampak_jiwa":"nihil","penanganan":"1. Warga sekitar melakukan penanganan darurat menutup aliran air agar tidak masuk ke longsoran tersebut\n2. Melakukan Asesment\n3. Pembersihan tanah longsor yang disebabkan oleh tebing longsor di samping perumahan dan halaman rumah warga, dilakukan secara manual oleh warga sekitar dibantu petugas BPBD dan Damkar Banjarnegara.\n4. Finishing pembersihan menggunakan semprotan air mobil damkar.\n5. Pembersihan selesai pukul 11.00 WIB."}},{"type":"Feature","geometry":{"type":"Point","coordinates":[109.449866,-7.519107]},"properties":{"tahun":2022,"title":"Tanah Longsor, Desa Sirkandi Kec.Purwareja Klampok","jenis_kejadian":"Tanah Longsor","desa_kecamatan":"Desa Sirkandi Kec.Purwareja Klampok","dusun_rt_rw":"Dusun Salaraga 06/05","waktu":"Kamis, 19 Mei 2022","kronologi":"Terjadi hujan agak lebat malam Kamis.mengakibatkan longsor di sebelah rumah bpk warno rt 06/05.\nMengakibatkan pondasi rumah nggantung..","dampak_bangunan":"1 rumah terancam","dampak_jiwa":"nihil","penanganan":""}},{"type":"Feature","geometry":{"type":"Point","coordinates":[109.640617,-7.322817]},"properties":{"tahun":2022,"title":"Tanah Longsor, Desa Tanjungtirta Kec Punggelan","jenis_kejadian":"Tanah Longsor","desa_kecamatan":"Desa Tanjungtirta Kec Punggelan","dusun_rt_rw":"Dukuh Bengkat Rt 01 Rw 06","waktu":"Minggu, 15 Mei 2022","kronologi":"Pada hari Selasa tanggal 15 Maret 2022 pukul 05:00 WIB Di Desa Tanjungtirta terjadi hujan lebat sehingga menyebabkan talud pengaman badan jalan Kabupaten ruas jalan Desa Tanjungtirta - Desa Tlaga Kec. Punggelan dengan lebar -+5 m Tinggi -+10 mengalami longsor, yang membahayakan permukiman di bawahnya serta mengancam 1 unit bangunan Masjid.","dampak_bangunan":"Talud Pengaman badan jalan longsor dengan lebar -+5 m Tinggi -+10\nmencancam pemukiman dan 1 masjid","dampak_jiwa":"nihil","penanganan":"- Cek Lokasi\n- Penangan sementara menutupi dengan terpal"}},{"type":"Feature","geometry":{"type":"Point","coordinates":[109.800076,-7.246561]},"properties":{"tahun":2022,"title":"Tanah Longsor, Desa Penusupan kec. Pejawaran","jenis_kejadian":"Tanah Longsor","desa_kecamatan":"Desa Penusupan kec. Pejawaran","dusun_rt_rw":"Dusun Bojong 04/06","waktu":"Rabu, 20 April 2022","kronologi":"- Hujan intensitas lebat yang mengakibatkan pergerakan tanah. \n- kejadian merupakan kejadian susulan dari kejadian pada selasa 11 Januari 2022\n- Pemilik rumah belumpindah/ evakuasi karena belum punya tempat lain untuk pindah.","dampak_bangunan":"- 1 (Satu) rumah mengalami rusak berat dan tidak bisa di huni kembali dan belum bisa di bongkar rumah atas nama Bpk. Suprih (50/5 Jiwa)","dampak_jiwa":"Nihil","penanganan":"- Pihak Desa melaporkan kepada pihak yang terkait\n - Pembongkaran rumah akan di lakukan pada bulan MEI\n- Sementara pemilik rumah mengungsi ke rumah orang tua nya di Dukuh Gambiran RT02 RW06"}},{"type":"Feature","geometry":{"type":"Point","coordinates":[109.703013,-7.339182]},"properties":{"tahun":2022,"title":"Tanah Longsor, Desa Kendaga, Kec.Banjarmangu","jenis_kejadian":"Tanah Longsor","desa_kecamatan":"Desa Kendaga, Kec.Banjarmangu","dusun_rt_rw":"Dusun Kendaga Kidul, RT.01/01,","waktu":"Sabtu, 04 Juni 2022","kronologi":"Pada hari Sabtu, 4 Juni 2022 pukul 15.00 WIB wilayah Desa Kendaga Kec. Banjarmangu terjadi hujan lebat selama -+ 2 jam, sehingga mengakibatkan rumah bagian DAPUR roboh/ambruk","dampak_bangunan":"1 Rumah Rusak Ringan\n-Dapur milik a.n KK.Bp.Dulhadi 65 th,(3 jiwa)\n1 Rumah Terancam\nKK.Bp.Budi Safrudin Aljamil 42 th(6 jiwa)\n1 kolam tertimpa longsor\n- menimpa sedikit ruang dapur dan kolam permanen milik a.n KK. Bp.Suprihatin 38th,(5 jiwa)","dampak_jiwa":"nihil","penanganan":"- Melakukan asesment kelokasi kejadian\n- Koordinasi dengan Instansi terkait dan pemerintah desa\n- Pendataan warga terdampak\n- Himbauan kepada warga masyarakat untuk berhati-hati jika terjadi hujan dengan intensitas sedang hingga lebat disertai angin diwilaynya"}},{"type":"Feature","geometry":{"type":"Point","coordinates":[109.717173,-7.390641]},"properties":{"tahun":2022,"title":"Tanah Longsor, Kelurahan Sokanandi Kecamatan Banjarnegara","jenis_kejadian":"Tanah Longsor","desa_kecamatan":"Kelurahan Sokanandi Kecamatan Banjarnegara","dusun_rt_rw":"Dukuh Krajan RT. 002 RW 006","waktu":"Sabtu, 11 Juni 2022","kronologi":"Pada hari Sabtu tanggal 11 Juni 2022 pukul 17.00 WIB Di Kelurahan Sokanandi terjadi hujan lebat sehingga menyebabkan talud & pondasi rumah warga yang berbatasan dengan sebidang lahan kosong sebagian runtuh merusak dapur salah satu warga dan mengancam rumah di sebelahnya. Kejadian dipicu karena aktivitas pengerukan dan perataan lahan kosong yg berada di bawah rumah warga. Sehingga membuat pondasi rumah menggantung dan pengaturan pembuangan saluran limpah air hujan yg buruk.","dampak_bangunan":"1 Rumah Rusak ringan dan ! Rumah Terancam","dampak_jiwa":"nihil","penanganan":"- Cek Lokasi\n- Penangan sementara memberikan penyangga bambu pada tembok yg mau roboh dan memberikan batu penyangga pada bagian pondasi."}},{"type":"Feature","geometry":{"type":"Point","coordinates":[109.606122,-7.485761]},"properties":{"tahun":2022,"title":"Tanah Longsor, Desa Wanadri Kec.Bawang","jenis_kejadian":"Tanah Longsor","desa_kecamatan":"Desa Wanadri Kec.Bawang","dusun_rt_rw":"Dukuh Siranti 02/011","waktu":"Kamis, 16 Juni 2022","kronologi":"Hujan lebat yang mengguyur di daerah bawang dari pukul 16.00-18.00 WIB disertai petir dan angin menyebabkan sebuah tebing tinggi 7 m lebar 8 m menimpa sebagian rumah Bpk.Susanto \nrusak di bagian dinding rumah dan atap dengan kerusakan 25%","dampak_bangunan":"1 Rumah Rusak Sedang\na.n Bapak Susanto","dampak_jiwa":"nihil","penanganan":"- Pembersihan \n- Distribusi bantuan"}},{"type":"Feature","geometry":{"type":"Point","coordinates":[109.614635,-7.482511]},"properties":{"tahun":2022,"title":"Tanah Longsor, Desa Wanadri Kec.Bawang","jenis_kejadian":"Tanah Longsor","desa_kecamatan":"Desa Wanadri Kec.Bawang","dusun_rt_rw":"Dusun Duda, Area Perhutani  jalur arah alternatif kebumen menuju kadus silangit dan kadus kuwali","waktu":"Kamis, 16 Juni 2022","kronologi":"Pada hari Kamis pukul 17.00 WIB terjadi hujan dengan intensitas sedang hingga lebat diwilayah kabupaten Banjarnegara, khususnya Kec. Bawang, pada pukul 19.00 WIB terjadi tanah longsor dan pohon tumbang di Jalan Kabupaten, sehingga meutup total akses jalan tersebut.","dampak_bangunan":"1. Jalan penghubung tidak dapat di lalui KR 2 dan 4\n2. Terjadi Antrian Kendaraan KR 2 dan","dampak_jiwa":"nihil","penanganan":"- Pembersihan oleh warga"}},{"type":"Feature","geometry":{"type":"Point","coordinates":[109.5764,-7.49195]},"properties":{"tahun":2022,"title":"Tanah Longsor, Desa Kaliajir kec.Purwanegara","jenis_kejadian":"Tanah Longsor","desa_kecamatan":"Desa Kaliajir kec.Purwanegara","dusun_rt_rw":"Dusun Bulukuning Rt 06 Rw 04","waktu":"Kamis, 16 Juni 2022","kronologi":"INFO AWAL","dampak_bangunan":"","dampak_jiwa":"","penanganan":""}},{"type":"Feature","geometry":{"type":"Point","coordinates":[109.599849,-7.493372]},"properties":{"tahun":2022,"title":"Tanah Longsor, Desa Petir Kec. Purwanegara","jenis_kejadian":"Tanah Longsor","desa_kecamatan":"Desa Petir Kec. Purwanegara","dusun_rt_rw":"Rt 02rw 04 Dusun Kayubima","waktu":"Kamis, 16 Juni 2022","kronologi":"Intensitas hujan yang tinggi mulai pkl 1600 Wib\nhingga pagi hari mengakibatkan tebing longsor menimpa rumah warga an pak sartam\n1.tebing setinggi -+ 20 m panjang -20m","dampak_bangunan":"1 Rumah Rusak Sedang","dampak_jiwa":"nihil","penanganan":"- cek lokasi dan menghimbau kpd warga untuk waspada dan menjauhi lokasi di kawtirkan akan terjadi longsor susulan"}},{"type":"Feature","geometry":{"type":"Point","coordinates":[109.681351,-7.328595]},"properties":{"tahun":2022,"title":"Tanah Longsor, Desa Pekandangan Kec.Banjarmangu","jenis_kejadian":"Tanah Longsor","desa_kecamatan":"Desa Pekandangan Kec.Banjarmangu","dusun_rt_rw":"02/02","waktu":"Senin, 20 Juni 2022","kronologi":"Pada pukul 15.00.wib terjadi hujan yang cukup lebat dengan durasi yang cukup lama,dengan kondisi tanah yang labil atau rawan longsor sehingga pada sekitar pukul 16.00.wib terjadi longsor yang mengakibatkan bagian belakang rumah tepatnya bagian dapur tertimpa longsoran.\nKetinggian tebing kurang lebih 4 m dengan ketebalan 2m.","dampak_bangunan":"1 Rumah Rusak Ringan\nNama Tn. JARWANTO ( 62 th / 1 KK / 7 jiwa )","dampak_jiwa":"nihil","penanganan":"- Melaporkan pada dinas terkait\n- Assesment /cek lokasi\n- Menghimbau kepada warga/ pemilik rumah untuk meningkatkan kewaspadaan\n- Droping Logistik"}},{"type":"Feature","geometry":{"type":"Point","coordinates":[109.760744,-7.435128]},"properties":{"tahun":2022,"title":"Tanah Longsor, Desa Pringamba Kecamatan Sigaluh","jenis_kejadian":"Tanah Longsor","desa_kecamatan":"Desa Pringamba Kecamatan Sigaluh","dusun_rt_rw":"SD Negeri 2 Prngamba RT 07 RW 02","waktu":"Kamis, 23 Juni 2022","kronologi":"akibat curah hujan tinggi, menyebabkan longsor pada tebing SDN 2. Sehingga menyebabkan tertutupnya akses jalan kab pringamba-cendana dan halaman rumah bapak Susanto,setelah kejadian, dilakukan kerja Bhakti warga sekitar, melakukan pembersihan material longsoran, selesai jam 21.00 WIB.","dampak_bangunan":"Ruas jalan tertutup","dampak_jiwa":"nihil","penanganan":"Pembersihan oleh warga"}},{"type":"Feature","geometry":{"type":"Point","coordinates":[109.651716,-7.454075]},"properties":{"tahun":2022,"title":"Tanah Longsor, Desa Lebakwangi Kec. Pagedongan","jenis_kejadian":"Tanah Longsor","desa_kecamatan":"Desa Lebakwangi Kec. Pagedongan","dusun_rt_rw":"Dusun Silegi RT 01/03","waktu":"Jumat, 24 Juni 2022","kronologi":"Hujan dg intensitas Lebat Disertai Angin Pada Jumat Sore Di wilayah Kec.Pagedongan dan Sekitar nya Mengakibatkan Tebing Setinggi +- 10 Meter dan Lebar -+ 10 Meter Mengalami Longsor Menimpa Dapur Rumah milik Bpk Dulkheri(50th)","dampak_bangunan":"-1 Rumah Terdampak Milik Bpk.Dulkheri(50 Tahun) Pada Bagian Dapur Mengalami Rusak Sedang. Anggota keluarga:\n1.Churyati (48thn)\n2. Sadana(88thn)\n3. Rasel prayugo(2thn)\n4. Anik Arifatun Nikmah(24thn)","dampak_jiwa":"nihil","penanganan":"-Assesment\n-Koordinasi Dengan Pihak Pemdes\n-Menghimbau kepada Pemilik Rumah Untuk tetap hati hati dan waspada ketika hujan.\n-Kerja Bakti Warga masyarakat\n- droping logistik"}},{"type":"Feature","geometry":{"type":"Point","coordinates":[109.526334,-7.346619]},"properties":{"tahun":2022,"title":"Tanah Longsor, Desa Danakerta kec.Punggelan","jenis_kejadian":"Tanah Longsor","desa_kecamatan":"Desa Danakerta kec.Punggelan","dusun_rt_rw":"Dusun Domas Rt 02 Rw 08","waktu":"Jumat, 24 Juni 2022","kronologi":"Hujan dengan intensitas lebat mehakibatkan longsor yan mengacam 1 rumah di dusun domas rt 02/08 desa Danakerta kec.punggelan\nPanjan retakan 5 m dan tinggi 10 m","dampak_bangunan":"1 rumah terancam atas nama bpk Tedi \nJumalah 5 jiwa","dampak_jiwa":"nihil","penanganan":"- Cek Lokasi\n- Penangan sementara menutup retakan oleh warga sekitar"}},{"type":"Feature","geometry":{"type":"Point","coordinates":[109.429054,-7.52755]},"properties":{"tahun":2022,"title":"Tanah Longsor, Desa Gumelem Wetan Kec. Susukan","jenis_kejadian":"Tanah Longsor","desa_kecamatan":"Desa Gumelem Wetan Kec. Susukan","dusun_rt_rw":"Dusun Jomalang RT 05 RW 11","waktu":"Jumat, 24 Juni 2022","kronologi":"Hujan dengan intensitas deras dalam beberapa hari memicu terjadinya tanah longsor serta kemiringan lereng -+ 70\u00b0-80\u00b0 dan jarak -+ 1 hingga 2 meter dari rumah","dampak_bangunan":"\u2022 Mengancam dan sedikit menimpa halaman dan tembok rumah","dampak_jiwa":"nihil","penanganan":"- Melaporkan pada dinas terkait\n- Assesment /cek lokasi\n- Kerja Bhakti pembersihan material longsor oleh Destana dan warga setempat...\n- Menghimbau kepada warga/ pemilik rumah untuk meningkatkan kewaspadaan dan merekayasa tebing dengan teras iring serta menanam pohon yang dapat mengikat tanah"}},{"type":"Feature","geometry":{"type":"Point","coordinates":[109.450361,-7.518194]},"properties":{"tahun":2022,"title":"Tanah Longsor, Desa Sirkandi, Kec. Purwareja Klampok","jenis_kejadian":"Tanah Longsor","desa_kecamatan":"Desa Sirkandi, Kec. Purwareja Klampok","dusun_rt_rw":"Dusun Selaraga RT 06 RW 05","waktu":"Minggu, 26 Juni 2022","kronologi":"Terjadi hujan lebat pada hari Minggu sore. Berdurasi sekitar dua jam, mengakibat longsor depan rumah Bu Boyem RT 06/05 Dusun Salaraga dan Mengakibatkan atap rumah bagian depan rusak.dan teras depan ikut kebawa longsor","dampak_bangunan":"- 1 rumah, pemilik a.n Ibu Boyem rusak ringan dan masih terancam . \n- Jalan Dusun sebagai jalan lingkar tertimbun material longsor dan sudah dilakukan pembersihan oleh warga.","dampak_jiwa":"nihil","penanganan":"- pembersihan\n- pemasangan terpal\n- droping logistik"}},{"type":"Feature","geometry":{"type":"Point","coordinates":[109.406417,-7.522139]},"properties":{"tahun":2022,"title":"Tanah Longsor, Desa Gumelem Kulon. Kec. Susukan","jenis_kejadian":"Tanah Longsor","desa_kecamatan":"Desa Gumelem Kulon. Kec. Susukan","dusun_rt_rw":"RT 02 RW 05,","waktu":"Minggu, 26 Juni 2022","kronologi":"Hujan insensitas tinggi memicu longsor di halaman rumah atas nama barino","dampak_bangunan":"1 rumah a.n pemilik Barino terancam dan talud jalan longsor","dampak_jiwa":"nihil","penanganan":"- pembersihan\n- pemasangan terpal\n- droping logistik"}},{"type":"Feature","geometry":{"type":"Point","coordinates":[109.5746,-7.4923]},"properties":{"tahun":2022,"title":"Tanah Longsor, Desa Kaliajir Kec. Purwanegara","jenis_kejadian":"Tanah Longsor","desa_kecamatan":"Desa Kaliajir Kec. Purwanegara","dusun_rt_rw":"Jlegong RT 1 RW 4, Dusun Bulukuning","waktu":"Minggu, 26 juni 2022","kronologi":"","dampak_bangunan":"","dampak_jiwa":"","penanganan":""}},{"type":"Feature","geometry":{"type":"Point","coordinates":[109.612107,-7.337235]},"properties":{"tahun":2022,"title":"Tanah Longsor, Desa Petuguran Kec. Petuguran","jenis_kejadian":"Tanah Longsor","desa_kecamatan":"Desa Petuguran Kec. Petuguran","dusun_rt_rw":"RT 04 RW 03 Dusun Sokayu","waktu":"Kamis, 30 Juni 2022","kronologi":"akibat hujan deras dengan intensitas tinggi pada hari kamis, 30 Juni 2022 pukul 16.00 WIB.","dampak_bangunan":"Jalan Desa tertutup longsor. \nKerusakan yang terjadi bahu jalan sepanjang kurleb 7 meter longsor dengan kedalaman 5 meter.","dampak_jiwa":"nihil","penanganan":"- Pelaporan\n- Pembersihan\n- Droping Logistik"}},{"type":"Feature","geometry":{"type":"Point","coordinates":[109.832577,-7.270583]},"properties":{"tahun":2022,"title":"Tanah Longsor, Desa Tegaljeruk Kec. Pagentan","jenis_kejadian":"Tanah Longsor","desa_kecamatan":"Desa Tegaljeruk Kec. Pagentan","dusun_rt_rw":"RT 3 RW 2","waktu":"Kamis, 14 Juli 2022","kronologi":"mengakibatkan beberapa rumah, terkena dampak. Terutama rumah ibu Nur hadi RT 01/01. Bapak muhirin Rt 03/02, Bapak faozan Rt 03/02.","dampak_bangunan":"3 rumah terdampak\nmengakibatkan beberapa rumah, terkena dampak. Terutama rumah ibu Nur hadi RT 01/01. Bapak muhirin Rt 03/02, Bapak faozan Rt 03/02.","dampak_jiwa":"nihil","penanganan":""}},{"type":"Feature","geometry":{"type":"Point","coordinates":[109.533727,-7.489006]},"properties":{"tahun":2022,"title":"Tanah Longsor, Desa Jalatunda Kec. Mandiraja","jenis_kejadian":"Tanah Longsor","desa_kecamatan":"Desa Jalatunda Kec. Mandiraja","dusun_rt_rw":"Dusun Klapa Pondoh RT 06 RW 01","waktu":"Jumat, 12 Agustus 2022","kronologi":"Hujan dengan intensitas deras pada hari jum'at di wilayah Desa Jalatunda dengan durasi -+ 3 jam memicu terjadinya tanah longsor serta kemiringan lereng -+ 65\u00b0 dengan ketinggian tebing -+ 40 meter dibawah lereng terdapat sungai jalatunda dengan jarak -+100 meter dari pemukiman","dampak_bangunan":"4 rumah warga terancam \n1.Rumah atas nama Salam (54 th) 1 KK 3 jiwa \n2. Rumah atas nama Sito (31 th) 1 KK 5 jiwa\n3. Rumah atas nama Poni (34 th) 1 KK 3 jiwa\n4. Rumah atas nama Alip (32 th) 1 KK 5 jiwa","dampak_jiwa":"nihil","penanganan":"- Melaporkan pada dinas terkait\n- Assesment /cek lokasi\n- Membuat penahan tebing sementara dengan menggunakan karung\n- Pembersihan material longsor \n- Menghimbau kepada warga/ pemilik rumah untuk meningkatkan kewaspadaan"}},{"type":"Feature","geometry":{"type":"Point","coordinates":[109.529374,-7.498817]},"properties":{"tahun":2022,"title":"Tanah Longsor, Desa Jalatunda Kec. Mandiraja","jenis_kejadian":"Tanah Longsor","desa_kecamatan":"Desa Jalatunda Kec. Mandiraja","dusun_rt_rw":"Dusun Kemokon RT 3 RW 5","waktu":"Jumat, 12 Agustus 2022","kronologi":"Kelerengan tebing -+ 45\u00b0 dengan ketinggian tebing -+20 meter","dampak_bangunan":"1 rumah warga terancam \nRumah atas nama Randim (40th /5 jiwa ) terancam","dampak_jiwa":"nihil","penanganan":"- Melaporkan pada dinas terkait\n- Assesment /cek lokasi\n- Membuat penahan tebing sementara dengan menggunakan karung\n- Pembersihan material longsor \n- Menghimbau kepada warga/ pemilik rumah untuk meningkatkan kewaspadaan"}},{"type":"Feature","geometry":{"type":"Point","coordinates":[109.53539,-7.496673]},"properties":{"tahun":2022,"title":"Tanah Longsor, Desa Jalatunda Kec. Mandiraja","jenis_kejadian":"Tanah Longsor","desa_kecamatan":"Desa Jalatunda Kec. Mandiraja","dusun_rt_rw":"Dusun Kalijambe RT 1 RW 5","waktu":"Jumat, 12 Agustus 2022","kronologi":"Kelerengan tebing -+ 15\u00b0 dengan ketinggian tebing -+ 4 mete","dampak_bangunan":"1 rumah warga terancam \nRumah atas nama Sartim (32th 1 KK 4 jiwa) terancam","dampak_jiwa":"nihil","penanganan":"- Melaporkan pada dinas terkait\n- Assesment /cek lokasi\n- Membuat penahan tebing sementara dengan menggunakan karung\n- Pembersihan material longsor \n- Menghimbau kepada warga/ pemilik rumah untuk meningkatkan kewaspadaan"}},{"type":"Feature","geometry":{"type":"Point","coordinates":[109.710228,-7.247643]},"properties":{"tahun":2022,"title":"Tanah Longsor, Desa Binangun Kec. Karangkobar","jenis_kejadian":"Tanah Longsor","desa_kecamatan":"Desa Binangun Kec. Karangkobar","dusun_rt_rw":"RT 03 RW 02","waktu":"Selasa, 16 Agustus 2022","kronologi":"Pada hari Selasa pukul 21:30 WIB terjadi hujan dengan intensitas sedang - lebat selama 2-3 jam yang mengakibatkan tebing setinggi 3m dan lebar 30m meninpa rumah milik bpk Misono.","dampak_bangunan":"1 rumah rusak sedang \na.n Rumah milik Bpk. Misono ( 4 jiwa) Rt 003 Rw 002\n \u25aaKerusakan : Dinding dapur,2 kamar dan atap rumah\n \u25aaKategori Kerusakan : Rusak Sedang (70%)","dampak_jiwa":"nihil","penanganan":"- Pemdes telah melaporkan kepada opd terkait\n- Cek Lokasi Kejadian oleh BPBD Kab. Banjarnegara\n- Kerja bakti pembersihan material.\n- Himbauan kepada masyarakat untuk selalu waspada bila terjadi hujan lebih dari 2 jam.\nDroping Logistik permakanan untuk kerjabakti"}},{"type":"Feature","geometry":{"type":"Point","coordinates":[109.673549,-7.286234]},"properties":{"tahun":2022,"title":"Tanah Longsor, Dukuh Ngalian RT04 RW01","jenis_kejadian":"Tanah Longsor","desa_kecamatan":"Dukuh Ngalian RT04 RW01","dusun_rt_rw":"Desa Pasuruhan Kec. Karangkobar","waktu":"Selasa, 16 Agustus 2022","kronologi":"Tergerusnya pondasi jembatan yang kurang dalam mengakibatkan jembatan ambruk dan terputus oleh derasnya air sungai mengakibatkan terisolirnya beberapa rumah warga dan mengancam 1 rumah warga yang berdekatan dengan jembatan","dampak_bangunan":"-Terisolirnya rumah warga yang berjumlah 5 KK 15 JIWA","dampak_jiwa":"nihil","penanganan":"- Melaporkan pada dinas terkait\n- Assesment /cek lokasi\n- Membuat penahan jembatan sementara\n- Menghimbau kepada warga/ pemilik rumah untuk meningkatkan kewaspadaan"}},{"type":"Feature","geometry":{"type":"Point","coordinates":[109.606758,-7.331394]},"properties":{"tahun":2022,"title":"Tanah Longsor, Desa Petuguran Kec. Punggelan","jenis_kejadian":"Tanah Longsor","desa_kecamatan":"Desa Petuguran Kec. Punggelan","dusun_rt_rw":"Jalan Kabupaten ruas Jalan Punggelan Jembangan via Purwasana","waktu":"Kamis, 06 Oktober 2022","kronologi":"","dampak_bangunan":"1 ruas jalan rusak berat dan tidak dapat dilewati","dampak_jiwa":"NIHIL","penanganan":"- koordinasi dengan PUPR dan sedang dalam proses penanganan"}},{"type":"Feature","geometry":{"type":"Point","coordinates":[109.823799,-7.258206]},"properties":{"tahun":2022,"title":"Tanah Longsor, Desa Pegundungan Kec.Pejawaran","jenis_kejadian":"Tanah Longsor","desa_kecamatan":"Desa Pegundungan Kec.Pejawaran","dusun_rt_rw":"Rt 01/01","waktu":"Kamis, 06 Oktober 2022","kronologi":"Terjadi Hujan Lebat dari pukul 17.00 wib - 19.00 sehingga mengakibatkan Tebing setinggi kurang lebih 10 m yang berlokasi di atas pemukiman Warga Longsor. Dari kejadian tersebut mengakibatkan 2 Rumah Rusak karena tertimpa Longsoran, milik Bapak Suwitno dan Bapak Suryono, tidak ada Korban Jiwa, kerugian di perkirakan 30 JT.\nKorban sudah di ungsikan ke tempat saudara","dampak_bangunan":"2 rumah rusak","dampak_jiwa":"NIHIL","penanganan":"Droping Logistik"}},{"type":"Feature","geometry":{"type":"Point","coordinates":[109.822375,-7.241246]},"properties":{"tahun":2022,"title":"Tanah Longsor, Desa sidengok Kec.Pejawaean","jenis_kejadian":"Tanah Longsor","desa_kecamatan":"Desa sidengok Kec.Pejawaran","dusun_rt_rw":"RT 03 RW 01","waktu":"Kamis, 06 Oktober 2022","kronologi":"Hujan sekitar wilayah pejawaran kamus , 07 oktober 2022 dari pukul 14.00 - 24.00 WIB dengan intensitas deras yg mengakibatkan longsor","dampak_bangunan":"- 2 Rumah terdampak\n- 1 sepeda motor tertimbun tanah\"\na.n dr. Yuwono mengalami longsor dan bangunan rumah menggantung di bagian dapur dan ruang keluarga Sementara 1 unit bangunan rumah terancam atas nama Suwarno ( 56 th /7 jiwa) dengan kerusakan pada bagian dapur dan kamar mandi amblas","dampak_jiwa":"NIHIL","penanganan":"1. Evakuasi penghuni rumah oleh relawan dan warga\n2. Assessment lokasi kejadian oleh TRC 2\n3. Melakukan Pengerjaan penutupan gorong gorong lama yang tertimbun longsor\n4. Melakukan penggalian lokasi saluran drainase baru untuk pemasangan gorong gorong permanen \n5. Distribusi logistik untuk korban terdampak dan terancam serra logistik kerjabakti"}},{"type":"Feature","geometry":{"type":"Point","coordinates":[109.690481,-7.388708]},"properties":{"tahun":2022,"title":"Tanah Longsor, Kelurahan Rejasa Kec. Madukara","jenis_kejadian":"Tanah Longsor","desa_kecamatan":"Kelurahan Rejasa Kec. Madukara","dusun_rt_rw":"RT. 03 RW. 03 (Lapangan Futsal Surya Yudha)","waktu":"Sabtu, 08 Oktober 2022","kronologi":"- Hujan dengan intensitas lebat dengan durasi yang cukup lama memicu ambruknya tembok bangunan;\n- Tidak adanya saluran drainase disebelah tembok\n- Jarak antara lapangan dengan hotel -+ 100 meter","dampak_bangunan":"Tembok futsal Surya Yuda yang di bangun pada tahun 2008 dan diresmikan tahun 2010 longsor dengan lebar +-10 m panjang -+18 m dari kejadian tersebut kerugian ditaksir -+ 50 tidak ada korban jiwa.","dampak_jiwa":"NIHIL","penanganan":"- pengamanan lokasi\n -Menutup aktifitas kegiatan dilapangan futsal;\n- Menutup longsoran dengan menggunakan terpal;\n- Akan memperbaiki lapangan / tembok sesegera mungkin"}},{"type":"Feature","geometry":{"type":"Point","coordinates":[109.687852,-7.361873]},"properties":{"tahun":2022,"title":"Tanah Longsor, Desa Banjarmangu Kec. Banjarmangu","jenis_kejadian":"Tanah Longsor","desa_kecamatan":"Desa Banjarmangu Kec. Banjarmangu","dusun_rt_rw":"Dusun Kubang Rt 01/01","waktu":"Sabtu, 08 Oktober 2022","kronologi":"Hujan Deras Disertai angin Yg trjadi Di wilayah Kec.Banjarmangu Mengakibatkan Talud penahan bangunan(Toko Bahan Bangunan) Dengan Panjang kurang Lebih 45 Meter Tinggi 6 Meter Longsor Menutup Total Jalan desa.","dampak_bangunan":"- Akses Jalan Desa Tertutup Material Longsor\n- Pondasi Bangunan menggantung","dampak_jiwa":"NIHIL","penanganan":"-Himbauan kepada Pemilik Bangunan sementara untuk Memindah bahan Bangunan Ke Lokasi Ruangan yg lebih Aman rumah demi keselamatan apabila Terjadi Longsor Susulan \n- Menutup sementara akses Jalan Desa dan mengalihkan Pengguna Jalan Ke Jalan alternatif desa\n- Menutup Longsoran Dengan Terpal"}},{"type":"Feature","geometry":{"type":"Point","coordinates":[109.559821,-7.468543]},"properties":{"tahun":2022,"title":"Tanah Longsor, Desa Karanganyar\nKec. Purwanegara","jenis_kejadian":"Tanah Longsor","desa_kecamatan":"Desa Karanganyar\nKec. Purwanegara","dusun_rt_rw":"Dusun / RT 04/Rw1","waktu":"Sabtu, 08 Oktober 2022","kronologi":"Hujan dengan intesitas tinggi sehingga mengakibatkan tebing longsor yang mengakibatkan 4 rumah yang di atasnya mengalami retak retak sehingga jika hujan terus menerus bisa mengakibatkan longsor susulan berikut eviden rumah yang retak\"","dampak_bangunan":"4 rumah terancam dan rusak","dampak_jiwa":"NIHIL","penanganan":"INFO AWAL"}},{"type":"Feature","geometry":{"type":"Point","coordinates":[109.575089,-7.348652]},"properties":{"tahun":2022,"title":"Tanah Longsor, Desa karangsari Kec. Punggelan","jenis_kejadian":"Tanah Longsor","desa_kecamatan":"Desa karangsari Kec. Punggelan","dusun_rt_rw":"Dusun klontong RT 04/03","waktu":"Jumat, 07 Oktober 2022","kronologi":"Akibat hujan lebat disertai angin yg terjadi mulai pukul 11.00 WIB di Dudus klontong mengakibatkan tebing dg ketinggian 10-15 m depan salah satu rumah warga an. Riswandi, longsor menimpa rumah korban. Kejadian juga dipicu oleh tingkat kemiringan tebing yg curam (diatas 70 derajat) ditambah adanya rumpun bambu yg tumbuh diatas mahkota longsor sehingga menambah beban tanah diatas tebing.","dampak_bangunan":"1 Rumah An. Riswandi tembok depan rumah jebol terkena materi longsor (ruang tamu) dan merusak struktur bangunan (balok ruang tamu dan kuda\" beton ruang tengah) termasuk kategori rusak berat.\n2 rumah terancam","dampak_jiwa":"NIHIL","penanganan":"- Pembersihan longsoran pada rumah korban dan koordinasi dg pihak desa, polsek, koramil punggelan serta BPBD.\n- Mengungsikan pemilik rumah dan anggota keluarga ke rumah anaknya.\n- Memberikan hambauan untuk meningkatkan kewaspadaan.\n- Memberikan penopang bambu untuk menahan struktur bangunan yg patah oleh pemilik dan warga masyarakat."}},{"type":"Feature","geometry":{"type":"Point","coordinates":[109.603652,-7.284941]},"properties":{"tahun":2022,"title":"Tanah Longsor, Desa Pandanarum, Kecamatan Pandanarum","jenis_kejadian":"Tanah Longsor","desa_kecamatan":"Desa Pandanarum, Kecamatan Pandanarum","dusun_rt_rw":"Dusun Salam, RT 03/ 02,","waktu":"Jumat, 07 Oktober 2022","kronologi":"- Hujan dengan intensitas lebat dengan durasi yang cukup lama Di wilayah Desa Pandanarum\n- Kondisi Geografis dengan kemiringan tebing >40\u00b0\n- Tidak ada drainase di area pemukiman sehingga air hujan tidak terarah\n- Posisi rumah di bawah tebing terjal","dampak_bangunan":"- 1 rumah mengalami rusak berat atas nama :\nPak Parmin 40th (L)\nSarmini 32th (P)\nRangga Egi 14th (L)\nEva Setiawan 10th (L)\nSofia 8 th (P)\n\nTidak ada korban jiwa dalam kejadian ini, namun kerugian di taksir mencapai -+ Rp. 25.000.000,-\n\nData kerusakan : \n1.Tembok bagian belakang jebol\n2. Peralatan Dapur rusak\n3. Logistik permakanan ( gabah 5 karung)","dampak_jiwa":"NIHIL","penanganan":"- Pihak Desa sudah melaporkan ke bpbd\n- BPBD sudah assesment\n- Akan relokasi mandiri\n- Mengungsikan Pemilik rumah"}},{"type":"Feature","geometry":{"type":"Point","coordinates":[109.610084,-7.253297]},"properties":{"tahun":2022,"title":"Tanah Longsor, Desa Beji ,Kecamatan Pandanarum","jenis_kejadian":"Tanah Longsor","desa_kecamatan":"Desa Beji ,Kecamatan Pandanarum","dusun_rt_rw":"Dukuh wanasari RT 01 RW 01 ,","waktu":"Jumat, 07 Oktober 2022","kronologi":"Berawal dari Hujan deras dan waktu yang cukup lama sehingga mengakibatkan talud penahan rumah bpk sarno longsor.","dampak_bangunan":"1 rumah terancam\nBapak sarno umur 43 anggota keluarga 4 jiwa.\n\nTidak ada korban jiwa dalam kejadian ini, namun kerugian di taksir mencapai -+ Rp. 25.000.000,-\n\nData kerusakan : \n1. Talud penahan rumah longsor.\n2. Tembok dan lantai retak","dampak_jiwa":"NIHIL","penanganan":"- menghimbau pengguna jalan dan pemilik rumah untuk selalu waspada \n- Menutup Longsoran dengan menggunakan terpal\n- warga melakukan pembersihan matrial longsor"}},{"type":"Feature","geometry":{"type":"Point","coordinates":[109.410199,-7.535598]},"properties":{"tahun":2022,"title":"Tanah Longsor, Gumelem Kulon Kec.Susukan","jenis_kejadian":"Tanah Longsor","desa_kecamatan":"Gumelem Kulon Kec.Susukan","dusun_rt_rw":"06/11","waktu":"Jumat, 07 Oktober 2022","kronologi":"Hujan intensitas sedang-lebat mengakibatkan tanah longsor mengenai rumah a.n Paryanto mengalami kerusakan pada bagian dinding rumah","dampak_bangunan":"INFO AWAL","dampak_jiwa":"INFO AWAL","penanganan":"INFO AWAL"}},{"type":"Feature","geometry":{"type":"Point","coordinates":[109.587019,-7.288177]},"properties":{"tahun":2022,"title":"Tanah Longsor, Desa sinduaji Kec.Pandanarum","jenis_kejadian":"Tanah Longsor","desa_kecamatan":"Desa sinduaji Kec.Pandanarum","dusun_rt_rw":"- Dusun Tegalreja Rt 02/04 Desa Sinduaji\n- Dusun Tegalreja Rt 01/04 Desa Sinduaji\n- Dusun Tegalreja Rt 02/04 Desa Sinduaji","waktu":"Jumat, 07 Oktober 2022","kronologi":"- hujan dengan Intensitas sedang hingga lebat di wilayah Desa sinduaji\n- Rumah di bawah tebing terjal\n- Kondisi pemukiman di lereng >40\u00b0Tanah Longsor Yang Mengakibatkan jebol nya Tembok Rumah bagian Kamar Dan Dapur Ambruk.Rumah Milik Ibu Indah","dampak_bangunan":"- tebing samping rumah setinggi 10m dan lebar 5m longsor menimpa rumah di bawahnya\n - 1 Rumah Terancam Atas nama Pak Muji (4 Jiwa)\n - 1 Rumah mengalami rusak ringan Atas nama Pak Mistoyo (4 Jiwa)\n - 1 rumah terancam atas nama Pak Hadi Remi (5 Jiwa)","dampak_jiwa":"nihil","penanganan":"- menghimbau pemilik rumah untuk lebih waspada\n- menutup area longsor dengan terpal\n- membersihkan matrial longsoran yg mengakibatkan tembok rumah jebol"}},{"type":"Feature","geometry":{"type":"Point","coordinates":[109.794848,-7.307729]},"properties":{"tahun":2022,"title":"Tanah Longsor, Desa Kalitlaga Kecamatan Pagentan","jenis_kejadian":"Tanah Longsor","desa_kecamatan":"Desa Kalitlaga Kecamatan Pagentan","dusun_rt_rw":"Dusun Prigi RT 2 RW RW 3","waktu":"Sabtu, 08 Oktober 2022","kronologi":"- Hujan lebat di wilayah Kecamatan Pagentan khususnya di Desa Kalitlaga dengan durasi lebih dari dua jam dan hampir seharian siang malam mengakibatkan jalan Desa penghubung antar Dusun Nganjir ke Dusun Prigi Dan Dusun Klesem sepanjang 150 meter mengalami amblas, untuk kegiatan warga yang menggunakan kendaraan bermotor roda dua dan roda empat sementara dialihkan ke jalan lain.\n- Kebun milik warga kurang lebih 3 (tiga) hektare mengalami longsor dan rusak parah, mengakibatkan pohon albasia dan pohon salak yang menjadi urat nadi ekonomi warga sudah tidak dapat dipanen.             - Kerusakan kebun salak dan tanaman keras milik warga kurang lebih 10 ( sepuluh ) hektare mengakibatkan gagal panen \n - Gudang material bangunan milik Bp. Bawono terancam ambruk\n - Kandang ternak sapi milik Bp. Bawono terancam ambruk\n - Kandang ternak ayam potong milik Bp. Slamet terancam ambruk","dampak_bangunan":"- 1 ruas jalan desa rusak dan tidak bisa dilewati KR 4\n- Kebun milik warga kurang lebih 3 (tiga) hektare mengalami longsor dan rusak parah, mengakibatkan pohon albasia dan pohon salak yang menjadi urat nadi ekonomi warga sudah tidak dapat dipanen.","dampak_jiwa":"NIHIL","penanganan":"- Tim FPRB melakukan asessmen ke lokasi\n- Sudah dilakukan penutupan jalan\n- Himbauan kepada warga untuk senantiasa waspada dan berhati-hati karena musim hujan masih terus berlangsung"}},{"type":"Feature","geometry":{"type":"Point","coordinates":[109.640995,-7.303631]},"properties":{"tahun":2022,"title":"Tanah Longsor, Desa Mlaya Kec. Punggelan","jenis_kejadian":"Tanah longsor","desa_kecamatan":"Desa Mlaya \nKec. Punggelan,","dusun_rt_rw":"04/01","waktu":"Senin, 10 Oktober 2022","kronologi":"Intensitas hujan yang tinggi selama dua hari kemiringan lereng 60\u00b0 berarah ke arah barat laut dengan lebar kisaran 20 meter tinggi tebing 30 m dan jenis tanah dilokasi tersebut menyebabkan tanah longsor dan menutup seluruh badan jalan kabupaten penghubung desa Mlaya - Pandanarum.","dampak_bangunan":"- Badan jalan kab tertutup total material tanah.","dampak_jiwa":"nihil","penanganan":"- Cek lokasi\n- Koordinasi dengan pihak terkait untuk penanganannya.\n- Perkiraan penanganan dari pihak DPU PR selesai dalam tiga hari kedepan, karena pengaruh cuaca dan pemindahan material tanah longsor."}},{"type":"Feature","geometry":{"type":"Point","coordinates":[109.551511,-7.502328]},"properties":{"tahun":2022,"title":"Tanah Longsor Desa Kalitengah, Kec. Purwanegara","jenis_kejadian":"Tanah Longsor","desa_kecamatan":"Desa Kalitengah, Kec. Purwanegara","dusun_rt_rw":"Dusun Depok RT 2 RW 2","waktu":"Sabtu, 8 Oktober 2022","kronologi":"- gerakan tanah terjadi setelah hujan \nbeberapa hari turun dengan intensitas rendah hingga tinggi. Dan mendampak 1 rumah a.n sarno\n- di titik lokasi memiliki riwayat gerakan tanah sebelumnya, yaitu pada tahun 2020 yang mendampak kerusakan sebagian bangunan harus dipotong supaya tidak membawa dampak lebih parah. Dan pada saat rumah tersebut belum dibangun. 20 tahun lalu.\n- pada Sabtu dini hari gerakan tanah kembali terjadi dan merobohkan tembok bagian samping belakang bangunan.\n- selain di rumah Bpk Sarno beberapa kerusakan kecil tanda gerakan tanah tampak di rumah bapak Hartoyo. Yang lokasinya berada di atas rumah bapak Sarno.\n- gerakan tanah bertipe lamban atau rayapan. Namun berdampak kerusakan.","dampak_bangunan":"- 1 Rumah rusak sedang a.n Bapak Sarno\n- 1 Rumah terancam a.n Bapak Hartoyo","dampak_jiwa":"nihil","penanganan":"- Melaporkan kejadian kepada dinas terkait\n- Assesment /cek lokasi\n- melakukan penyuluhan singkat mengenai kewaspadaan terhadap bencana gerakan tanah."}},{"type":"Feature","geometry":{"type":"Point","coordinates":[109.793443,-7.255895]},"properties":{"tahun":2022,"title":"Tanah Longsor, Desa Tlahab, Kec. Pejawaran","jenis_kejadian":"Tanah Longsor","desa_kecamatan":"Desa Tlahab \nKec. Pejawaran","dusun_rt_rw":"RT 01 / RW 02","waktu":"Senin, 10 Oktober 2022","kronologi":"Hujan di sekitar wilayah kecamatan Pejawaran Senin , 19 Oktober 2022 dari pukul 15.30 - 18.15 WIB dengan intensitas deras. \nTebing dengan ketinggian +- 5 meter di belakang rumah milik Bp. Taryono 45th, dan di atas irigasi longsor di picu adanya kebocoran pipa paralon sarana air bersih sehingga menimpa tembok rumah belalang bagian dapur.","dampak_bangunan":"Dinding/Tembok dapur jebol dan merusak Kompor serta sebagai perabot alat masak dengan nilai kerusakan lebih kurang 5 juta rupiah","dampak_jiwa":"NIHIL","penanganan":"- Memperbaiki pipa SAB \n- Pembersihan material longsor \n- Pemotongan pohon yang membahayakan di area tebing"}},{"type":"Feature","geometry":{"type":"Point","coordinates":[109.570292,-7.234491]},"properties":{"tahun":2022,"title":"Tanah Longsor Desa Lawen Kec Pandanarum","jenis_kejadian":"Tanah Longsor","desa_kecamatan":"Desa Lawen Kec. Pandanarum","dusun_rt_rw":"Dusun Pagiranja","waktu":"Selasa, 11 Oktober 2022","kronologi":"Kronologi Kejadian : Berawal dari Hujan deras dan waktu yang cukup lama sehingga mengakibatkan tebing +- 8 M lebar 7 M longsor dan mengenai 4 rumah.","dampak_bangunan":"4 Rumah Rusak Ringan\nket :\n1. Pak Sutono, (47 Th) 3 Jiwa, RT 03/03\n2. Pak Irwanto, (47 Th) 4 Jiwa, RT 03/3\n3. Pak Dahlan (55 Th) 6 jiwa. RT 03/03\n4. Bapak Sujarto , (47 Th) 3 Jiwa, RT 01/03","dampak_jiwa":"Nihil","penanganan":"- Assesment oleh BPBD\n- Pembersihan material oleh warga setempat\n- Droping Logistik"}},{"type":"Feature","geometry":{"type":"Point","coordinates":[109.677997,-7.301303]},"properties":{"tahun":2022,"title":"Tanah Longsor Beji Banjarmangu","jenis_kejadian":"Tanah Longsor","desa_kecamatan":"Desa Beji Kec. Banjarmangu","dusun_rt_rw":"Dusun 1, RT 03 RW 01","waktu":"Selasa, 11 Oktober 2022","kronologi":"- Hujan deras di wilayah Desa Beji, mengakibatkan tebing diatas rumah bapak Khadirin longsor dan menimpa halaman rumah","dampak_bangunan":"1 Rumah terancam","dampak_jiwa":"nihil","penanganan":"- Pemasangan bambu untuk mengurangi gerakan tanah                     - Kerjabakti pembersihan Sisa Material Longsoran"}},{"type":"Feature","geometry":{"type":"Point","coordinates":[109.725015,-7.24176]},"properties":{"tahun":2022,"title":"Tanah Longsor Desa Pesantren Kec. Wanayasa","jenis_kejadian":"Tanah Longsor","desa_kecamatan":"Desa Pesantren Kecamatan Wanayasa","dusun_rt_rw":"RT 03/ RW 01","waktu":"Rabu, 12 Oktober 2022","kronologi":"Selasa 11 Oktober 2022 siang hari hujan deras sampai sore hari. Hari Rabu 12 Oktober 2022 sekira pukul 02.00, di lahan pertanian wilayah RT 01 RW 03 terjadi tanah longsor yang menimpa rumah warga atas nama subagyo dan harno.","dampak_bangunan":"2 rumah rusak ringan","dampak_jiwa":"nihil","penanganan":"- Melakukan pembersihan lokasi longsor\n- Membuang dan membuat terasering lokasi tebing guna menghindari longsor susulan"}},{"type":"Feature","geometry":{"type":"Point","coordinates":[109.714167,-7.297333]},"properties":{"tahun":2022,"title":"Tanah Longsor Desa Paweden Kec. Karangkobar","jenis_kejadian":"Tanah Longsor","desa_kecamatan":"Desa Paweden\nKec. Karangkobar","dusun_rt_rw":"Rt 04 RW 03 Dusun Petungan","waktu":"Senin, 10 Oktober 2022","kronologi":"Hujan dengan intensitas sedang ke tinggi yang terjadi di seluruh wilayah Banjarnegara mengakibatkan talud/ tebing pondasi logsor","dampak_bangunan":"1 Rumah milik Bpk Siswanto(2Jiwa)Terancam  Amblas .","dampak_jiwa":"nihl","penanganan":"- Cek Lokasi\n- Pembersihan material longsor oleh warga sekitar\n-Pondasi untuk sementara sudah ditutup terbal\n-Koordinasi Dengan Pihak Pemdes untuk membuat Surat Laporan Kejadian\n-Menghimbau kepada warga masyarakat agar selalu waspada dan jangan lengah saat terjadi hujan ."}},{"type":"Feature","geometry":{"type":"Point","coordinates":[109.7075,-7.284667]},"properties":{"tahun":2022,"title":"Tanah Longsor Desa Slatri Kec. Karangkobar","jenis_kejadian":"Tanah Longsor","desa_kecamatan":"Desa Slatri\nKec. Karangkobar","dusun_rt_rw":"Rt 02 RW 02 Dusun Slatri","waktu":"Desa Slatri\nKec. Karangkobar","kronologi":"Hujan dengan intensitas sedang ke tinggi yang terjadi di seluruh wilayah Banjarnegara mengakibatkan Tebing setinggi -+ 5meter yang Ambruk. dan mendampak rumah.","dampak_bangunan":"1 Rumah Rusak a.n Bpk. Muslih\n2 Rumah terancam a.n\n\nRumah Bpk Muslih(5jiwa) roboh sehingga menimpa bagian dapur dan tempat ibadah. Dan mengancam 2 rumah yang berada di atas tebing yaitu milik Bpk Hartono(50thn) dan rumah milik Bpk Muh.hanifudin(3jiwa).","dampak_jiwa":"NIHIL","penanganan":"- Cek Lokasi\n- Pembersihan material longsor oleh warga sekitar\n-Koordinasi Dengan Pihak Pemdes untuk membuat Surat Laporan Kejadian\n-Menghimbau kepada warga masyarakat agar selalu waspada dan jangan lengah saat terjadi hujan"}},{"type":"Feature","geometry":{"type":"Point","coordinates":[109.699167,-7.288333]},"properties":{"tahun":2022,"title":"Tanah Longsor Desa Pagerpelah Kec. Karangkobar","jenis_kejadian":"Tanah Longsor","desa_kecamatan":"Desa Pagerpelah\nKec. Karangkobar","dusun_rt_rw":"Rt 05 RW 01 Dusun Pagerpelah","waktu":"Senin, 10 Oktober 2022","kronologi":"Hujan dengan intensitas sedang ke tinggi yang terjadi di seluruh wilayah Banjarnegara mengakibatkan Tebing setinggi -+ 5meter yang berada dibelakang rumah milik Bpk Cemplis (1 jiwa)ambruk dan menimpa seluruh bagian rumah,Kondisi terkini untuk bangunan rumah sudah habis.ibu cemplis mengungsi ke tempat anaknya.dan mengancam 2 rumah yang berada di atasnya yaitu milik Marhami(2jiwa) dan 1 rumah yang sudah kosong.sebagian material mengenai bangunan rumah yang berada dibawahnya yaitu milik Pak suratin(3jiwa) pada bagian Atap","dampak_bangunan":"2 Rumah Rusak Berat\na.n \n- Ny. Cemples (1 jiwa) kondisi ambruk\n- rumah kosong kondisi hampir ambruk\n\n2 Rumah terancam\na.n \n- Marhami (2 jiwa) kondisi terancam bagian pondasi\n- Suratin (3 Jiwa) kondisi terancam atapnya","dampak_jiwa":"nihil","penanganan":"- Cek Lokasi\n- Pembersihan material longsor oleh warga sekitar\n-Koordinasi Dengan Pihak Pemdes untuk membuat Surat Laporan Kejadian\n-Menghimbau kepada warga masyarakat agar selalu waspada dan jangan lengah saat terjadi hujan ."}},{"type":"Feature","geometry":{"type":"Point","coordinates":[109.7005,-7.290167]},"properties":{"tahun":2022,"title":"Tanah Longsor Desa Pagerpelah Kec. Karangkobar","jenis_kejadian":"Tanah Longsor","desa_kecamatan":"Desa pagerpelah \nKec.karangkobar","dusun_rt_rw":"RT 02 RW 02 Kadus 2 komplek jengkol","waktu":"Senin, 10 Oktober 2022","kronologi":"Lokasi berada di jalan sebelah lereng. Pada lokasi lereng sangat curam dengan kemiringan kurang lebih 60-70\u00b0. Pada daerah Banjarnegara yang intensitas curah hujannya lumayan sering. Air hujan tersebut membuat soil di sekitar lereng menjadi jenuh dan terakumulasi di area lereng. Akibatnya area lereng akan mengalami pergerakan. Selain itu di area lereng vegetasi yang ada seperti pohon salah dsb merupakan tanaman yang tidak bisa untuk menahan material berupa soil dan bongkah batuan. Sehingga area lereng menjadi tidak stabil dan longsor terjadi.","dampak_bangunan":"Akses jalan semakin sempit","dampak_jiwa":"nihil","penanganan":"- Cek lokasi kejadian\n-Pembuatan Pasak\n- Koordinasi dengan PEMDES untuk membuat surat laporan kejadian\n- menghimbau warga untuk waspada."}},{"type":"Feature","geometry":{"type":"Point","coordinates":[109.661001,-7.320185]},"properties":{"tahun":2022,"title":"Tanah Longsor Desa Sipedang Banjarmangu","jenis_kejadian":"Tanah Longsor","desa_kecamatan":"Desa Sipedang\nKec. Banjarmangu","dusun_rt_rw":"Dusun Simbang 03 / 01","waktu":"Senin, 10 Oktober 2022","kronologi":"- Hujan deras di wilayah Desa Sipedang terjadi sejak pukul 12.00 Wib, menyebabkan tebing belakang rumah setinggi kurang lebih 5 meter lebar 3 meter dengan kemiringan hampir 90\u00b0 longsor dan tidak ada korban jiwa.\n- saat kejadian terdapat 5 jiwa berada dalam rumah.\n- Longsor bagian belakang rumah dengan katagori terancam","dampak_bangunan":"Satu unit rumah a.n: Slamet ( 5 jiwa ) terancan","dampak_jiwa":"nihil","penanganan":"- cek lokasi\n- pembersihan"}},{"type":"Feature","geometry":{"type":"Point","coordinates":[109.793617,-7.315495]},"properties":{"tahun":2022,"title":"Tanah Longsor Desa Metawana Kec. Sumberan","jenis_kejadian":"Tanah Longsor","desa_kecamatan":"Desa Metawana Kec. Sumberan","dusun_rt_rw":"Dusun.sumberan,RT 06 Rw.02","waktu":"Senin, 10 Oktober 2022","kronologi":"Pada hari senin,10 oktober 2022 sekira pukul 14.30 WIB turun hujan dengan intensitas tinggi sampai dengan pukul 18.00 WIB, sehingga tebing dengan tinggi 10 M lebar 5m longsor dan pohon tumbang sehingga menimpa sebagian rumah bagian belakang","dampak_bangunan":"1 Rumah rusak sedang\na.n\nBp. Aridho (27) tahun / 3 jiwa                                         - Kerusakan Dapur dan Kamar mandi non permanen \n- Kompor dan alat perabiot masak \n- Alat dan perlengkapan mandi / Hygen Kit \n- Total nilai kerusakan +- 3 juta rupiah\n- Tebing jalan terancam longsor susulan","dampak_jiwa":"nihil","penanganan":"- Penebangan pohon di area tebing\n- Mengungsikan sementara penghuni rumah \n- Himbauan kepada penghuni rumah untuk selalu waspada dan berhati-hati selama musim penghujan"}},{"type":"Feature","geometry":{"type":"Point","coordinates":[109.587405,-7.290561]},"properties":{"tahun":2022,"title":"Tanah Longsor Desa Sinduaji Kec. Pandanarum","jenis_kejadian":"Tanah Longsor","desa_kecamatan":"Desa Sinduaji, Kec. Pandanarum","dusun_rt_rw":"Dusun Tegalreja, Rt 02/04,","waktu":"Senin, 10 Oktober 2022","kronologi":"Hujan dengan intensitas sedang hingga lebat disertai angin di wilayah Kec. Pandanarum mengakibatkan tebing +- 8 M lebar 7 M longsor menimpa rumah bapak Maryo (55 Thn)","dampak_bangunan":"- Dinding/Tembok dapur jebol sehingga tidak dapat digunakan.","dampak_jiwa":"NIHIL","penanganan":"- Assesment \n- Pembersihan material oleh warga setempat\n- Droping Logistik"}},{"type":"Feature","geometry":{"type":"Point","coordinates":[109.696905,-7.414585]},"properties":{"tahun":2022,"title":"Tanah Longsor Argasoka Kec. Banjarnegara","jenis_kejadian":"Tanah Longsor","desa_kecamatan":"Argasoka Banjarnegara","dusun_rt_rw":"Wanasari RT 01/01","waktu":"Minggu, 09 Oktober 2022","kronologi":"Hujan Deras trjadi Di wilayah Kec.Banjarnegara Mengakibatkan Talud penahan Bangunan Rumah Milik Bpk Fery Arbian ( 40 th) Dengan Panjang kurang Lebih 20 Meter Tinggi 5 Meter Longsor.","dampak_bangunan":"- akses jalan ke Rumah Mengalami Penurunan kurang Lebih 1 Meter\n- tembok Rumah Mengalami Retak Retak \n- Mengancam Akses Jalan","dampak_jiwa":"nihil","penanganan":"-Himbauan kepada Pemilik Rumah untuk Mengungsi sementara Lokasi yg lebih Aman demi keselamatan apabila Terjadi Longsor Susulan \n- Menutup area jalan yg mengalami penurunan Dengan Terpal\n- Pemasangan Trucuk Bambu"}},{"type":"Feature","geometry":{"type":"Point","coordinates":[109.693167,-7.301167]},"properties":{"tahun":2022,"title":"Tanah Longsor Desa Prendengan Kec. Banjarmangu","jenis_kejadian":"Tanah Longsor","desa_kecamatan":"Desa Prendengan\nKec. Banjarmangu","dusun_rt_rw":"Rt 03 RW 02 Dusun Krajan","waktu":"Senin, 10 Oktober 2022","kronologi":"Hujan dengan intensitas sedang ke tinggi yang terjadi di seluruh wilayah Banjarnegara mengakibatkan kebun yang berada di depan Rumah Bpk Aris Sunandar (4 jiwa) menyebabkan longsor, yang berdimensi tinggi 6-8 m dan lebar 5-7 m, dengan kemiringan tanah 80\u00b0, yang diakibatkan daerah tersebut merupakan daerah akumulasi air dan kurangnya pohon yang dapat menahan aliran air.","dampak_bangunan":"Mengancam rumah milik Bpk Aris Sunandar dengan jarak antara longsoran dengan rumah -+ 1 m","dampak_jiwa":"NIHIL","penanganan":"- Cek Lokasi\n- Pembersihan material longsor oleh warga sekitar\n-Koordinasi Dengan Pihak Pemdes untuk membuat Surat Laporan Kejadian\n-Menghimbau kepada warga masyarakat agar selalu waspada dan jangan lengah saat terjadi hujan"}},{"type":"Feature","geometry":{"type":"Point","coordinates":[109.693667,-7.300167]},"properties":{"tahun":2022,"title":"Tanah Longsor Desa Prendengan Kec. Banjarmangu","jenis_kejadian":"Tanah Longsor","desa_kecamatan":"Desa Prendengan\nKec. Banjarmangu","dusun_rt_rw":"Rt 02 RW 02 Dusun Prendengan Gunung","waktu":"Senin, 10 Oktober 2022","kronologi":"Hujan dengan intensitas sedang ke tinggi yang terjadi di seluruh wilayah Banjarnegara mengakibatkan tanah longsor di belakang rumah Bpk Supono (3 jiwa, terancam) dan Bu Surtina (4 jiwa, terdampak) yang berada di bawah kebun salak tanahnya tidak mampu lagi untuk menampung air hujan dan terdapatnya batuan besar yang dapat menyebabkan bidang gelincir pada tanah tersebut. Longsor tersebut memiliki kemiringan lereng 70\u00b0 lebar 5-6 m dan tinggi 6-7 m membuat batu-batu penahan di bawahnya ikut longsor","dampak_bangunan":"Berdampak pada rumah Bu Surtina bagian dinding kamar mandi jebol dan mengancam rumah Bpk Supono terancam longsor yang berjarak -+1 m","dampak_jiwa":"NIHIL","penanganan":"- Cek Lokasi\n- Pembersihan material longsor oleh warga sekitar\n-Koordinasi Dengan Pihak Pemdes untuk membuat Surat Laporan Kejadian\n-Menghimbau kepada warga masyarakat agar selalu waspada dan jangan lengah saat terjadi hujan"}},{"type":"Feature","geometry":{"type":"Point","coordinates":[109.692513,-7.458554]},"properties":{"tahun":2022,"title":"Tanah Longsor Desa Kebutuhduwur Kec. Pagedongan","jenis_kejadian":"Tanah Longsor","desa_kecamatan":"Desa Kebutuhduwur Kec. Pagedongan","dusun_rt_rw":"RT 03 RW 02","waktu":"Kamis, 13 Oktober 2022","kronologi":"INFO AWAL","dampak_bangunan":"INFO AWAL","dampak_jiwa":"INFO AWAL","penanganan":"INFO AWAL"}},{"type":"Feature","geometry":{"type":"Point","coordinates":[109.789722,-7.288611]},"properties":{"tahun":2022,"title":"Tanah Longsor Desa Plumbungan Kec. Pagentan","jenis_kejadian":"Tanah Longsor","desa_kecamatan":"Desa Plumbungan Kecamatan Pagentan","dusun_rt_rw":"Dusun Sirandu RT 3 RW 3 (Jalan Raya Plumbungan - Karekan)","waktu":"Senin, 17 Oktober 2022","kronologi":"Hujan yang terjadi 3 (tiga) hari berturut-turut di sebagian wilayah Kecamatan Pagentan, khususnya di Dusun Sirandu Desa Plumbungan menyebabkan tebing setinggi 20 meter dan panjang 30 meter longsor dan menutup jalan Kabupaten turut Desa Plumbungan, Dusun Sirandu. Dampak kejadian tersebut mengancam rumah milik Bapak Ihsan RT 3 RW 3 yang berada di atas longsoran.\nMaterial longsor yang banyak mengakibatkan proses evakuasi terkendala, baik secara peralatan maupun cuaca yang tidak menentu. Hal tersebut sangat mengganggu kegiatan ekonomi maupun kegiatan kemasyarakatan lainnya.","dampak_bangunan":"1 ruas jalan kabupaten tertutup longsor\n1 rumah terancam","dampak_jiwa":"nihil","penanganan":"- cek lokasi \n- penutupan dan pengalihan jalur\n- pembersihan material longsor"}},{"type":"Feature","geometry":{"type":"Point","coordinates":[109.837102,-7.237651]},"properties":{"tahun":2022,"title":"Tanah Longsor Desa Sidengok Kec. Pejawaran","jenis_kejadian":"Tanah Longsor","desa_kecamatan":"Desa Sidengok Kec Pejawaran","dusun_rt_rw":"RT 04 RW 01, Jalan Kabupaten Sidengok - Beji","waktu":"Sabtu,15 Oktober 2022","kronologi":"Hujan Deras terjadi Di wilayah desa Sidengok Kec. Pejawaran Kab. Banjarnegara","dampak_bangunan":"- Akses jalan Beji Sidengok terputus amblas sedalam +- 8 meter panjang +-250 meter dan jalur Beji Batur sementara dialihkan melalui ruas Beji - Gembol Kec. Pejawaran dan jarak TKP longsor ke pemukiman +-130 meter","dampak_jiwa":"nihil","penanganan":"- Himbauan kepada masyarakat yang dekat dengan loksi longsor untuk tinkatkan kewaspadaan ketika terjadi hujan dan menarakan tim destana untuk pemantauan secara bergilir untuk ngantisipasi terjadinya gerakan susulan\n- Tinjauan dari DPUPR dan di dampingi oleh Camat, Polsek, Koramil Pejawaran\n- Rencana Pengalihan jalan di sebelah kiri TKP ( teknis dan pelaksanaan lebih lanjut oleh DPUPR ) \n- Tinjauan Kepala Pelaksana BPBD di dampingi Kabid Kedaruratan dan Logistik BPBD Banjarnegara\n- Koordinasi dengan Pemerintah Desa Sidengok untuk mengambil langkah - langkah :\na. Pembersihan material longsor yang membendung aliran air / sungai yang tertutup longsor\nb. Pembuatan dan penandatanganan kesepakatan lahan warga yang akan di jadikan pembuatan jalan di sebelah jalan rusak\nc. Pengukuran tanah lahan calon pembuatan jalan\nd. Selanjutnya untuk tindak lanjut penanganan dan pembangunan jalan sesuai dengan progres DPUPR"}},{"type":"Feature","geometry":{"type":"Point","coordinates":[109.739198,-7.308847]},"properties":{"tahun":2022,"title":"Tanah Longsor Desa Bantar Kec. Wanayasa","jenis_kejadian":"Tanah longsor dan Gerakan Tanah","desa_kecamatan":"Desa Bantar Kec Wanayasa","dusun_rt_rw":"Jalan Desa turut Desa Bantar- Desa Suwidak, RT 03 RW 03,","waktu":"Minggu, 16 Oktober 2022","kronologi":"Hujan yang terjadi secara terus menerus selama 3 hari menjadi pemicu tanah longsor dan gerakan di wilayah desa Bantar dan Suwidak","dampak_bangunan":"1. Akes jalan Bantar-Suwidak tidak bisa di lalui kendaraan roda empat dan hanya bisa di lalui kendaraan roda dua atau jalan kaki namun harus ekstra hati-hati\nKerusakan jalan bervariasi hingga kedalaman amblasan jalan mencapai 50 cm sepanjang 100 meter\n\n2. Togor dan kabel jaringan listrik bergeser/ tertarik kencang sehingga menyebabkan putus jaringan listrik ( mati lampu pada perumahan tiga dusun )\n\n3. Gerakan tanah berpotensi meluas ke pemukiman warga dusun Alian Desa Suwidak","dampak_jiwa":"NIHIL","penanganan":"1. Melakukan penutupan pada retakan jalan dengan batu dan bekas corcoran jalan serta menabur sekam agar tidak licin\n2. Peninjauan lokasi oleh Forkopimcam Wanayasa \n3. Sedang perbaikan jaringan listrik oleh PLN"}},{"type":"Feature","geometry":{"type":"Point","coordinates":[109.57969,-7.312009]},"properties":{"tahun":2022,"title":"Tanah Longsor Desa Jembangan Kec. Punggelan","jenis_kejadian":"Tanah Longsor","desa_kecamatan":"Desa Jembangan\nKec. Punggelan,","dusun_rt_rw":"Dusun Gemanti 06/08","waktu":"Sabtu, 15 Oktober 2022","kronologi":"Intensitas hujan yang tinggi kemiringan lereng berarah ke arah timur dengan lebar kisaran 10 meter tinggi tebing 4 m dan jenis tanah dilokasi tersebut menyebabkan tanah longsor yang menyebabkan tanah longsor dan dua rumah mengalami kerusakan pada bagian tembok.","dampak_bangunan":"- 2 ( dua ) Rumah mengalami kerusakan a.n:\n1. RUDI S ( 5 jiwa ) Tembok belakang rumah jebol terbawa longsoran.\n2. SANWARDI ( 7 jiwa ) tembok jebol terkena material tanah longsor.","dampak_jiwa":"NIHIL","penanganan":"- Cek lokasi\n- Droping logistik.\n- Kerja bakti pembersihan material."}},{"type":"Feature","geometry":{"type":"Point","coordinates":[109.808838,-7.302587]},"properties":{"tahun":2022,"title":"Tanah Longsor Desa Pagentan Kec. Pagentan","jenis_kejadian":"Tanah Longsor","desa_kecamatan":"Desa Pagentan  Kecamatan Pagentan.","dusun_rt_rw":"RT 3 RW 4","waktu":"Minggu, 16 Oktober 2022","kronologi":"Hujan yang terjadi 3 (tiga) hari berturut-turut di sebagian wilayah Kecamatan Pagentan, khususnya di Desa Pagentan menyebabkan talud rumah longsor. Yang sudah ditandai dengan longsor awal pada hari Sabtu 15 Oktober 2022 Pukul 16:30 WIB. Kemudian pada paginya longsor susulan terjadi yang mengakibatkan sebagian dinding rumah mengalami retak-retak dan membahayakan penghuni rumah.","dampak_bangunan":"1 rumah terancam","dampak_jiwa":"nihil","penanganan":""}},{"type":"Feature","geometry":{"type":"Point","coordinates":[109.779215,-7.254151]},"properties":{"tahun":2022,"title":"Tanah Longsor Desa Karangsari Kec. Pejawaran","jenis_kejadian":"Tanah Longsor","desa_kecamatan":"Desa Karangsari Kec Pejawaran","dusun_rt_rw":"04/01 Dusun Jambuer","waktu":"Sabtu, 15 Oktober 2022","kronologi":"Hujan sekitar wilayah Pejawaran Sabtu , 15 Oktober 2022 dari pukul 12:00 - 14.15 WIB dengan intensitas Deras yg mengakibatkan satu rumah milik Bp. RODIK yang di huni 6 anggota keluarga (5 Dewasa dan 1 Anak anak ) Longsoran tanah yang bersebelahan dengan talud rumh Bapak Yusup Suhartomo +-3 meter dan saluran irigasi","dampak_bangunan":"a. Rodik 38 th / 6 jiwa\nRumah rusak ringan bagian belakang \nb. Soenarmono 84 th / 6 jiwa \nRumah rusak ringan bagian dapur","dampak_jiwa":"NIHIL","penanganan":"-Pembersihan material longsor\n-Pembersihan Saluran Irigasi yg berada di samping rumah Korban.\n-Pembersihan tanah bekas longsoran yang ada didalam rumah\n- Droping Logistik\nLogistik yang di berikan :\n- Paket Sembako\n- Kaso, Triplek,Seng"}},{"type":"Feature","geometry":{"type":"Point","coordinates":[109.784172,-7.25261]},"properties":{"tahun":2022,"title":"Tanah Longsor Desa Biting Kec. Pejawaran","jenis_kejadian":"Tanah Longsor","desa_kecamatan":"Desa Biting Kec. Pejawaran","dusun_rt_rw":"RT 9 RW 2 dan RT 5,4 RW 1","waktu":"Sabtu, 15 Oktober 2022","kronologi":"- Hujan Dengan Intensitas Sedang Hingga Deras, Mulai Pukul 08:00 WIB Hingga Pukul 17.00 Mengguyur Wilayah Desa biting & Sekitarnya, Menyebabkan *Tebing setinggi -+ 20 meter longsor yg diatasnya ada bangunan rumah milik bp.marsito di rt 09/02.\n*Tanah longsor dengan tebing setinggi -+ 20 meter di Rt05/01 desa biting yang diatasnya ada bangunan rumah milik bp.yasmudi.\n * tanah longsor di Rt04/01 menutup salurah irigasi belakang rumah ibu piyah..","dampak_bangunan":"a. Tebing longsor rt 9/2 menutup jalan kecil menuju rumah warga dan belakang rumah bp.marsito rusak ringan.\nb. Tebing longsor rt 5/1 mengakibatkan kandang milik bp.yasmudi rusak berat dan hewan kambing sejumlah 4 belum bisa dievakuasi dikarenakan tebing sangat tinggi.\nc.tanah longsor di Rt 04/01 menimpa saluran irigasi belakang rumah ibu piyah.\nKerugian -+ Rp 10.000.000","dampak_jiwa":"NIHIL","penanganan":"- Pembersihan material longsor\n- Droping Logistik\nLogistik yang di berikan :\n- Paket Sembako\n- Kaso, Triplek,Seng, terpal"}},{"type":"Feature","geometry":{"type":"Point","coordinates":[109.827128,-7.235244]},"properties":{"tahun":2022,"title":"Tanah Longsor Desa Sidengok Kec. Pejawaran","jenis_kejadian":"Tanah Longsor","desa_kecamatan":"Desa Sidengok Kec. Pejawaran","dusun_rt_rw":"Dusun Kubang RT 02 RW 03","waktu":"Sabtu, 15 Oktober 2022","kronologi":"kondisi umum hujan deras di wilayah des sidengok dan sekitarnya yang berdurasi dari pukul 12:00 sampe pukul :15;30 wib yang menakibatkan tebing setinggi -+7meter longsor menimpah rumah","dampak_bangunan":"2 rumah Rusak ringan\na.n\n- Nedi 33 th / 5 jiwa, longsor menimpa rumah bagian samping/ dapur\n- Wahno 39 th / 3, Tebing belakang rumah longsor menimpa kamar mandi","dampak_jiwa":"NIHIL","penanganan":"- Pembersihan material longsor\n- Cek Lokasi\n- Droping Logistik"}},{"type":"Feature","geometry":{"type":"Point","coordinates":[109.818991,-7.229216]},"properties":{"tahun":2022,"title":"Tanah Longsor Desa Ratamba Kec. Pejawaran","jenis_kejadian":"Tanah Longsor","desa_kecamatan":"Desa Ratamba","dusun_rt_rw":"RT 01 RW 02","waktu":"sabtu, 15 Oktober 2022","kronologi":"Hujan deras dengan intensitas tinggi yang mengguyur wilayah Kabupaten Banjarnegara bagian atas pada hari SABTU 15 Oktober 2022 menyebabkan tebing setinggi - + 50 meter mengalami longsor, 1 rumah terancam.","dampak_bangunan":"1 Rumah Terancam\na.n Mahini Ny. 60 th / 2 jiwa","dampak_jiwa":"nihil","penanganan":"- Warga setempat melaporkan kejadian ini ke BPBD Kabupaten Banjarnegara\n- kerja bhakti membersihkan material longsor relawan beserta warga\n- Petugas relawan BPBD melakukan Assesment\n- Menghimbau kepada warga masyarakat untuk meningkatkan kewaspadaan."}},{"type":"Feature","geometry":{"type":"Point","coordinates":[109.720355,-7.476668]},"properties":{"tahun":2022,"title":"Tanah Longsor Desa Kebutuhduwur Kec. Pagedongan","jenis_kejadian":"Tanah Longsor","desa_kecamatan":"Desa Kebutuhduwur Kecamatan Pagedongan","dusun_rt_rw":"RT 4 RW 6, Dukuh Srisip Dusun Kembaran,","waktu":"Selasa, 18 Oktober 2022","kronologi":"- Hujan terjadi sejak beberapa hari dalam waktu terus menerus di wilayah Kec. pagedongan\n- Terjadi tebing tanah longsor\n- Perkiraan tinggi tebing 30 m, panjang 30 m. Kemiringan 70\u00b0 - 80\u00b0\n- ditemukan rekahan\n- Jarak lokasi ke perbatasan kebumen sekitar 500 m.","dampak_bangunan":"- Jalan alternatif jalur kabupaten dari Kabupaten banjarnegara, Kec. Pagedongan menuju arah Desa Sebara Kec. Sadang, Kab. Kebumen, tertutup material longsor.\n- perkiraan material longsor 540an kubik. \n- perkiraan panjang material longsor : 30m, tinggi rata2 : 3 m, lebar : 6 m.","dampak_jiwa":"Nihil","penanganan":"- Cek Lokasi\n- Pemantauan \n- Penutupan jalur"}},{"type":"Feature","geometry":{"type":"Point","coordinates":[109.809755,-7.269037]},"properties":{"tahun":2022,"title":"Tanah Longsor Desa Dermayasa Kec.Pejawaran","jenis_kejadian":"Tanah Longsor","desa_kecamatan":"Desa Dermayasa Kec.Pejawaran","dusun_rt_rw":"Rt 03 Rw 04","waktu":"Senin, 28 November 2022","kronologi":"Curah hujan yang tinggi dari pukul 12.30-14.30 WIB yang terjadi di desa dermayasa mengakibatkan tebing setinggi -+5 Meter mengalami longsor yang mengacam 1 rumah atas nama Toharman Tuslim","dampak_bangunan":"1 rmah terancam","dampak_jiwa":"nihil","penanganan":"info awal"}},{"type":"Feature","geometry":{"type":"Point","coordinates":[109.804915,-7.193197]},"properties":{"tahun":2022,"title":"Tanah Longsor Desa Gumelem Kulon Kec. Susukan","jenis_kejadian":"Tanah longsor","desa_kecamatan":"Desa Gumelem Kulon Kec. Susukan","dusun_rt_rw":"Dusun Watukampil RT 04 RW 09","waktu":"Minggu, 27 November 2022","kronologi":"Hujan dengan intensitas sedang hingga lebat pada hari Sabtu pukul 20.00 WIB - dini hari memicu terjadinya tebing/tanah longsor dengan kemiringan -+85\u00b0 dengan tinggi -+ 7 meter dan panjang -+11 meter dan tebing tersebut sekaligus digunakan untuk pagar dapur.","dampak_bangunan":"- Dapur milik Bapak Choerun ( 1 KK 6 jiwa ) ukuran 5x6 mengalami rusak ringan\n- Data pemilik rumah:\nChoerun ( Kepala Keluarga/ L/48 th) \nJasinem ( istri /P/41th) \nAlif Firmansyahrian (anak/L/22 th) \nBayu Rizal Efendi (anak/L/19 th) \nSepti Agustina (menantu/P/20 th) \nTaufik Wisnu Nugroho (cucu/L/ 3 bulan)","dampak_jiwa":"nihil","penanganan":"- Melaporkan pada dinas terkait ;\n- Cek lokasi\n- Kerjabakti pembersihan material longsor;\n- Menghimbau kepada pemilik rumah untuk lebih waspada jika terjadi hujan dengan intensitas deras. \n- droping logistik"}},{"type":"Feature","geometry":{"type":"Point","coordinates":[109.836768,-7.232503]},"properties":{"tahun":2022,"title":"Tanah Longsor Desa Sidengok Kecamatan Pejawaran","jenis_kejadian":"Tanah Longsor","desa_kecamatan":"Desa Sidengok Kecamatan Pejawaran","dusun_rt_rw":"Dusun Sitalang RT 02 RW 05","waktu":"Minggu, 27 November 2022","kronologi":"Hujan dengan intensitas sedang hingga tinggi yang terjadi sejak pukul 12.00 WIB (27/11) memicu talud penahan tebing longsor. \n- panjang longsoran 5 meter\n- tinggi talud 4 meter","dampak_bangunan":"- Rumah bagian dapur dan kandang kambing dengan ukuran 8x4 meter milik Bapak Sudiro (49 th/1kk/ 5 jiwa) roboh dikarenakan tiang/saka penyangga bangunan semi permanen yang tepat di tepi tebing terbawa longsor.","dampak_jiwa":"nihil","penanganan":"- Cek Lokasi\n- Droping logistik\n- Pemdes melaporkan ke forkompinca Pejawaran"}},{"type":"Feature","geometry":{"type":"Point","coordinates":[109.704999,-7.359681]},"properties":{"tahun":2022,"title":"Tanah Longsor Desa Rakitan Kec. Madukara","jenis_kejadian":"Tanah Longsor","desa_kecamatan":"Desa Rakitan Kec. Madukara","dusun_rt_rw":"RT 5 RW 2","waktu":"Sabtu, 03 Desember 2022","kronologi":"Hujan dengan intensitas sedang - lebat yang terjadi di Kabupaten Banjarnegara khususnya Kec. Madukara, Pada hari sabtu, 03 Desember 2022 yang terus menerus di Desa Rakitan mengakibatkan Tembok sekolah SDN 2 Rakitan bagian belakang roboh, dan keramik bagian dapur mengalami retak- retak serta 1 rumah warga a.n Septanto mengalami retak - retak.","dampak_bangunan":"1 Bangunan SD Rusak\nket :\n- Tembok bagian belakang sekolah amblas dan roboh\n- Keramik bagian dapur dan kamarmandi Retak - retak.\n\n1 rumah terancam\nKet :\n- Rumah bagian belakang, 2 kamar tidur dan 1 kamar mandi mengalami retak - retak terancam longsor","dampak_jiwa":"Nihil","penanganan":"- Asesment \n- Himbauan untuk berhati hati"}},{"type":"Feature","geometry":{"type":"Point","coordinates":[109.627563,-7.400495]},"properties":{"tahun":2023,"title":"Tanah Longsor, Desa Mantrianom Kec Bawang","jenis_kejadian":"Tanah Longsor","desa_kecamatan":"Desa Mantrianom Kec Bawang","dusun_rt_rw":"Rt 5 Rt 1 (PONPES TANGHO)","waktu":"Rabu, 04 Januari 2023","kronologi":"Hujan Intensitas Lebat di wilayah Kec.Bawang mengakibatkan talud dengan ukuran\nLebar -+ 10 m\nTinggi 6 s/d 7 m\nKemiringan 85\u00b0 s/d 87\u00b0 \nTerjadi longsoran","dampak_bangunan":"1 Talud Longsor menutup saluran pembuangan air","dampak_jiwa":"NIHIL","penanganan":"- Cek Lokasi\n- Penanganan Penutupan Dengan 3 Terpal\n-Pemasangan rambu jalan dan police line\n-Himbauan untuk pembersihan dilakukan setelah hujan reda.\n-Himbauan untuk masyarakat sekitar tetap waspada apabila hujan lebat."}},{"type":"Feature","geometry":{"type":"Point","coordinates":[109.622421,-7.401327]},"properties":{"tahun":2023,"title":"Tanah Longsor Desa Mantrianom Kec. Bawang","jenis_kejadian":"Tanah Longsor","desa_kecamatan":"Desa Mantrianom Kecamatan Bawang","dusun_rt_rw":"Dusun Karanganyar RT01/RW03","waktu":"Rabu, 04 Januari 2023","kronologi":"Hujan intensitas lebat terjadi di wilayah Banjarnegara, khususnya di Kecamatan Bawang yang mengakibatkan Talut rumah Bpk.Wanto dengan tinggi +- 2 meter dan lebar +- 10 meter longsor","dampak_bangunan":"Dampak dari kejadian tersebut yaitu mengakibatkan tertutupnya akses jalan desa","dampak_jiwa":"NIHIL","penanganan":"- Melakukan asesment awal\n- Pembersihan material oleh pemilik rumah\n- Himbauan kepada warga masyarakat"}},{"type":"Feature","geometry":{"type":"Point","coordinates":[109.618073,-7.403489]},"properties":{"tahun":2023,"title":"Tanah Longsor Desa Mantrianom Kec.Bawang","jenis_kejadian":"Tanah Longsor","desa_kecamatan":"Desa Mantrianom, Kecamatan Bawang","dusun_rt_rw":"Dusun Banjarsari RT04/RW03","waktu":"Rabu, 04 Januari 2023","kronologi":"Hujan intensitas lebat terjadi di wilayah Banjarnegara, khususnya di Kecamatan Bawang yang mengakibatkan debit air sungai blimbing meluap dan mengakibatkan tiang penyangga Jembatan Ambruk.","dampak_bangunan":"Dampak dari kejadian tersebut yaitu mengakibatkan pengendara roda 4 tidak bisa melewati jalan tersebut dan harus melewati jalur alternatif lainnya.","dampak_jiwa":"NIHIL","penanganan":"Melakukan asesment awal"}},{"type":"Feature","geometry":{"type":"Point","coordinates":[109.780588,-7.327646]},"properties":{"tahun":2023,"title":"Tanah Longsor Desa Gumingsir Kec.Pagentan","jenis_kejadian":"Tanah Longsor","desa_kecamatan":"Desa Gumingsir Kec.Pagentan","dusun_rt_rw":"","waktu":"Kamis, 5 Januari 2023","kronologi":"Hujan beberapa hari yang lalu mengakibatkan jalan penghubung desa gumingsir - kalikidang (grinjalan) amblas kembali dengan kedalaman 4-5 meter.","dampak_bangunan":"-Untuk Sementara KR 4 belum bisa melintas.\n-Akses Jalan Warga Masyarakat Terganggu","dampak_jiwa":"NIHIL","penanganan":"- Cek Lokasi\n-Kerja Bhakti Masyarakat membuat jalan KR 2.\n- Himbauan untuk masyarakat sekitar tetap waspada apabila terjadi hujan"}},{"type":"Feature","geometry":{"type":"Point","coordinates":[109.767043,-7.349346]},"properties":{"tahun":2023,"title":"Tanah Longsor Aribaya Pagentan","jenis_kejadian":"Tanah Longsor","desa_kecamatan":"Desa Aribaya\nKecamatan Pagentan","dusun_rt_rw":"Dusun Kemiri RT 2 RW 1","waktu":"Sabtu, 14 Januari 2023","kronologi":"Akibat diguyur hujan lebat dengan intensitas tinggi, mengakibatkan tanah perkebunan milik warga amblas, sepanjang kurang lebih 500 meter dan lebar sekitar 100 meter. Jarak Kebun dengan pemukiman Warga kurang lebih 100 meter sehingga perlu penangangan lebih lanjut.","dampak_bangunan":"NIHIL","dampak_jiwa":"NIHIL","penanganan":"-Cek Lokasi\n-Pelaporan ke BPBD"}},{"type":"Feature","geometry":{"type":"Point","coordinates":[109.58261,-7.310978]},"properties":{"tahun":2023,"title":"Tanah Longsor Desa Jembangan Kec.Punggelan","jenis_kejadian":"TANAH LONGSOR","desa_kecamatan":"Jembangan Kec. Punggelan","dusun_rt_rw":"Dusun gemanti RT 04/08","waktu":"Selasa 24 Januari 2023","kronologi":"Pada malam hari tiba tiba talud dan dapur longsor sehingga sebagian rumah rusak sedang dan bagian dapur terbawa longsor","dampak_bangunan":"Pada malam hari tiba tiba talud dan dapur longsor sehingga sebagian rumah rusak sedang dan bagian dapur terbawa longsor, 1 Rumah mengalami kerusakan pada bagian dapur","dampak_jiwa":"NIHIL","penanganan":"- Melaporkan kejadian kepada pihak terkait\n- Kerja Bakti\n- Cek Lokasi\n- Distribusi Logistik"}},{"type":"Feature","geometry":{"type":"Point","coordinates":[109.467721,-7.493231]},"properties":{"tahun":2023,"title":"Tanah Longsor Desa Salamerta Kec. Mandiraja","jenis_kejadian":"Talud/Tanah Longsor","desa_kecamatan":"Saluran irigasi induk kalisapi hm 27\nDesa Salamerta Kec. Mandiraja","dusun_rt_rw":"Saluran irigasi induk kalisapi hm 27\nDesa Salamerta Kec. Mandiraja","waktu":"Jum'at, 27Januari 2023.","kronologi":"Hujan dengan intensitas sedang hingga lebat yang terjadi di wilayah Kec. Mandiraja pada hari kamis tanggal 26 Januari 2023 memicu terjadinya talud /tanah longsor serta kemiringan lereng -+70\u00b0 dengan panjang -+ 30 m dan tinggi -+ 10 m","dampak_bangunan":"Mengancam bangunan Sekolah MI Ma'arif Salamerta\n- Menyempitnya saluran induk irigasi Kali Sapi hm 27","dampak_jiwa":"-","penanganan":"- BPBD Melakukan Asesment \n- Melaporkan ke Dinas terkait\n-Memberikan himbauan untuk tetap hati-hati dan waspada ketika hujan dikarenakan bangunan sekolahan masih digunakan untuk kegiatan belajar mengakarnya\n- Pemasangan terpal untuk menutup longsoran"}},{"type":"Feature","geometry":{"type":"Point","coordinates":[109.784185,-7.278336]},"properties":{"tahun":2023,"title":"Tanah Longsor Desa Karekan Kec Pagentan","jenis_kejadian":"Tanah Longsor","desa_kecamatan":"Karekan\nKecamatan Pagentan","dusun_rt_rw":"Karekan Kulon RT 1 RW 2","waktu":"Selasa\nTanggal: 31 Januari 2023","kronologi":"Akibat diguyur hujan lebat dengan intensitas tinggi, mengakibatkan tebing sepanjang kurang lebih 12 meter dan tinggi sekitar 6 meter longsor","dampak_bangunan":"material longsor.menimpa rumah bagian belakang bapak partomo","dampak_jiwa":"nihil","penanganan":"pembersihkan material longsor, distribusi bantuan"}},{"type":"Feature","geometry":{"type":"Point","coordinates":[109.664083,-7.202197]},"properties":{"tahun":2023,"title":"Tanah Longsor Desa Plorengan Kec.Kalibening","jenis_kejadian":"Tanah Longsor","desa_kecamatan":"Desa plorengan RT 1 RW 1\nDesa plorengan\nKecamatan kalibening","dusun_rt_rw":"SD 1 Plorengan","waktu":"kamis\n3 februari 2023","kronologi":"Akibat diguyur hujan lebat dengan intensitas tinggi, mengakibatkan talud tebing setinggi 5m, panjang 20m belakang gedung SD plorengan 1 mengalami longsor sehingga menimpa bagian belakang SD Plorengan","dampak_bangunan":"Ruang kelas 6 SDPlorangan bagian belakang mengalami kerusakan tertimpa material longsor.\nTidak ada korban jiwa","dampak_jiwa":"-","penanganan":"Kegiatan yang suda di lakukan pembersihan material longsoran dan penebangan pohon yang ada di atas longsoran oleh Warga masyarakat bersama Destana, karangtaruna, Banser, tim SAR PGRI, Koramil kalibening, Polsek Kalibening, PEMDES Plorengan, Komitedan guru Sekolah"}},{"type":"Feature","geometry":{"type":"Point","coordinates":[109.698487,-7.392691]},"properties":{"tahun":2023,"title":"Tanah Longsor Desa Krandegan Kec.Banjarnegara","jenis_kejadian":"TANAH LONGSOR","desa_kecamatan":"Kelurahan Krandegan \nKec.Banjarnegara","dusun_rt_rw":"RT/RW 02/06","waktu":"Senin: 06 Februari 2023","kronologi":"Hujan intensitas sedang hingga lebat di wilayah Banjarnegara. Talud  setinggi +- 4 meter dengan panjang -+ 12 meter longsor.","dampak_bangunan":"Material longsor menutupi saluran irigasi dan menyebabkan aliran terbendung","dampak_jiwa":"Nihil","penanganan":"-Asesmen \n-Menghimbau agar warga masyarakat tetap waspada.\n- Droping Logistik\n- Pembukaan saluran drainase;\n- Menutup badan longsor dengan terpal."}},{"type":"Feature","geometry":{"type":"Point","coordinates":[109.680364,-7.414008]},"properties":{"tahun":2023,"title":"Tanah Longsor Desa Twelagiri Kec.Pagedongan","jenis_kejadian":"TANAH LONGSOR","desa_kecamatan":"Twelagiri Kecamatan Pagedongan","dusun_rt_rw":"Sayangan 02/03","waktu":"Kamis 09 Februari 2022","kronologi":"Hujan Lebat disertai Angin yang terjadi diwilayah kecamatan pagedongan mengakbatkan terjadinya talud ambruk","dampak_bangunan":"- 1 Unit Rumah Milik Bpk.erwin Pada Bagian Dapur dan kamar mandi Ambruk \n- Mengancam Bagian Dapur Rumah Milik ibu Ma'i \n- Material Bangunan Longsoran Menutup Saluran irigasi","dampak_jiwa":"Nihil","penanganan":"Cek Lokasi\n- Membuka saluran irigasi sementara\n- koordinasi dg Pemdes\n- Menghimbau Kepada Pemilik Rumah Untuk tetap hati hati karena berpotensi terjadi longsor susulan.Distribusi Logistik"}},{"type":"Feature","geometry":{"type":"Point","coordinates":[109.785028,-7.253139]},"properties":{"tahun":2023,"title":"TANAH LONGSOR","jenis_kejadian":"Tanah longsor","desa_kecamatan":"RT 004/001\nDesa. Biting\nKec. Pejawaran\nKab. Banjarnegara","dusun_rt_rw":"RT 004/001\nDesa. Biting\nKec. Pejawaran\nKab. Banjarnegara","waktu":"Hari : Rabu\nTgl : 15 Februari 2023","kronologi":"Intensitas hujan yang tinggi dari 06:00 WIB s/d pukul 14:42 WIB mengakibatkan tebing setinggi 10 m longsor menutup saluran irigasi dan 2 kolam ikan, sehingga air masuk kedalam rumah warga.","dampak_bangunan":"Menutup saluran irigasi dan 2 kolam ikan milik warga","dampak_jiwa":"-","penanganan":"warga melaporkan kejadian ke pada bpbd banjarnegara"}},{"type":"Feature","geometry":{"type":"Point","coordinates":[109.836083,-7.236022]},"properties":{"tahun":2023,"title":"TANAH LONGSOR/PERGERAKAN TANAH","jenis_kejadian":"TANAH LONGSOR/PERGERAKAN TANAH","desa_kecamatan":"Desa Sidengok\nKec. Pejawaran\nKab. Banjarnegara","dusun_rt_rw":"Dusun Pancasan RT 01 RW 04","waktu":"Hari : Kamis\nTanggal : 16 Februari 2023","kronologi":"- Hujan intensitas tinggi di wilayah ratamba\n- Kontur tanah yang labil\n- Derasnya sungai pancasan juga menyebabkan terjadinya pergerkan tanah","dampak_bangunan":"- Lahan pertanian mengalami retak\n- Infrastruktur : Jalan dan drainase mengalami kerusakan\n- 1 rumah terancam milik Sdr. Lukman Hanif","dampak_jiwa":"NIHIL","penanganan":"Melaporkan kejadian kepada pihak terkait\n- Cek Lokasi"}},{"type":"Feature","geometry":{"type":"Point","coordinates":[109.777667,-7.244583]},"properties":{"tahun":2023,"title":"TANAH LONGSOR SARWODADI PEJAWARAN","jenis_kejadian":"Tanah Longsor","desa_kecamatan":"Desa Sarwodadi Kec. Pejawaran Kab.Banjarnegara","dusun_rt_rw":"RT.03 RW. 02 Dusun Biting","waktu":"Senin, 20 Februari 2023","kronologi":"- Hujan dengan intensitas tinggi yang terjadi di Kec. Pejawaran sejak siang hingga sore mengakibatkan longsor dengan ketinggian tebing 70 m dan Lebar 35 m mengenai jalan Desa yang mengakibatkan terisolir 9 KK karena jalan yang terkena longsor.","dampak_bangunan":"- Longsor pada lahan pertanian warga yang mengenai sumber air dan mengakibatkan terisolir 9 KK dan 7 rumah warga","dampak_jiwa":"Nihil","penanganan":"Melaporkan kejadian ke pihak terkait\n- Cek Lokasi\n- Mengungsikan warga dan ternak"}},{"type":"Feature","geometry":{"type":"Point","coordinates":[109.794586,-7.319268]},"properties":{"tahun":2023,"title":"Tanah Longsor Desa Metawana\nKecamatan Pagentan","jenis_kejadian":"Tanah Longsor","desa_kecamatan":"Desa Metawana\nKecamatan Pagentan","dusun_rt_rw":"Dusun Metawana RT 2 RW 1","waktu":"Kamis, 23 Februari 2023","kronologi":"Akibat diguyur hujan lebat dengan intensitas tinggi dan berlangsung lebih dari 6 jam mengakibatkan pergerakan tanah yang sangat signifikan yang mengancam pemukiman penduduk dan Jalan Raya Propinsi.","dampak_bangunan":"- Rumah bagian dapur Bapak Sunarto 76 tahun mengalami amblas dan retakan bagian lantai rumah.\n- Rumah Bapak Kus retak\n- Bengkel milik Bapak Sugeng mengalami retak.\n- Tanah perkebunan salak milik warga mengalami kerusakan yang parah kurang lebih 4 Hektare dan berdampak pada keberlangsungan ekonomi.","dampak_jiwa":"NIHIL","penanganan":"-"}},{"type":"Feature","geometry":{"type":"Point","coordinates":[109.655208,-7.463404]},"properties":{"tahun":2023,"title":"Tanah Longsor LEBAKWANGI","jenis_kejadian":"Tanah Longsor","desa_kecamatan":"Desa Lebakwangi Kec. Pagedongan","dusun_rt_rw":"Dusun Sudimara RT.05 /RW.06","waktu":"Hari/Tanggal : Rabu, 01 Maret 2023","kronologi":"Hujan deras yang mengguyur wilayah desa Lebakwangi dan sekitarnya mengakibatkan tebing setinggi 6 meter dan panjang 20 meter mengalami longsor","dampak_bangunan":"- 1 Unit Bangunan Rumah Semi Permanen Rusak Berat Pada Bagian kamar dan Ruang Tamu\n- Ruas Jalan Desa Tertutup Material Longsor\n- Saluran Pamsimas Jebol","dampak_jiwa":"Nihil","penanganan":"- Koordinasi Dengan Pemdes Lebakwangi\n- BPBD Melakukan Asesment\n- Kerja Bakti Oleh Warga Masyarakat\n- Droping Logistik"}},{"type":"Feature","geometry":{"type":"Point","coordinates":[109.800027,-7.306182]},"properties":{"tahun":2023,"title":"Tanah Longsor Desa Plumbungan\nKecamatan Pagentan","jenis_kejadian":"Talud Longsor","desa_kecamatan":"Desa Plumbungan\nKecamatan Pagentan","dusun_rt_rw":"Dusun Midari RT 1 RW 1","waktu":"Hari: Jumat, 10 Maret 2023","kronologi":"Hujan deras dengan durasi lebih dari dua jam yang terjadi di wilayah Kec. Pagentan Kgusunya di Desa Plumbungan menyebabkan talud Rumah milik Bapak Wahid Syaifudin (72 Thn) 5 jiwa, dan Bapak Bardan (35 Thn) 4 jiwa, mengalami longsor dan menimpa bagian dapur milik Bapak Slamet (35 Tahun) yang berada di bawahnya.","dampak_bangunan":"menyebabkan talud Rumah milik Bapak Wahid Syaifudin dan Bapak Bardan mengalami longsor dan menimpa bagian dapur milik Bapak Slamet Kus yang berada di bawahnya.","dampak_jiwa":"-","penanganan":"Assessment\n- Kerja Bhakti Masyarakat \n- Distribusi Logistik Terpadu\n- Himbauan kepada masyarakat"}},{"type":"Feature","geometry":{"type":"Point","coordinates":[109.790361,-7.29025]},"properties":{"tahun":2023,"title":"Talud rumah longsor Dusun Sirandu RT 4 RW 3\nDesa Plumbungan\nKecamatan Pagentan","jenis_kejadian":"Talud rumah longsor","desa_kecamatan":"Desa Plumbungan\nKecamatan Pagentan","dusun_rt_rw":"Dusun Sirandu RT 4 RW 3","waktu":"Hari: Jumat, 10 Maret 2023","kronologi":"Hujan deras dengan durasi lebih dari dua jam menyebabkan talud Rumah dan DAK rumah milik Bapak Wardoyo (63 Tahun) 6 Jiwa amblas, menimpa kadang kambing, kamar mandi dan dapur.","dampak_bangunan":"talud Rumah dan DAK rumah milik Bapak Wardoyo (63 Tahun) 6 Jiwa amblas, menimpa kadang kambing, kamar mandi dan dapur.","dampak_jiwa":"-","penanganan":"- ASSESMENT"}},{"type":"Feature","geometry":{"type":"Point","coordinates":[109.799778,-7.3055]},"properties":{"tahun":2023,"title":"tanah longsor desa aribaya","jenis_kejadian":"tanah longsor","desa_kecamatan":"Desa Kalitlaga,Kecamatan Pagentan","dusun_rt_rw":"- Dusun karanglo RT 02/01","waktu":"Hari: Senin 13 Maret 2023","kronologi":"Hujan deras lebih dari 6 jam, mengakibatkan tebing setinggi 7m panjang 4m mengalami longsor, mengakibatkan dinding rumah warga tertimbun material longsor.","dampak_bangunan":"Mengakibatkan dinding Rumah Bapak Arief dan juga Rumah Bapak Mugiarjo mengalami rusak ringan.","dampak_jiwa":"-","penanganan":"Assessment \n- Droping Logistik \n- Kerjabakti pembersihan material longsoran yang akan dilaksanakan Pada Hari Selasa 14 Maret 2023 \n- Himbauan kepada Warga masyarakat untuk senantiasa meningkatkan kewaspadaan mengingat curah hujan yang masih terjadi dengan curah tinggi."}},{"type":"Feature","geometry":{"type":"Point","coordinates":[109.608393,-7.406816]},"properties":{"tahun":2023,"title":"Tanah longsor binorong","jenis_kejadian":"Tanah longsor","desa_kecamatan":"Desa Binorong Kec. Bawang","dusun_rt_rw":"RT 02 RW 02","waktu":"Sabtu 18 Maret 2023","kronologi":"Hujan intensitas lebat yang terjadi di wilayah Kecamatan Bawang, sehingga menimbulkan adanya genangan air dan meresap ke tanah memicu terjadinya longsor pada Talud setinggi -+ 6 meter, panjang -+10 meter. Dari analisa Talud longsor juga disebabkan minimnya suling-suling pada bangunan talud tersebut.","dampak_bangunan":"- Matrial longsoran menutup badan jalan Desa ruas jalan Desa Binorong - Desa Kutayasa.\n - Mengancam 1 (satu) unit rumah An Ahmad Sholeh, Umur 54 Th,","dampak_jiwa":"Nihil","penanganan":"melaporkan kejadian talud longsor ke pihak terkait\n- Pemberihan matrial longsoran sementara oleh warga setempat\n- BPBD melakukan assesment dan Droping logistik terpal.\n- BPBD Banjarnegara bersama Polsek Bawang dan Koramil Bawang serta PMI Banjarnegara didampingi Pemdes Binorong melakukan penutupan longsoran dengan terpal.\n- Pihak desa melakukan penutupan sementara akses jalan"}},{"type":"Feature","geometry":{"type":"Point","coordinates":[109.706397,-7.444113]},"properties":{"tahun":2023,"title":"Tanah Longsor Desa Desa Pagedongan Kec.Pagedongan","jenis_kejadian":"Tanah Longsor","desa_kecamatan":"Desa Pagedongan Kec.Pagedongan","dusun_rt_rw":"Dusun Watubelah RT 05/05","waktu":"Minggu, 19 Maret 2023","kronologi":"Hujan Deras yg Mengguyur Wilayah Desa Pagedongan Dan Sekitarnya Mengakibatkan Talud panjang 6 Meter Tinggi 6 Meter Ambruk Menutup akses Jalan desa Dan Mengancam Rumah Warga.","dampak_bangunan":"- 1 Unit Bangunan Rumah Semi Permanen Milik BPK.Salim Rusak Pada Bagian Dapur Dan Tembok kamar mandi retak serta pondasi bagian belakang Rumah Menggantung\n- Ruas Jalan Desa Tertutup Material Longsor","dampak_jiwa":"NIHIL","penanganan":"- Koordinasi Dengan Pemdes Tlagawera Dan Pagedongan\n- BPBD Melakukan Asesment\n- Kerja Bakti Oleh Warga Masyarakat \n- Droping Logistik"}},{"type":"Feature","geometry":{"type":"Point","coordinates":[109.714237,-7.412678]},"properties":{"tahun":2023,"title":"Tanah Longsor Desa Tlagawera\nKec. Banjarnegara","jenis_kejadian":"Tanah Longsor","desa_kecamatan":"Desa Tlagawera\nKec. Banjarnegara","dusun_rt_rw":"Dukuh Silentreng RT 02/01","waktu":"Sabtu, 18 Maret 2023","kronologi":"Hujan deras yang mengguyur wilayah desa Tlagawera dan sekitarnya mengakibatkan Tebing Setinggi 8 Meter dan Panjang 7 Meter Dan Pondasi Rumah dg Panjang 7 Meter Longsor.","dampak_bangunan":"- 1 Unit Bangunan Rumah Semi Permanen Milik Bpk.Marwito Rusak Pada Bagian Dapur Dan Kamar mandi\n- 1 orang Mengalami luka Ringan An.Bpk Haryono (63th) Akibat Tertimpa Material longsoran saat membetulkan pipa Air.(korban sudah membaik)","dampak_jiwa":"NIHIL","penanganan":"- Koordinasi Dengan Pemdes Tlagawera Dan Pagedongan\n- BPBD Melakukan Asesment\n- Kerja Bakti Oleh Warga Masyarakat \n- Droping Logistik"}},{"type":"Feature","geometry":{"type":"Point","coordinates":[109.682613,-7.41008]},"properties":{"tahun":2023,"title":"Tanah Longsor Karangtengah, Kec. Banjarnegara","jenis_kejadian":"Tanah Longsor","desa_kecamatan":"Karangtengah, Kec. Banjarnegara","dusun_rt_rw":"Jl. Serma Mukhlas, \nTanjakan Cina Mati Rt 02 Rw 01","waktu":"Senin, 20 Maret 2023","kronologi":"- Hujan dengan intensitas tinggi menyebabkan pondasi jl Kab longsor dan menyebabkan pohon tumbang menutup total akses jalan.","dampak_bangunan":"- 1 ( satu ) unit rumah 2 KK/ 5 jiwa a.n : Ny. Manisah terancam.","dampak_jiwa":"NIHIL","penanganan":"- Cek lokasi.\n- Penanganan dan pembersihan material dan pohon.\n- Pada pukul 16:00 Wib akses jalan bisa dilalui R2 dan R4."}},{"type":"Feature","geometry":{"type":"Point","coordinates":[109.650686,-7.45367]},"properties":{"tahun":2023,"title":"Tanah Longsor Desa Lebakwangi\nKec Pagedongan","jenis_kejadian":"Tanah Longsor","desa_kecamatan":"Desa Lebakwangi\nKec Pagedongan","dusun_rt_rw":"Dsn Silegi Rt 01 Rw 03","waktu":"Senin, 20 Maret 2023","kronologi":"- Hujan dengan intensitas tinggi menyebabkan tembok dapur rumah ukuran 4 x 3 meter jebol dan satu rumah terancam.","dampak_bangunan":"- 2 ( dua ) unit rumah 2 KK/ 7 jiwa a.n : \n1. Mukhlas 1 KK / 3 jiwa\nRusak pada bagian dinding jebol.\n2. Hanifudin ( 1 KK / 4 jiwa ) \nTerancam.","dampak_jiwa":"NIHIL","penanganan":"- Cek lokasi."}},{"type":"Feature","geometry":{"type":"Point","coordinates":[109.650308,-7.453747]},"properties":{"tahun":2023,"title":"Tanah Longsor Desa Lebakwangi\nKec Pagedongan","jenis_kejadian":"Tanah Longsor","desa_kecamatan":"Desa Lebakwangi\nKec Pagedongan","dusun_rt_rw":"Dsn Silegi Rt 01 Rw 03","waktu":"Senin, 20 Maret 2023","kronologi":"- Hujan dengan intensitas tinggi menyebabkan pohon tumbang dan tebing longsor menutup total jalan Kab.","dampak_bangunan":"- Akses jln kab penghubung Desa Lebakwangi ke Desa Majelengka tertutup total oleh pohon tumbang serta material longsor sepanjang kisaran 600 meter.\nPenanganan selesai pukul 18:30 Wib, rencana kerja bakti dilanjut pada besok hari.( Selasa 21 Maret 2023 )","dampak_jiwa":"NIHIL","penanganan":"- Cek lokasi.\n- Penanganan pembersihan material longsor."}},{"type":"Feature","geometry":{"type":"Point","coordinates":[109.644998,-7.458942]},"properties":{"tahun":2023,"title":"Tanah longsor lebakwangi","jenis_kejadian":"Tanah Longsor","desa_kecamatan":"Dsn Sidawangi Rt 02 Rw 04\nDesa Lebakwangi\nKec Pagedongan\nKab. Banjarnegara, Jawa Tengah","dusun_rt_rw":"","waktu":"Hari : Selasa\nTgl : 21 Maret 2023\n Pukul : 17.00 Wib","kronologi":"- Hujan dengan intensitas tinggi menyebabkan tebing setinggi \u00b1 25m dan lebar \u00b1 6m mengalami longsor sehingga menyebabkan akses jalan antar desa tertutup dan jalan tidak bisa dilalui kendaraan roda 4.","dampak_bangunan":"- Jalan penghubung antar desa tertutup material longsor\n- Akses Jalan tidak bisa dilewati kendaraan roda 4","dampak_jiwa":"nihil","penanganan":""}},{"type":"Feature","geometry":{"type":"Point","coordinates":[109.678162,-7.406896]},"properties":{"tahun":2023,"title":"Tanah Longsor  Kelurahan Wangon","jenis_kejadian":"Tanah Longsor","desa_kecamatan":"Kelurahan Wangon Kec.Banjarnegara","dusun_rt_rw":"RT 01/04","waktu":"Rabu, 22 Maret 2023","kronologi":"Hujan deras yang mengguyur wilayah kec.Banjarnegara dan sekitar nya mengakibatkan tebing dg Tinggi 10 Meter Panjang 8 Meter Longsor","dampak_bangunan":"mengancam 3 Rumah Warga An.Bu Manislam,ibu Lia Dan BPK Tarno Terancam","dampak_jiwa":"NIHIL","penanganan":"- Koordinasi Dengan Pemerintah kelurahan wangon\n- BPBD Melakukan Asesment\n- Kerja Bakti Oleh Warga Masyarakat \n- Himbauan kepada warga sekitar oleh Lurah Wangon  Menutup longsoran Dengan Terpal"}},{"type":"Feature","geometry":{"type":"Point","coordinates":[109.702015,-7.412906]},"properties":{"tahun":2023,"title":"TANAH LONGSOR ARGASOKA","jenis_kejadian":"TANAH LONGSOR","desa_kecamatan":"Kel. Argasoka Kec. Banjarnegara","dusun_rt_rw":"DusunNgigir 02/04 dan  Wanasari RT 1/3","waktu":"Sabtu, 18 Maret 2023","kronologi":"Hujan deras yang mengguyur wilayah kec.Banjarnegara dan sekitar nya mengakibatkan tebing dengan Tinggi 15 Meter Panjang 10 Meter Longsor","dampak_bangunan":"2 Rumah Warga An.Bu Mukini (8 jiwa) Dan Bp. Parjo (6 jiwa) Terancam","dampak_jiwa":"NIHIL","penanganan":"Koordinasi Dengan BPBD\n- BPBD Melakukan Asesment\n- Kerja Bakti Oleh Warga Masyarakat \n- Droping  logistik permakanan untuk kerja bakti\n- Menutup longsoran Dengan Terpal"}},{"type":"Feature","geometry":{"type":"Point","coordinates":[109.784268,-7.432677]},"properties":{"tahun":2023,"title":"Tanah Longsor Desa Sawal Kec. Sigaluh Kab. Banjarnegara","jenis_kejadian":"Tanah Longsor","desa_kecamatan":"Desa Sawal Kec. Sigaluh Kab. Banjarnegara","dusun_rt_rw":"Dusun Duren Sawit RT 01 RW 04","waktu":"Kamis, 23 Maret 2023","kronologi":"- Hujan intensitas tinggi di wilayah Kecamatan Sigaluh dan sekitarnya\n- Kontur tanah yang labil","dampak_bangunan":"1 Rumah mengalami merusakan bagian dapur. Rumah milik Bpak Bambang Dusun Duren Sawit RT 01 RW 04 Desa Sawal Kec. Sigaluh Kab. Banjarnegara.","dampak_jiwa":"-","penanganan":"- Melaporkan kejadian kepada pihak terkait\n- Cek Lokasi"}},{"type":"Feature","geometry":{"type":"Point","coordinates":[109.695528,-7.409806]},"properties":{"tahun":2023,"title":"Tanah Longsor Dukuh Wanasari RT 01 RW 01 Argasoka","jenis_kejadian":"Tanah Longsor","desa_kecamatan":"Kelurahan argasoka kec banajarnegara","dusun_rt_rw":"Dukuh Wanasari RT 01 RW 01","waktu":"Hari : Jumat\nTanggal : 24 Maret 2023","kronologi":"Hujan intensitas tinggi\n- drainase yang kurang baik","dampak_bangunan":"1 rumah bagian kamar mandi mengalami keruskan serta mengancam rumah dengan pemilik a.n Bapak Misihad (3 Jiwa).","dampak_jiwa":"-","penanganan":"Assement"}},{"type":"Feature","geometry":{"type":"Point","coordinates":[109.737478,-7.412967]},"properties":{"tahun":2023,"title":"Tanah/ Talud Longsor Desa Cendana","jenis_kejadian":"Tanah/ Talud Longsor","desa_kecamatan":"Desa Cendana Kec. Banjarnegara","dusun_rt_rw":"Dusun Lintangtiba RT 4 RW 1","waktu":"Kamis, 23 Maret 2023","kronologi":"- hujan intensitas tinggi sejak beberapa hari terakhir sebelum waktu kejadian\n- debit air sungai Sigua meningkat\n- banyak kolam ikan baik yang kedap maupun tidak\n- terjadilongsor pada talud bantaran sungai.\n- selain berdampak pada tebing bantaran, juga berdampak dan mengancam rumah warga dan infrastruktur","dampak_bangunan":"Infrastruktur:\n1. Talud Bronjong panjang 20 meter tinggi 6 meter ambrol (RB)\n\nRumah :\n1. Rumah A.n Bapak Turip 74 THN (3Jiwa)\nMengalami kerusakan pada bagian belakang rumah (dapur, kamar mandi dan gudang) beberapa perabot dan pupuk simpanan ikut terbawa arus sungai.\n2. Rumah Bapak Mistun 40 (4 jiwa)\nPondasi belakang rumah rusak, dan mengancam bangunan kamar mandi dan dapurnya.","dampak_jiwa":"Nihil","penanganan":"- pemdes menggerakkan kerja bakti untuk pembersihan sungai Sigua\n- laporan Pemdes Cendana ke BPBD Banjarnegara\n- TRC BPBD Melakukan cek lokasi"}},{"type":"Feature","geometry":{"type":"Point","coordinates":[109.708693,-7.28446]},"properties":{"tahun":2023,"title":"Tanah longsor slatri","jenis_kejadian":"Tanah longsor","desa_kecamatan":"jln raya provinsi turut desa slatri kec Karangkobar.","dusun_rt_rw":"","waktu":"Kamis 30 Maret 2023","kronologi":"-Hujan intensitas lebat terjadi di wilayah Banjarnegara \n-Terjadi tanah longsor di jln raya provinsi turut desa slatri kec Karangkobar.","dampak_bangunan":"-Matrial longsor menutup setengaj badan jalan","dampak_jiwa":"nihil","penanganan":"asesmen"}},{"type":"Feature","geometry":{"type":"Point","coordinates":[109.715833,-7.278813]},"properties":{"tahun":2023,"title":"tanah longsor krakal","jenis_kejadian":"tanah longsor","desa_kecamatan":"jln raya provinsi turut desa sampang kec Karangkobar.","dusun_rt_rw":"krakal","waktu":"Kamis 30 Maret 2023","kronologi":"-Hujan intensitas lebat terjadi di wilayah Banjarnegara \n-Terjadi tanah longsor di jln raya provinsi turut desa sampang kec Karangkobar.","dampak_bangunan":"-Matrial longsor menutup setengah badan jalan.","dampak_jiwa":"nihil","penanganan":"asesmen"}},{"type":"Feature","geometry":{"type":"Point","coordinates":[109.715517,-7.268989]},"properties":{"tahun":2023,"title":"Tanah longsor ngambal","jenis_kejadian":"Tanah longsor","desa_kecamatan":"Desa Ambal Kecamatan Karangkobar","dusun_rt_rw":"05 /RW 02 Dsn Klesem","waktu":"Kamis tgl 30/3/2023","kronologi":"hujan dengan intensitas tinggi yg mengguyur di wilayah Klesem dan sekitarnya,                             tebing sekitar 5 m longsor dan menimpa sebagian rumah milik warga","dampak_bangunan":"1. Rumah Ibu Binem ( KK, 72 Th, 4 Jiwa) \nKerusakan Pada unit dapur dan kandang ternak\n2. Rumah Ibu Waginem ( Bukan domisili Dusun Klesem) \nRumah kosong sedang dalam proses pembangunan, mengalami rusak pada dinding rumah yang mengalami pecah dinding. \n3. Rumah Bpk. Dwi Prasetyo ( KK 23 Th/4 Jiwa) \nKerusakan pada kamar mandi, dinding jebol","dampak_jiwa":"Nihil","penanganan":"- Pelaporan kepada instansi terkait \n- Cek lokasi\n- Himbauan kepada pemdes dan warga masyarakat untuk lebih meningkatkan kewaspadaan\n- Pembersihan material oleh relawan dan warga masyarakat\n,-Distribusi logistik bersama BPBD, DINSOS dan PMI,"}},{"type":"Feature","geometry":{"type":"Point","coordinates":[109.408037,-7.528074]},"properties":{"tahun":2023,"title":"Tanah longsor gumelem kulon","jenis_kejadian":"Tanah longsor","desa_kecamatan":"Gumelem Kulon\nKec. Susukan","dusun_rt_rw":"Gunung duwur Rt.03 Rw.11","waktu":"kamis tgl .30 Maret 2023","kronologi":"hujan dengan intensitas tinggi yg mengguyur di wilayah desa Gumelem kulon","dampak_bangunan":"Tembok Rumah atas sanpardi sirun","dampak_jiwa":"Nihil","penanganan":"Pelaporan"}},{"type":"Feature","geometry":{"type":"Point","coordinates":[109.640974,-7.303518]},"properties":{"tahun":2023,"title":"Tanah Longsor mlaya","jenis_kejadian":"Tanah Longsor","desa_kecamatan":"Desa Mlaya Kec.Punggelan","dusun_rt_rw":"Lokasi 1.\nhttps://maps.app.goo.gl/PhNpfuzwXWyPHCM8A\nRuas Jalan Kabupaten Penghubung Kec.Punggelan dan Kec.Pandanarum Tepat nya di Tanjakan Krikil Mlaya.\nLokasi 2.\nhttps://maps.app.goo.gl/2kDhTkmk8r4gxfVu6\nRuas Jalan Desa Mlaya Penghubung ke dusun Kaliwadas\nLokasi 3.\nhttps://maps.app.goo.gl/A3ycWAbop22M3FkQA\nRuas Jalan Desa Mlaya Penghubung Ke Dusun Kaliwadas\nLokasi 4.\nhttps://maps.google.com/?cid=2806651731762882373&entry=gps\nDusun Kaliwadas RT 03/02 Desa Mlaya Kec.Punggelan","waktu":"Kamis\nTgl : 30 Maret 2023","kronologi":"Lokasi 1,2,dan 3.\nHujan degan intensitas sedang hingga lebat disertai angin yang terjadi di Desa Mlaya Kec Punggelan Kab Banjarnegara mengakibatka Longsor sehingga menutup akses Jalan Desa.dan Akses jalan kabupaten.\nLokasi 4.\nHujan degan intensitas sedang hingga lebat disertai angin yang terjadi di Desa Mlaya Kec Punggelan Kab Banjarnegara mengakibatka Longsor","dampak_bangunan":"menutup akses jalan ke rumah warga dan mengancam 3 Rumah Warga.","dampak_jiwa":"Nihil","penanganan":"Pelaporan,asesmen ,koordinasi dengan DPUPR\n- Koordinasi Dengan Pemdes Mlaya\n- Asasment Lanjutan\n- kerja bakti warga masyarakat\n- Mendatangkan Alat Berat Dari DPUPR"}},{"type":"Feature","geometry":{"type":"Point","coordinates":[109.629806,-7.30025]},"properties":{"tahun":2023,"title":"Tanah Longsor desa Mlya dsn kaliwadas","jenis_kejadian":"TANAH LONGSOR","desa_kecamatan":"desa Mlya kec.punggelan","dusun_rt_rw":"Ruas Jalan Desa Mlaya Penghubung ke dusun Kaliwadas","waktu":"Hari : Kamis\nTgl : 30 Maret 2023","kronologi":"di karnakan hujan yang mengguyur desa mlaya dengan intensitas lebat","dampak_bangunan":"menutup jalan","dampak_jiwa":"-","penanganan":"Pembersihan Material longsor dengan Menggunakan alat berat BPBD,dibantu Unsur Relawan.\nLokasi 1 berhasil di bersihkan dilanjut Pembersihan Dilokasi 2. akses jalan untuk saat ini sudah bisa dilalui oleh kendaraan R2 maupun R4."}},{"type":"Feature","geometry":{"type":"Point","coordinates":[109.640361,-7.340699]},"properties":{"tahun":2023,"title":"Tanah Longsor   Tanjungtirta","jenis_kejadian":"Tanah Longsor","desa_kecamatan":"Tanjungtirta Kec. punggelan.","dusun_rt_rw":"Siwalan Dukuh Sijambu RT 4 RW 2","waktu":"Minggu, 2 April 2023","kronologi":"Tebing Longsor terjadi saat tidak terjadi hujan. Kemiringan 60\u00b0. Tinggi 15 meter.\nPanjang 20. Terjadi longsor saat tidak sedang terjadi hujan. Tetapi dititik lokasi memang terdapat mata air","dampak_bangunan":"- akses jalan desa tertutup material longsoran \n- pemukiman warga sekitar 40 KK terisolir\n- jaringan listrik terputus\n- jaringan air bersih terputus\n- beberapa pohon tanaman warga roboh","dampak_jiwa":"nihil","penanganan":"- Pembersihan secara manual.\n- Perbaikan jaringan listrik"}},{"type":"Feature","geometry":{"type":"Point","coordinates":[109.408344,-7.520107]},"properties":{"tahun":2023,"title":"TANAH LONGSOR DESA GUMELEM KULON","jenis_kejadian":"Tanah longsor","desa_kecamatan":"Desa Gumelem Kulon\nKec Susukan\nKab Banjarnegara","dusun_rt_rw":"Dusun Dares Rt 02/07","waktu":"Jumat 03 April 2023","kronologi":"Hujan dengan intensitas sedang mengguyur wilayah Kecamatan susukan mengakibatkan tebing dengan tinggi 1.5 Meter  lebar 12 Meter  ablas menjebol tembok rumah milik Bapak Kusyari (80) 2 Jiwa.","dampak_bangunan":"Tembok pada bagian ruang kamar jebol","dampak_jiwa":"-","penanganan":"Assessment dan Dropping logistik \n-Sudah dilakukan pembersihan  oleh relawan dan warga sekitar.\n-Menghimbau untuk selalu waspada bilamana terjadi hujan lebih dari 1 Jam."}},{"type":"Feature","geometry":{"type":"Point","coordinates":[109.473668,-7.51126]},"properties":{"tahun":2023,"title":"Tanah Longsor Glempang","jenis_kejadian":"Tanah Longsor","desa_kecamatan":"Desa Glempang  Rt 06/05\nKec Mandiraja","dusun_rt_rw":"Rt 06/05","waktu":"Kamis 13 April 2023","kronologi":"- Hujan intensitas tinggi sepanjang malam Rabu 12 April 2023 , menyebabkan tebing setinggi 15 meter panjang 20 meter, longsor menimpa dapur dan kamar  rumah warga atas nama Kirno 48 th, Gumin 46 th warga Rt 06 Rw 05 Glempang.","dampak_bangunan":"-Rumah milik bapak Kirno (48)Mengalami kerusakan pada bagian kamar tidur dan dapur.\n-Rumah milik bapak Gumin (46)Mengalami kerusakan pada bagian dapur.","dampak_jiwa":"Nihil","penanganan":"- Assessment dan Dropping logistik \n-Korban sudah diungsikan ke rumah saudara.\n-Sedang dilakukan pembersihan  oleh relawan dan warga sekitar.\n-Menghimbau untuk selalu waspada bilamana terjadi hujan lebih dari 1 Jam."}},{"type":"Feature","geometry":{"type":"Point","coordinates":[109.569899,-7.350973]},"properties":{"tahun":2023,"title":"TANAH LONGSOR DESA KARANGSARI PUNGGELAN","jenis_kejadian":"TANAH LONGSOR","desa_kecamatan":"Karang sambung RT 03/RW 03, Desa Karangsari, Kec. Punggelan.\nKab. Banjarnegara","dusun_rt_rw":"Karang sambung RT 03/RW 03,","waktu":"Jumat, 5 Mei 2023","kronologi":"Hujan Deras yang mengguyur wilayah kecamatan punggelan Dan Sekitarnya Pada Sore Sampai Malam hari menyebabkan tebing dengan tinggi +-10m longsor.","dampak_bangunan":"1 unit Rumah Milik Ibu Partinah Pada Bagian Tembok Dapur Jebol","dampak_jiwa":"-","penanganan":"Kerja Bakti Pembersihan Material Longsor Oleh Relawan Dan Warga Masyarakat\n- koordinasi Dengan Pihak Pemdes"}},{"type":"Feature","geometry":{"type":"Point","coordinates":[109.674543,-7.489092]},"properties":{"tahun":2023,"title":"Tanah Longsor Kebutuh Jurang","jenis_kejadian":"Tanah/ Talud Longsor","desa_kecamatan":"Desa Kebutuhjurang, Kecamatan Pagedongan","dusun_rt_rw":"Dusun Belokan RT 03 RW 09","waktu":"Minggu, 07 Mei 2023","kronologi":"- hujan intensitas tinggi dengan durasi lebih dari 8 jam \n- talud halaman mushola panjang 25 m tinggi 6 meter longsor\n- material longsor menimpa rumah dibawahnya","dampak_bangunan":"- Talud pondasi panjang 25 meter tinggi 6 meter mushola Al -Hikmah Joyokusumo longsor.\n- 1 rumah milik a.n Mohammad Hanifudin (4 jiwa) Rusak Sedang. Jebol tembok ruang tamu dan kamar","dampak_jiwa":"1 orang luka ringan a.n Muhammad Syihabudin Fahmi","penanganan":". Menutup tebing/talud yang longsor dengan terpal\n2. Korban luka sudah ditangani dibawa ke Puskesmas Pagedongan\n3. Pembersihan\n4. Cek Lokasi dan Kajian BPBD\n5. Droping logistik"}},{"type":"Feature","geometry":{"type":"Point","coordinates":[109.664115,-7.340206]},"properties":{"tahun":2023,"title":"Tanah longsor paseh banjarmangu","jenis_kejadian":"Tanah Longsor","desa_kecamatan":"esa Paseh RT. 004 RW. 002, Kecamatan Banjarmangu","dusun_rt_rw":"RT. 004 RW. 002,","waktu":"Minggu, 07 Mei 2023","kronologi":"- hujan intensitas ringan hingga tinggi dengan durasi lama mengakibatkan tebing di belakang rumah warga longsor panjang sekitar 20 meter tinggi sekitar 10 meter dengan elevasi kemiringan lebih dari 30 derajat. \n- longsong mengakibatkan dapur tambahan salah satu warga runtuh terbawa longsoran serta longsor merusak tanaman kapulaga dan menutup saluran air dibawahnya sehingga aliran air tersumbat.","dampak_bangunan":"- Dapur warga an. Ribut yang merupakan bangunan tambahan dibawah bangunan utama rumah roboh terbawa longsor dan longsor mengancam rumah utama","dampak_jiwa":"","penanganan":"1. Pihak desa melaporkan ke BPBD\n2. Cek lokasi dan assesment awal\n3. berkoordinasi dg pihak desa untuk melakukan langkah penanganan khususnya pembersihan matrial longsor yg menyumbat saluran air dan membuat penahan/pancang trucuh guna penahan material longsor"}},{"type":"Feature","geometry":{"type":"Point","coordinates":[109.658253,-7.462226]},"properties":{"tahun":2023,"title":"Tanah Longsor Lebakwangi Pagedongan","jenis_kejadian":"Pergerakan Tanah Dan Tanah Longsor","desa_kecamatan":"Desa Lebakwangi Kec. Pagedongan","dusun_rt_rw":"Dusun kotak Amba RT 03/06, Dusun Gambir RT 01/07 & RT 02/07, Dusun Cabolan RT 02/02, Dusun Jomblangsari RT 01/09 , Dusun silegi RT 01/03, Dusun Sidawangi RT 02/04","waktu":"Minggu, 07 Mei 2023","kronologi":"- Hujan Deras yang mengguyur wilayah kecamatan pagedongan Dan Sekitarnya Pada Siang hari Sampai Malam hari mengakibatkan terjadinya kembali Pergerakan Tanah yang sebelumnya terjadi Pada Tahun 2022 mengalami pergerakan susulan","dampak_bangunan":"Lokasi 1.\n- Hujan Deras yang mengguyur wilayah kecamatan pagedongan Dan Sekitarnya Pada Siang hari Sampai Malam hari mengakibatkan terjadinya kembali Pergerakan Tanah yang sebelumnya terjadi Pada Tahun 2022 mengalami pergerakan susulan yang mengakibatkan rumah milik bapak Mutakim mengalami kerusakan yang cukup parah dibagian dapur hingga ambles sedalam -+ 1m.\n- Kemudian rumah milik bapak Jefri mengalami susulan tanah bergerak yang mengakibatkan rumah bagian belakang ambles -+50cm.\n- kemudian rumah milik ibu Eni mengalami kerusakan dibagian belakang akibat pergerakan tanah susulan.\n- kemudian rumah milik bapak khalik mengalami kerusakan dibagian belakang rumah yang mengakibatkan ambles sedalam -+30 cm.\n- Mushola Al Qodar mengalami kerusakan dibagian depan dan samping. \nLokasi 2.\n- Hujan Deras yang mengguyur wilayah kecamatan pagedongan Dan Sekitarnya Pada Sore Sampai Malam hari mengakibatkan terjadi nya Pergerakan tanah di belakang Rumah bapak Latif yang mengakibatkan bagian belakang rumah ambles sedalam -+ 1m.\n- Rumah milik bapak keri mengalami pergerakan tanah yang mengakibatkan kerusakan dibagian dapur.\n- Rumah milik Pak Budi Santosa mengalami pergerakan tenah yang mengakibatkan bagian belakang rumah mengalami retak retak.\n- Rumah pak Admin mengalami pergerakan tanah yang mengakibatkan retak retak.\n- Rumah milik pak Wahyono bagian belakang tertimpa tanah longsor dengan ketinggian -+15m dan panjang -+20m.\n- Rumah milik pak Yusuf mengalami tanah bergerak yang mengakibatkan tebing setinggi -+15m dan Lebar -+20m longsong menimpa rumah milik bpk Wahyono. \n\nLokasi 3\n - Rumah milik nenek Wiji dan saudara indra mengalami longsor dibagian belakang dengan ketinggian tebing -+7m dan lebar -+4m.\n- Rumah milik pak Ifanto mengalami longsor dengan ketinggian tebing -+7m dan lebar -+ 5m yang mengenai bagian samping rumah.\n\nLokasi 4\n- Rumah milik pak Mudimin mengalami pergerakan tanah yang mengakibatkan kerusakan pada belakang dan samping rumah yang cukup parah.\n- Rumah milik ibu Sarniah mengalami pergerakan tanah yang mengalami kerusakan sedang dibagian depan dan samping.\n\nLokasi 5\n- Rumah milik pak sobir mengalami longsor dibagian belakang.\n\nLokasi 6\n- Rumah milik Bu sulastri mengalami longsor bagian depan dengan ketinggian tebing setinggi -+5m dan lebar -+5m.\n\nLokasi 7\n-Rumah milik pak Sukaryo mengalami kerusakan dibagian depan akibat tanah longsor.","dampak_jiwa":"","penanganan":"- koordinasi Dengan Pihak Pemdes\n- Melakukan Assessment\n-Menghimbau masyarakat untuk tetap berhati-hati dan waspada.\n- pengosongan rumah warga yang terdampak pergerakan tanah.\n- pembersihan material longsor"}},{"type":"Feature","geometry":{"type":"Point","coordinates":[109.654164,-7.481152]},"properties":{"tahun":2023,"title":"Tanah longsor Desa Duren pagedongan","jenis_kejadian":"Tanah Longsor/ Gerakan Tanah","desa_kecamatan":"Desa Duren, Kecamatan Pagedongan","dusun_rt_rw":"Dusun Karangwaru RT 1 RW 5, Dusun Balong RT 3 RW 5, Dusun Sembir RT 3 RW 2, Dusun Karangwaru RT 1 RW 5, Dusun Kemputan RT 2 RW,  1Dusun Kemputan RT 1 RW 1","waktu":"Minggu, 07 Mei 2023","kronologi":"- hujan intensitas tinggi dengan durasi lebih dari 8 jam di wilayah Desa Duren dan Sekitarnya\n- hal tersebut memicu terjadinya longsor dan gerakan tanah rayapan di beberapa titik di Desa Duren Kec. Pagedongan\n- kurangnya drainase yang ideal menjadikan air mengalir liar\n- beberapa titik terdapat kolam-kolam kecil \n- menurut kesaksian warga terdampak, mereka mendengar bunyi berderak dan menyebabkan mereka ketakutan dan beberapa mengungsi","dampak_bangunan":"Lokasi 1. \n1 Rumah Rusak Ringan \na.n Ari Setioaji (2 Jiwa) \nKerusakan : Tanah Bagian Bawah Pondasi Longsor\n4 Rumah Terancam\n\tA.n \t1. Siswanto dan Mistar (2 KK 6 Jiwa)\n\t\t2. Sukir (5 Jiwa)\n\t\t3. Ny. Musin 5 Jiwa\n\nLokasi 2\n1 Rumah Rusak Sedang \na.n Zuldianto 4 Jiwa\nKerusakan : Rumah retak-retak dan lantai terangkat, beberapa bagian struktur mulai ada tanda kerusakan\n1 Rumah Rusak Ringan \n\tA.n Haryanto (1 Jiwa)\n\nLokasi 3\n1 Rumah Rusak Ringan \na.n Riyanti (5 Jiwa)\nKerusakan : Rumah retak-retak \n\nLokasi 4\n2 Rumah Rusak Sedang \nA.n \t1. Suparno (3 Jiwa)\n\t\t2. Parwito (4 Jiwa)\nKerusakan : Rumah retak-retak dan lantai terangkat, beberapa bagian struktur mulai ada tanda kerusakan\n\nLokasi 5\n1 Rumah Rusak Sedang \nA.n Watiman 3 jiwa\nKerusakan : Dinding dan lantai Rumah retak lebar dan lantai terangkat bagian belakang rumah longsor bertahap sejak 1-2 bulan terakhir.\n\nLokasi 6\n1 Rumah Rusak Sedang \na.n Agus Setioro 5 Jiwa\nKerusakan : Rumah retak-retak dan lantai terangkat, beberapa bagian struktur mulai ada tanda kerusakan\n4 Rumah Rusak Ringan\n\tA.n \t1. Ralman (4 Jiwa)\n\t\t2. Sutoyo dan Aji (2 KK 7 Jiwa)\n\t\t3. Tumiran (2 Jiwa)\n4. Harsono (2 Jiwa)\n\nKet tambahan : \n- Potensi kerusakan lebih parah bisa terjadi apabila hujan intensitas tinggi dengan durasi lama kembali terjadi.\n- 2 KK diluar data tersebut juga telah melakukan relokasi mandiri pada tahun 2022","dampak_jiwa":"","penanganan":"1. Cek Lokasi\n2. Beberapa warga mulai menata drainase\n3. Pembersihan material longsor"}},{"type":"Feature","geometry":{"type":"Point","coordinates":[109.704063,-7.315577]},"properties":{"tahun":2023,"title":"TANAH LONGSOR PRENDENGAN JALAN KAB.","jenis_kejadian":"Tanah longsor","desa_kecamatan":"Jalan Penghubung desa Sijeruk ke desa Prendengan (Jalan Kabupaten).","dusun_rt_rw":"dusun tlaga","waktu":"Minggu 07 mei 2023 pkl","kronologi":"-Terjadi hujan intensitas lebat di wilayah kabupaten Banjarnegara dengan durasi yang lama menyebabkan Terjadi tanah longsor DI 5 TITIK jalan penghubung antar desa dan kecamatan (jalan kabupaten) lumpuh total","dampak_bangunan":"Saat ini akses penghubung dua desa Lumpuh total tertutup matrial longsor.","dampak_jiwa":"nihil","penanganan":"Pelaporan.\nHimbauan\nAsesmen.\nKerja bakti sementara dilakukan oleh warga setempat"}},{"type":"Feature","geometry":{"type":"Point","coordinates":[109.702823,-7.359155]},"properties":{"tahun":2023,"title":"Tanah Longsor Dusun Bogoan RT 05 RW 02 Desa Rakitan Kecamatan madukara Kab. Banjarnegara","jenis_kejadian":"Tanah Longsor","desa_kecamatan":"Desa Rakitan Kecamatan madukara Kab. Banjarnegara","dusun_rt_rw":"Dusun Bogoan RT 05 RW 02","waktu":"Jum' at ,8 Juli 2023","kronologi":"Pada hari itu terjadi hujan deras dari siang sampai malam hari. hujan tersebut mengakibatkan dinding rumah bapak septanto mujiantoro (asep ) retak yg di akibatkan longsoran tanah yg ada di belakang rumah.","dampak_bangunan":"Mengalami rekahan di beberapa tembok","dampak_jiwa":"-","penanganan":"Melakukan kordinasi dengan pemerentahan desa dan Tksk"}},{"type":"Feature","geometry":{"type":"Point","coordinates":[109.595688,-7.325016]},"properties":{"tahun":2023,"title":"Tanah longsor purwasana","jenis_kejadian":"Tanah longsor","desa_kecamatan":"Desa Purwasana Rt 02/01 kec.Punggelan","dusun_rt_rw":"Purwasana Rt 02/01","waktu":"Minggu 03 Desember 2023","kronologi":"Hujan intensitas sedang hingga lebat terjadi di seputar desa Purwasana \nPada pukul 16.00 Tebing setinggi -+5 meter Longsor hingga Matrial longsor mengenai tembok rumah atasnama ibu Rumini","dampak_bangunan":"kerusakan pada Bagian tembok 8x2 meter Jebol.","dampak_jiwa":"nihil","penanganan":"Warga melakukan gotong royong membantu membersihkan matrial longsor dan puing."}},{"type":"Feature","geometry":{"type":"Point","coordinates":[109.587264,-7.310768]},"properties":{"tahun":2023,"title":"Tanah longsor desa jembangan","jenis_kejadian":"Tanah longsor","desa_kecamatan":"jembangan ,punggelan","dusun_rt_rw":"RT 03 RW 02","waktu":"Minggu 03 desember 2023","kronologi":"Hujan yg sangat lebat menguyur wilayah desa jembangan kecamatan punggelan  terjadi tanah longsor yang menimpa sebagia sebagian rumah warga","dampak_bangunan":"rumah bagian belakang sehingga roboh. an   bapak\n.Suyatno Mistun.","dampak_jiwa":"Nihil","penanganan":"asesmen"}},{"type":"Feature","geometry":{"type":"Point","coordinates":[109.78505,-7.253088]},"properties":{"tahun":2023,"title":"Tanah longsor biting","jenis_kejadian":"Tanah longsor","desa_kecamatan":"desa biting kec pejawaran","dusun_rt_rw":"RT 009/ RW 002","waktu":"Minggu, 3 desember 2023","kronologi":"intensitas hujan yang tinggi sehingga mengakibatkan Tanah longsor. Pada tebing setinggi -+9M,","dampak_bangunan":"Mengakibatkan saka rumah menggantung dan tanah longsor menimpa empang","dampak_jiwa":"nihil","penanganan":"asesmen pelaporan"}},{"type":"Feature","geometry":{"type":"Point","coordinates":[109.678235,-7.319191]},"properties":{"tahun":2024,"title":"02 Tanah Longsor Pekandangan Banjarmangu","jenis_kejadian":"Tanah Longsor","desa_kecamatan":"Pekandangan Banjarmangu","dusun_rt_rw":"RT04 RW01","waktu":"03 Januari 2024","kronologi":"","dampak_bangunan":"Beberapa rumah terancam longsor","dampak_jiwa":"NIHIL","penanganan":"PELAPORAN"}},{"type":"Feature","geometry":{"type":"Point","coordinates":[109.753826,-7.33497]},"properties":{"tahun":2024,"title":"04 Tanah longsor Aribaya","jenis_kejadian":"Tanah longsor","desa_kecamatan":"Aribaya\nKecamatan Pagentan","dusun_rt_rw":"Pringamba rt05/03","waktu":"Jumat Tgl : 05 januari 2024","kronologi":"Hujan intensitas lebat terjadi di seputar desa aribaya . terjadi tanah longsor yang mendampak rumah warga.","dampak_bangunan":"rumah warga retak dan amblas. AN;  nurdiyanto narwan, ny binem dan wartono","dampak_jiwa":"0","penanganan":"Pelaporan dan asesmen."}},{"type":"Feature","geometry":{"type":"Point","coordinates":[109.78441,-7.432994]},"properties":{"tahun":2024,"title":"05 Tanah longsor sawal sigaluh","jenis_kejadian":"Tanah longsor","desa_kecamatan":"Sawal Kec. Sigaluh","dusun_rt_rw":"Duren Sawit RT 01 RW 04","waktu":": Sabtu 6 januari 2024","kronologi":"Hujan dengan intensitas lebat di hari Jumat, 5 Januari 2024 pada wilayah Banjarnegara khususnya Sigaluh mengakibatkan tanah mengalami longsor","dampak_bangunan":"1 Rumah mengalami kerusakan bagian dapur. Rumah milik Bpak Suroso Duren Sawit RT 01 RW 04","dampak_jiwa":"0","penanganan":"- Melaporkan kejadian kepada pihak terkait\n- Cek Lokasi"}},{"type":"Feature","geometry":{"type":"Point","coordinates":[109.68266,-7.407459]},"properties":{"tahun":2024,"title":"07 Tanah Longsor   Karangtengah","jenis_kejadian":"Tanah Longsor","desa_kecamatan":"Karangtengah \nKec.Banjarnegara","dusun_rt_rw":"Kedung Salam RT 02 RW 03","waktu":"Sabtu \nTgl     :  6 Januari 2024","kronologi":"- Hujan dengan intensitas Ringan-Sedang Mengguyur Wilayah Banjarnegara Mengakibatkan debit sungai belimbing naik dan menggerus Tanah pemukiman.Dengan panjang --+13 Meter  Dan tinggi -+ 7 Meter Dan Mengancam Pondasi rumah milik bapak Markuat(77) 2 KK 6 Jiwa.","dampak_bangunan":"Pondasi rumah milik bapak Markuat Terancam Tergerus Aliran Sungai","dampak_jiwa":"0","penanganan":"a.Assesment\nb.  menyarankan untuk memindahkan saluran air pembuangan\nc.Koordinasi dengan pemdes untuk pengajuan Bronjong kepada dinas terkait.\nd.Menghimbau kepada Pemilik rumah  untuk selalu waspada. DISTRIBUSI BANTUAN-"}},{"type":"Feature","geometry":{"type":"Point","coordinates":[109.697067,-7.414371]},"properties":{"tahun":2024,"title":"08  Tanah longsor  Argasoka (tepi jalan Kabupaten)","jenis_kejadian":"Tanah longsor","desa_kecamatan":"Argasoka","dusun_rt_rw":"RT. 04 RW. 01 Wanasari,","waktu":"Sabtu \nTgl     :  6 Januari 2024","kronologi":"Hujan dengan intensitas Ringan-Sedang Mengguyur Wilayah Banjarnegara Mengakibatkan tebing setinggi 5 meter dengan panjang 5 meter longsor dan menutup sebagian jalan","dampak_bangunan":"Tanah menutup jalan","dampak_jiwa":"0","penanganan":"warga menyingkirkan tanah yg menutup Jalan"}},{"type":"Feature","geometry":{"type":"Point","coordinates":[109.534556,-7.416315]},"properties":{"tahun":2024,"title":"09 Tanah longsor JOLANG BANDINGAN","jenis_kejadian":"Tanah longsor","desa_kecamatan":"Desa Bandingan kec Rakit","dusun_rt_rw":"Dukuh Jolang Rt 03/03","waktu":"Sabtu 06 Januar","kronologi":"Hujan dengan intensitas Ringan-Sedang Mengguyur Wilayah Banjarnegara Mengakibatkan tebing setinggi 6 meter dengan panjang 5 meter longsor dan menimpa dinding rumah a.n Martomo, dimana diatas tebing tersebut terdapat kolam ikan dengan panjang 4 dan lebar 4 meter.","dampak_bangunan":"Mengancam rumah Warga\nMenimbun kolam ikan","dampak_jiwa":"0","penanganan":"Pelaporana. Assesment\nb. Kerjabakti masyarakat sekitar pembersihan material longsor\nc. Pengeringan kolam \nc. Koordinasi dengan Pemdes"}},{"type":"Feature","geometry":{"type":"Point","coordinates":[109.586727,-7.31101]},"properties":{"tahun":2024,"title":"13 tanah longsor jembangan","jenis_kejadian":"Tanah Longsor","desa_kecamatan":"","dusun_rt_rw":"","waktu":"","kronologi":"Kamis 11 Januari 2024\n\nIJIN MELAPORKAdN : \n\n*JENIS KEJADIAN\nTanah longsor \nTitik\n\n1.tabing lonsor menimpa ruas jalan kabupaten penghubung punggelan jembangan bertepat di dusun tenggalar.lokasi kemarin.( Sudah bisa di lalui kendaraan roda 2 maupun 4 tapi tetap berhati-hati )\n\n2.tebing longsor menimpa jalan desa penghubung jembangan ke kec rembang Purbalingga ketebalan 1.5 meter lebar 15.meter.untuk kendaraan roda dua dan empat total tidak bisa di lalui.lokasi dusun jembangan RT 02 RW 02\n\n3.longsor menimpa garasi mobil dan samping rumah milik sodara Rahman RT 02 RW 01.\n\n4.pohon tumbang menimpa rumah milik p Rohman dusun blimbing RT 03 RW 04(sudah di eksekusi namun di lanjutkan besok pagi.\n\nLOKASI KEJADIAN\nDesa jembangan \n\nWAKTU KEJADIAN\nKamis 11 Januari 2024\nPukul .15.00 WIB\n\nKRONOLOGI\nHujan yg sangat lebat menguyur wilayah desa jembangan kecamatan punggelan Banjarnegara sehingga mengakibatkan tanah longsor dan pohon tumbang \n\nKORBAN JIWA\n,-nihil \n\nKERUGIAN.\n1 rumaah p Rohman dusun tenggalar \nSkitar.1 ,5jt(atap dan tembok) rusak ringan\n\n2.P Rohman dusun blimbing RT 03 RW 04\n( Atap ) rusak ringan \n\nSARAN TINDAK LANJUT\n- Assessment yg di lakukan oleh forum destana Banjarnegara dan akan di laksanakan giat kerja bakti besok \nKEBUTUHAN MENDESAK\n\n1.seng kaso ( untuk pak Rahman )\n 2.Permakanaan +untuk kerja bakti \n3 Alkon \n\nSUMBER INFORMASI\nJarwadi \n\nUNSUR TERLIBAT\n\nPemdes jembangan \n\nDemikian info awal kami sampaikan untuk menjadi periksa. \n\n*PETUGAS ASESMEEN\n\nJarwadi","dampak_bangunan":"","dampak_jiwa":"","penanganan":"DISTRIBUSI LOGISTIK"}},{"type":"Feature","geometry":{"type":"Point","coordinates":[109.5823,-7.351187]},"properties":{"tahun":2024,"title":"14 tanah longsor punggelan","jenis_kejadian":"Tanah Longsor","desa_kecamatan":"","dusun_rt_rw":"","waktu":"","kronologi":"*JENIS KEJADIAN\nTanah longsor + tanah bergerak \n\ntanah bergerak dan longsor mengakibatkan tembok + lantai rumah warga sejumlah 5 rumah di lingkungan dukuh pencit RT 2 RW 10 dusun jebug desa punggelan retak retak dan miring sehingga membahayakan untuk di huni\n\nRumah terdampak : \n1.rumah bapak Riyanto 48 thn (. tembok dan lante retak retak 7 jiwa )\n2.rumah bapak Rusmo 45 thn 6 jiwa (sebelah samping tertimpa longsor an)\n3.rumah ibu Mulyati 35 th 3 jiwa (terncam\n4.rumah ibu Tarmuji80 tht 1 jiwa (r terancam)\n\n\n\nLOKASI KEJADIAN\nDesa punggelan \nDusun jebug\nRT 2 RW 10\nDukuh pencit \nWAKTU KEJADIAN\nKamis 11 Januari 2024\nPukul 14.30 WIB\n\nKRONOLOGI\nHujan yg sangat lebat menguyur wilayah desa punggelan kecamatan punggelan Banjarnegara sehingga mengakibatkan tanah longsor dan tanah bergerak \n\nKORBAN JIWA\n,-nihil \n\nKERUGIAN.\n4 rumah' terdampak di atas\n( tembok + lantai + atap) rusak\n\n\n\nTINDAK LANJUT\n- akan di laksanakan giat kerja bakti besok \nKEBUTUHAN MENDESAK\n Permakanan untuk kerja bakti \n\n\nSUMBER INFORMASI\nPemdes punggelan \n\n\nDemikian info awal kami sampaikan untuk menjadi periksa.\n\nPETUGAS ASESMEN \nJarwadi","dampak_bangunan":"","dampak_jiwa":"","penanganan":"CEK LOKASI DAN DISTRIBUSI LOGISTIK"}},{"type":"Feature","geometry":{"type":"Point","coordinates":[109.708128,-7.321401]},"properties":{"tahun":2024,"title":"16 Tanah longsor Sijeruk","jenis_kejadian":"Tanah longsor","desa_kecamatan":"Sijeruk","dusun_rt_rw":"Rt 02/03 Dusun Gunungraja","waktu":"Kamis 11 Januari 2024","kronologi":"- Pada Hari Kamis 11 Januari 2024 Hujan intensitas lebat terjadi di wilayah Banjarmangu \n- Terjadi tanah longsor di dusun Gunungraja desa sijeruk kec. Banjarmangu","dampak_bangunan":"- Talud penahan bangunan amblas -+ 2 m\n- Rumah warga mengalami kerusakan.    1. AN. Salami 80Thn /5 jiwa ( Rusak pada bagian Dapur dan blandar patah.)\n2. AN. Suwandi 57 thn / 3 jiwa (Rusak pada bagian kamar tidur)","dampak_jiwa":"0","penanganan":"distribusi logistik"}},{"type":"Feature","geometry":{"type":"Point","coordinates":[109.650915,-7.304456]},"properties":{"tahun":2024,"title":"17 Tanah Longsor Gumpang","jenis_kejadian":"Tanah Longsor","desa_kecamatan":"Tlaga Kec. Punggelan.","dusun_rt_rw":"Gumpang RT 02 RW 0 1","waktu":"Senin, 1 Januari 2024","kronologi":"Hujan deras yang mengguyur wilayah Dusun Gumpang Desa Tlaga Kec. Punggelan, mengakibatkan lahan perkebunan longsor dan mengancam 4 rumah warga","dampak_bangunan":"1. Rumah Bpk Wasmin (39th)\nSartinah (28)\nBagus (12)\nAbraham (1,5 th)\n================= Mengungsi 1 KK 4 Jiwa \n\n2. Rumah Bpk Dasno (40)\nSuyati (35)\nImam (21)\nAmin (12)\nAan (8)\n\n3. Rumah Bpk Warjo (55)\nSumiati (47)\nBarno (30)\nAji (27)\n\n4. Rumah Bpk Harjo (64)\nSuwatmi (55)\nTeguh (30)","dampak_jiwa":"0","penanganan":"1. Cek lokasi kejadian\n2. Himbauan kepada warga untuk selalu waspada dan berhati-hati saat curah hujan tinggi dan mengungsi sewaktu waktu \n3. Survei lokasi rencana relokasi mandiri  DISTRIBUSI BANTUAN"}},{"type":"Feature","geometry":{"type":"Point","coordinates":[109.697067,-7.414371]},"properties":{"tahun":2026,"title":"MIMID","jenis_kejadian":"Tanah longsor","desa_kecamatan":"Kec. Punggelan Kab. Banjarnegara","dusun_rt_rw":"Dusun Jombok Jojogan 03/06 Desa Petuguraan","waktu":"Sabtu \nTgl     :  16 Mei 2026","kronologi":"Hujan dengan intensitas tinggi mengguyur wilayah Kecamatan Punggelan dan sekitarnya menyebabkan :\n- Tanah longsor di Jalan Kabupaten turut Dusun Jombok Jojogan 03/06 Desa Petuguraan Kec. Punggelan menutup seluruh badan jalan Desa dengan panjang 200 meter, ketebalan material antara 20-80 CM serta kemiringan lereng lebih dari 85\u00b0 berarah ke arah Barat Laut ke arah pemukiman warga dengan jarak 50 - 100 meter dan menutup akses jalan penghubung ke arah desa Jembangan.","dampak_bangunan":"menutup akses jalan penghubung ke arah desa Jembangan.","dampak_jiwa":"0","penanganan":"BPBD bersama PMI membersihkan material longsor dengan alat berat"}}]}